customer_id,customer_name,email,phone,address,area,pincode,registration_date,customer_segment,total_orders,avg_order_value,CLV,customer_type
97475543,Niharika Nagi,ektataneja@example.org,9.12988E+11,"23, Nayar Path, Bihar Sharif-154625",Udupi,321865,13-05-2023,Premium,13,451.92,5874.96,VIP
22077605,Megha Sachar,vedant45@example.com,9.15123E+11,"51/302, Buch Chowk
Srinagar-570271",Aligarh,149394,18-06-2024,Inactive,4,825.48,3301.92,Regular
47822591,Hema Bahri,samiazaan@example.com,9.10034E+11,"941
Anne Street, Darbhanga 186125",Begusarai,621411,25-09-2024,Regular,17,1969.81,33486.77,VIP
79726146,Zaitra Vig,ishanvi87@example.org,9.16264E+11,"43/94, Ghosh, Alappuzha 635655",Kozhikode,826054,04-10-2023,New,4,220.09,880.36,Regular
57102800,Januja Verma,atideshpande@example.org,9.17294E+11,"06
Om, Ambarnath 477463",Ichalkaranji,730539,22-03-2024,Inactive,14,578.14,8093.96,VIP
54748429,Darsh More,ynayar@example.org,9.12582E+11,"26/961
Salvi Circle, Durg 406361",Visakhapatnam,883122,22-04-2024,New,2,669.35,1338.7,Regular
49152878,Patrick Sandhu,zehaanmahajan@example.org,9.12413E+11,"304
Tara Road, Gandhinagar-559930",Gwalior,649817,13-09-2024,Premium,4,973.62,3894.48,Regular
16379942,Harshil Kuruvilla,pathakanirudh@example.org,9.13807E+11,"37/62, Basu Chowk
Sikar 515907",Orai,332997,10-04-2024,Inactive,15,1370.56,20558.4,VIP
11071601,Ojas Ahuja,sneha11@example.com,9.12865E+11,"H.No. 99
Kade Road
Ramgarh 695009",Buxar,528426,04-07-2023,Inactive,17,1950.54,33159.18,VIP
68164013,Netra Chander,hwarrior@example.org,9.17646E+11,"H.No. 94
Gupta Path, Hospet-831040",Malegaon,4515,29-06-2023,New,1,1061.82,1061.82,Regular
80404839,Kashish Dora,pushti81@example.net,9.12464E+11,"H.No. 24
Pant Street, Mathura 348430",Katni,642727,13-04-2023,Inactive,10,1537.35,15373.5,Regular
27038630,Megha Thakkar,zinalsarna@example.com,9.16726E+11,"H.No. 81
Sama Street, Danapur-137828",Fatehpur,393286,27-04-2023,Regular,11,1307.28,14380.08,VIP
1655637,Turvi Radhakrishnan,mpandit@example.org,9.1913E+11,"H.No. 404, Bhalla Chowk
Visakhapatnam 048875",Ichalkaranji,548633,17-09-2023,Regular,19,723.95,13755.05,VIP
75566105,Dipta Doctor,peterdhaliwal@example.org,9.12758E+11,"586
Badami Zila, Madhyamgram-394655",Hyderabad,871594,20-03-2024,Regular,18,1432.53,25785.54,VIP
23961725,Zayyan Buch,kalpithayre@example.net,9.1314E+11,"71/67, Oommen Ganj, Purnia 250900",Bhiwandi,629210,11-05-2024,Regular,6,367.74,2206.44,Regular
67749649,Oviya Mitra,aaravdugar@example.com,9.19891E+11,"103, Mahajan Circle
Silchar 256345",Mira-Bhayandar,222577,10-04-2024,Inactive,11,281.16,3092.76,VIP
61461253,Arin Setty,naidushivani@example.org,9.17061E+11,"63/164, Kari Chowk
Moradabad 624164",Amravati,381991,29-08-2024,Inactive,4,789.5,3158,Regular
30619659,Lohit Kalla,vincent81@example.com,9.14467E+11,"58/882, Ramanathan
Nashik 371218",Kochi,400041,18-09-2024,Inactive,14,1992.42,27893.88,VIP
50229203,Rushil Dhingra,htella@example.org,9.10837E+11,"H.No. 99
Ravel Street
Avadi 655413",Tiruchirappalli,598757,14-09-2023,Regular,7,1731.87,12123.09,Regular
13567338,Wahab Borah,bhattlakshit@example.com,9.12286E+11,"H.No. 739, Dewan Marg
Jamshedpur 475311",Hubli–Dharwad,509163,14-10-2024,Premium,10,1054.12,10541.2,Regular
7591711,Triya Kakar,xshetty@example.net,9.13247E+11,"H.No. 65, Ratti Circle, Nellore-187667",Nagercoil,792550,30-01-2024,Regular,12,1494,17928,VIP
22102079,Vrinda Lalla,balakrishnanyutika@example.net,9.17568E+11,"H.No. 73
Gupta Road, Barasat 506282",Alwar,595920,21-06-2024,Premium,10,615.86,6158.6,Regular
48910430,Janani Prasad,abhirambabu@example.com,9.1855E+11,"149
Pall Path, Aurangabad-876025",Bardhaman,125846,04-09-2024,Premium,3,1474.04,4422.12,Regular
27604184,Tripti Nadig,tmaster@example.com,9.18533E+11,"04/18
Maharaj Zila
Pudukkottai 529324",Nandyal,279361,06-10-2023,New,9,1108.86,9979.74,Regular
79672044,Jagdish Vora,hemangini55@example.com,9.15901E+11,"92, Choudhury Ganj, Bhopal-000074",Hapur,964688,17-12-2023,New,8,1115.88,8927.04,Regular
13461704,Zayan Ratta,shivansh35@example.com,9.14996E+11,"33/78
Joshi Path, Ludhiana-975587",Nanded,770516,04-04-2024,Premium,4,1024.45,4097.8,Regular
66135710,Zayan Thakkar,ranveer19@example.net,9.14798E+11,"68/55, Bhattacharyya Zila, Coimbatore 134031",Ramgarh,352680,28-11-2023,New,6,308.63,1851.78,Regular
50572914,Ishani Mukherjee,shivani15@example.net,9.16129E+11,"H.No. 68, Gade Chowk
Siliguri-878991",Bihar Sharif,654429,21-10-2023,Regular,20,701.55,14031,VIP
4386273,Jagrati Sengupta,pandeymahika@example.org,9.11622E+11,"20, Jayaraman Zila
Khora -207127",Nandyal,494307,26-06-2024,Inactive,12,298.97,3587.64,VIP
57537308,Ayush Buch,morejagdish@example.net,9.12414E+11,"079
Goyal Zila, Bhiwani-715658",Jorhat,779981,18-05-2024,New,8,1641.88,13135.04,Regular
34526442,Harita Chatterjee,gaurika82@example.com,9.11099E+11,"H.No. 249, Malhotra
Ghaziabad-893659",Raipur,674102,27-09-2023,Regular,14,1956.45,27390.3,VIP
67383024,Riya Kothari,chowdhuryimaran@example.net,9.17775E+11,"648, Biswas Street, Jalandhar 957104",Kollam,436202,10-04-2024,Premium,14,1240.9,17372.6,VIP
28350645,Alka Srinivasan,xtalwar@example.org,9.17083E+11,"623, Bassi Chowk, Patiala-864851",Ratlam,360999,12-01-2024,Inactive,9,553,4977,Regular
81940369,Nilima Chaudhuri,agrawalmugdha@example.com,9.1254E+11,"H.No. 466, Bhavsar Nagar, Kalyan-Dombivli-115231",Nellore,522947,24-02-2024,Premium,10,316.79,3167.9,Regular
89950235,Aarav Dayal,darsh33@example.net,9.12976E+11,"H.No. 639
Chowdhury Path, Tadepalligudem-993818",Warangal,334280,24-12-2023,Premium,13,1179.29,15330.77,VIP
88202341,Jagrati Dubey,vasatika03@example.net,9.16291E+11,"470, Kibe Zila, Tirupati-332036",Kottayam,174979,20-08-2023,Inactive,9,644.06,5796.54,Regular
41155125,Yahvi Doshi,daliaoviya@example.com,9.18695E+11,"11
Kaul Path, Berhampore 085176",Tenali,82916,22-04-2024,Inactive,14,1454.3,20360.2,VIP
46369552,Keya Modi,bbumb@example.org,9.17249E+11,"49/76
Bansal Path, Bangalore-861073",Jaipur,688982,16-09-2024,Regular,17,456.51,7760.67,VIP
48943848,Tarak Nair,atwalmeghana@example.org,9.14393E+11,"145, Apte Street
Orai-869408",Patiala,993533,21-06-2024,Premium,13,245.46,3190.98,VIP
39645619,Indira Jaggi,falaksunder@example.org,9.13218E+11,"08/524
Toor Path, Imphal 250392",Maheshtala,740640,17-06-2023,Regular,13,1512.4,19661.2,VIP
76917159,Hiral Arya,mason40@example.net,9.19424E+11,"53/93, Saran Road, Sambhal 129176",Ludhiana,591173,23-06-2024,Premium,11,1777.83,19556.13,VIP
72366758,Vedant Sengupta,xbarad@example.net,9.15548E+11,"51/364, Dewan Path
Mumbai-975747",Ichalkaranji,228827,19-11-2023,Inactive,9,513.7,4623.3,Regular
66140659,Omya Iyengar,ishanimaharaj@example.net,9.16882E+11,"H.No. 51, Lanka Street
Bettiah 293595",Ongole,15696,09-12-2023,Premium,8,509.85,4078.8,Regular
87457446,Yashodhara Sarraf,prabhudaksha@example.com,9.16372E+11,"H.No. 80
Seshadri Chowk
Chittoor 085684",Katihar,525466,02-07-2024,Premium,7,1301.39,9109.73,Regular
10830043,Gabriel Iyer,bbala@example.com,9.17749E+11,"H.No. 369, Buch Circle, Jammu-963201",Hospet,548469,15-10-2023,New,9,899.6,8096.4,Regular
97150234,Ishaan Brahmbhatt,madhavi33@example.com,9.17565E+11,"997, Lala Path
Anantapuram-222697",Bihar Sharif,945899,22-11-2023,New,13,1527.55,19858.15,VIP
72489544,Sanaya Joshi,gsampath@example.net,9.17643E+11,"H.No. 551, Bava Chowk
Madurai-398541",Siwan,332066,19-09-2024,Inactive,17,1600.17,27202.89,VIP
81352781,Brinda Bassi,jminhas@example.net,9.12402E+11,"03/95, Virk Road
Satna 527580",Dehradun,455587,27-02-2024,Regular,4,564.55,2258.2,Regular
88130777,Darsh Gupta,xdash@example.org,9.18488E+11,"508
Brar Path, Machilipatnam 589416",North Dumdum,424291,17-10-2023,New,16,301.23,4819.68,VIP
65294340,Jasmit Kota,arjunbandi@example.com,9.1869E+11,"53/982, Pandya Marg
Anantapur-635508",Jamalpur,835263,16-04-2024,New,17,356.29,6056.93,VIP
40387944,Chavvi Gill,qabil65@example.net,9.13771E+11,"584, Mohanty Marg, Mirzapur-256533",Parbhani,373298,15-03-2024,Regular,10,569.91,5699.1,Regular
91868185,Raghav Sathe,ekaniparmer@example.org,9.19502E+11,"00/26, Chandra Chowk, Uluberia 117916",Srinagar,517675,15-10-2023,New,1,1657.84,1657.84,Regular
31846190,Charan Choudhary,tristantank@example.org,9.13766E+11,"23/56, Kadakia Marg
Patna-321511",Kolkata,264654,08-09-2024,New,4,1176.18,4704.72,Regular
15529446,Pallavi Goda,samarthpandey@example.com,9.1106E+11,"H.No. 264
Master Chowk, Patna-122382",Haridwar,665417,10-10-2023,Premium,9,854.35,7689.15,Regular
20956158,Kashish Misra,issacjalsa@example.net,9.18164E+11,"55/77
Nadkarni Zila
Machilipatnam 232117",Kavali,767570,10-03-2024,Premium,7,312.69,2188.83,Regular
68159723,Yashvi Pathak,wallaarunima@example.org,9.16156E+11,"866, Zachariah Zila
Madurai 896328",Orai,197279,21-05-2024,New,6,1214.62,7287.72,Regular
48554440,Rohan Ganesan,bhavika36@example.net,9.19451E+11,"27/72
Raj Chowk, Bhiwani-471346",Malegaon,231443,28-03-2024,Regular,17,1354.99,23034.83,VIP
966247,Jeevika Deo,sbalasubramanian@example.net,9.14779E+11,"894, Chanda Road
Kamarhati 134874",Junagadh,410259,16-11-2023,Inactive,13,1110.76,14439.88,VIP
40015980,Dipta Deshmukh,dugarpooja@example.org,9.19604E+11,"96/245, Karnik Street
Bijapur-598528",Katni,118043,28-06-2023,New,18,1031.91,18574.38,VIP
63262519,Benjamin Balakrishnan,nkaran@example.com,9.12023E+11,"H.No. 08
Kalla Road
Udupi 906901",Karaikudi,681242,21-02-2024,Regular,10,607.45,6074.5,Regular
81763298,Laban Kumar,xhanda@example.com,9.17218E+11,"71
Chadha Marg, Tezpur 405760",Ichalkaranji,469063,29-07-2023,Premium,1,1747.14,1747.14,Regular
49985597,Neel Rastogi,rachana02@example.net,9.10964E+11,"27/024, Kumer Circle, Kurnool-562150",Kishanganj,147502,06-08-2024,Regular,3,775.73,2327.19,Regular
21282544,Warda Basak,lchoudhary@example.net,9.19755E+11,"413
Kakar Road
Ujjain 345914",Jaunpur,808063,28-08-2024,Regular,16,657.98,10527.68,VIP
78868716,Sai Chhabra,mahika95@example.net,9.12345E+11,"H.No. 581
Prabhakar Road, Morena 912519",Madhyamgram,179333,10-12-2023,Inactive,5,1774.41,8872.05,Regular
30733165,Gaurang Grewal,gramesh@example.org,9.16507E+11,"94/94, Hayer Ganj, Dhanbad-672298",Ujjain,119364,10-05-2024,Inactive,10,1609.11,16091.1,Regular
78678612,Kritika Padmanabhan,divyaluthra@example.com,9.19528E+11,"H.No. 71
Shroff Nagar, Bellary-820754",Mehsana,505469,20-06-2024,Premium,1,795.06,795.06,Regular
48511124,Girish Shankar,aggarwalhenry@example.org,9.12704E+11,"H.No. 39, Sekhon Street, Sagar 312966",Korba,315557,15-05-2023,Inactive,10,1076.14,10761.4,Regular
26412689,Yadavi Rastogi,hemanimander@example.net,9.15933E+11,"H.No. 486, Chaudhary Road
Gangtok-942061",Bahraich,693005,13-06-2024,Regular,1,1700.46,1700.46,Regular
26303194,Janaki Parsa,bhargavanachiket@example.org,9.11394E+11,"49
Varghese Road, Raichur-972279",Pali,544786,29-04-2023,Premium,18,1045.94,18826.92,VIP
93735495,Urvi Prasad,sanyathaman@example.org,9.1469E+11,"H.No. 537, Solanki Nagar, Adoni-229163",Jehanabad,984732,23-05-2023,Regular,7,871.15,6098.05,Regular
8395610,Ranveer Subramanian,gourkeya@example.org,9.19566E+11,"892, Shukla Path
Nandyal 578526",Erode,820741,23-03-2024,Inactive,18,294.53,5301.54,VIP
41640262,Vihaan Gola,samesh12@example.com,9.13681E+11,"708
Rao Nagar
Gandhidham-720600",Ulhasnagar,275919,17-08-2023,Inactive,9,1805.87,16252.83,Regular
60618999,Lopa Vig,dalbir15@example.org,9.16108E+11,"551, Sawhney Road
Satna 010828",Pudukkottai,596613,28-07-2024,Regular,15,1631.96,24479.4,VIP
77220027,Aryan Krish,agatedaksh@example.com,9.12082E+11,"18/938, Pai Marg
Aurangabad 807716",Coimbatore,387538,11-12-2023,Premium,16,551.81,8828.96,VIP
32019725,Tarak Rout,nitarabatta@example.net,9.18312E+11,"H.No. 952, Munshi Zila
Pondicherry 250063",Panchkula,791364,19-01-2024,Premium,19,1169.96,22229.24,VIP
38709137,Neha Gade,lmahal@example.com,9.17283E+11,"34/477, Bali Ganj, Udaipur 580186",Mau,855661,07-07-2023,Inactive,18,1307.64,23537.52,VIP
11540364,Jonathan Virk,wiyer@example.net,9.1947E+11,"H.No. 14, Bir Path
Ujjain 314070",Firozabad,94033,24-09-2024,New,20,517.32,10346.4,VIP
59207798,Chakrika Bhargava,omlopa@example.org,9.12675E+11,"18
Master Zila
Miryalaguda 319766",Ballia,78765,02-07-2023,Premium,4,1441.64,5766.56,Regular
10797688,Sudiksha Mannan,janigauri@example.net,9.11174E+11,"782, Golla Ganj
Kottayam-979207",Bathinda,220981,22-05-2023,New,7,1017.39,7121.73,Regular
88965399,Darsh Sura,yachanabalakrishnan@example.net,9.15675E+11,"H.No. 599
Menon Path, Kalyan-Dombivli 164642",Guntur,563500,28-05-2024,Regular,3,1144.21,3432.63,Regular
10608845,Aadi Gole,vbalan@example.com,9.18798E+11,"69/876, Varughese Path
Tadipatri 100656",Bhilwara,702163,29-03-2024,Premium,2,735.36,1470.72,Regular
28603182,Karan Narayan,zaid12@example.net,9.15668E+11,"470
Ravi Ganj, Ulhasnagar-033422",South Dumdum,663469,02-08-2024,New,11,490.13,5391.43,VIP
1152215,Yachana Pathak,chakradevnigam@example.org,9.12969E+11,"067, Rao Street
Motihari 908674",Dhanbad,251590,27-05-2024,Inactive,2,1637.43,3274.86,Regular
24357425,Wriddhish Munshi,nazaretharin@example.net,9.19236E+11,"H.No. 36, Dani Nagar, Madurai-481558",Farrukhabad,399792,17-07-2024,Inactive,6,798.18,4789.08,Regular
93924203,Xalak Goyal,iyengaryashoda@example.net,9.19121E+11,"H.No. 86
Bath Path, Aligarh 524302",Jorhat,23557,21-04-2023,Premium,18,1360.15,24482.7,VIP
61406908,Harrison Mistry,abhimanyu55@example.org,9.18553E+11,"H.No. 08, Deo
Aizawl-412973",Deoghar,365307,24-12-2023,Regular,1,458.39,458.39,Regular
78841932,Bhavani Rai,varkeyalexander@example.com,9.15277E+11,"H.No. 104
Tak Ganj, Bhatpara 028985",Guna,907803,19-04-2024,Inactive,4,979.63,3918.52,Regular
67310893,Idika Patla,arya77@example.org,9.17711E+11,"91/165, Dewan Circle
Ajmer-980052",Chennai,286135,10-04-2024,New,19,1592.94,30265.86,VIP
666589,Kevin Bassi,jainchandani@example.net,9.12287E+11,"25/224
Soni Ganj
Visakhapatnam-398942",Morbi,852969,31-07-2023,Regular,15,465.38,6980.7,VIP
73639935,Urvi Deo,talwargautami@example.com,9.10654E+11,"12/820, Radhakrishnan Ganj
Aligarh-496495",Medininagar,528705,21-09-2023,Inactive,10,360.91,3609.1,Regular
51592174,Jasmit Sura,anusha59@example.com,9.12105E+11,"H.No. 821, Barman Street
Bhagalpur 755691",Secunderabad,271886,11-08-2023,New,2,794.83,1589.66,Regular
12338529,Rishi Nayak,yash47@example.org,9.11626E+11,"59/031
Kohli Road, Bhilwara 572342",Bangalore,448389,03-10-2024,New,11,347.1,3818.1,VIP
81757554,Yagnesh Nadkarni,srinivasnisha@example.net,9.19949E+11,"46/12, Dash Street, Ujjain 348748",Shimoga,591693,18-04-2024,Premium,12,1815.02,21780.24,VIP
95372766,Hitesh Morar,ikbalwagle@example.org,9.13522E+11,"06
Dixit
Bahraich 227315",Latur,609032,15-01-2024,Regular,9,629.05,5661.45,Regular
28111842,Charles Kannan,amrita30@example.org,9.15274E+11,"55
Setty Ganj
Bijapur-974804",Tirunelveli,734693,09-09-2024,Premium,8,1892.45,15139.6,Regular
27878182,Qabil Lata,aarnav41@example.com,9.10674E+11,"76/44, Lata
Jhansi-232629",Thoothukudi,474639,30-03-2023,Inactive,1,1023.51,1023.51,Regular
27353891,Gabriel Ahluwalia,tahuja@example.com,9.17147E+11,"295, Varty
Jabalpur-431897",Parbhani,889940,25-06-2023,Premium,20,1110.61,22212.2,VIP
19179897,Tarak Nagi,dasoliver@example.net,9.17959E+11,"H.No. 031
Subramaniam Street
Tezpur 787717",Orai,757209,14-08-2023,Premium,18,1491.58,26848.44,VIP
63630649,Indira Golla,atikhanna@example.org,9.12943E+11,"44/45
Kamdar Path, Mumbai 535037",Vijayawada,178528,02-09-2023,Premium,8,1626.79,13014.32,Regular
16359370,Harsh Gaba,zayan66@example.org,9.19245E+11,"H.No. 384
Yohannan Chowk, Nanded-222053",South Dumdum,945900,05-12-2023,Premium,1,1352.7,1352.7,Regular
92123198,Diya Munshi,garimadutt@example.com,9.16234E+11,"H.No. 86
Rastogi Road
Tiruchirappalli 971518",Bidar,505894,30-08-2023,Regular,8,224.01,1792.08,Regular
77306672,Bina Seshadri,qsaha@example.com,9.19226E+11,"58
Balay Nagar, Berhampore 873691",Motihari,249750,16-09-2024,Regular,20,456.24,9124.8,VIP
67696145,Isaac Rattan,yuvrajkant@example.net,9.19861E+11,"79/94, Kuruvilla Road, Bihar Sharif-023568",Bettiah,523966,06-06-2023,Regular,18,482.94,8692.92,VIP
29902416,Falak Choudhry,gautampandit@example.org,9.19003E+11,"08/63
Bhatt Path
Khammam-521999",Tenali,401415,17-07-2023,Inactive,18,1010.11,18181.98,VIP
11446157,Nidhi Borra,upadhriti34@example.org,9.11549E+11,"99/071, Dua Street, Sultan Pur Majra-817622",Shimoga,681393,18-09-2024,Inactive,8,400.97,3207.76,Regular
84377964,Saumya Babu,palleta@example.com,9.19611E+11,"49, Deol Nagar, Khammam 908157",Tezpur,257432,24-10-2024,Inactive,13,1458.37,18958.81,VIP
12591752,Zilmil Krishna,ukant@example.org,9.1876E+11,"116, Korpal Ganj
Junagadh 903149",Singrauli,711091,28-05-2023,Inactive,14,740.4,10365.6,VIP
4940671,Sarthak Doshi,fariq53@example.org,9.1056E+11,"42, Mand Nagar
Kolkata-949731",Silchar,431653,17-06-2024,Inactive,7,494.03,3458.21,Regular
88111697,Ronith Rajagopal,hemalkala@example.org,9.19594E+11,"68/88
Bhargava Marg, Rajahmundry-132192",Ballia,413102,30-01-2024,Regular,4,1731.14,6924.56,Regular
98241853,Lila Mangal,reddydamini@example.com,9.11819E+11,"99/06
Kala Zila
Gandhidham 366062",Vellore,575103,25-04-2024,Premium,19,1203.76,22871.44,VIP
75482,Jeet Gandhi,amrita05@example.net,9.16684E+11,"95/861, Jaggi, Sikar-343285",Korba,298093,19-09-2024,Regular,13,1938.38,25198.94,VIP
6291143,Banjeet Oak,abhatia@example.com,9.17842E+11,"56/942
Rajan Road
Mysore 031754",Yamunanagar,135844,05-08-2023,Inactive,19,1934.37,36753.03,VIP
20209237,Anthony Ratti,aryan46@example.com,9.19344E+11,"44/934, Varma Marg
Thiruvananthapuram-851021",Shimoga,467793,11-02-2024,Regular,19,1121.1,21300.9,VIP
85435560,Viraj Nair,krishnavedhika@example.org,9.18574E+11,"32/80
Rajan Zila, Anantapur 869770",Ludhiana,660678,28-07-2024,Inactive,8,1309,10472,Regular
68063317,Reva Rajagopal,lavanya06@example.com,9.15915E+11,"95, Bahl Zila
Kirari Suleman Nagar-350381",Muzaffarnagar,732932,21-10-2024,Inactive,4,1316.23,5264.92,Regular
82594354,Harinakshi Sule,ocontractor@example.net,9.19987E+11,"H.No. 608
Dhawan Ganj
Nizamabad 291392",Avadi,345071,04-01-2024,Regular,7,321.8,2252.6,Regular
51040116,Inaya Pillai,wyattsavant@example.com,9.12196E+11,"77
Mistry Ganj, Unnao-632141",Berhampur,595645,14-11-2023,Regular,11,783.03,8613.33,VIP
78053306,Meera Naik,sdeo@example.org,9.15475E+11,"96/063
Aggarwal Ganj, Kozhikode 808109",Visakhapatnam,436981,27-06-2024,Inactive,6,1037.09,6222.54,Regular
66761643,Samuel Mukherjee,wriddhishwagle@example.net,9.15803E+11,"63
Goel Zila
Ichalkaranji 944267",Anand,695591,07-05-2023,Regular,20,1432.01,28640.2,VIP
81932548,Baghyawati Gill,vaishnaviagrawal@example.com,9.14158E+11,"227
Panchal Ganj, Raiganj 028467",Etawah,439705,31-10-2024,Premium,12,1508.41,18100.92,VIP
19682060,Hamsini Swamy,vedhikasawhney@example.net,9.17543E+11,"14/652
Ganesan Nagar, Patna-892135",Jehanabad,273810,12-02-2024,Inactive,4,850.2,3400.8,Regular
1719710,Pushti Sabharwal,ramachandranharini@example.com,9.13657E+11,"49, Halder Circle, Dindigul-895174",Giridih,798390,26-06-2023,New,2,1332.82,2665.64,Regular
74195536,Champak Chhabra,ishanviratti@example.org,9.17254E+11,"21/29
Yohannan, Ambarnath-175439",Amaravati,861407,09-10-2024,Premium,5,650.62,3253.1,Regular
15534747,Oviya Luthra,edhar@example.org,9.13347E+11,"H.No. 51, Mahajan Street
Dehradun 313062",Kadapa,76910,19-09-2023,Inactive,15,362.34,5435.1,VIP
95558510,Ekaraj Halder,jairaj73@example.com,9.10597E+11,"59, Raj, Tenali 078584",Bhind,565088,25-06-2023,Inactive,5,466.28,2331.4,Regular
767523,Maya Khosla,khannaijaya@example.org,9.18702E+11,"H.No. 10
Venkatesh Street, Kakinada 570578",Vasai-Virar,375272,27-05-2023,Inactive,13,1737.28,22584.64,VIP
55056284,Devika Lal,kamdarkalpit@example.com,9.11918E+11,"H.No. 812, Iyengar Path
Jaunpur 333582",Ichalkaranji,969027,13-05-2024,Inactive,11,373.44,4107.84,VIP
86167288,Rachana Rajagopal,cratta@example.net,9.18164E+11,"H.No. 292
Baral Nagar
Bettiah-410932",Nagpur,155646,14-08-2023,Inactive,1,1049.94,1049.94,Regular
96511007,Hema Mannan,minhasria@example.net,9.14842E+11,"25/07
Sarraf Ganj
Ajmer-104308",Dindigul,470156,26-06-2024,New,14,1243.4,17407.6,VIP
31084686,Jai Ramaswamy,ylad@example.net,9.14211E+11,"60/650, Yogi Road
Baranagar 657937",Aurangabad,587018,20-06-2024,Regular,4,893.55,3574.2,Regular
99594960,Amaira Tak,inarang@example.net,9.18945E+11,"14/029
Rajan
Shimoga-387010",Madanapalle,446417,12-06-2023,Inactive,16,1475.23,23603.68,VIP
53815931,Praneel Sekhon,dalbirganguly@example.org,9.1276E+11,"06, Bedi, Sonipat-496094",Jaipur,663082,19-07-2023,Inactive,17,1739.94,29578.98,VIP
21597477,Mugdha Chaudhuri,varshadate@example.net,9.1445E+11,"H.No. 85, Johal Path, Nadiad 338564",Bhopal,801132,21-09-2023,Inactive,18,246.42,4435.56,VIP
243838,Sudiksha Nagar,chandanikrish@example.net,9.13689E+11,"H.No. 58
Cherian Zila
Dhule 851724",Visakhapatnam,865844,16-05-2024,New,11,1158.27,12740.97,VIP
15484407,Saksham Kaur,nathmohammed@example.net,9.12436E+11,"45, Gera Path, Medininagar-812341",Kakinada,457519,11-06-2024,Premium,18,560.95,10097.1,VIP
21677923,Lipika Mukhopadhyay,masonnayar@example.net,9.15843E+11,"045
Nath Circle, Nagpur-291495",Kakinada,247798,18-07-2023,New,17,465.55,7914.35,VIP
24845814,Harshil Shukla,vedhikavora@example.net,9.14481E+11,"H.No. 189
Brahmbhatt
Shimoga 947864",Raipur,46092,31-03-2023,Regular,17,423.79,7204.43,VIP
99893898,Vedant Master,forumwable@example.com,9.161E+11,"123, Manda Circle, Dehradun 286985",Berhampore,893327,22-11-2023,New,16,365.4,5846.4,VIP
95856869,Bahadurjit Ratta,dinradhika@example.org,9.14932E+11,"H.No. 031, Lala Nagar, Nandyal 203236",Tirupati,650085,08-03-2024,New,12,531.83,6381.96,VIP
40275138,Eiravati Thaker,umangbabu@example.net,9.13593E+11,"14/926
Goswami Nagar
Bhiwani-379094",Bathinda,833704,05-01-2024,Inactive,18,1468.32,26429.76,VIP
12814732,Janya Soni,shenoyharita@example.net,9.17963E+11,"054
Acharya Ganj, Dhanbad 214980",Karaikudi,768626,26-05-2023,Regular,8,1473.36,11786.88,Regular
4057678,Brijesh Khalsa,rrai@example.org,9.1964E+11,"96/44, Bhargava
Bikaner 112116",Kadapa,383118,27-05-2023,Inactive,19,882.63,16769.97,VIP
46682777,Simon Parekh,vigekiya@example.org,9.15322E+11,"22
Balay Road
Thanjavur 478790",Medininagar,705746,02-07-2024,Inactive,10,600.09,6000.9,Regular
10562528,Udant Dada,odika72@example.com,9.16268E+11,"H.No. 19, Taneja Ganj, Malda-646819",Udaipur,579690,11-07-2024,Premium,12,887.02,10644.24,VIP
31978160,Kiaan Khare,januja42@example.net,9.1369E+11,"H.No. 76, Sharma Zila
Bharatpur 622055",Saharanpur,506540,01-05-2024,New,8,1881.61,15052.88,Regular
14207332,Ucchal Uppal,epandya@example.com,9.10556E+11,"88, Contractor
Silchar 827375",Aligarh,571862,03-01-2024,Regular,18,1263.17,22737.06,VIP
76019750,Omisha Balan,advaithsahota@example.com,9.14088E+11,"91, Uppal Path
Guwahati 827046",Thiruvananthapuram,320360,04-01-2024,New,20,310.83,6216.6,VIP
36833857,Omya Banik,jeet65@example.org,9.14225E+11,"19
Dada Marg, Hajipur-162049",Silchar,319422,26-02-2024,Premium,7,1882.18,13175.26,Regular
84275450,Frederick Sem,ucchalsingh@example.com,9.19792E+11,"50/504
Sha Zila
Agra-731162",Nellore,809285,10-03-2024,Premium,17,239.05,4063.85,VIP
6367136,Yashica Jayaraman,kmane@example.org,9.10289E+11,"47/70
Kalita Road
Jalgaon-197155",Rohtak,337064,17-02-2024,Regular,18,1662.44,29923.92,VIP
27049432,Mitali Shankar,sahotaudarsh@example.net,9.1733E+11,"91/62
Chandra, Ambala-225973",Nagaon,68240,08-07-2023,Premium,1,1866.16,1866.16,Regular
69863493,Yashica Madan,jsehgal@example.com,9.14103E+11,"36, Rau Circle
Meerut-833400",Junagadh,342288,09-06-2023,Regular,6,1620.01,9720.06,Regular
35349582,Raksha Kalla,qvohra@example.net,9.11616E+11,"159, Sahni Circle, Panihati 063296",Bhilai,563148,28-01-2024,Premium,6,932.85,5597.1,Regular
20148223,Manbir Dua,schar@example.org,9.10842E+11,"H.No. 573, Comar Road, Proddatur-125060",Kamarhati,675142,26-05-2023,Inactive,5,599.99,2999.95,Regular
46684081,Darika Hans,shahaarna@example.com,9.10111E+11,"223, Jani Road
Hindupur 177571",Ghaziabad,519748,01-04-2023,Premium,11,1225.01,13475.11,VIP
49795571,Rajata Agrawal,charvikurian@example.net,9.12035E+11,"43/482
Munshi Zila, Khandwa 356038",Loni,73093,08-03-2024,Premium,13,401.72,5222.36,VIP
44935198,Chakrika Divan,wazirpandit@example.org,9.18262E+11,"80/85, Thakkar Circle, Bikaner 110079",Tumkur,112464,05-12-2023,New,14,973.32,13626.48,VIP
74515162,Aarnav Parsa,miteshvarghese@example.org,9.10176E+11,"72
Koshy, Pali 271238",Durgapur,233703,19-08-2024,New,10,1605.13,16051.3,Regular
54885705,David Date,ojasvisandhu@example.com,9.15698E+11,"74/94, Badal Nagar, Jalna 695558",Amritsar,359792,30-03-2024,Premium,13,432.05,5616.65,VIP
96793479,Abhimanyu Venkataraman,wramakrishnan@example.com,9.16421E+11,"70, Wali Marg, Saharanpur-050662",Ambarnath,540050,23-08-2024,Inactive,18,1185.01,21330.18,VIP
87335844,Chandran Chakraborty,nborah@example.com,9.17358E+11,"218
Bedi Chowk, Nangloi Jat 363286",Shivpuri,133563,29-06-2023,Premium,11,1770.89,19479.79,VIP
67340606,Onkar Arya,lekharadhakrishnan@example.org,9.19745E+11,"H.No. 08, Goda Street
Madurai 153185",Tirunelveli,991020,20-06-2024,Premium,6,263.58,1581.48,Regular
72667140,Neelima Raj,benharrison@example.net,9.13426E+11,"00/569
Hayer Street, Srinagar 199551",Mysore,827748,30-07-2023,Premium,9,1106.22,9955.98,Regular
71956734,Sneha Chaudhuri,kalasaanvi@example.org,9.12805E+11,"759
Sahni Marg
Parbhani 296580",Adoni,396862,04-07-2024,New,8,1219.73,9757.84,Regular
8536503,Ubika Om,daminikala@example.com,9.11159E+11,"76/125, Bora Chowk
Bharatpur-089713",Ramagundam,111678,19-04-2023,Regular,9,399.57,3596.13,Regular
70179018,Sai Brar,shaoni@example.net,9.16855E+11,"H.No. 689
Tara Chowk
Phagwara-194850",Bhiwani,759090,11-09-2024,New,5,1725.79,8628.95,Regular
68219091,Tanvi Dixit,deourvi@example.com,9.17409E+11,"26
Shah Road, Nadiad 221103",Ongole,443175,04-10-2024,Regular,16,529.87,8477.92,VIP
71890882,Mitali Parsa,khalsazaid@example.org,9.19036E+11,"65
Balasubramanian Road, Akola 312577",Fatehpur,316173,16-03-2024,Premium,6,907.37,5444.22,Regular
44928499,Aarav Andra,sonikabir@example.org,9.10814E+11,"H.No. 730
Saraf Marg, Lucknow-500239",Ramgarh,227609,09-04-2023,New,10,915.27,9152.7,Regular
35302195,Garima Chahal,wyatt01@example.com,9.15012E+11,"467
Bains Ganj
Allahabad-875803",Maheshtala,476166,03-04-2023,New,16,420.19,6723.04,VIP
25641500,Harshil Vaidya,michaelthakur@example.org,9.10023E+11,"H.No. 76, Kamdar Street
Nizamabad 170922",Sultan Pur Majra,580141,20-10-2024,Premium,18,241.19,4341.42,VIP
29272253,Brijesh Nadkarni,gaurangigarg@example.com,9.15987E+11,"52
Subramaniam Road, Ozhukarai-599981",Kolhapur,373917,19-09-2024,New,18,1282.7,23088.6,VIP
30643619,Ethan Nagi,dmukherjee@example.com,9.19871E+11,"219, Ratti Street
Gwalior 736989",Shimla,499186,31-03-2024,Inactive,5,1084.47,5422.35,Regular
40800762,Pranav Dar,urvashi38@example.org,9.16133E+11,"70/167, Gaba Ganj
Madhyamgram 684375",Pallavaram,455611,30-10-2023,Inactive,10,1781.9,17819,Regular
74212242,Netra Kaul,manya42@example.org,9.19404E+11,"78
Nagy Street, Giridih-598307",Allahabad,725534,12-10-2023,Premium,2,1065.52,2131.04,Regular
30265929,Nandini Brahmbhatt,dixitganga@example.org,9.17876E+11,"32/39
Natt Ganj
Thrissur-034713",Nizamabad,844891,04-08-2024,Premium,15,1388.33,20824.95,VIP
22321208,Pratyush Bedi,praneel86@example.net,9.13109E+11,"74/583
Kapoor Nagar
Buxar-561567",Ballia,740752,02-10-2024,Regular,18,558.66,10055.88,VIP
60385293,Edhitha Pandey,hchaudry@example.org,9.12422E+11,"30/01, Pillay Road
Jammu-165930",Medininagar,950046,22-02-2024,Premium,17,228.44,3883.48,VIP
94137242,Rohan Mallick,wasonmohammed@example.net,9.17286E+11,"H.No. 80, Varty Street, Narasaraopet-597623",Bhagalpur,104396,17-04-2023,New,14,1592.85,22299.9,VIP
45477575,Aarna Bawa,kondajagdish@example.com,9.1272E+11,"14/351, Agarwal Path
Medininagar 636193",Vellore,117423,05-01-2024,Inactive,4,327.93,1311.72,Regular
9401406,Lucky Babu,shivanisura@example.net,9.17127E+11,"19/19, Prabhakar Circle
Khandwa-188633",Panipat,128140,18-11-2023,Regular,14,792.74,11098.36,VIP
21948041,Oni Amble,devbarman@example.com,9.11824E+11,"20/02, Magar Chowk, Jaipur 910334",Bhavnagar,541006,21-03-2024,New,13,1381.95,17965.35,VIP
39968800,Gopal Bera,gavin30@example.net,9.15416E+11,"98/202
Maharaj Chowk
Srinagar-720865",Malda,385040,29-09-2023,New,19,1877.55,35673.45,VIP
29097987,Matthew Subramanian,samuel89@example.net,9.10736E+11,"H.No. 42
Korpal Zila
Kollam 079499",Hosur,56400,23-04-2024,Inactive,12,224.41,2692.92,VIP
83304571,Abha Dugar,vrittishukla@example.com,9.18865E+11,"63/02
Lalla
Nagaon-893985",Dharmavaram,356502,27-11-2023,New,19,1772.47,33676.93,VIP
69126963,Chatura Lad,gagankaran@example.com,9.16786E+11,"354, Chaudhry, Guna-116016",Mirzapur,838057,21-02-2024,Premium,19,1352.41,25695.79,VIP
26903313,Chandresh Sandal,chandreshyohannan@example.org,9.18586E+11,"H.No. 834, Mistry Circle, Jalna 276281",Bhimavaram,460961,25-04-2023,Regular,1,284,284,Regular
50899600,Frado Arya,kthakur@example.com,9.19209E+11,"11, Kar Zila
Pondicherry-026892",Bettiah,87102,15-11-2023,New,1,989.49,989.49,Regular
12988801,Darika Verma,pallahredhaan@example.net,9.11618E+11,"H.No. 697, Solanki Circle, Raurkela Industrial Township-387322",Gurgaon,701201,02-09-2024,New,8,1179.5,9436,Regular
85869195,Kashish Nigam,rajagopalansudiksha@example.net,9.16551E+11,"11/091, Roy Ganj, Tirunelveli-404174",Rajpur Sonarpur,313275,10-07-2024,Regular,2,1125.96,2251.92,Regular
76327561,Osha Khanna,utkarsh04@example.net,9.15915E+11,"63/442, Seth Zila
Guwahati-133100",Adoni,471009,14-08-2023,Inactive,5,553.12,2765.6,Regular
54580166,Jason Pradhan,lucky87@example.net,9.10366E+11,"08, Dani Chowk, Shimla 913693",Silchar,67494,11-08-2023,Regular,8,1024.69,8197.52,Regular
15931134,Azaan Gara,jai07@example.com,9.14061E+11,"H.No. 099
Ghosh Zila, Serampore-691244",Darbhanga,121150,10-03-2024,Inactive,5,760.9,3804.5,Regular
79919160,Qasim Rai,madhavhans@example.com,9.14328E+11,"44/93, Mall Chowk, Guna-533461",Silchar,216361,30-12-2023,Premium,8,565.61,4524.88,Regular
5763963,Chandran Seth,yashoda79@example.net,9.14781E+11,"17/902
Mital Road
Kharagpur-793062",Pimpri-Chinchwad,773179,30-03-2023,Regular,12,1118.82,13425.84,VIP
75213636,Bhanumati Chatterjee,xitiarya@example.com,9.19716E+11,"97/38, Prakash Ganj
Sonipat 694456",Sonipat,971252,01-07-2024,Inactive,5,1482.83,7414.15,Regular
16543242,Vihaan Korpal,dayalekaraj@example.net,9.10148E+11,"H.No. 44, Garde Street
Indore 604835",Darbhanga,887597,05-06-2023,Premium,6,1523.88,9143.28,Regular
61568565,Kashish Lala,pallrajeshri@example.org,9.11473E+11,"H.No. 98
Samra Path, Naihati 015024",Yamunanagar,522411,25-10-2024,New,2,1943.51,3887.02,Regular
42227189,Nilima Borah,kashishvenkatesh@example.com,9.11523E+11,"H.No. 22, Oommen Marg
Bokaro-040725",Sonipat,618575,14-03-2024,Regular,19,723.21,13740.99,VIP
23996221,Jackson Issac,kulkarniekapad@example.com,9.19384E+11,"H.No. 040
Kala Ganj, Bardhaman-699657",Ramagundam,243517,10-10-2023,Inactive,7,1783.28,12482.96,Regular
76309170,Chandran Agate,rayomkaar@example.net,9.19151E+11,"H.No. 36
Seshadri Zila, Nanded-141728",Bhind,592981,26-11-2023,Regular,18,1824.43,32839.74,VIP
78157360,Xavier Toor,rayaan93@example.net,9.18406E+11,"82/63
Pant
Shimoga-462093",Udaipur,574799,05-08-2024,Regular,20,1310.87,26217.4,VIP
49833888,Harini Raja,ekavir40@example.net,9.13627E+11,"00, Varma Zila, Amaravati 118550",Parbhani,925782,31-03-2024,Inactive,3,1908.42,5725.26,Regular
60591625,Fitan Kunda,gillgunbir@example.net,9.13803E+11,"81/40, Borah Path
Aligarh 096524",Delhi,623581,30-07-2023,New,8,374.61,2996.88,Regular
5238055,Chandani D’Alia,sahninandini@example.net,9.10749E+11,"H.No. 37
Balakrishnan, Raurkela Industrial Township-608642",Guntur,745044,29-01-2024,Regular,3,1166.67,3500.01,Regular
25221501,Pratyush De,royisaac@example.org,9.1289E+11,"79/767, Thaker Marg
Mehsana 184520",Orai,179348,09-09-2023,Regular,20,1935.84,38716.8,VIP
71905368,Chameli Magar,ugulati@example.org,9.14462E+11,"26/58, Sawhney Road
Ichalkaranji 364954",Bathinda,943076,24-05-2023,Premium,7,479.45,3356.15,Regular
54057428,Chatura Contractor,gsachdev@example.org,9.12896E+11,"061
Kalla Path, Khandwa-739363",Panvel,751652,28-11-2023,New,13,1564.34,20336.42,VIP
68475914,Ishita Sarna,bhallasaanvi@example.org,9.15846E+11,"198
D’Alia Road, Anantapur-670874",Kishanganj,766236,27-10-2023,Inactive,6,1615.84,9695.04,Regular
48358028,Xavier Kibe,agatesiya@example.org,9.14582E+11,"986
Banerjee Marg, Bhagalpur 966590",Gudivada,666095,08-05-2024,Premium,14,1852.36,25933.04,VIP
43367112,Chasmum Ramesh,jom@example.com,9.13254E+11,"H.No. 620
Krishnamurthy Nagar, Pudukkottai-019414",Gopalpur,276624,14-12-2023,New,19,1861.66,35371.54,VIP
69034027,Udarsh Gole,tatwal@example.com,9.14668E+11,"H.No. 751
Khanna Street, Kolkata-181161",Nagaon,299457,02-06-2024,Regular,4,1230.08,4920.32,Regular
7687234,Farhan Sheth,dhritijhaveri@example.com,9.16982E+11,"H.No. 346, Walia Zila
Raichur-286527",Naihati,183562,27-09-2024,Inactive,18,892,16056,VIP
97411107,Udarsh Sandhu,janaki58@example.net,9.17134E+11,"11/78
Dugal Street
Orai 801891",Medininagar,970183,26-07-2024,New,18,1406.97,25325.46,VIP
9423628,Chanakya Dutta,magarekbal@example.net,9.19587E+11,"66/820, Vora Marg
Bokaro-175491",Malegaon,936957,03-09-2023,Inactive,19,1911.7,36322.3,VIP
72797175,Aarush Ratti,harinikurian@example.net,9.12999E+11,"21/12
Malhotra Path
Mangalore-066277",Loni,660030,17-11-2023,Regular,7,426.09,2982.63,Regular
38875754,Yash Mitter,falaksrinivasan@example.net,9.16295E+11,"004
Hayre Circle
Anand 997941",Ambattur,109408,12-08-2023,Premium,9,237.42,2136.78,Regular
49881540,Xalak Muni,avni70@example.net,9.17715E+11,"140, Mannan Circle
Nashik-798110",Kottayam,59206,13-09-2024,Inactive,10,1134.6,11346,Regular
13462905,Bimala Rau,arinhans@example.org,9.11441E+11,"59/269, Natarajan Chowk
Jhansi-391339",Farrukhabad,96804,23-03-2023,Premium,14,809.44,11332.16,VIP
37556526,Anjali Varkey,triveni48@example.org,9.16294E+11,"H.No. 66, D’Alia Zila
Muzaffarpur-364745",Farrukhabad,243420,14-06-2024,Inactive,18,1200.18,21603.24,VIP
52032226,Jagvi Choudhury,shivanimani@example.com,9.18059E+11,"12/11, Kala Circle
Amroha 185767",Jodhpur,921195,26-08-2023,Premium,19,1551.39,29476.41,VIP
75289676,Yashica Borra,odikasaha@example.org,9.16273E+11,"22
Karnik Ganj, Thoothukudi-104639",Bardhaman,123617,20-07-2023,Inactive,19,1170.53,22240.07,VIP
9274874,Kashvi Ganguly,fray@example.org,9.19362E+11,"H.No. 813
Vasa Marg
Darbhanga 804686",Arrah,271335,26-09-2024,Regular,20,792.52,15850.4,VIP
36428139,Hemani Ben,reva92@example.com,9.14591E+11,"H.No. 45
Maharaj Circle, Bardhaman-464292",Nagaon,993212,09-04-2024,Premium,15,619.69,9295.35,VIP
51994597,Xavier Divan,sahotaavni@example.org,9.13221E+11,"83/630, Morar Road, Chandrapur 044856",Mira-Bhayandar,964776,23-08-2024,Regular,12,1591.21,19094.52,VIP
95309983,Vansha Atwal,ramankritika@example.net,9.1854E+11,"23/11, Ramesh, Udupi 062614",Solapur,373773,07-09-2024,New,15,1990.83,29862.45,VIP
2391900,Nisha Gokhale,priyasankaran@example.com,9.17827E+11,"970
Oak Zila
Rajahmundry 305834",Bhagalpur,348478,26-09-2024,New,17,897.78,15262.26,VIP
82425179,Gagan Patil,diyalal@example.net,9.10043E+11,"83/41
Kota, New Delhi 417281",Kakinada,367377,13-06-2024,Regular,17,1532.5,26052.5,VIP
45868300,Isha Sheth,revaatwal@example.net,9.15776E+11,"H.No. 36
Doctor Path, Aurangabad 897507",Ratlam,406941,24-08-2023,Premium,7,584.9,4094.3,Regular
1855421,Jasmit Kibe,kabiranand@example.net,9.13618E+11,"94
Lal Road, Satara 661110",Kadapa,608163,30-06-2023,Inactive,10,260.2,2602,Regular
87256913,Abhiram Kannan,wagate@example.org,9.19125E+11,"H.No. 39
Master Marg
Silchar-029236",Bhiwandi,398030,01-10-2024,Regular,10,990.58,9905.8,Regular
15545780,Ekansh Baria,mammenqasim@example.net,9.11684E+11,"99/11, Bhattacharyya Street
Nangloi Jat-388866",Ambala,953801,13-04-2024,Regular,18,1268.44,22831.92,VIP
20951294,Sathvik Dhar,atichoudhary@example.net,9.18263E+11,"527, Choudhury Zila
Khammam-116209",Anantapur,766714,29-08-2023,Premium,4,223.45,893.8,Regular
11636968,Frado Ravel,rachitaaurora@example.org,9.18547E+11,"36/97, Dutta Chowk
Bharatpur-153378",Srinagar,213214,21-09-2024,Inactive,1,1574.94,1574.94,Regular
86636273,Saksham Bora,michael01@example.org,9.13772E+11,"H.No. 881, Shroff Ganj, Imphal-936263",Chinsurah,958910,15-07-2023,Inactive,13,529.61,6884.93,VIP
40593638,Wridesh Ratti,bgrewal@example.net,9.1781E+11,"01
Bhargava Circle, Chandrapur-262870",Purnia,432260,12-12-2023,Premium,18,1146.85,20643.3,VIP
701493,Ekaraj Saini,arya43@example.net,9.18673E+11,"H.No. 327, Borde Circle, Dibrugarh 462007",Shahjahanpur,845299,11-02-2024,Inactive,2,290.07,580.14,Regular
29664214,Vrishti Chopra,csankaran@example.com,9.13753E+11,"57, Gala Circle, Bhavnagar-180888",Chennai,979766,08-01-2024,Regular,13,553.65,7197.45,VIP
26278566,Henry Zachariah,surimaanas@example.org,9.13266E+11,"H.No. 87
Jain Street, Darbhanga-415731",Satna,604955,25-01-2024,New,14,1739.84,24357.76,VIP
87251489,Reyansh Johal,ladpatrick@example.net,9.14791E+11,"49/97
Thakkar Chowk, Jamalpur-188650",Thane,171389,04-03-2024,Premium,9,1940.4,17463.6,Regular
67465084,Rachita Gill,meghana61@example.net,9.12526E+11,"415
Keer Zila
Pondicherry 417130",Ratlam,549174,02-11-2023,Premium,20,1001.97,20039.4,VIP
83236183,Zayan Kalla,chatreshtella@example.net,9.18083E+11,"71/586
Puri
Vasai-Virar 324011",Panihati,760694,26-03-2023,New,20,1145.01,22900.2,VIP
66710182,Max Mallick,sameshdate@example.com,9.15154E+11,"H.No. 31
Chowdhury Ganj
Rohtak 005657",Korba,565436,18-03-2024,Inactive,11,1751.48,19266.28,VIP
93507573,Raksha Prashad,ntank@example.com,9.1336E+11,"020, Nagi Road, Jaunpur 764276",Purnia,88946,23-10-2024,Premium,2,555.78,1111.56,Regular
8733344,Chandani Mishra,kalitafaraj@example.com,9.1584E+11,"80/04
Garde Marg, Amaravati 689188",Jammu,100521,02-02-2024,Premium,10,1152.02,11520.2,Regular
73098723,Abhiram Khare,wvora@example.org,9.18579E+11,"644, Cherian Circle
Karimnagar 990326",Coimbatore,17255,22-02-2024,New,1,474.41,474.41,Regular
49050014,Chanakya Mukhopadhyay,edhithashetty@example.net,9.13908E+11,"H.No. 648, Morar Road
Dharmavaram-350890",Ludhiana,610068,15-11-2023,Premium,8,1589.25,12714,Regular
98144693,Varenya Ahluwalia,imohan@example.com,9.13464E+11,"41/464
Bajwa Zila
Katihar-157022",Kota,839641,04-11-2024,Premium,10,701.68,7016.8,Regular
43034188,Ekaraj Bora,kohlimeera@example.org,9.19087E+11,"40/707, Soman Chowk
Latur-351743",Sirsa,569612,28-01-2024,Inactive,2,1638.62,3277.24,Regular
77673290,Aditya Ram,sanya50@example.com,9.14727E+11,"H.No. 985, Contractor Chowk
Sangli-Miraj & Kupwad-857082",Sagar,627474,04-11-2024,Premium,7,1881.39,13169.73,Regular
41494517,Maya Dara,hamsini77@example.com,9.10461E+11,"28/79, Peri Ganj, Satna 501343",Latur,726616,09-04-2024,Inactive,10,860.07,8600.7,Regular
85233498,Arin Chad,banjeetanne@example.org,9.15999E+11,"H.No. 28, Agarwal Zila, Karnal-493549",Bijapur,369390,17-06-2024,New,4,1715.9,6863.6,Regular
79592021,Jack Basu,gulatitanvi@example.net,9.15859E+11,"668, Jaggi Circle, Jorhat-664299",Chittoor,463029,16-02-2024,Regular,1,291.29,291.29,Regular
40104482,George Toor,kdave@example.com,9.10786E+11,"510
Ramakrishnan Chowk, Thiruvananthapuram 670909",Morbi,752996,19-08-2023,New,5,1632.94,8164.7,Regular
1469696,Gaurangi Banerjee,raghavanjagrati@example.com,9.11997E+11,"98/623
Balasubramanian Zila, Alappuzha-147623",Jalna,74329,24-06-2023,Premium,6,1784.79,10708.74,Regular
21658322,Balhaar Balasubramanian,tandoneiravati@example.com,9.12216E+11,"94/125, Chhabra Circle
Suryapet 010747",Maheshtala,216235,29-07-2024,Regular,5,1416.06,7080.3,Regular
55094848,Michael Sarraf,ckakar@example.net,9.13541E+11,"22, Sant Street
Patna-748149",Madanapalle,90667,02-04-2023,Premium,14,422.78,5918.92,VIP
15897933,Mohini Rao,asom@example.org,9.19924E+11,"518, Mammen Chowk, Aurangabad 953213",Jabalpur,337945,18-03-2023,Regular,1,1221.23,1221.23,Regular
8138417,Champak Narayan,xnath@example.com,9.17996E+11,"292
Basak Street
Kumbakonam-181430",Nangloi Jat,773735,28-06-2024,Premium,7,1446.82,10127.74,Regular
24581427,Yahvi Tiwari,yauvanibarad@example.net,9.16583E+11,"43/477, Bath Marg, Panihati-316632",Ahmednagar,644558,20-08-2023,Premium,3,747.9,2243.7,Regular
73428596,Nathaniel Sem,ekanta10@example.com,9.17894E+11,"19/020, Apte Road, Bareilly-249358",Kakinada,530738,18-08-2023,Inactive,16,808.24,12931.84,VIP
95428692,Janani Yohannan,chakradevwable@example.com,9.19306E+11,"H.No. 76, Ravel Circle, Raurkela Industrial Township-413543",Motihari,512761,21-03-2023,New,14,1834.38,25681.32,VIP
51048402,Leela Bhandari,wnarayan@example.com,9.1544E+11,"82/635
Karan Street, Srinagar 417962",Ahmedabad,68801,13-02-2024,Premium,12,895.49,10745.88,VIP
13455530,Yoshita Varty,mdoshi@example.com,9.16474E+11,"98
Bose, Kozhikode 567183",Saharsa,419575,05-04-2024,Inactive,3,1812.55,5437.65,Regular
62742184,Gabriel Luthra,qasim85@example.net,9.15216E+11,"H.No. 569, Narain Marg
Hosur-065127",Nandyal,575266,21-10-2023,Premium,15,1518.76,22781.4,VIP
26285589,Bakhshi De,reyanshbarad@example.net,9.14949E+11,"62/286, Rege Chowk, Bhalswa Jahangir Pur-017260",Yamunanagar,962533,29-10-2024,New,15,535.12,8026.8,VIP
31991019,Gauri Dhar,dominicperi@example.net,9.12387E+11,"53/402
Gola Zila, Ulhasnagar 941321",New Delhi,151851,28-09-2023,Regular,12,1231.06,14772.72,VIP
52862822,Aarini Khosla,ysaran@example.com,9.13923E+11,"12, Rao Chowk, Bhatpara 780850",Anand,618615,16-07-2024,Regular,14,491.28,6877.92,VIP
2365348,Zashil Varghese,rayaan71@example.net,9.18719E+11,"H.No. 059, Swamy Ganj
Thoothukudi-956774",Siwan,119006,23-09-2024,Regular,11,1133.51,12468.61,VIP
62917794,Chaman Setty,charlesprabhu@example.org,9.13909E+11,"067, Sem Street, Thane-645689",Bharatpur,198010,12-02-2024,Regular,16,1686.74,26987.84,VIP
49806393,Aarush Natt,nachiket49@example.com,9.11884E+11,"33, Kurian Zila
Jorhat 539806",Latur,918497,31-03-2023,Regular,5,1229.25,6146.25,Regular
65382130,Nachiket Mani,rajaijaya@example.net,9.16929E+11,"65
Manne Circle, Gangtok-255633",Ahmednagar,88366,24-06-2023,Regular,18,557.2,10029.6,VIP
97111119,Ridhi Sekhon,rmishra@example.com,9.14119E+11,"H.No. 44
Hora Circle
Jabalpur 884514",Tiruchirappalli,980279,11-09-2024,Regular,13,1047.73,13620.49,VIP
48268435,Triveni Padmanabhan,bishakhaprasad@example.com,9.13882E+11,"40
Bandi Chowk
Bally-447625",Ramagundam,631598,05-04-2024,Inactive,15,1670.86,25062.9,VIP
10796846,Waida Sanghvi,qbera@example.com,9.12913E+11,"H.No. 080
Vala Path, Nizamabad 974676",Tiruvottiyur,379070,10-06-2024,Regular,2,1548.31,3096.62,Regular
31233120,Veer Krish,mitesh54@example.org,9.16781E+11,"60/849
Venkatesh Road
Navi Mumbai-093276",Lucknow,9792,03-05-2024,Regular,2,555.76,1111.52,Regular
4192351,Leela Date,vbalasubramanian@example.net,9.15977E+11,"H.No. 10
Banik Ganj, Kavali-006107",Nandyal,871014,20-01-2024,Inactive,17,625.36,10631.12,VIP
9347990,Aarush Pingle,natarajantanay@example.com,9.12353E+11,"39/93
Khare, Kolkata 775692",Nizamabad,16949,01-04-2024,Premium,6,492.04,2952.24,Regular
46699982,Abhiram Sahni,vuppal@example.org,9.16195E+11,"728, Mishra, Haridwar 182006",Ulhasnagar,837587,10-10-2023,Inactive,19,1171.6,22260.4,VIP
46515922,Harish Setty,kamya82@example.net,9.19104E+11,"63/69, Mital Chowk, Gandhinagar-801336",Ghaziabad,793626,05-09-2024,Regular,16,950.75,15212,VIP
2164524,Kamala Natt,abha02@example.net,9.14519E+11,"H.No. 130
Bhakta Chowk
Morbi-605758",Rohtak,398241,16-04-2023,Inactive,1,754.95,754.95,Regular
94854830,Aarna Dave,michaelmann@example.com,9.12657E+11,"80/915
Pau Nagar
Haridwar-710710",Kochi,194790,27-07-2023,Inactive,5,415.65,2078.25,Regular
53886685,Ayaan Dixit,henrykanda@example.net,9.11692E+11,"90, Issac Circle
Giridih-159208",Bhimavaram,771068,01-05-2024,New,11,1066.86,11735.46,VIP
89223620,Udyati Malhotra,raaginimitter@example.net,9.13114E+11,"13
Kaul Road
Kulti-440393",Amravati,487205,21-07-2023,Inactive,17,579.91,9858.47,VIP
17597449,Umang Dhingra,pprabhakar@example.com,9.16004E+11,"47
Patil Circle, Srikakulam 796222",Guna,433729,06-04-2023,Inactive,15,229.4,3441,VIP
14167111,Balvan Raman,bassigavin@example.org,9.17718E+11,"H.No. 15, Shetty Zila, Buxar-796680",Kishanganj,21360,03-08-2023,New,18,963.9,17350.2,VIP
93867669,Vrishti Bhatti,ochoudhary@example.net,9.18864E+11,"H.No. 419, Ranganathan Road
Thane-511020",Khammam,755055,21-02-2024,Inactive,10,1954.42,19544.2,Regular
8886587,Aishani Sura,neelima18@example.com,9.13094E+11,"68, Sunder Marg
Tiruppur 470957",Moradabad,171879,27-08-2023,Regular,4,951.65,3806.6,Regular
53292177,Tanmayi Vyas,eesha65@example.com,9.18129E+11,"14/54
Banik
Kirari Suleman Nagar-412785",Panihati,635480,27-10-2024,Inactive,3,1449.4,4348.2,Regular
66130660,Lopa Bhasin,tanishverma@example.com,9.13234E+11,"78/65
Trivedi Road
Chandigarh 042818",Gandhinagar,773293,20-04-2024,New,1,1673.4,1673.4,Regular
29562254,Devansh Murty,niteshdeshpande@example.com,9.10289E+11,"07/32
Ghosh Street, Nagercoil 485520",Jaunpur,853545,19-07-2023,Inactive,19,1290.14,24512.66,VIP
40703374,Wriddhish Ramachandran,sahaamara@example.org,9.17102E+11,"65/892
Rastogi Street
Anantapuram-983602",Nandyal,854748,02-09-2024,Regular,10,1934.68,19346.8,Regular
18259715,Finn Chacko,ggala@example.org,9.10239E+11,"H.No. 080
Kari, Deoghar 884791",Pudukkottai,635726,14-05-2023,Regular,9,1731.11,15579.99,Regular
63184222,Veer Cheema,geetika98@example.com,9.10279E+11,"33/00
Sami Chowk
Saharanpur 693311",Kharagpur,304440,04-01-2024,Inactive,15,1035.69,15535.35,VIP
5540556,Lakshit Balan,gunbirpillai@example.org,9.14806E+11,"508, Dixit Zila
Nashik-521010",Gangtok,166077,28-08-2023,Regular,13,273.47,3555.11,VIP
36587003,Amaira Nagi,jdeo@example.org,9.16613E+11,"494, Shukla Path
Nizamabad 528423",Tumkur,471550,31-03-2023,New,5,1759.74,8798.7,Regular
55028958,Pavani Yadav,mallorinder@example.org,9.10013E+11,"71/201, Swamy, Thoothukudi-983182",Howrah,918618,10-05-2023,New,17,1168.29,19860.93,VIP
86995126,Bimala Bhattacharyya,sanishaurya@example.org,9.14698E+11,"830
Naik Chowk, Shivpuri-973829",Durgapur,924849,12-06-2023,New,10,316.82,3168.2,Regular
22358567,Zansi Chakraborty,sarthaksuri@example.org,9.12183E+11,"05
Kara Street
Bhagalpur-060052",Faridabad,410334,02-04-2023,Inactive,8,638.86,5110.88,Regular
10745302,Yochana Shukla,jaigrover@example.net,9.16833E+11,"16/77, Kuruvilla Road
Jamalpur-474745",Indore,49444,26-10-2023,Premium,5,1530.95,7654.75,Regular
31410886,Ayush Manda,finnraman@example.com,9.17625E+11,"56/79, Shere Nagar
Pallavaram-288622",Sasaram,122681,20-05-2024,Inactive,9,757.75,6819.75,Regular
80476444,Qadim Bail,vrittikoshy@example.com,9.16461E+11,"96/75
Dutta Street
Dhule-206857",Eluru,868809,27-05-2024,Premium,1,1677.06,1677.06,Regular
98709982,Dhruv Kalita,toormegha@example.org,9.14768E+11,"H.No. 40
Vig Ganj, Dehri 859344",Dehri,79160,11-04-2024,Inactive,1,1704.93,1704.93,Regular
36142455,Rushil Walla,tristannarang@example.org,9.17861E+11,"52, Toor Circle, Bhagalpur 502939",Katni,388331,19-03-2023,Premium,6,1476.25,8857.5,Regular
71607166,Inaya Sama,wahab05@example.org,9.13478E+11,"H.No. 08
Toor
Chapra 724446",Rohtak,242409,18-09-2023,Inactive,11,1251.88,13770.68,VIP
6622751,Nachiket Ratti,dyalaahana@example.com,9.11094E+11,"481, Jaggi Path
Barasat-074501",Thiruvananthapuram,690638,10-06-2024,Inactive,9,598.89,5390.01,Regular
77217240,Tristan Aurora,dugalranbir@example.org,9.17254E+11,"69
Khalsa Path
Arrah-734122",Karawal Nagar,585326,11-09-2024,Premium,9,414.76,3732.84,Regular
31537100,Rajata Sampath,ekiya53@example.org,9.14978E+11,"H.No. 253, Sundaram Chowk, Pondicherry-876626",Kozhikode,147671,16-02-2024,Regular,13,917.32,11925.16,VIP
38969732,Manthan Chana,obarad@example.com,9.10024E+11,"05/935
Kohli Path, Jabalpur 151623",Pune,893205,08-09-2024,New,10,1501.23,15012.3,Regular
81091233,Divya Dada,hemal96@example.com,9.14765E+11,"H.No. 10, Balay Zila, Panipat 734804",Durgapur,538157,24-04-2024,Regular,4,1993.07,7972.28,Regular
13424885,Azaan Modi,pandyaarya@example.org,9.11217E+11,"H.No. 581
Bawa Path
Ichalkaranji-554765",Malda,905782,14-01-2024,Premium,8,358.46,2867.68,Regular
91789216,Rajeshri Rama,iyengarchasmum@example.net,9.11072E+11,"979, Yohannan Circle
Aurangabad 976812",Thane,386024,05-01-2024,New,15,1708.89,25633.35,VIP
25661033,Raksha Kannan,akshaymann@example.net,9.13957E+11,"H.No. 19
Gole Ganj
Ludhiana-452366",Miryalaguda,761294,23-05-2023,New,3,1020.5,3061.5,Regular
24153726,Azad Sachdev,ugara@example.net,9.17096E+11,"68/08
Dube Zila
Ambala-132424",Orai,411944,19-06-2024,Premium,16,546.12,8737.92,VIP
87222820,Aadhya Padmanabhan,nkala@example.org,9.18096E+11,"23/386, Savant Street, Bharatpur-396119",Ulhasnagar,651234,25-03-2023,Inactive,13,497.66,6469.58,VIP
79628054,Oscar Narula,charkrishna@example.com,9.18952E+11,"59/374, Borra Ganj
Navi Mumbai-709758",Pondicherry,820810,25-10-2024,Premium,5,1737.81,8689.05,Regular
99156138,Yatin Hayer,raghavangaurang@example.com,9.15137E+11,"714
Choudhury Chowk, Chinsurah 000605",Morbi,906839,10-06-2023,Regular,19,911.74,17323.06,VIP
6150721,Vaishnavi Master,ldeshpande@example.org,9.17602E+11,"82/547
Deep Road
Phusro-585053",Panihati,15615,07-11-2023,New,2,1705.17,3410.34,Regular
12531927,Ayush Tripathi,vmodi@example.net,9.11601E+11,"H.No. 084, Mody Ganj, Panipat-412839",Bhiwandi,581091,12-05-2024,New,20,1511.87,30237.4,VIP
87200291,Anya Panchal,ngandhi@example.net,9.1213E+11,"04/693, Ramanathan Chowk
Faridabad-115332",Ichalkaranji,603624,03-02-2024,Inactive,12,526.58,6318.96,VIP
34897081,Kamala Dasgupta,bhaktabhavika@example.org,9.18894E+11,"33, Uppal Chowk, Mysore-453952",Shahjahanpur,647500,22-07-2023,Premium,18,425.92,7666.56,VIP
68754962,Odika Rout,bsinha@example.com,9.16772E+11,"849
Sani Ganj
Ahmednagar 929709",Khammam,12144,26-10-2023,Inactive,2,512.27,1024.54,Regular
38613642,Ishani Pandya,wahab57@example.net,9.10519E+11,"H.No. 59
Apte Chowk, Tiruvottiyur-913801",Erode,325134,03-11-2024,Regular,16,1380.08,22081.28,VIP
70589930,Sai Taneja,bariaazaan@example.com,9.11394E+11,"H.No. 84
Narang Ganj, Dehradun-756490",Sambalpur,353937,29-09-2023,Premium,12,985.23,11822.76,VIP
93937586,Pranav Solanki,hayrewarjas@example.org,9.1073E+11,"H.No. 758
Goyal Nagar
Orai 041239",Medininagar,683079,04-07-2023,New,1,651.43,651.43,Regular
8817168,Lajita Sharma,gaurang89@example.net,9.19052E+11,"10/038
Subramanian Chowk
Begusarai 041864",Mehsana,294382,19-08-2023,Inactive,7,1382.39,9676.73,Regular
85763665,Eshana Narula,lekha86@example.net,9.14277E+11,"812, Dutta Zila, Hindupur-529803",Sikar,238167,26-06-2024,Premium,13,1062.57,13813.41,VIP
39423691,Lucky Goel,wparikh@example.com,9.14727E+11,"67/88, Mukherjee, Bellary-497259",Chandrapur,923560,28-05-2024,New,18,332.84,5991.12,VIP
17675915,Rayaan Wable,warhi45@example.net,9.16265E+11,"759, Karnik Nagar, Gurgaon 611202",Varanasi,107960,18-01-2024,Inactive,4,1146.18,4584.72,Regular
59141605,Saksham Kala,triyadutt@example.net,9.13336E+11,"H.No. 570
Kulkarni Marg, Berhampur-762758",Motihari,58086,10-07-2024,New,15,1739.58,26093.7,VIP
89418072,Azad Wason,ranaforum@example.com,9.13488E+11,"62/91, Ramanathan Nagar
Orai 783992",Deoghar,115200,11-10-2024,Regular,18,1748.85,31479.3,VIP
89412038,Ekansh Nagi,aarinirau@example.com,9.14576E+11,"H.No. 566, Parmar
Medininagar-071397",Kharagpur,198327,09-09-2023,New,7,937.66,6563.62,Regular
14632090,Ria Baria,qsoman@example.net,9.17888E+11,"H.No. 517, Bhatti Marg, Bihar Sharif-108740",Miryalaguda,564210,31-03-2024,Regular,15,1620.46,24306.9,VIP
70220141,Reyansh Dhaliwal,jganguly@example.org,9.10316E+11,"49
Chaudhary Circle, Yamunanagar 303831",Sambalpur,988097,24-03-2024,Premium,13,469.6,6104.8,VIP
79298972,Zaid Kari,solankiabeer@example.net,9.15591E+11,"37
Bajaj Circle, Siwan 761617",Nadiad,685405,25-06-2023,Regular,5,1975.13,9875.65,Regular
78572233,Ucchal Nagy,chauhanliam@example.com,9.13578E+11,"19/95, Mangal Road
Hyderabad-121004",Siwan,584166,26-10-2023,Regular,7,1845.28,12916.96,Regular
91382237,Yashasvi Prasad,osanghvi@example.org,9.12617E+11,"68/302, Dara
Agra 821445",Bhiwani,733394,18-03-2024,Regular,4,1790.07,7160.28,Regular
25659794,Rajeshri Radhakrishnan,ganga35@example.org,9.11384E+11,"H.No. 973
Tara Street
Jorhat 869913",Buxar,619160,25-05-2023,Inactive,11,1192.81,13120.91,VIP
88203688,Chavvi Karan,hsaini@example.org,9.16067E+11,"31/15
Sundaram Road, Meerut-572312",Chittoor,743672,16-04-2023,New,9,1570.98,14138.82,Regular
60732869,Joshua Nath,anamika40@example.com,9.10727E+11,"H.No. 29
Hora Nagar
Amritsar-740154",Rajahmundry,625859,08-04-2023,New,17,1140.22,19383.74,VIP
40563029,Chandani Rege,parsafaraj@example.org,9.13861E+11,"75/25, Borde Marg, Maheshtala 940203",Chandigarh,24783,23-08-2024,Inactive,12,1203.36,14440.32,VIP
34237583,Ishwar Chand,mitalwidisha@example.net,9.14461E+11,"37/02
Ganguly Circle
Barasat-737778",Hapur,769474,08-09-2024,New,1,231.43,231.43,Regular
51174875,Sara Prasad,oviyabhardwaj@example.com,9.18588E+11,"H.No. 252
Sami Marg
Kochi 597640",Saharsa,739236,26-05-2023,Inactive,7,1276.61,8936.27,Regular
41261495,Faris Deol,pdey@example.org,9.1054E+11,"70/832
Sarkar Zila
Sonipat-700002",Bhagalpur,78428,20-10-2024,Inactive,5,687.71,3438.55,Regular
46876240,Vihaan Doctor,jagvi98@example.org,9.16128E+11,"H.No. 305
Sunder Street, Proddatur-711890",Vijayanagaram,447804,16-06-2023,Premium,5,1588.64,7943.2,Regular
20940403,Tanvi Kala,zayyan13@example.com,9.18271E+11,"H.No. 537
Krishna Circle
Gurgaon 910763",Dhule,711075,08-05-2023,Premium,11,1511.1,16622.1,VIP
52234494,Chameli Kadakia,bhavinisandhu@example.com,9.17943E+11,"H.No. 038, Rama Nagar, Pali 764609",Bhopal,648848,25-07-2023,Premium,4,766.95,3067.8,Regular
25503067,Ikshita Yohannan,solankicharita@example.org,9.17391E+11,"H.No. 27
Issac Ganj
Mau 581320",Alwar,730983,15-08-2023,New,1,1257.76,1257.76,Regular
3491230,Ucchal Chana,bariabina@example.org,9.14634E+11,"52/516, Khalsa Zila
Kota-913116",Khora,876370,01-06-2023,New,14,226.62,3172.68,VIP
16420489,Divya Peri,imaran88@example.net,9.18033E+11,"032, Pandey Chowk, Medininagar-342499",Nandyal,543319,01-04-2024,New,14,1368.05,19152.7,VIP
57291761,Samarth Muni,netrasarkar@example.org,9.1319E+11,"H.No. 997, Hayre Marg, Dhule-782519",Pallavaram,260349,29-08-2024,Regular,8,1338.09,10704.72,Regular
21573815,Urvashi Dalal,rajagopalmanthan@example.net,9.16215E+11,"77
Konda Street
South Dumdum-782739",Allahabad,583410,26-09-2023,Premium,2,206.87,413.74,Regular
82854537,Yauvani Korpal,kulkarnidhriti@example.org,9.19638E+11,"754
Mody Marg
Aligarh-411970",Varanasi,690385,05-05-2024,Inactive,2,1027.48,2054.96,Regular
88684966,Jalsa Khanna,warhi99@example.com,9.15006E+11,"372
Date, Pali 101228",Surat,612723,08-07-2024,New,10,711.72,7117.2,Regular
65143359,Zinal Thakkar,pranavdara@example.net,9.1633E+11,"08
Comar Circle, Secunderabad-809728",Bhind,238085,17-02-2024,Premium,14,1071.2,14996.8,VIP
77625089,Omisha Kalla,yogividhi@example.net,9.13171E+11,"69/285, Sarkar Street, Hospet-402412",Rourkela,735727,23-10-2023,New,1,1879.39,1879.39,Regular
8361353,Pahal Kibe,gabriel01@example.org,9.11673E+11,"231, Bhasin Circle
Berhampur-413214",Bhiwani,528702,17-02-2024,New,3,632.74,1898.22,Regular
95269737,Aarini Vora,tmitra@example.com,9.15486E+11,"152
Karan
Bathinda-640398",Machilipatnam,468669,10-03-2024,Regular,19,413.46,7855.74,VIP
83701325,Chasmum Rau,advaithupadhyay@example.net,9.193E+11,"H.No. 191, Rout Circle
Narasaraopet 526905",Dehradun,227249,11-04-2023,Premium,10,1515.8,15158,Regular
98667584,Sara Soman,salvigeetika@example.com,9.1227E+11,"01/760
Natarajan Path
Parbhani-638480",Jaipur,439446,27-10-2024,Premium,8,1072.65,8581.2,Regular
51476157,Abdul Bali,nandinibanik@example.net,9.19437E+11,"62/25
Sarma Circle
Mahbubnagar-707575",Burhanpur,928472,21-08-2024,Inactive,10,1033.16,10331.6,Regular
2848415,Anika Raja,ukamdar@example.org,9.14449E+11,"71/451, Sura Road, Nanded 621248",Aurangabad,529864,13-07-2024,Inactive,9,1798.13,16183.17,Regular
71235336,Gabriel Sawhney,chahalsamuel@example.net,9.11822E+11,"H.No. 671, Doctor Chowk, Saharanpur 270113",Bokaro,551761,30-01-2024,Regular,16,248.21,3971.36,VIP
79206969,Aadi Bains,girindra18@example.net,9.16266E+11,"671, Khurana
Mango 598682",Jamalpur,574469,17-11-2023,Regular,1,721.13,721.13,Regular
27971619,Wriddhish Anne,jbhalla@example.org,9.14196E+11,"19/372, Batra Nagar
Jodhpur-951616",Mirzapur,466962,11-10-2023,New,3,1691.32,5073.96,Regular
66427343,Forum Iyer,rajavarsha@example.net,9.11678E+11,"25/98, Mallick Nagar
Gudivada 670706",Dewas,212034,25-08-2023,Premium,17,265.15,4507.55,VIP
50392139,Zehaan Hayer,yashoda79@example.net,9.12944E+11,"03/182, Manda Circle
Mangalore 883696",Jamnagar,361935,02-07-2024,Inactive,16,991.26,15860.16,VIP
46088132,Benjamin Ramanathan,ssahota@example.com,9.16494E+11,"12/15, Jha Ganj, Adoni-465226",Sasaram,881157,09-05-2024,New,13,321.43,4178.59,VIP
61226563,Chameli Kala,aadhya91@example.com,9.10657E+11,"45/52, Kapoor, Mahbubnagar-558328",Vadodara,584496,06-01-2024,Regular,5,417.98,2089.9,Regular
5386246,Oeshi Dhillon,mallmaya@example.com,9.19402E+11,"41/05
Cheema Marg, Durg-626411",Kadapa,956529,19-05-2023,Inactive,5,1741.42,8707.1,Regular
97739583,Vasudha Nair,nratti@example.net,9.19053E+11,"878
Rajagopal Circle, Phagwara-745365",Hapur,333808,21-07-2023,Inactive,17,1522.55,25883.35,VIP
67711384,Widisha Varkey,gautami04@example.net,9.10359E+11,"H.No. 177, Bera Ganj, Jehanabad-028809",Bilaspur,116890,06-09-2024,Premium,8,700.6,5604.8,Regular
77320193,Aarush Das,jainjanuja@example.net,9.19561E+11,"70/159
Maharaj Zila
Bettiah 050676",Jalgaon,816791,03-10-2024,Premium,4,1568.02,6272.08,Regular
44409533,Vihaan Sule,varghesevasatika@example.net,9.18921E+11,"H.No. 08, Kapadia Zila, Nagpur-853011",Tadipatri,789300,10-03-2024,New,12,1728.95,20747.4,VIP
84287579,Amrita Borde,orajagopalan@example.org,9.10362E+11,"H.No. 57
Baral Road
Dhanbad-870742",Raurkela Industrial Township,625329,14-11-2023,Premium,4,1655.6,6622.4,Regular
25595836,Sathvik Prabhakar,vihaan96@example.net,9.16602E+11,"71/414
Vaidya Marg, Kumbakonam 076787",Orai,103518,22-10-2023,New,18,314.17,5655.06,VIP
17681645,Maanav Bhat,zayan80@example.net,9.15044E+11,"H.No. 571, Barad Path, Siliguri 766713",Bhagalpur,392367,21-12-2023,Premium,15,1381.26,20718.9,VIP
95364457,Nitara Bandi,gaurangi65@example.org,9.13181E+11,"H.No. 205, Bose Path
Sri Ganganagar-216738",Ramagundam,738005,21-02-2024,Premium,13,1137.59,14788.67,VIP
23348269,Rudra Dutta,janya57@example.com,9.14825E+11,"02/047
Patel Road
Dindigul 073010",Ahmednagar,398963,28-02-2024,Inactive,9,1251.82,11266.38,Regular
95858939,Chakrika Shroff,nbalay@example.com,9.10696E+11,"83/95, Sheth Marg, Chandrapur-896229",Raiganj,353023,19-10-2023,Regular,8,1823.58,14588.64,Regular
46313756,Widisha Desai,nakul82@example.net,9.11819E+11,"102, Chopra Ganj, Korba-838479",Kolhapur,449091,26-03-2023,Premium,10,1245.36,12453.6,Regular
38694209,Harinakshi Patla,zbhagat@example.com,9.14258E+11,"349, Doshi Circle, Ramgarh 805466",Uluberia,377044,23-08-2024,Premium,20,1335.82,26716.4,VIP
54680459,Fariq Kala,danielbanerjee@example.com,9.12844E+11,"97/611, Modi Ganj
Allahabad-554472",Vijayanagaram,319468,29-08-2023,Regular,8,585.9,4687.2,Regular
67952740,Sathvik Majumdar,nadkarnidalbir@example.org,9.17928E+11,"52/345
Aurora Circle
Guna 800744",Raebareli,304107,17-07-2024,Regular,19,319.1,6062.9,VIP
90665975,Hamsini Dhingra,zaitra78@example.com,9.17329E+11,"83/623, Halder Marg
Panchkula 692228",Nangloi Jat,402144,24-09-2023,Inactive,15,271.25,4068.75,VIP
35237846,Bakhshi Varkey,baljiwan77@example.org,9.14233E+11,"54/322
Prakash Circle
Nanded-846263",Guna,546699,11-09-2023,Premium,20,1968.65,39373,VIP
85476508,Orinder Dua,sarafekavir@example.net,9.19276E+11,"55/632
Ratta Path, Bareilly 643413",Pallavaram,314585,22-05-2024,Inactive,18,1607.33,28931.94,VIP
20122449,Amaira Ahuja,raagini26@example.net,9.13701E+11,"H.No. 348, Kannan Chowk
Bahraich-832004",Cuttack,19668,22-01-2024,New,12,1298.4,15580.8,VIP
40392019,Yashvi Sur,omamrita@example.net,9.17523E+11,"73/114
Bhatnagar Ganj, Kozhikode 920406",Eluru,287315,08-02-2024,Premium,8,1419.8,11358.4,Regular
25587553,Nakul Venkatesh,hamsinikarpe@example.org,9.1911E+11,"H.No. 136
Jani Road, Bhimavaram-112584",Imphal,369946,24-09-2023,Regular,12,689.82,8277.84,VIP
27727819,Lavanya Bhasin,vidhidixit@example.org,9.10017E+11,"69, Mohanty Nagar
Bhopal-712953",Nagercoil,165069,28-10-2023,Inactive,8,1175.48,9403.84,Regular
65396354,Hemani Modi,tanmayinarayanan@example.net,9.15903E+11,"66/23
Raju
Madhyamgram-282305",Hindupur,725268,18-03-2023,Inactive,20,1738.21,34764.2,VIP
84953008,Sai Pal,rattayashvi@example.net,9.11941E+11,"15
Shankar Circle
Danapur-131817",Bongaigaon,290142,09-09-2024,Inactive,3,1187.65,3562.95,Regular
22081691,Yagnesh Bora,harrisonmore@example.net,9.17334E+11,"41/94
Bora Path
Siliguri 237079",Satara,999018,16-11-2023,New,13,361.38,4697.94,VIP
77086074,Ekantika Mannan,yatancherian@example.net,9.13651E+11,"875
Mishra Street, North Dumdum 684088",Hazaribagh,41866,02-12-2023,Regular,3,737,2211,Regular
13978108,Oscar Oak,dubeywatika@example.org,9.16385E+11,"28, Shukla Chowk, South Dumdum-353489",Kota,596608,16-03-2024,Premium,7,1307.21,9150.47,Regular
3421258,Ishita Chaudhuri,tara78@example.com,9.15569E+11,"17/31, Dora Chowk
Erode-651124",Kota,192064,19-06-2024,Premium,19,806.62,15325.78,VIP
82160592,Krisha Keer,ishaandey@example.com,9.17577E+11,"339, Singhal Chowk, Raichur-860394",Chittoor,741410,31-12-2023,New,15,568.11,8521.65,VIP
4458329,Nimrat Sandal,manyachatterjee@example.net,9.14812E+11,"85/452
Khatri
Jammu 831625",Mira-Bhayandar,842142,01-07-2024,Inactive,10,1617,16170,Regular
92038780,Geetika Bansal,minhasraagini@example.com,9.1986E+11,"02, Chahal Zila
Thrissur 415323",Pallavaram,536778,03-08-2023,Premium,12,445,5340,VIP
63376126,Michael Pall,bsahni@example.org,9.1106E+11,"47/807
Doshi Path, Dehri 730907",Kollam,926884,30-10-2024,Inactive,2,1176.22,2352.44,Regular
62816600,Gagan Kumar,karajhalak@example.org,9.13939E+11,"H.No. 60
Garde Zila
Bikaner-229719",Kavali,243459,24-04-2024,Inactive,2,1790.22,3580.44,Regular
25713335,Ojas Sridhar,nbhatnagar@example.org,9.12511E+11,"H.No. 33, Gole Marg, Hubli–Dharwad-959877",Chennai,855454,10-02-2024,New,16,1362.71,21803.36,VIP
58111297,Chasmum Mutti,vrindakumer@example.com,9.17551E+11,"500
Bhat Ganj
Tadepalligudem 780400",Sambalpur,390809,16-08-2023,Regular,20,1149.62,22992.4,VIP
22571994,Lakshit Bassi,badamivrishti@example.net,9.10036E+11,"24, Bail Street
Jammu-808344",Bihar Sharif,83717,08-07-2024,Regular,2,912.9,1825.8,Regular
47711422,Meghana Varkey,ebhatti@example.org,9.16518E+11,"H.No. 33
Vig Circle
Kishanganj-213957",Bhatpara,244531,26-10-2023,Inactive,20,1234.7,24694,VIP
35885052,Aadhya Ravi,urmibedi@example.org,9.17578E+11,"20/26
Kuruvilla Road, Pondicherry-851116",Bhiwandi,745674,24-09-2023,Inactive,1,1838.87,1838.87,Regular
51503088,Arin More,aashibiswas@example.org,9.13687E+11,"H.No. 11, Krishnan Zila
Kirari Suleman Nagar-199625",Kumbakonam,867510,23-02-2024,New,20,1651.36,33027.2,VIP
47043878,Frado Batra,birnicholas@example.net,9.13457E+11,"581
Ramakrishnan Path
Naihati-117037",Bilaspur,280957,13-06-2024,Premium,18,1411.67,25410.06,VIP
72495274,Vasatika Amble,bhattirishi@example.com,9.1883E+11,"804, Prasad Ganj, Gulbarga 969848",Aizawl,945908,30-01-2024,New,11,1364.51,15009.61,VIP
6081270,Caleb Sane,diptagour@example.net,9.15268E+11,"009
Loyal Marg
Udaipur 582796",Gaya,603031,17-08-2024,Inactive,15,969.51,14542.65,VIP
38048329,Harrison Loyal,niharika09@example.com,9.14168E+11,"41/188, Bobal Ganj, Shimla-284469",Pali,987355,01-10-2024,New,1,904.76,904.76,Regular
69089982,Daniel Reddy,rrandhawa@example.org,9.19284E+11,"H.No. 55, Ganesh Ganj, Proddatur 621180",Noida,758620,16-09-2024,Inactive,5,1831.09,9155.45,Regular
59909004,Indali Master,samaksh55@example.org,9.11234E+11,"H.No. 08
Dar
Sambhal-965654",Haridwar,910220,09-11-2023,New,15,731.88,10978.2,VIP
79607319,Tanay Prabhakar,loyalluke@example.net,9.15364E+11,"H.No. 565
Sura Ganj
Jaunpur-709356",Indore,988411,31-08-2023,New,6,942.14,5652.84,Regular
66742602,Yatan Uppal,hchakraborty@example.net,9.13358E+11,"18
Bala Zila, Katni 101174",Jalna,749857,01-07-2023,New,14,1981.09,27735.26,VIP
24032469,Liam Khatri,chaayabalay@example.net,9.18693E+11,"38
Bassi Ganj, Navi Mumbai-379945",Muzaffarnagar,722292,07-11-2023,New,14,814.5,11403,VIP
65772743,William Kuruvilla,onveerbedi@example.net,9.14202E+11,"43/82, Bala Nagar
Khammam 231196",Erode,283776,02-08-2024,Regular,14,1780.68,24929.52,VIP
15661901,Warda Wagle,umangat@example.com,9.13419E+11,"53/830
Date Circle, Indore-996250",Kumbakonam,996843,31-10-2024,Regular,1,764.57,764.57,Regular
21866852,Ojas Morar,gangulymahika@example.org,9.16521E+11,"059
Narain Marg, Mau 610611",Guwahati,428400,14-11-2023,Premium,18,1480.38,26646.84,VIP
79478655,Zilmil Rege,noah34@example.com,9.19786E+11,"34
Saini Road, Begusarai-262999",Silchar,627881,15-08-2024,Regular,9,1845.26,16607.34,Regular
13164195,Fitan Uppal,abeerbedi@example.org,9.12687E+11,"94
Vohra Chowk, Kulti-326317",Durg,142902,26-11-2023,Premium,17,786.74,13374.58,VIP
38565569,Udarsh Nayar,garimabala@example.com,9.17986E+11,"36/815, Khosla Chowk, Karaikudi-978674",Anantapuram,200521,01-03-2024,Premium,5,1765.01,8825.05,Regular
10225164,Siya Parmer,watika42@example.net,9.15831E+11,"51/60
Chawla
Darbhanga-169445",Dehri,625283,25-09-2024,Inactive,20,491.07,9821.4,VIP
72946405,Ria Kuruvilla,oscar26@example.net,9.13574E+11,"H.No. 434
Pradhan Zila, Gorakhpur 540230",Kulti,547077,07-02-2024,Premium,6,1287.78,7726.68,Regular
97557157,Priya Karan,ekiya65@example.net,9.17534E+11,"56/24
Bhalla Road, Sirsa 663909",Bardhaman,361111,22-01-2024,Regular,1,800.21,800.21,Regular
32595806,Radha Bhardwaj,mchatterjee@example.com,9.19026E+11,"65
Thaker Path, Ranchi 954884",Chandigarh,980380,30-05-2024,Inactive,19,442.13,8400.47,VIP
53100521,Mitesh Bora,krishnanabhimanyu@example.com,9.12864E+11,"H.No. 306, Lanka Ganj
Orai-124210",Gandhidham,108712,02-03-2024,Inactive,3,982.11,2946.33,Regular
59252433,Vincent Raval,riya20@example.org,9.16194E+11,"H.No. 212, Srinivas Chowk, Udupi-349021",Karaikudi,598368,20-09-2024,Regular,1,990.53,990.53,Regular
59890331,Raagini Badal,nicholas03@example.com,9.1065E+11,"82/260
Chokshi Ganj
Etawah 946629",Chennai,382306,01-11-2024,Premium,16,552.68,8842.88,VIP
95001589,Dayamai Bhasin,darika48@example.org,9.16133E+11,"145, Bumb Street
Bidar 474547",Asansol,376431,23-08-2024,Regular,20,1788.42,35768.4,VIP
53076417,Chaitanya Nayak,yuvrajmadan@example.com,9.16463E+11,"63, Dyal Zila
Malda 584769",Malda,592396,23-02-2024,Inactive,6,411.27,2467.62,Regular
82286725,Unnati Mishra,sarkarwarhi@example.net,9.17199E+11,"910, Seth Ganj
Tirunelveli-419308",Orai,730156,17-10-2024,Premium,18,1322.85,23811.3,VIP
13383642,Xavier Kashyap,okulkarni@example.org,9.10358E+11,"61
Yadav Road
Jorhat-609503",Mumbai,385101,02-04-2024,Regular,16,1114.11,17825.76,VIP
52215833,Lipika Parmer,gavinprabhakar@example.net,9.10214E+11,"00/455, Chakraborty Road, Jammu 801712",Sirsa,414814,27-09-2024,Regular,5,305.65,1528.25,Regular
67271824,Liam Rama,ebains@example.com,9.13494E+11,"308, Dave Chowk
Tadipatri 154537",Salem,368044,13-09-2024,Inactive,11,1765.06,19415.66,VIP
78903046,Dakshesh Sundaram,nidrachowdhury@example.com,9.14597E+11,"63/496, Zacharia, Nagpur 548720",Karawal Nagar,481302,16-04-2023,Regular,7,1371.83,9602.81,Regular
90021871,Pooja Dube,sudikshagokhale@example.org,9.1095E+11,"H.No. 052
Chawla Marg, Ongole-389291",Thiruvananthapuram,326796,04-08-2023,Regular,2,1907.98,3815.96,Regular
97286925,Omkaar Bedi,girindra67@example.com,9.12878E+11,"H.No. 44
Sarma Chowk
Bettiah 917609",Vellore,106555,30-08-2023,Inactive,20,617.71,12354.2,VIP
6186471,Dominic Koshy,choprachanchal@example.org,9.15607E+11,"22/739
Sachdev Ganj
Madanapalle-093707",Chittoor,410608,18-09-2024,New,17,1619.95,27539.15,VIP
5039883,Gavin Garg,nitesh75@example.org,9.11178E+11,"H.No. 872
Oza Marg
Hazaribagh 512058",Purnia,360444,19-12-2023,Inactive,15,610.99,9164.85,VIP
90882023,Benjamin Misra,craman@example.org,9.17727E+11,"35/442
Merchant Circle, Uluberia 558909",Begusarai,686278,12-06-2023,Premium,11,1137.49,12512.39,VIP
33295496,Imaran Chaudry,janyasaha@example.net,9.12343E+11,"88/372, Gera Zila, Tiruchirappalli-103051",Haldia,234933,12-01-2024,Premium,14,1136.17,15906.38,VIP
72393904,Amara Mahajan,kamala48@example.net,9.16539E+11,"H.No. 030, Bhattacharyya Path, Thrissur-308964",Mumbai,130954,25-07-2024,Inactive,8,1920.6,15364.8,Regular
15830066,Rishi Krishnan,anvimerchant@example.net,9.15565E+11,"H.No. 56, Chahal Marg
Hosur 232465",Mira-Bhayandar,652139,18-10-2024,New,19,936.66,17796.54,VIP
93341057,Ayaan Tiwari,nagiyashica@example.net,9.12233E+11,"74/730
Zacharia Road, Karawal Nagar-451755",Maheshtala,660740,15-10-2023,Inactive,20,1783.53,35670.6,VIP
64106072,Pratyush Majumdar,riasheth@example.org,9.11641E+11,"H.No. 009
Sharma Marg
Loni 610495",Deoghar,787371,13-04-2023,Inactive,3,1704.43,5113.29,Regular
62742797,Tanvi Dhar,xbaral@example.org,9.13688E+11,"53
Bakshi Chowk
Tirunelveli 714052",Fatehpur,407022,30-08-2023,Premium,13,979.11,12728.43,VIP
79591237,Osha Warrior,anika64@example.com,9.13674E+11,"28/18
Banik Chowk
Rajpur Sonarpur 816154",Thane,394025,23-12-2023,Premium,6,1695.64,10173.84,Regular
59095971,Jason Wagle,pahalsama@example.com,9.15029E+11,"22/10, Tara Nagar
Nashik 495261",Amroha,238579,08-09-2023,Inactive,15,311.21,4668.15,VIP
34768050,Ekalinga Dixit,ojas67@example.com,9.12168E+11,"H.No. 66, Walia Street, Thoothukudi-930293",Dhanbad,35987,21-11-2023,Inactive,17,1358.51,23094.67,VIP
15221182,Charles Munshi,yashodaanne@example.org,9.19186E+11,"34/72
Ratta Ganj, Ramagundam-239302",Visakhapatnam,639677,19-08-2023,Inactive,11,1871.46,20586.06,VIP
66655397,Hemal Grover,xalak59@example.org,9.17971E+11,"H.No. 663, Badal Road, Dewas 856228",Pali,154251,23-04-2023,New,5,775.85,3879.25,Regular
63971358,Leela Hayre,npalla@example.org,9.18511E+11,"599
Sharaf Zila
Adoni 602296",Mau,621459,24-06-2023,Regular,2,1159.84,2319.68,Regular
38615653,Xiti Sachdeva,hnarang@example.net,9.13348E+11,"04/04, Padmanabhan Street, Hosur 637223",Motihari,309098,30-03-2024,Regular,8,1501.01,12008.08,Regular
30192942,Darika Raj,indalisunder@example.net,9.12818E+11,"45
Shroff Zila, Bhiwani 555758",Jodhpur,907183,04-02-2024,Premium,8,1400.72,11205.76,Regular
4444673,Chatresh Patla,owenkhatri@example.net,9.1527E+11,"H.No. 70
Kade Marg
Mysore 259029",Srikakulam,440337,24-06-2023,New,15,584.69,8770.35,VIP
25850478,Jeevika Taneja,barkha46@example.net,9.15246E+11,"H.No. 65
Balakrishnan Nagar
Ambarnath-424723",Danapur,112691,05-04-2024,Inactive,2,679.32,1358.64,Regular
50484778,Hiral Saxena,kurianatharv@example.com,9.11902E+11,"07/185
Agate Zila, Shivpuri 496563",Kanpur,7186,16-05-2024,Inactive,2,1495.86,2991.72,Regular
30891209,Azaan Bora,manan23@example.org,9.13519E+11,"381, Balan Circle, Anand 910232",Gudivada,347450,22-07-2024,New,1,1815.35,1815.35,Regular
91144803,Hemang Singhal,njain@example.com,9.19951E+11,"474
Sidhu Marg
Avadi-099148",Imphal,509332,16-09-2023,Regular,16,650.17,10402.72,VIP
79764621,Darpan Sastry,dayita64@example.org,9.15525E+11,"H.No. 910, Bora Zila, Tezpur-561747",Rajahmundry,148516,15-05-2023,Premium,5,1830.61,9153.05,Regular
87823209,Hemang Suri,aggarwalwatika@example.net,9.1598E+11,"75/184, Apte Ganj, Kurnool 695756",Tadepalligudem,826255,08-04-2023,Inactive,18,983.94,17710.92,VIP
26432512,Warhi Iyer,petergrewal@example.net,9.18533E+11,"H.No. 206
Varty Zila
South Dumdum 988271",Khora,53631,17-12-2023,New,18,1092.52,19665.36,VIP
34526570,Falak Edwin,jalsasetty@example.com,9.15953E+11,"H.No. 240
Dhar Marg
Bhagalpur-524099",Mysore,369619,29-07-2024,New,19,847.76,16107.44,VIP
35358395,Hiral Kumar,yadavxalak@example.net,9.12099E+11,"H.No. 835
Sahota Street
Ramagundam 303158",Dindigul,587334,05-10-2023,Inactive,12,787.28,9447.36,VIP
20634789,Aarnav Som,watikasule@example.org,9.12867E+11,"202
Prabhakar Nagar, Latur-410481",Chinsurah,885507,02-07-2024,New,12,1223.43,14681.16,VIP
11047835,Nathaniel Reddy,rsengupta@example.net,9.10814E+11,"H.No. 31
Dugar Nagar, Nashik-602362",Tinsukia,553038,31-01-2024,Regular,6,573.38,3440.28,Regular
17201639,Vidhi Toor,qsani@example.com,9.13883E+11,"H.No. 413
Bera Marg
Madhyamgram 098129",Korba,139363,23-05-2023,New,15,1472.23,22083.45,VIP
87718744,Max Pandit,vamakshi09@example.com,9.12813E+11,"66/373
Wali
Singrauli-074003",Bathinda,966966,29-09-2023,Regular,6,863.84,5183.04,Regular
75474920,Ojas Wali,khuranafrado@example.org,9.16597E+11,"86/139
Wali Marg, Cuttack 645746",Serampore,234962,20-10-2024,Regular,18,569.23,10246.14,VIP
57956497,Reva Sahota,frederick08@example.com,9.14832E+11,"81, Naik, Dharmavaram-468737",Kurnool,2246,05-10-2024,Inactive,1,460.65,460.65,Regular
14114543,Vedika Aurora,rajagopalangeetika@example.net,9.10529E+11,"H.No. 306
Palla Path, Guwahati-489162",Muzaffarnagar,76708,29-03-2023,Inactive,20,659.52,13190.4,VIP
5043760,Chatresh Dara,dsinghal@example.org,9.19498E+11,"93, Bansal Road
New Delhi 109118",Davanagere,638623,28-11-2023,Regular,2,1154.94,2309.88,Regular
66359719,Diya Murty,mitalihayer@example.com,9.16265E+11,"693, Sankar Road, Bhavnagar 420251",Nagercoil,262617,20-05-2024,Regular,2,949.36,1898.72,Regular
32656885,Xiti Sane,nyadav@example.net,9.18699E+11,"10, Chana Street, Thiruvananthapuram-939172",Durgapur,278727,01-08-2023,New,1,309.43,309.43,Regular
2457734,Onkar Garg,warhi85@example.com,9.14166E+11,"51/82, Sathe Marg
Khora  495386",Ahmednagar,317271,27-05-2023,Premium,12,923.06,11076.72,VIP
9702217,David Doshi,madhavkibe@example.com,9.11281E+11,"51/90
Mani Road, Muzaffarnagar-728003",Shahjahanpur,708661,17-09-2024,New,6,1209.86,7259.16,Regular
55425478,Karan Ramachandran,jackson54@example.net,9.16226E+11,"03, Mann Circle
Sultan Pur Majra 572115",Surendranagar Dudhrej,408102,05-07-2024,Inactive,12,1605.51,19266.12,VIP
50781611,Jeremiah Mallick,battayashasvi@example.com,9.1625E+11,"010
Raju Zila, Sikar 787053",Nagpur,441000,24-05-2023,Regular,16,315.86,5053.76,VIP
39150258,Dalaja Choudhury,beraprisha@example.com,9.13079E+11,"08/794
Jha Circle
Bhavnagar 975604",Gandhinagar,788644,19-04-2023,Inactive,17,945.82,16078.94,VIP
77035814,Ishaan Mohanty,dev69@example.com,9.1791E+11,"04/69
Sahni Path
Guntakal-870680",Bhimavaram,250593,03-06-2023,Inactive,11,585.35,6438.85,VIP
35459748,Ekbal Dasgupta,kchaudhary@example.org,9.10021E+11,"88/275
Dasgupta Ganj, Giridih 295131",Firozabad,635776,29-01-2024,Inactive,12,288.29,3459.48,VIP
7728356,Vasana Bumb,odikaraval@example.net,9.18547E+11,"665, Vig Circle, Anand-237063",Raebareli,211437,18-03-2024,New,10,202.43,2024.3,Regular
75632045,Shivansh Sharaf,minhasjacob@example.org,9.1972E+11,"11/75, Khanna Marg, Ludhiana 820421",Silchar,207255,10-08-2023,Regular,15,1268.29,19024.35,VIP
40667183,Yatin Setty,lthakkar@example.com,9.11961E+11,"84, Sekhon Circle
Bijapur 527244",Bidar,428468,09-09-2024,New,19,1815.79,34500.01,VIP
63368244,Jeevika Tara,rkapur@example.net,9.10658E+11,"12/41, Uppal
Aizawl-053988",Danapur,905945,01-08-2024,New,19,1245.73,23668.87,VIP
16448993,Chakradev Krishnan,ojasvi77@example.com,9.11746E+11,"19/660
Sarma Circle, Jaipur-351693",Korba,426587,19-09-2023,Inactive,14,1691.92,23686.88,VIP
3096845,Yashvi Chander,saksham67@example.com,9.14918E+11,"H.No. 43, Swaminathan
Mau-891182",Guntakal,853373,22-10-2023,New,20,336.81,6736.2,VIP
26863280,Aryan Dewan,balveer31@example.org,9.16786E+11,"54/51, Bora Circle
Ramagundam-730584",Rajkot,80555,25-11-2023,Inactive,8,301.34,2410.72,Regular
28428852,Libni Dada,pranit07@example.net,9.16087E+11,"04/861, Kaul Chowk
Sikar-365292",Mira-Bhayandar,367282,11-04-2023,Inactive,7,872.25,6105.75,Regular
37691544,Onkar Devan,bmane@example.com,9.14828E+11,"57/859, Desai Chowk, Varanasi-296853",Darbhanga,210271,15-10-2024,Inactive,15,1599.46,23991.9,VIP
70976153,Devansh Nanda,vihaankanda@example.com,9.1041E+11,"95/511
Tak Nagar, Pudukkottai-475800",Ahmednagar,541588,01-03-2024,New,7,1480.3,10362.1,Regular
25287111,Lakshmi Ratti,chakradhar10@example.com,9.13532E+11,"H.No. 501, Deshpande Street
Madurai 919253",Thane,443182,25-02-2024,Inactive,9,581.43,5232.87,Regular
82900175,Avni Som,hiralmunshi@example.net,9.19373E+11,"362, Mitter Path
Arrah-104021",Baranagar,248293,01-06-2023,New,17,334.16,5680.72,VIP
93699264,Bakhshi Ghose,fbalakrishnan@example.org,9.12274E+11,"84/24
Hans Path, Kakinada-824537",Hubli–Dharwad,527137,14-10-2023,Inactive,17,1846.48,31390.16,VIP
73869823,Nathan Ratti,radhakrishnanaarav@example.com,9.15123E+11,"226, Lala Path
Satara 401183",Mysore,570165,18-05-2023,Regular,8,1225.49,9803.92,Regular
32293017,Samarth Kapoor,mandalmohammed@example.org,9.13364E+11,"H.No. 700, Sidhu Road, Gudivada-131588",Gudivada,371366,21-01-2024,Inactive,16,691.29,11060.64,VIP
44030130,Laksh Dalal,gchawla@example.net,9.164E+11,"51/50, Salvi Marg
Jehanabad-358947",Ghaziabad,59886,31-07-2024,Regular,4,904.08,3616.32,Regular
1200365,Avni Mistry,rkurian@example.net,9.16473E+11,"29/45, Morar Road, Sangli-Miraj & Kupwad 629491",Thane,151739,21-06-2023,Regular,1,1170.74,1170.74,Regular
96903782,Tanish Andra,chasmum69@example.net,9.18456E+11,"261
Iyengar Zila
Proddatur-816790",Kakinada,206769,12-01-2024,Regular,5,504.83,2524.15,Regular
35278126,Harinakshi Arya,agara@example.org,9.14201E+11,"79/328
Prakash Zila
Sirsa 377650",Tumkur,365840,24-12-2023,Premium,12,1956.57,23478.84,VIP
6756256,Ijaya Goel,qsarin@example.org,9.19024E+11,"79
Sahni Chowk, Nagaon 813383",Bellary,83206,06-07-2023,Premium,13,1902.9,24737.7,VIP
8073518,Mekhala Pandit,biswasosha@example.com,9.16343E+11,"H.No. 05, Pau Zila, Nangloi Jat 527313",Nellore,377431,07-01-2024,Premium,16,946.2,15139.2,VIP
76857266,Liam Nadig,siddharthissac@example.com,9.13611E+11,"H.No. 70
Om Nagar
Mango 097340",Mumbai,3787,22-06-2024,Premium,17,1514.21,25741.57,VIP
49241309,Pahal Palla,wrideshmannan@example.net,9.18806E+11,"87/32, Parekh Nagar, Jaipur-419966",Gurgaon,751303,19-06-2024,Inactive,11,1340.89,14749.79,VIP
80952275,Kevin Babu,aayush04@example.net,9.11373E+11,"19/783, Saha Chowk
Bharatpur-389798",Bongaigaon,154167,06-07-2024,New,17,1928.27,32780.59,VIP
31576845,Chasmum Raman,bimalaanne@example.org,9.14434E+11,"01/925, Goda Zila
Ahmedabad-481472",Madurai,6864,07-07-2023,New,12,1389.96,16679.52,VIP
47515046,Guneet Uppal,wvora@example.org,9.18462E+11,"49, Borde Ganj
Vijayawada 334138",Jamshedpur,440555,27-12-2023,New,18,1095.92,19726.56,VIP
98930670,Anjali Raju,wriddhish20@example.com,9.11928E+11,"97, Singhal Circle, Howrah-648166",Singrauli,463489,11-06-2024,Regular,6,1092.16,6552.96,Regular
24621386,Maanav Raghavan,ramanamika@example.org,9.18194E+11,"74
Jaggi Road
Khammam-907374",Rajahmundry,607110,15-11-2023,Premium,14,344.08,4817.12,VIP
53399500,Libni Sinha,rayaantiwari@example.org,9.13875E+11,"H.No. 178
Ramakrishnan Zila, Ghaziabad-767609",Kadapa,687962,01-07-2024,Regular,18,1012.5,18225,VIP
52815265,Daniel Bains,lopa03@example.net,9.11863E+11,"H.No. 00
Tandon Street
Rohtak 114577",Pudukkottai,765060,12-05-2024,New,10,806.63,8066.3,Regular
61015113,Dalaja Choudhury,jaggionveer@example.com,9.18885E+11,"15/686, Sarin Road, Baranagar-665391",Amroha,471074,17-11-2023,Regular,4,1764.18,7056.72,Regular
63624332,Krisha Zachariah,dhingraabha@example.org,9.14656E+11,"40/476
Patla, Surat-220751",Rewa,391559,17-08-2023,Inactive,19,387.57,7363.83,VIP
28286754,Bina Setty,nandini67@example.org,9.12983E+11,"H.No. 864, Subramanian Ganj, Dibrugarh-834044",Singrauli,463264,18-03-2024,Regular,16,1337.18,21394.88,VIP
60835946,Yoshita Sani,fganesh@example.org,9.10581E+11,"H.No. 370, Nagi Street
Bulandshahr 539967",Fatehpur,847170,24-04-2024,Inactive,14,1400.1,19601.4,VIP
59620534,Oeshi Sethi,parmarbhavika@example.com,9.16521E+11,"H.No. 04, Salvi Street
Munger 206534",Ambattur,529502,16-01-2024,Premium,15,1340.99,20114.85,VIP
820740,Mekhala Sathe,naveennatt@example.com,9.14145E+11,"H.No. 20, Thakkar Marg
Ambala 748990",Ambala,634784,15-11-2023,Premium,1,1385.46,1385.46,Regular
91602727,Rayaan Palla,yatin72@example.org,9.19823E+11,"H.No. 82, Sridhar Nagar
Pali 461261",Indore,798247,31-08-2023,Inactive,5,1156.54,5782.7,Regular
50848069,Yahvi Golla,tdutta@example.net,9.15074E+11,"35/772, Varghese Street, Shimla-179982",Belgaum,881993,07-03-2024,Inactive,11,586.25,6448.75,VIP
55049973,Nicholas Badami,nsavant@example.org,9.18153E+11,"60/984
Rajagopalan Chowk, Howrah 811703",Srikakulam,633900,27-03-2024,Regular,16,206.54,3304.64,VIP
12397668,Ojasvi Mahal,vedant21@example.org,9.10822E+11,"H.No. 86, Aurora Ganj
Sikar-722421",Guwahati,637399,09-05-2024,Premium,13,204.06,2652.78,VIP
61516967,Mohammed Morar,wreddy@example.net,9.15164E+11,"08/07, Seshadri Chowk, Noida 969216",Erode,250388,20-02-2024,Regular,9,556.81,5011.29,Regular
96853930,Jagvi Varty,tbaral@example.com,9.1752E+11,"460, Viswanathan Nagar, Nangloi Jat 590971",Bhopal,349563,03-07-2023,Premium,16,462.19,7395.04,VIP
91853589,Xavier Wali,jatin71@example.net,9.10859E+11,"67/39
Yogi Ganj, Loni 127098",Jalna,649749,17-06-2024,New,5,918.69,4593.45,Regular
7228206,Anmol Koshy,rdevi@example.com,9.13517E+11,"95
Sinha Path, Ludhiana-771856",Jalgaon,132617,25-05-2023,New,15,843.79,12656.85,VIP
41612464,Chatura Sodhi,adya94@example.com,9.15783E+11,"54/092
Bhatnagar Road, Ozhukarai-567116",Bhavnagar,521802,06-08-2023,Regular,18,874.93,15748.74,VIP
10683250,Manthan Sundaram,ekavir81@example.org,9.15063E+11,"H.No. 464
Singhal Marg
Patna-308566",Bhagalpur,545885,19-07-2024,Regular,14,480.47,6726.58,VIP
94078407,Praneel Baria,olata@example.org,9.13023E+11,"H.No. 409, Badal Marg
Morena-092728",Uluberia,208164,23-01-2024,Premium,4,1370.22,5480.88,Regular
26364643,Zehaan Keer,riya25@example.com,9.19889E+11,"88
Bhandari Path, Raurkela Industrial Township 646085",Morena,6749,22-08-2024,Inactive,9,1086.68,9780.12,Regular
85016568,Rudra Mall,nandra@example.com,9.1799E+11,"26/84, Manne Road
Nadiad-091335",Tinsukia,355326,17-07-2024,Regular,2,367.12,734.24,Regular
11153360,Libni Sastry,warjaschoudhury@example.com,9.15612E+11,"66/78
Baral Zila
Sonipat-698595",Amaravati,724136,01-04-2024,Inactive,20,1575.46,31509.2,VIP
88532418,Ansh Bahl,bina13@example.com,9.13215E+11,"546
Devi, Bardhaman-527064",Gorakhpur,13574,21-10-2024,New,12,344.66,4135.92,VIP
66023110,Joshua Mishra,imaranchana@example.com,9.18834E+11,"H.No. 62
Chand Path
Bhimavaram 617653",Kottayam,636641,03-11-2023,New,20,1807.56,36151.2,VIP
18229949,William Bora,nlata@example.org,9.18795E+11,"038
Varty Zila
Berhampore-791959",Danapur,397135,15-04-2023,Inactive,10,466.33,4663.3,Regular
58873572,Chandran Kale,manbirdhawan@example.com,9.18707E+11,"H.No. 77
Jayaraman Marg
Durgapur 062032",Nanded,745599,10-09-2023,Premium,13,1721.61,22380.93,VIP
5001749,Dayamai Chanda,ekta28@example.com,9.17871E+11,"H.No. 218
Srinivas Road, Kalyan-Dombivli-797929",Kota,761952,06-06-2023,Inactive,3,1623.48,4870.44,Regular
6668498,Bimala Prakash,vchander@example.net,9.11207E+11,"757, Sandhu Street
Nagpur-709424",Ratlam,62592,08-05-2024,Inactive,11,1413.4,15547.4,VIP
13441874,Hemang Sandal,ysingh@example.net,9.19735E+11,"89/07, Sangha Ganj
Suryapet-403179",Berhampur,970701,09-04-2023,Inactive,2,602.63,1205.26,Regular
52915166,Harita Gulati,sanaya15@example.net,9.16795E+11,"H.No. 019, Parsa Street, Deoghar 818465",Dehri,272048,28-06-2024,Inactive,18,505.66,9101.88,VIP
41647393,Simon Padmanabhan,kevin23@example.com,9.1651E+11,"H.No. 485
Mangat Street, Varanasi-453576",Sirsa,149812,09-11-2023,Inactive,11,1785.8,19643.8,VIP
51945420,Geetika Kalita,bhandariaryan@example.com,9.13223E+11,"839, Boase Zila, Bahraich 523840",Tiruppur,611743,05-04-2023,Premium,3,412.9,1238.7,Regular
53640286,Quincy Cheema,vigvasatika@example.org,9.15945E+11,"58/738, Dhar Zila, Phusro-372086",Mathura,28426,12-11-2023,Premium,20,1368.38,27367.6,VIP
15599514,Yashodhara Magar,jeetbansal@example.org,9.13661E+11,"H.No. 586, Sawhney Zila
Jamnagar-849026",Tezpur,170702,18-04-2023,Regular,20,1171.07,23421.4,VIP
55552600,Baljiwan Nagar,barkha14@example.net,9.11193E+11,"91/534
Solanki Marg, Chinsurah-132968",Gorakhpur,81284,30-10-2024,Regular,14,1412.54,19775.56,VIP
78439088,Ria Taneja,mbanerjee@example.com,9.15712E+11,"68, Verma Zila, Gurgaon 268634",Ballia,527348,27-06-2024,Regular,6,1507.04,9042.24,Regular
42947770,Vincent Bahri,januja43@example.com,9.18698E+11,"H.No. 198
Dhingra Nagar
Raiganj-712327",Bhalswa Jahangir Pur,582630,18-09-2024,New,16,1358.53,21736.48,VIP
66252737,Umang Bhavsar,xiti79@example.org,9.18253E+11,"91/97, Doctor Zila
Madurai-593317",Warangal,272505,12-09-2024,Premium,15,1188.67,17830.05,VIP
71615827,Yash Contractor,aadi81@example.com,9.19514E+11,"H.No. 89
Dhillon Path, Pondicherry 003231",Bulandshahr,346706,23-03-2024,Premium,3,900.98,2702.94,Regular
15487049,Aadhya Cherian,rushil71@example.com,9.15068E+11,"H.No. 071
Mane Circle
Jorhat 896774",Motihari,716665,13-02-2024,New,15,1928,28920,VIP
85218071,Panini Mani,bhavanighosh@example.org,9.12901E+11,"397
Ramaswamy Nagar, Motihari-389474",Hyderabad,908140,28-04-2023,New,20,1125.33,22506.6,VIP
24456825,Vansha Khurana,patrickyohannan@example.com,9.19197E+11,"94, Varty Zila
Pallavaram 302373",Indore,382788,21-12-2023,Inactive,18,363.12,6536.16,VIP
15043066,Bakhshi Majumdar,mittalaarini@example.com,9.14632E+11,"H.No. 597
Johal Ganj, Bhilwara 123696",Rohtak,707096,12-02-2024,Inactive,2,1748.41,3496.82,Regular
98246574,Rachita Varty,hardik53@example.net,9.18123E+11,"H.No. 85, Bail
Gandhidham-851792",Chinsurah,638222,24-03-2023,Premium,15,1904.61,28569.15,VIP
80567870,Andrew Bajaj,ekavir45@example.org,9.13354E+11,"740, Ramachandran, Shivpuri-023391",Khammam,390449,05-06-2024,Regular,1,1769.49,1769.49,Regular
92843141,Mekhala Seshadri,shethchakradhar@example.com,9.16092E+11,"H.No. 61, Mall Path, Gangtok-253081",Kota,595099,02-04-2023,Premium,1,502.79,502.79,Regular
62416456,Diya Chakrabarti,bhavanikala@example.com,9.19634E+11,"937, Nayar Street
Ongole-865795",Medininagar,121675,25-09-2023,Inactive,18,752.91,13552.38,VIP
6245778,Reva Shanker,edhitha04@example.org,9.15283E+11,"H.No. 716
Ram Marg, Kakinada 548086",Guntakal,850565,11-01-2024,Premium,17,1779.46,30250.82,VIP
80315623,Varenya Banik,aachalsarma@example.com,9.10979E+11,"261
Yohannan Zila, Kalyan-Dombivli 109129",Loni,205436,14-10-2024,New,14,1313.73,18392.22,VIP
46623192,Warinder Sastry,pallaraksha@example.com,9.13786E+11,"H.No. 50, Uppal Marg
Anantapur-558351",Nizamabad,232354,22-10-2024,New,6,1970.59,11823.54,Regular
27504517,Rayaan Gupta,tailorsimon@example.org,9.18679E+11,"77, Mital Path
Rajahmundry 334280",Bardhaman,833561,30-06-2023,New,18,1175.7,21162.6,VIP
22800586,Jacob Lad,ramakrishnanchandresh@example.net,9.16721E+11,"09, Varma
Bareilly-794732",Bijapur,339864,12-06-2024,New,10,1332.02,13320.2,Regular
17287733,Balhaar Chaudhari,ranveerkrish@example.com,9.15241E+11,"824
Bedi Nagar
Siliguri 925880",Morbi,410335,27-04-2024,Premium,12,1897.84,22774.08,VIP
87691707,Radha Jha,subramanianveer@example.org,9.17472E+11,"95/78
Narain Path, Farrukhabad-849186",Miryalaguda,930945,05-04-2024,Inactive,18,1423.63,25625.34,VIP
8655667,Ayaan Upadhyay,akapur@example.com,9.18735E+11,"039
Bobal Path, Jalandhar-942451",Gwalior,479960,16-07-2023,Premium,1,456.16,456.16,Regular
2442235,Pushti Bhattacharyya,qmaharaj@example.org,9.10324E+11,"H.No. 38
Loyal Street
Vellore 607787",Latur,117097,17-05-2024,Premium,11,661.58,7277.38,VIP
41073776,Urmi Dara,anitakaur@example.com,9.13612E+11,"93, Bhatnagar Marg, Hindupur-363934",Meerut,658588,02-03-2024,Premium,8,1366.55,10932.4,Regular
45659330,Jackson Sandal,leena40@example.net,9.13923E+11,"H.No. 607
Kar Nagar, Maheshtala 129369",Gwalior,236335,28-07-2024,New,19,1364.9,25933.1,VIP
79369660,Bahadurjit Doctor,isaiahdesai@example.com,9.18613E+11,"23/122, Kale Nagar
Aurangabad-034703",Purnia,782515,11-12-2023,Premium,13,1085.69,14113.97,VIP
44269569,Chasmum Natarajan,nisha81@example.org,9.14487E+11,"H.No. 852, Comar Chowk, Sangli-Miraj & Kupwad-332124",Agra,129271,16-06-2024,New,18,812.22,14619.96,VIP
46848302,Praneel Ramesh,utara@example.com,9.12423E+11,"542
Kota Chowk, Medininagar-457616",Gulbarga,748017,15-07-2024,Premium,15,1657.96,24869.4,VIP
83034412,Unnati Deol,vchoudhary@example.com,9.18212E+11,"H.No. 276
Dugal Circle
Rourkela-734631",Jamnagar,743423,22-04-2024,New,11,1077.88,11856.68,VIP
26912171,Jagat Banerjee,sudikshabhatt@example.com,9.10057E+11,"66/690
Gala Zila
Motihari 873668",Rampur,426824,21-06-2024,New,2,386.54,773.08,Regular
71229024,Manbir Ramesh,ekbaldeshmukh@example.net,9.19168E+11,"38/411
Deshmukh Marg
Gangtok 554649",Jamalpur,761366,10-02-2024,New,4,1869.02,7476.08,Regular
20835909,Inaya Ramanathan,madhavsom@example.org,9.1577E+11,"87/765, Kota Ganj, Saharsa 993982",Tinsukia,681334,02-04-2023,Premium,9,713.25,6419.25,Regular
83155219,Yauvani Chanda,ijayavasa@example.net,9.12775E+11,"H.No. 66, Malhotra Zila
Mangalore-435105",Satara,88020,18-02-2024,Inactive,5,1433.81,7169.05,Regular
80286283,Girindra Kalla,yash33@example.com,9.18123E+11,"H.No. 328, Basu
Gangtok 697599",Ahmednagar,167124,10-10-2023,Regular,8,311.01,2488.08,Regular
30367559,Bhavna Guha,isabharwal@example.com,9.16618E+11,"H.No. 38
Prabhu Nagar, Gorakhpur-773747",Aligarh,885164,29-09-2024,Regular,6,1419.6,8517.6,Regular
76082627,Ekalinga Goda,madhavijayaraman@example.com,9.14632E+11,"91/217
Sachdev Zila
Bijapur 682568",Jehanabad,877090,03-07-2024,Inactive,4,770,3080,Regular
41874489,Vrishti Baria,varsha76@example.com,9.17972E+11,"70
Sawhney Street, Agra 309466",Ahmedabad,285855,09-04-2023,Regular,2,1944.43,3888.86,Regular
47335806,Pavani Borde,yashodhara92@example.com,9.16632E+11,"H.No. 70, Chatterjee
Thrissur-635211",Pimpri-Chinchwad,553989,25-05-2024,Regular,9,1188,10692,Regular
59824662,Tanish Jayaraman,sarmaavi@example.net,9.17133E+11,"H.No. 55, Kala Path
Dibrugarh 172574",Bhilwara,406032,18-05-2024,Premium,1,741.83,741.83,Regular
16436359,Yashica Ramesh,upasna58@example.net,9.103E+11,"41/28, Tella Zila
Bokaro-422478",Kota,362536,26-07-2024,New,9,1485.15,13366.35,Regular
45383958,Aachal Mangat,yasti56@example.org,9.17359E+11,"H.No. 37
Venkatesh, Sonipat-528712",Rewa,626591,02-10-2024,New,19,482.19,9161.61,VIP
52613657,Kala Ravi,unni50@example.org,9.17291E+11,"H.No. 521
Peri, Khora  519235",Sultan Pur Majra,685992,16-03-2023,New,9,470.5,4234.5,Regular
36675827,Xiti Chowdhury,naksh47@example.com,9.19584E+11,"47/62, Dhar, Jaipur-105116",Patiala,230470,07-10-2024,Inactive,15,1143.03,17145.45,VIP
80800079,Shivani Barad,csanghvi@example.net,9.19371E+11,"62/36, Bhatnagar Zila, Tiruchirappalli-339874",Bidhannagar,221116,12-05-2023,Inactive,18,508.84,9159.12,VIP
45066676,Lipika Murthy,lankayagnesh@example.com,9.13929E+11,"55, Bassi Marg, Bhilwara 898751",Satna,469678,25-03-2023,Premium,1,1076.85,1076.85,Regular
1060685,Yadavi Rajagopalan,dipta24@example.net,9.12609E+11,"48
Choudhary Ganj, Gorakhpur 965066",Mango,449803,07-03-2024,Inactive,4,999.24,3996.96,Regular
87536050,Rushil Raja,xrau@example.org,9.16647E+11,"H.No. 197
Mody Zila
Sirsa 179676",Vadodara,593400,02-04-2023,Regular,18,1857.99,33443.82,VIP
67829645,Akshay Vohra,sainigam@example.net,9.15457E+11,"35, Ramaswamy Road, Munger 879775",Jamalpur,675581,08-11-2023,New,4,711.83,2847.32,Regular
45700473,Omkaar Padmanabhan,vedantgrover@example.com,9.14786E+11,"808
Balakrishnan Ganj, Begusarai 914766",Thoothukudi,88698,23-12-2023,Inactive,12,525.38,6304.56,VIP
90144978,Pooja Lad,kothariyashoda@example.net,9.14663E+11,"013
Sarma Circle
Rohtak 943634",Chittoor,216756,10-07-2024,Regular,3,1017.23,3051.69,Regular
96629258,Liam Joshi,choudharyelijah@example.net,9.16067E+11,"78/80, Venkataraman, Lucknow 671983",Chandigarh,918398,07-07-2023,Inactive,14,1462.21,20470.94,VIP
76925460,Tara Narasimhan,reva48@example.org,9.14214E+11,"29, Tak Path, Yamunanagar 262795",Kharagpur,501619,17-05-2024,Regular,2,1526.55,3053.1,Regular
59190584,Xiti Tata,jgolla@example.com,9.12225E+11,"77/806, Sethi Nagar
Phusro-516017",Vijayawada,483920,19-05-2024,Premium,6,1175.38,7052.28,Regular
24323106,Faras Edwin,janani01@example.net,9.13496E+11,"96/09
Jaggi Circle
Siwan-762214",Amaravati,840367,12-02-2024,Inactive,19,384.21,7299.99,VIP
66354642,Priya Behl,pdas@example.org,9.1811E+11,"H.No. 37, Karpe Marg
Rajkot 008569",Tenali,696330,30-03-2024,Premium,7,1153.17,8072.19,Regular
17390673,Raghav Wali,forum17@example.net,9.12431E+11,"49/45, Doctor Road, Anand-556316",Korba,669102,23-10-2024,Regular,16,1043.26,16692.16,VIP
80419534,Gunbir Pandey,baradvihaan@example.com,9.13927E+11,"109, Bose Path
Bharatpur 828807",Sagar,841623,02-01-2024,Premium,19,993.78,18881.82,VIP
4439806,Balendra Sethi,johalmadhavi@example.net,9.12827E+11,"89/706, Grewal Street, Jalgaon-268348",Mathura,838796,19-04-2024,New,7,790.59,5534.13,Regular
89811984,Saumya Yadav,mseshadri@example.net,9.16E+11,"H.No. 132, Behl Path, Kakinada 191344",Ramgarh,309567,26-07-2023,Regular,3,1957.67,5873.01,Regular
44223796,Bakhshi Lad,indira89@example.com,9.1038E+11,"38/453
Dasgupta Chowk, Tirunelveli-600855",Erode,41954,16-06-2023,Regular,16,1449.84,23197.44,VIP
88223261,Yoshita Suri,xiti38@example.com,9.14812E+11,"H.No. 42, Wali
Panihati-273533",Navi Mumbai,578028,14-01-2024,Regular,7,532.31,3726.17,Regular
90372221,Rajeshri Hayre,pahal62@example.com,9.19263E+11,"H.No. 571, De Chowk, Rampur-364379",Jabalpur,262984,30-05-2023,Regular,6,1923.68,11542.08,Regular
87213891,Janani Malhotra,idikaamble@example.com,9.14987E+11,"H.No. 54
Chowdhury Road, Phusro-208073",Sonipat,813317,03-06-2023,New,1,1382.19,1382.19,Regular
45729563,Jagvi Chaudry,ishenoy@example.org,9.12803E+11,"58/545, Doctor Zila, Sri Ganganagar 092880",Bijapur,919273,13-08-2023,New,14,725.66,10159.24,VIP
10706516,Charita Srivastava,dakshesh23@example.org,9.17851E+11,"57/12, Narula Road
Karaikudi 600784",Miryalaguda,85972,18-08-2024,Regular,13,1420.97,18472.61,VIP
25526479,Mason Doctor,siyasinghal@example.net,9.12906E+11,"H.No. 45
Nadig Ganj, Ongole-168533",Hazaribagh,154794,16-03-2023,Regular,2,391.73,783.46,Regular
90902199,Faras Dua,sairajagopal@example.com,9.11485E+11,"72/803, Puri Ganj, Kottayam 970220",Kishanganj,502489,27-06-2024,Regular,17,707.15,12021.55,VIP
89874335,Mitali Sheth,sinhahemang@example.org,9.12129E+11,"58/50, Batta Zila, Chandigarh 648087",Raiganj,701928,14-04-2023,New,15,808.55,12128.25,VIP
27381533,Zayan Guha,bahriforum@example.net,9.16631E+11,"64/71, D’Alia Circle
Kochi 188675",Rampur,831630,06-08-2023,Premium,9,1414.83,12733.47,Regular
50652833,Aarnav Mittal,mohananika@example.org,9.10883E+11,"H.No. 921, Choudhary Marg
Ahmednagar-371806",Belgaum,138728,20-04-2024,Premium,16,274.21,4387.36,VIP
65391539,Yashica Khurana,kkata@example.org,9.15728E+11,"H.No. 134, Mangat
Jamshedpur-231579",Satara,480445,27-04-2024,New,3,446.4,1339.2,Regular
59517074,Aarav Murty,chadhameera@example.com,9.12806E+11,"H.No. 17, Mane Circle
Davanagere 301952",Ichalkaranji,862020,12-05-2023,Premium,3,1693.23,5079.69,Regular
66943324,Gavin Karnik,rudrakrishna@example.com,9.15045E+11,"36/02
Padmanabhan Ganj, Saharsa 133874",Gorakhpur,851838,13-08-2023,Premium,19,1013.57,19257.83,VIP
67386193,Wakeeta Khurana,pillaifariq@example.net,9.19266E+11,"H.No. 48, Luthra Ganj
Baranagar-391311",Pali,488313,01-06-2024,Regular,14,1029.98,14419.72,VIP
96009692,Panini Naik,ekapad42@example.org,9.19937E+11,"64/48
Nigam, Proddatur-341138",Bhagalpur,700626,28-07-2024,Regular,15,1970.23,29553.45,VIP
89986926,Manya Barad,vihaandey@example.net,9.13773E+11,"H.No. 15
Kalita Marg, Bijapur-881606",Kota,455704,04-11-2024,New,18,1235.14,22232.52,VIP
58170168,Urmi Bansal,vamakshiramachandran@example.org,9.18168E+11,"497
Madan, Anantapuram-223901",Sasaram,480016,03-08-2023,Premium,16,757.56,12120.96,VIP
17392512,Lavanya Bumb,iwable@example.net,9.11106E+11,"30/18
Bath Zila, Vijayanagaram 234562",Secunderabad,103058,04-07-2024,Premium,14,1902.78,26638.92,VIP
10038382,Rajata Balay,sanaya20@example.net,9.13663E+11,"43
Sood Circle
Anand 032303",Bahraich,605355,15-08-2023,Inactive,3,339.73,1019.19,Regular
98691989,Dakshesh Lala,wsathe@example.org,9.13369E+11,"H.No. 246
Khosla Path, Parbhani 480197",Bhavnagar,312609,30-08-2024,Regular,18,1980.1,35641.8,VIP
14323169,Jai Raj,widishamerchant@example.org,9.13915E+11,"54
Ramanathan Chowk, Miryalaguda-463278",Firozabad,781242,15-05-2023,Inactive,20,1651.18,33023.6,VIP
67729191,Arin Grover,rsehgal@example.org,9.10768E+11,"24
Ratta Nagar, Mumbai 505338",Karimnagar,981853,31-12-2023,New,17,722.69,12285.73,VIP
57063557,Vaishnavi Srinivas,onisubramaniam@example.org,9.19544E+11,"H.No. 54
Kumer, Ahmednagar-380592",Raurkela Industrial Township,307921,27-06-2023,Inactive,5,1465.59,7327.95,Regular
83058329,Fariq Arya,aradhanaramachandran@example.com,9.13061E+11,"90/99
Samra Marg, Belgaum-250930",Varanasi,807586,13-07-2024,Inactive,6,248.96,1493.76,Regular
17521263,Tanvi Patla,kvarughese@example.com,9.12592E+11,"H.No. 90
Pant Ganj
Bally 308097",Serampore,580825,23-06-2024,Inactive,19,1990.96,37828.24,VIP
37904682,Krisha Shere,ssarin@example.org,9.13918E+11,"209, Hegde Ganj
Bidhannagar 176217",Bhimavaram,730139,03-10-2024,Premium,20,567.65,11353,VIP
30447453,Jagrati Lad,bjain@example.com,9.14094E+11,"379, Cherian Zila, Panihati 138451",Thanjavur,425881,01-06-2023,Premium,14,389.39,5451.46,VIP
73661993,Elijah Verma,jiyer@example.org,9.107E+11,"H.No. 87, Kuruvilla Marg, Madhyamgram 992879",Hajipur,170699,28-08-2024,Inactive,2,1800.62,3601.24,Regular
97277696,Ijaya Halder,hariyug@example.net,9.10068E+11,"506, Mohanty Chowk, Bulandshahr 342089",Jamalpur,190033,21-06-2023,Premium,8,1630.93,13047.44,Regular
27336589,Bishakha Bhargava,siyathakur@example.org,9.16633E+11,"41/83, Walia Path, Pune 923796",Ghaziabad,702025,28-12-2023,New,11,678.05,7458.55,VIP
66499992,Anirudh Barad,nsundaram@example.org,9.16569E+11,"29/059
Parsa Zila
Serampore-060287",Haridwar,240315,17-04-2024,Regular,11,927,10197,VIP
14367270,Ganga Mody,siddharthkale@example.com,9.14861E+11,"87
Barman Zila
Guna 597819",Jabalpur,191949,28-03-2024,Inactive,16,763.23,12211.68,VIP
30373140,Sai Dhingra,jnagarajan@example.com,9.1135E+11,"H.No. 191
Sarraf Path, Guntur-844266",Kishanganj,125766,28-07-2024,Regular,2,596.71,1193.42,Regular
96171594,Pratyush Tak,ibanik@example.org,9.13712E+11,"H.No. 885
Kara, Nadiad 204192",Jodhpur,808731,28-06-2023,Regular,19,385.02,7315.38,VIP
35402531,Eta Gola,khareurishilla@example.com,9.11089E+11,"H.No. 24
Khalsa Nagar
Kalyan-Dombivli-228271",Kulti,872429,04-06-2023,New,11,1808.3,19891.3,VIP
82989313,Finn Ghose,chanderlogan@example.org,9.14625E+11,"34/85
Sandhu Path, Dharmavaram 398768",Deoghar,667126,20-09-2024,Inactive,15,1060.18,15902.7,VIP
93826036,Reyansh Sarma,awason@example.org,9.12625E+11,"528, Dar Ganj
Kurnool-850226",Hazaribagh,267488,20-03-2023,Premium,19,1143.97,21735.43,VIP
87444738,Meghana Prabhu,comarfrado@example.net,9.12007E+11,"33/015
Basu Chowk
Hazaribagh 623922",Satna,647152,16-08-2023,Inactive,9,1435.78,12922.02,Regular
92356639,Girish Lall,nihalmani@example.net,9.18705E+11,"H.No. 722
Badal Street, Sangli-Miraj & Kupwad 073500",Udaipur,558949,20-07-2023,Inactive,10,261.81,2618.1,Regular
46836361,Champak Nazareth,gabrielkapadia@example.org,9.12144E+11,"66/47, Mitra Nagar
Tinsukia-056627",Bikaner,287396,22-11-2023,Premium,16,545.22,8723.52,VIP
25770577,Janya Chhabra,sachdevabdul@example.net,9.19768E+11,"546
Sampath Circle, Kurnool 566625",Jaipur,799444,17-07-2023,Regular,17,1095.13,18617.21,VIP
59094034,Ekanta Dass,johalkala@example.net,9.18448E+11,"H.No. 49
Khare Zila, Khammam-745540",Nangloi Jat,513907,22-05-2023,Regular,1,771.9,771.9,Regular
65543312,Logan Pillay,krish11@example.com,9.13496E+11,"05, Buch Street, Faridabad 972146",Mumbai,706490,28-07-2024,New,4,1209.29,4837.16,Regular
28205701,Vedika D’Alia,dhillonthomas@example.com,9.12668E+11,"76/920
Reddy Ganj, Motihari-005549",Panvel,289627,25-10-2024,Inactive,10,1286.02,12860.2,Regular
81346291,Yashasvi Acharya,ramaswamyedhitha@example.org,9.16964E+11,"209
Ravi Ganj
Sambhal 050363",Nizamabad,656769,07-08-2023,Premium,11,490.48,5395.28,VIP
79764458,Bhavani Kant,mekhala15@example.org,9.15988E+11,"83, Murty Street, Mira-Bhayandar 564005",Etawah,466737,21-12-2023,New,3,501.25,1503.75,Regular
42101831,Eshana Dutt,neelima02@example.net,9.12499E+11,"84/796, Raju Nagar
Ballia-732796",Madhyamgram,546948,16-09-2023,Inactive,8,212.33,1698.64,Regular
34657654,Vidhi Devi,zaid59@example.com,9.11799E+11,"95, Srivastava Road, Rourkela 177189",Ramgarh,189096,24-06-2024,Inactive,18,1243.18,22377.24,VIP
3730316,Ishanvi Shankar,daksha35@example.org,9.12906E+11,"356
Mohan Nagar
Cuttack-228642",Berhampore,968515,20-03-2023,Regular,10,215.72,2157.2,Regular
86479284,Harini Kadakia,jacobmadan@example.org,9.16786E+11,"H.No. 43, Bhasin Marg, Nellore-336446",Davanagere,315863,17-10-2024,Premium,9,461.87,4156.83,Regular
81174361,Shivansh Sawhney,kkhalsa@example.org,9.15426E+11,"H.No. 92
Venkatesh Circle, Burhanpur-429078",Bhopal,487403,16-07-2024,Inactive,12,223.29,2679.48,VIP
13251137,Ekalinga Vasa,kibesiddharth@example.net,9.1108E+11,"926, Pradhan Ganj, Silchar-691207",Rampur,87377,19-05-2023,Premium,2,1633.07,3266.14,Regular
53523251,Yashoda Chauhan,unnigoswami@example.net,9.16595E+11,"64/682, Mannan Circle
Farrukhabad 476505",Ranchi,290313,17-03-2024,New,4,1871.94,7487.76,Regular
84382654,Gaurangi Singh,vbumb@example.org,9.18311E+11,"429, Goswami Chowk, Bhiwandi-975689",Pali,843683,24-10-2024,Inactive,3,540.83,1622.49,Regular
22076522,Chaaya Andra,baniklila@example.org,9.16122E+11,"11/294, Chander Zila, Ambarnath-944366",Hindupur,271246,13-05-2024,Regular,5,1670.28,8351.4,Regular
26521850,Yatin Varma,shahadvika@example.com,9.10664E+11,"29, Kothari Circle, Phusro-901162",Kishanganj,263131,10-06-2023,New,10,215.87,2158.7,Regular
12277039,Manthan Trivedi,mparmer@example.org,9.16416E+11,"83/51, Prakash Path
Parbhani 536736",Unnao,287796,13-09-2023,Regular,1,1422.63,1422.63,Regular
39153585,Rishi Sur,modykaran@example.org,9.1997E+11,"27/13, Prabhakar Ganj, Kishanganj 123587",Tirunelveli,325976,03-03-2024,Premium,9,1851.83,16666.47,Regular
99231937,William Banerjee,bahadurjitsarin@example.net,9.17079E+11,"86/296
Buch Marg
Satara 896641",Secunderabad,246460,13-08-2023,Regular,16,1757.01,28112.16,VIP
49970560,Pallavi Rao,aryan83@example.net,9.12046E+11,"11/37, Sahni Street, Madurai 667472",Guwahati,787564,17-10-2023,Regular,15,1587.05,23805.75,VIP
68985290,Jack Memon,rmalhotra@example.net,9.14439E+11,"51/961, Majumdar Zila
Jamshedpur-164148",Ujjain,770279,11-12-2023,Premium,17,1779.1,30244.7,VIP
48000260,Dakshesh Jhaveri,kundaucchal@example.com,9.13975E+11,"H.No. 772, Banerjee Zila, Imphal 073883",Bulandshahr,230718,28-09-2023,Inactive,18,592.51,10665.18,VIP
2136830,Bhavya Goswami,saxenamadhavi@example.net,9.16953E+11,"09/73
Bath Street
Parbhani-673476",Bidhannagar,598513,19-09-2023,New,4,485.78,1943.12,Regular
44426129,Aahana Gopal,tdave@example.org,9.11329E+11,"297
Kakar Zila
South Dumdum 826959",Vasai-Virar,945784,23-09-2023,Regular,10,591.55,5915.5,Regular
57081965,Daksha Mutti,chaman40@example.org,9.17025E+11,"168, Bala Circle
Vijayawada 590467",Patna,779376,14-10-2024,Regular,7,897.32,6281.24,Regular
34156884,Rachita Lal,savantwarda@example.com,9.1622E+11,"96/155
Srivastava Ganj, Farrukhabad 800537",Kolkata,769142,02-06-2023,Regular,14,877.65,12287.1,VIP
27694927,Vedant Chandra,bhavikadara@example.org,9.10304E+11,"H.No. 46
Oak Path, Dewas 419841",Nagpur,711139,11-06-2024,Premium,8,267.32,2138.56,Regular
16230299,Urvi Koshy,mdatta@example.net,9.16378E+11,"H.No. 010
Chandran Street
Mau 901345",Pune,858006,22-08-2024,Regular,4,1776.71,7106.84,Regular
99424244,Bhavini Mander,yashasvipalan@example.net,9.16325E+11,"800
Subramanian Street
Dhule-015954",Mumbai,184817,30-03-2024,Premium,15,379.8,5697,VIP
3893903,Bimala Sura,aradhanaganesh@example.net,9.19431E+11,"H.No. 05, Balay Zila, Hazaribagh 973916",Bathinda,546301,23-03-2023,New,20,1922.71,38454.2,VIP
42989999,Ishwar Munshi,pganguly@example.org,9.19523E+11,"643
Vaidya Circle
Kota-421541",Mahbubnagar,396934,17-03-2024,New,2,247.46,494.92,Regular
16617201,Ekaraj Bhandari,magarbanjeet@example.net,9.10755E+11,"71/757
Sen Street
Kavali 743310",Hosur,790556,20-01-2024,New,8,355.17,2841.36,Regular
46615831,Wishi Chada,avi03@example.org,9.16374E+11,"30/93, Chadha Road
Nizamabad-229304",Raurkela Industrial Township,947965,28-05-2024,Inactive,4,855.3,3421.2,Regular
55286608,Ekaraj Shan,psankaran@example.net,9.15042E+11,"06/50, Loke Nagar, Tadepalligudem 421448",Kozhikode,112691,11-04-2024,New,11,374.96,4124.56,VIP
79789048,Saumya Bassi,falgunichaudhari@example.net,9.13549E+11,"H.No. 25, Kumer Zila, Jalandhar-370188",Ozhukarai,401049,04-11-2023,Regular,17,771.05,13107.85,VIP
92885616,Noah Dey,nakshraghavan@example.net,9.13954E+11,"88, Nadkarni Nagar, Gaya 628811",Delhi,342749,07-02-2024,Inactive,13,285.81,3715.53,VIP
8375298,Yahvi Vora,misrathomas@example.net,9.17328E+11,"92
Mahajan Marg
Tadepalligudem-886941",Begusarai,665539,16-06-2023,Premium,5,443.91,2219.55,Regular
75560116,Indali Sehgal,qthaker@example.com,9.15114E+11,"49/97
Gole Zila, Rampur 083595",Karaikudi,425210,04-10-2024,Regular,3,708.22,2124.66,Regular
81462774,Ishaan Sarkar,bdara@example.net,9.12543E+11,"78
Chaudhuri Marg, Phusro 720202",Junagadh,513437,13-03-2024,Regular,12,1895.04,22740.48,VIP
89784343,Radhika Kaul,vidhimitra@example.net,9.1143E+11,"24/53
Koshy Chowk, Bangalore-414625",Dibrugarh,451264,02-04-2024,Premium,11,673.6,7409.6,VIP
38355752,Udyati Shenoy,ilad@example.net,9.17198E+11,"882
Sharma Marg, Berhampore 371055",Panvel,848392,31-10-2023,Premium,20,336.21,6724.2,VIP
39976965,Dayamai Sawhney,seshadrizilmil@example.com,9.10362E+11,"980
Soni Circle, Chapra 478764",Pimpri-Chinchwad,858879,03-05-2024,Regular,13,714.17,9284.21,VIP
33280073,Yuvraj Lad,saanvimandal@example.org,9.11655E+11,"909
Krishnamurthy Circle
Nizamabad 447824",Tadepalligudem,102918,01-07-2023,Inactive,17,1537.47,26136.99,VIP
46594066,Ishaan Lad,vsengupta@example.net,9.11766E+11,"52/94, Choudhury Street
Chittoor-870282",Giridih,731803,15-07-2024,Premium,7,519.46,3636.22,Regular
90298394,Urvashi Oak,tacharya@example.com,9.16128E+11,"82, Nagi Ganj
Kulti 065984",Bhilwara,744905,22-04-2023,Regular,1,1947.79,1947.79,Regular
42465414,Ria Mallick,lajitatrivedi@example.com,9.19771E+11,"56/146
Rege Nagar, Kamarhati-492065",Kadapa,486794,26-01-2024,Regular,17,1898.12,32268.04,VIP
13850004,Umang Ramakrishnan,warda08@example.org,9.1163E+11,"724, Shah, Kishanganj 847017",Kozhikode,23455,15-12-2023,Premium,15,1129.76,16946.4,VIP
55060796,Lopa Barman,yashodhara48@example.net,9.10751E+11,"827
Narula Street, Karnal-354449",Satara,268202,02-07-2024,New,5,1299.25,6496.25,Regular
25829710,Saumya Chhabra,gangaverma@example.com,9.16274E+11,"H.No. 13
Sidhu Road, Gorakhpur-295747",Faridabad,289481,21-01-2024,New,4,1894.32,7577.28,Regular
53782978,Laban Baria,mohinihari@example.net,9.13192E+11,"H.No. 66, Kumer Street
Bongaigaon 699438",Junagadh,690652,05-08-2024,New,10,1390.84,13908.4,Regular
76441843,Neelima Chander,znadkarni@example.org,9.10527E+11,"H.No. 72, Raja Nagar, Anantapur 525150",Gulbarga,583506,28-05-2023,New,10,1437.54,14375.4,Regular
4543215,Farhan Soni,binakala@example.com,9.10054E+11,"84/481
Gupta Marg
Kolhapur-377160",Satna,339165,21-10-2023,Premium,6,526.7,3160.2,Regular
86444757,Zaitra Walia,jason88@example.org,9.17107E+11,"980, Boase Path
Shimoga 779674",Jabalpur,546325,25-05-2023,New,10,1212.75,12127.5,Regular
22161071,Arunima Deol,dhruvlala@example.org,9.13157E+11,"H.No. 579
Bala Zila
Durgapur 493585",Jalna,571163,30-06-2023,New,7,1582.43,11077.01,Regular
66310963,Farhan Khare,bavaatharv@example.com,9.10533E+11,"95/373, Mohanty Marg, Visakhapatnam-528253",Dewas,874424,27-05-2023,Inactive,6,1289.52,7737.12,Regular
57340963,Wridesh Kothari,eshana23@example.com,9.14241E+11,"56, Mangal Chowk, Nagercoil-046733",Proddatur,479748,29-02-2024,Regular,2,230.19,460.38,Regular
49147776,Meghana Khanna,qkari@example.net,9.18224E+11,"290
Prabhakar Road
Purnia-614564",Panvel,468561,04-07-2024,Inactive,5,1115.7,5578.5,Regular
90743791,Vidhi Saxena,yasti64@example.net,9.19003E+11,"H.No. 239, Kuruvilla Marg, Shivpuri 484426",Morbi,187890,16-04-2023,Inactive,5,1871.81,9359.05,Regular
54222320,Edhitha Kakar,pillayomisha@example.org,9.17018E+11,"H.No. 47, Singh Nagar
Nellore 891716",Pali,375546,24-07-2023,Regular,19,295.18,5608.42,VIP
6184558,Gaurang Grewal,jpalan@example.net,9.13522E+11,"51/040, Mittal Chowk
Salem-548267",Tezpur,80875,06-06-2023,Regular,1,1352.97,1352.97,Regular
46989310,Atharv Sharaf,lallwarinder@example.net,9.15477E+11,"385, Varghese Street, Moradabad 456513",Hindupur,8262,03-10-2024,Regular,17,577.75,9821.75,VIP
35420673,Anika Agrawal,ymukhopadhyay@example.com,9.13516E+11,"H.No. 261
Chatterjee Ganj
Jalgaon-635598",Chennai,472044,16-10-2023,Premium,19,501.98,9537.62,VIP
9450435,Sai Chaudhry,ravalbina@example.com,9.14135E+11,"76/10
Guha Marg, Thiruvananthapuram-148407",Bellary,630243,19-11-2023,Regular,1,1567.76,1567.76,Regular
34853377,William Dutta,ktandon@example.net,9.18008E+11,"H.No. 165
Madan Zila, Ambarnath 801685",Nanded,986269,04-06-2023,Premium,8,732.53,5860.24,Regular
91384030,Gaurika Sheth,guneet73@example.org,9.16967E+11,"820
Doctor Ganj
Chennai 396453",Arrah,418798,25-12-2023,Premium,11,1621.1,17832.1,VIP
84641682,Anthony Natt,devansh22@example.com,9.16158E+11,"H.No. 18, Deshpande Marg
Sirsa 415949",Bhilai,103668,23-09-2024,Inactive,16,909.95,14559.2,VIP
97259564,Watika Narayanan,soommen@example.com,9.14466E+11,"H.No. 97, Sule Ganj
Moradabad 014721",Khammam,14378,18-02-2024,Premium,6,1047.69,6286.14,Regular
88553721,Vritti Mangat,rchoudhary@example.com,9.15384E+11,"H.No. 067
Bhat Marg, Tadipatri 600686",Kadapa,858622,10-09-2023,Regular,6,984.13,5904.78,Regular
59518795,Wazir Sandal,pmangal@example.org,9.12725E+11,"95/826
Bal
Secunderabad 223476",Jodhpur,589920,09-11-2023,New,16,947.51,15160.16,VIP
81533356,Gauri Lala,veer75@example.net,9.15615E+11,"49
Radhakrishnan Street
Tenali-419488",Tiruppur,63954,28-01-2024,Premium,14,674.3,9440.2,VIP
12469338,Lavanya Dani,fsathe@example.org,9.15013E+11,"39/71, Talwar Nagar
Sonipat 594726",Coimbatore,728275,30-01-2024,Inactive,2,1896.89,3793.78,Regular
60561655,Rohan Palla,imukherjee@example.org,9.13411E+11,"498
Mohanty Path
Udupi-000701",Nashik,563888,26-12-2023,Regular,3,378.17,1134.51,Regular
9105829,David Gopal,kdeol@example.org,9.13164E+11,"80/23, Kashyap Chowk, Nanded-894272",Begusarai,450245,14-07-2023,Regular,11,1350.06,14850.66,VIP
33034249,Lavanya Hari,aarini44@example.org,9.11138E+11,"H.No. 62
Padmanabhan Road
Raebareli 131857",Bhind,684458,19-10-2024,Inactive,5,861.55,4307.75,Regular
69632084,Max Sandal,amrutakhosla@example.org,9.13886E+11,"25, Master Ganj
Jorhat-231554",Etawah,59625,07-04-2024,Premium,17,1400.31,23805.27,VIP
69516494,Veda Chad,nakulsani@example.org,9.15429E+11,"63/911
Pandya Zila, Rohtak 316439",Kanpur,520506,23-09-2024,Regular,12,1291.92,15503.04,VIP
87120918,Wyatt Basak,maanav92@example.com,9.10505E+11,"08, Prabhu Path
Haldia 489368",Malda,526640,12-04-2024,Inactive,10,1017.63,10176.3,Regular
25665997,Barkha Sodhi,esom@example.net,9.11226E+11,"H.No. 810, Sarkar Chowk, Rajahmundry 931307",Muzaffarnagar,684302,21-08-2024,Regular,3,1188.16,3564.48,Regular
48778633,Sarthak Chaudhari,jmore@example.net,9.1193E+11,"H.No. 27
Keer Zila
Bettiah 229893",Pimpri-Chinchwad,519996,13-12-2023,New,14,609.63,8534.82,VIP
89617089,Kamala Apte,warjasnayar@example.org,9.13898E+11,"H.No. 63
Sarkar Circle
Orai 521594",Bidhannagar,710095,20-04-2024,New,9,541.33,4871.97,Regular
61877649,Yuvraj Roy,fitanvarty@example.net,9.1816E+11,"72, Mannan Circle, Durgapur-415078",Nagaon,251525,25-10-2023,Premium,12,1739.04,20868.48,VIP
46185579,Vidhi Pillai,ishanvi02@example.org,9.18237E+11,"01/95, Mangat
Tinsukia 747651",Siliguri,88753,18-08-2024,Premium,3,1874.34,5623.02,Regular
8734819,Balveer Verma,henry39@example.org,9.12461E+11,"38/07
Chawla Marg, Farrukhabad 603507",Surendranagar Dudhrej,150558,11-11-2023,New,13,1466.9,19069.7,VIP
46208150,Watika Bedi,lallawilliam@example.net,9.12334E+11,"H.No. 513
Buch Chowk, Mau-355674",Meerut,266700,05-02-2024,New,3,1283.1,3849.3,Regular
13189939,Ishanvi Raman,kalaoviya@example.net,9.16172E+11,"38, Goyal Road
Ballia 891603",Bhopal,626288,04-05-2024,Inactive,17,1906.92,32417.64,VIP
93318833,Jagat Sridhar,kashvi96@example.org,9.1568E+11,"09/099, Oommen Zila
Mumbai 615873",Indore,920281,10-01-2024,New,19,490.94,9327.86,VIP
75640174,Advik Bhakta,yashodharaseshadri@example.org,9.15606E+11,"60/893
Das Chowk, Adoni 157491",Akola,186830,26-07-2024,Premium,2,1380.54,2761.08,Regular
69415494,Yashvi Iyer,hkurian@example.net,9.13716E+11,"H.No. 952, Viswanathan Chowk
Ongole-121550",Rajkot,742368,23-03-2023,New,9,706.67,6360.03,Regular
58505903,Harinakshi Sibal,borabarkha@example.org,9.19144E+11,"H.No. 68
Kohli
Suryapet 129805",Kottayam,289118,22-01-2024,New,18,1079.81,19436.58,VIP
90184276,Vasudha Brar,rachitraju@example.com,9.17785E+11,"50, Murthy Nagar
Howrah-738443",Kurnool,264663,12-02-2024,Inactive,1,580.47,580.47,Regular
5226128,Wridesh Mander,samakshshere@example.org,9.11347E+11,"02/758, Garg Zila, Tinsukia-257738",Bhimavaram,227013,09-03-2024,New,10,1049.1,10491,Regular
99347871,Robert Kashyap,gnadkarni@example.net,9.15345E+11,"37/115
Kade Nagar
Baranagar 427420",Muzaffarnagar,535677,01-12-2023,Regular,3,1535.03,4605.09,Regular
57081917,Nidra Choudhary,htiwari@example.net,9.14316E+11,"H.No. 578
Gaba Zila
Nagercoil-822965",Howrah,420892,16-12-2023,Inactive,6,1378.87,8273.22,Regular
18791381,Avni Gera,haritagandhi@example.net,9.17898E+11,"80/24
Singhal Path
Anantapur 636515",Jamalpur,585239,02-03-2024,Premium,1,1206.26,1206.26,Regular
94979163,Warda Sarin,yloke@example.com,9.17701E+11,"07/82
Brahmbhatt Zila, Tumkur-832067",Kanpur,98338,14-05-2024,New,7,1146.5,8025.5,Regular
81822935,Dhruv Ganguly,balvansule@example.org,9.12529E+11,"23/02
Mane
Bhind 848106",Nanded,425857,19-08-2023,Regular,18,1808.94,32560.92,VIP
63310076,Chavvi Jani,dbhandari@example.com,9.17104E+11,"067
Dalal Zila
Sambalpur-237974",Etawah,334921,15-05-2024,Regular,17,1123.43,19098.31,VIP
80862136,Pallavi Seth,deshpandebalhaar@example.net,9.1919E+11,"21/80, Shetty Path, Haldia-849255",Ambattur,924868,31-03-2024,Premium,16,393.28,6292.48,VIP
64316806,Yadavi Bhagat,yahviparsa@example.org,9.17844E+11,"036, Taneja Nagar, Sonipat-029200",Karnal,930174,07-07-2024,Regular,2,836.58,1673.16,Regular
37183511,Neel Minhas,upma50@example.net,9.1699E+11,"55
Rout Chowk
Bardhaman-834635",Gopalpur,231644,29-07-2024,New,13,1855.04,24115.52,VIP
52085702,Irya Soni,kadereyansh@example.com,9.12219E+11,"H.No. 05, Sachdev Circle
Munger-508158",Fatehpur,231895,13-09-2023,New,8,801.83,6414.64,Regular
16376189,Samaksh Srivastava,vsom@example.org,9.14909E+11,"H.No. 417
Goel Road, Alappuzha-241112",Chapra,840977,25-02-2024,Premium,10,271.53,2715.3,Regular
17132416,Diya Tak,timothy84@example.com,9.14666E+11,"86, Swamy Marg, Agra 946002",Solapur,302449,02-01-2024,Regular,20,644.85,12897,VIP
66440188,Ira Radhakrishnan,thomas14@example.org,9.14366E+11,"610
Baral Path
Mahbubnagar-336583",Haldia,894414,15-08-2023,Premium,9,1976.52,17788.68,Regular
10700664,Rehaan Tara,ishere@example.org,9.17307E+11,"09/35, Kar
Jabalpur 573121",Raebareli,287997,10-10-2024,Regular,5,1535.01,7675.05,Regular
12769552,Chameli Ranganathan,yutikaraja@example.org,9.11478E+11,"32/73, Yadav Zila, Junagadh-515395",Ratlam,414930,03-05-2023,Regular,10,1316.09,13160.9,Regular
89142848,Vasudha Jain,rameshzaitra@example.org,9.18907E+11,"H.No. 190
Pandey Nagar, Bikaner-019291",Rajkot,286052,01-01-2024,New,11,1459.23,16051.53,VIP
32006907,Mohammed Din,egandhi@example.com,9.14064E+11,"H.No. 00
Contractor Street, Hindupur-954443",Guwahati,192156,28-09-2023,Regular,13,879.66,11435.58,VIP
85072416,Brinda Sekhon,nayarnathan@example.org,9.1625E+11,"75, Dhar
Durg-621338",Loni,973101,03-01-2024,New,20,467.12,9342.4,VIP
23755474,Jhalak Rajagopal,rajugeetika@example.org,9.10333E+11,"H.No. 888, Ranganathan Zila, Gulbarga 969531",Jodhpur,891412,13-09-2024,Premium,9,854.81,7693.29,Regular
26752630,Nakul Gade,samuel16@example.net,9.14584E+11,"40/280, Balakrishnan Path, Bongaigaon 601425",Delhi,313960,25-09-2024,Inactive,5,1340.67,6703.35,Regular
59353207,Aayush Oza,wmangat@example.org,9.14181E+11,"H.No. 293
Divan Road
Berhampur 659733",Khammam,89328,31-05-2023,Inactive,2,1618.52,3237.04,Regular
12090436,Tripti Yogi,sekhonjhalak@example.org,9.12933E+11,"24/89, Gour, Chandigarh 624564",Asansol,684483,19-03-2023,Regular,18,1307.52,23535.36,VIP
97419742,Wishi Doshi,gauri61@example.com,9.19351E+11,"290, Chad Street, Shahjahanpur-216192",Adoni,603224,09-10-2023,Inactive,7,1663.04,11641.28,Regular
99772709,Xiti Jaggi,girishgour@example.net,9.15945E+11,"39/76, Yogi Chowk, Jalna-806277",Tadepalligudem,798755,03-09-2023,Regular,11,1905.19,20957.09,VIP
88667557,Gunbir Anand,avni95@example.net,9.14653E+11,"H.No. 13, Sarma Path
Bhilwara 520495",Chennai,478377,16-04-2024,New,10,792.85,7928.5,Regular
4394659,Xalak Goel,thakurmitali@example.org,9.15367E+11,"69/41, Sen Nagar
Bhagalpur-361305",Pune,92392,25-08-2023,New,7,291.77,2042.39,Regular
52757321,Hritik Narain,jagvi66@example.net,9.1471E+11,"500
Raghavan Circle
Nellore 449924",Bulandshahr,262684,26-04-2024,New,11,1059.22,11651.42,VIP
19275474,Girik Hora,azadchoudhary@example.org,9.18112E+11,"78/37
Gera Zila, Alappuzha-096565",Lucknow,916112,22-10-2024,New,14,698.12,9773.68,VIP
55404382,Isaiah Issac,csahni@example.net,9.15617E+11,"H.No. 428
Dewan Road, Hospet-604940",Guntakal,245224,25-09-2023,Premium,19,950.79,18065.01,VIP
70084516,Ishaan Baria,gulatichaitaly@example.org,9.14577E+11,"H.No. 765, Sangha, Pimpri-Chinchwad-976190",Pallavaram,932798,10-03-2024,New,11,486.51,5351.61,VIP
29265216,Samuel Buch,ethankala@example.com,9.19408E+11,"05
Wable Nagar, Varanasi-387829",Bidar,638496,22-04-2024,New,3,609.49,1828.47,Regular
16785724,Indali Majumdar,ozaomkaar@example.com,9.19073E+11,"610
Thaker Zila
Bilaspur-483457",Vellore,61886,06-08-2023,Regular,16,1768.52,28296.32,VIP
14272050,Rajata Misra,quincy04@example.net,9.12457E+11,"59/380
Dewan Ganj
Malegaon-743475",Satna,120950,26-11-2023,New,7,662.99,4640.93,Regular
95736310,Bishakha Vora,sinhasudiksha@example.com,9.14684E+11,"H.No. 642
Dewan Circle, Bhiwani-554746",Morbi,759352,08-01-2024,Premium,11,1954.12,21495.32,VIP
14079305,Jeevika Narain,rattiikshita@example.org,9.19581E+11,"144
Gokhale Nagar, Bhalswa Jahangir Pur 956383",Warangal,702601,08-09-2024,Premium,17,567.1,9640.7,VIP
71189232,Darsh Bedi,agastyabhatia@example.net,9.15487E+11,"51/101, Sarna Nagar, Bettiah 417621",New Delhi,116341,28-06-2024,Inactive,14,1754.14,24557.96,VIP
61486140,Jeremiah Chand,zdeep@example.com,9.14772E+11,"38/80
Parikh
Jamshedpur 875730",Amritsar,569153,15-12-2023,Inactive,15,1967.78,29516.7,VIP
76008165,Hemangini Mutti,maniomisha@example.com,9.17952E+11,"45/266
Tara Marg, Silchar 957848",Katihar,262577,07-02-2024,Premium,6,1724.44,10346.64,Regular
63060947,Kamala Bobal,canne@example.net,9.18262E+11,"613, Saran Road, Alappuzha 680503",Hindupur,56676,11-06-2024,New,18,1884.15,33914.7,VIP
25706121,Baghyawati Toor,thomas08@example.com,9.18494E+11,"127
Korpal Street, Kakinada 138460",Srinagar,466303,03-03-2024,Premium,12,1453.68,17444.16,VIP
55803572,Champak Palla,gbail@example.net,9.17358E+11,"58/271
Parmar Circle
Nagaon-635394",Rewa,391552,27-03-2023,Premium,17,1237.96,21045.32,VIP
38133873,Rehaan Borde,janya13@example.net,9.19495E+11,"93, Das Path
Haridwar 763529",Khammam,123704,13-04-2024,Premium,10,770.71,7707.1,Regular
73735548,Ishanvi Bala,praneelgolla@example.com,9.19105E+11,"712
Kamdar Path, Raipur-299266",Haldia,567104,11-06-2023,Premium,7,554.65,3882.55,Regular
12778027,Eshana Prabhu,isha32@example.com,9.14584E+11,"H.No. 446
Soni
Bihar Sharif 011073",New Delhi,862253,26-05-2023,New,9,1513.18,13618.62,Regular
42781544,Isaiah Sankar,saxenalogan@example.org,9.18634E+11,"088, Sane Marg
Sambalpur 100191",Faridabad,898529,05-12-2023,New,1,1248.16,1248.16,Regular
78725001,David Thaker,janujaahuja@example.org,9.11519E+11,"H.No. 99
Sawhney Path, Satna 073907",Machilipatnam,343097,01-11-2024,Regular,15,1105.15,16577.25,VIP
20254516,Tanveer Samra,triptisama@example.com,9.12263E+11,"37/67, Tak Zila
Nadiad 662567",Nandyal,696091,23-07-2024,Inactive,18,1536.88,27663.84,VIP
97928781,Dhriti Om,ychander@example.org,9.19169E+11,"37
Kade Marg
Raichur 315310",Gaya,464706,24-05-2024,Inactive,2,1278.88,2557.76,Regular
3875480,Harshil Mital,qnarula@example.com,9.18583E+11,"58
Chaudhry Zila
Bhind 676771",Berhampur,743842,26-05-2024,Inactive,8,1863.49,14907.92,Regular
27416314,Anika Hari,garima95@example.org,9.12296E+11,"91, Ramanathan Nagar, Bhatpara-172778",Kanpur,803498,02-03-2024,Inactive,3,820.6,2461.8,Regular
77214094,Raksha Walla,oakkaran@example.org,9.11247E+11,"04, Atwal Nagar, Kanpur 851914",Khammam,105283,09-07-2023,New,6,1957.35,11744.1,Regular
77661491,Jyoti Srinivas,zramesh@example.org,9.14986E+11,"236, Parikh Nagar, Rajpur Sonarpur-736094",Hosur,276733,23-06-2024,New,20,1628.56,32571.2,VIP
10285414,Meera Nigam,priyalanka@example.org,9.10496E+11,"76, Jaggi
Kirari Suleman Nagar-469099",Shimla,186927,13-07-2023,Inactive,18,993.5,17883,VIP
8205155,Vrishti Din,pooja30@example.com,9.11171E+11,"45, Dhawan Marg, Mahbubnagar-157273",Sagar,165438,12-08-2023,New,3,305.85,917.55,Regular
29361038,Idika Gade,oscarchaudhari@example.com,9.13433E+11,"09/56
Palla Street, Bhatpara-222615",Aurangabad,160138,14-08-2023,New,19,282,5358,VIP
6319646,Rehaan Suresh,ryan15@example.com,9.15774E+11,"38, Chandran Chowk
Phusro 940532",Udupi,413954,20-02-2024,Regular,9,518.17,4663.53,Regular
22738465,Gabriel Oak,advayluthra@example.com,9.18379E+11,"42/463
Rana Street, Chennai 439851",Narasaraopet,890953,02-07-2023,Inactive,16,1903.09,30449.44,VIP
37947202,Eta Srinivasan,mitali78@example.org,9.10505E+11,"H.No. 486, Sen Road, Silchar-440108",Nandyal,87344,25-01-2024,Regular,3,259.96,779.88,Regular
93284515,Tejas Mahal,naksh19@example.org,9.19144E+11,"31/521, Pingle Marg, Amravati 270216",Mumbai,953623,01-12-2023,New,2,1324.95,2649.9,Regular
84161531,Raagini Verma,ethanmander@example.org,9.10033E+11,"H.No. 36
Sarin Circle, Moradabad-889706",Rohtak,902770,12-07-2024,Premium,19,1681.88,31955.72,VIP
22293666,Gopal Kumar,imaran02@example.net,9.16533E+11,"H.No. 605, Raval Street, Gudivada-682740",Saharsa,447206,09-04-2023,New,2,1671.53,3343.06,Regular
15236510,Pooja Prasad,wyattsrinivas@example.com,9.18889E+11,"460
Thaker
Tadepalligudem 696563",Serampore,264052,13-12-2023,New,11,937.26,10309.86,VIP
34787383,Ekbal Talwar,jyotisethi@example.com,9.14349E+11,"07, Gopal Ganj
Bhimavaram 958877",Anantapur,29302,12-10-2024,Premium,17,292.41,4970.97,VIP
18954314,Ladli Nagarajan,krishnadamyanti@example.org,9.15692E+11,"82/74
Kaul Street, Chandigarh 578066",Mau,381178,18-10-2024,Inactive,6,1781.37,10688.22,Regular
20298398,Urvi Bali,yuvrajdayal@example.org,9.14924E+11,"H.No. 412
Batra Zila, Bhilai 424489",Ahmednagar,278627,22-12-2023,New,1,1049.6,1049.6,Regular
33617546,Harrison Edwin,kapurtristan@example.org,9.15694E+11,"084, Arora, Asansol-794979",Bhopal,755104,24-09-2024,New,12,239.2,2870.4,VIP
76359458,Yahvi Sule,vyanjananigam@example.net,9.14271E+11,"H.No. 79
Kulkarni Path, Gandhidham 810520",Hosur,894432,22-07-2023,New,2,1638.08,3276.16,Regular
96640716,Yatan Varughese,vedachopra@example.net,9.12832E+11,"710
Sant Zila, Howrah 712153",Sikar,505940,15-10-2024,New,16,462.66,7402.56,VIP
78847070,Gauri Ramakrishnan,priyasura@example.net,9.15959E+11,"131, Sundaram Ganj, Jamnagar 024377",Anantapur,478537,27-07-2023,Inactive,12,1918.04,23016.48,VIP
27513158,Dev Taneja,unadig@example.net,9.12759E+11,"H.No. 764, Padmanabhan Chowk
Sirsa 804300",Aizawl,769023,05-03-2024,New,7,1387.81,9714.67,Regular
65618148,Aadhya Palla,forumshan@example.org,9.15697E+11,"78
Nagi Zila, Jamshedpur-811905",Gandhinagar,748222,29-03-2023,Inactive,9,1644.51,14800.59,Regular
68307253,Rachita Borra,andrewarora@example.net,9.11118E+11,"02
Wable Ganj, Kolkata-072162",Dewas,100051,24-10-2024,Premium,7,1547.07,10829.49,Regular
87889031,Baghyawati Nair,apandit@example.org,9.17499E+11,"88
Atwal Zila, Arrah 728863",Bhimavaram,48081,10-06-2023,Regular,18,836.6,15058.8,VIP
70243933,Irya Gola,ekbal71@example.org,9.19538E+11,"41/448
Bandi Ganj
Jamshedpur 168104",Mahbubnagar,829779,05-08-2023,Regular,13,476.91,6199.83,VIP
12141418,Faras Patla,nperi@example.com,9.15295E+11,"19/61, Memon Circle, Siwan-721238",Ambala,97395,04-09-2023,Inactive,5,862.68,4313.4,Regular
60565603,Ladli Tara,kallawaida@example.com,9.17749E+11,"H.No. 51
Sampath Nagar, Bellary 602969",Madhyamgram,390752,18-07-2024,New,11,949.6,10445.6,VIP
64906311,Balendra Pandey,ijaya32@example.net,9.12253E+11,"17/83, Kant Marg, Kadapa-463586",Sikar,417724,26-07-2024,Inactive,10,1124.25,11242.5,Regular
12851610,Unnati Narayanan,indali31@example.net,9.17687E+11,"09/64
Shanker Ganj
Bongaigaon-786416",Proddatur,304595,06-08-2024,Inactive,14,633.41,8867.74,VIP
84937877,Yug Mahal,tejasdani@example.com,9.16334E+11,"H.No. 35, Prashad Road, Nangloi Jat 100742",Guntur,711210,11-06-2023,Premium,4,1863.17,7452.68,Regular
49574186,Yashica Devan,nimrat27@example.com,9.11498E+11,"61/77
Sinha Path, Munger-718295",Barasat,505155,17-09-2024,Premium,13,625.97,8137.61,VIP
65221572,Leela Bumb,jkapoor@example.com,9.19229E+11,"H.No. 30
Mand Marg, Ramgarh 691868",Delhi,305120,04-03-2024,New,17,1100.53,18709.01,VIP
4758426,Qushi Dash,contractorurishilla@example.org,9.16167E+11,"78
Jha Zila
Chandrapur 263897",Vijayawada,415274,06-01-2024,New,14,448.81,6283.34,VIP
84826389,Alexander Peri,rchaudry@example.org,9.11899E+11,"H.No. 221
Nair Nagar, Rajkot-091373",Sonipat,965944,28-11-2023,Premium,13,1607.4,20896.2,VIP
42102289,Guneet Vaidya,wyattkara@example.com,9.18325E+11,"71, Padmanabhan
Chapra-979621",Raebareli,499108,05-09-2024,New,20,1310.74,26214.8,VIP
11063505,Garima Pillay,dakshesh96@example.org,9.15619E+11,"H.No. 89
Nori Ganj, Bhiwani-227906",Udaipur,434196,01-11-2024,New,2,1285.79,2571.58,Regular
84862161,Advaith Baria,ayushnatarajan@example.org,9.18118E+11,"387
Narula Zila
Korba 967819",Farrukhabad,770374,14-02-2024,New,12,1512.98,18155.76,VIP
88520326,Chasmum Dhaliwal,sarora@example.org,9.12278E+11,"65/481, Solanki Zila, Hosur 461150",Asansol,37026,26-11-2023,Premium,14,1537.05,21518.7,VIP
8025622,Daksh Bali,xraju@example.org,9.19133E+11,"18/209
Bumb Circle
Amravati-268871",Bulandshahr,177515,14-03-2024,Regular,15,1160.55,17408.25,VIP
99361865,Ekantika Ravel,bhasinsiddharth@example.com,9.11376E+11,"53/83
Munshi Chowk
Ramgarh-680245",Berhampur,172106,21-05-2023,New,20,1423.56,28471.2,VIP
40841791,Krishna Chahal,teerth57@example.org,9.16882E+11,"H.No. 680, Raghavan Zila
Ballia-415317",Mysore,227417,26-06-2023,New,4,851.79,3407.16,Regular
20360447,Timothy Dubey,naksh97@example.net,9.14051E+11,"56/253
Deol, Hapur 797670",Akola,329409,25-10-2024,New,2,640.41,1280.82,Regular
90647204,Lipika Swaminathan,chandchaitaly@example.com,9.19409E+11,"315, Pingle Path, Giridih 546076",Muzaffarnagar,603717,14-10-2023,New,13,1124.52,14618.76,VIP
78748184,Odika Jain,eray@example.net,9.19701E+11,"72/19
Sarma
Tinsukia 520475",Karawal Nagar,273092,22-11-2023,Regular,13,533.74,6938.62,VIP
65121696,Warinder Gopal,roynimrat@example.org,9.18191E+11,"422, Pradhan Road
Vijayanagaram 919198",Mirzapur,329948,19-10-2024,New,7,425.04,2975.28,Regular
99729547,Wridesh Saini,meeradey@example.net,9.16457E+11,"H.No. 18
Pillay Chowk
Patna-810149",Gwalior,81603,07-12-2023,New,17,1763.46,29978.82,VIP
65692224,Aahana Buch,zayyan92@example.com,9.16332E+11,"H.No. 50
Dave Marg
Nashik 705135",Jaunpur,542226,18-03-2023,Regular,3,1053.33,3159.99,Regular
22613559,Omya Johal,yogiwilliam@example.org,9.16462E+11,"62/824
Varma Chowk, Allahabad-131566",Berhampur,776802,21-12-2023,Premium,10,736.33,7363.3,Regular
17749347,Akshay Bhasin,bhatsiddharth@example.org,9.14068E+11,"217, Banik Street
Rohtak 274302",Panchkula,821987,26-07-2024,Premium,15,1842.37,27635.55,VIP
57526322,Henry Dar,yamini34@example.net,9.14734E+11,"21/13, Patla Zila
Hosur-358068",Kishanganj,207296,19-07-2023,Premium,2,601.98,1203.96,Regular
1589656,Xiti Prabhu,maharajmitesh@example.org,9.18617E+11,"H.No. 729, Raval
Sambalpur 817241",Gorakhpur,374983,26-05-2024,Premium,13,1548.76,20133.88,VIP
58085779,Abeer Oak,omistry@example.net,9.13144E+11,"H.No. 136
Devi Path
Bangalore 448384",Berhampur,652494,09-08-2024,New,19,1602.11,30440.09,VIP
70221073,David Setty,ekansh32@example.org,9.1112E+11,"20
Zacharia Road, Satara-435232",Etawah,358801,22-05-2023,Premium,16,1074.21,17187.36,VIP
77869660,Nidhi Sha,ewali@example.org,9.15625E+11,"H.No. 174, Saraf Chowk, Deoghar-906819",Gandhinagar,843445,20-11-2023,Premium,8,439.41,3515.28,Regular
38957713,Damyanti Krish,xkhatri@example.net,9.13916E+11,"730, Krishna Marg, Tiruchirappalli 628526",Uluberia,3946,05-08-2023,New,19,935.68,17777.92,VIP
51544662,Hiral Tara,chandasamuel@example.org,9.1298E+11,"H.No. 950
Kaul Path
Agra 447974",Chinsurah,346670,17-12-2023,New,15,1352.21,20283.15,VIP
37309023,Dominic Dutt,msule@example.net,9.10606E+11,"88/43
Sunder Zila
Dibrugarh-657473",Guntur,716024,05-12-2023,Premium,10,1270.38,12703.8,Regular
99707100,Falan Master,mrao@example.net,9.11942E+11,"44/84
Sule Road, Howrah-418979",Munger,361839,24-02-2024,Inactive,9,1089.92,9809.28,Regular
59643062,Reyansh Khatri,ishanvisuri@example.org,9.14281E+11,"73/83
Saran Road
Jamshedpur 954172",Aligarh,88100,27-09-2024,Inactive,11,416.94,4586.34,VIP
22227829,Rehaan Patla,kala29@example.com,9.14152E+11,"238
Tiwari Chowk
Tirunelveli-454482",Bhiwani,499199,18-09-2024,New,17,1386.69,23573.73,VIP
20343501,Anthony Krishnamurthy,sahotamax@example.net,9.16911E+11,"H.No. 940, Bose Zila
Aizawl 529946",Sasaram,655005,12-04-2023,Inactive,19,1070.47,20338.93,VIP
48409448,Pavani Vaidya,varsha47@example.net,9.13909E+11,"76
Chana Street
Bhimavaram-424017",Ludhiana,743825,07-05-2024,New,18,1652.89,29752.02,VIP
55038040,Vidhi Balakrishnan,tnigam@example.net,9.12208E+11,"H.No. 81
Johal Zila
Kottayam-727849",Agartala,875201,14-01-2024,New,8,505.03,4040.24,Regular
34755436,Jatin Ramachandran,naveen22@example.org,9.13761E+11,"440
Chakraborty, Raipur-544802",Kolkata,370073,01-06-2023,New,10,622.59,6225.9,Regular
87463923,Gagan Lal,pranit82@example.com,9.1685E+11,"43, Sarna Street
Begusarai 207171",Katihar,276564,21-03-2024,Inactive,5,216.98,1084.9,Regular
28499191,Amara Patel,duaakshay@example.com,9.1755E+11,"98, Sen Ganj
Secunderabad-632862",Thoothukudi,190084,24-07-2023,Premium,11,1018.2,11200.2,VIP
37759707,Jhalak Venkataraman,zachariavasana@example.org,9.14291E+11,"H.No. 774
Borah Nagar, Surat-338543",Sultan Pur Majra,626543,02-10-2023,Premium,12,924.06,11088.72,VIP
26936578,Lavanya Bawa,riya23@example.net,9.17016E+11,"H.No. 59
Amble
Pali 954401",Maheshtala,200144,05-04-2024,Regular,5,1610.07,8050.35,Regular
22020776,Manan Banerjee,zpal@example.net,9.1247E+11,"11, Sura Chowk
Hajipur-950505",Bhiwandi,681898,23-05-2023,Regular,10,714.21,7142.1,Regular
47618810,Ekalinga Mandal,avi52@example.net,9.15349E+11,"H.No. 57
Goda Chowk, Pimpri-Chinchwad 391055",Ghaziabad,423916,27-05-2024,Inactive,17,1395.84,23729.28,VIP
53605257,Harita Naidu,devika35@example.com,9.14351E+11,"H.No. 95
Murthy Path, Shimoga 503288",Haridwar,809794,23-09-2023,Regular,3,444.54,1333.62,Regular
28289030,Sarthak Parmar,cgulati@example.net,9.14141E+11,"37
Ganesan Marg
Nangloi Jat-417273",Dehri,383972,11-10-2024,Regular,11,1739.54,19134.94,VIP
26935187,Tanveer Yogi,jananikapoor@example.net,9.13045E+11,"51/88
Tandon Circle
Tiruvottiyur 882576",Chandrapur,741984,03-11-2023,Premium,9,919.12,8272.08,Regular
75944533,Garima Kohli,ganesharin@example.com,9.12534E+11,"H.No. 25, Sharaf Chowk, Rajkot 112785",Jabalpur,760017,21-10-2023,Inactive,19,577.89,10979.91,VIP
31389750,Advika Bala,praneelmorar@example.com,9.18556E+11,"42/949
Dani Chowk, Raipur 625479",Karaikudi,251735,18-08-2023,New,18,1600.66,28811.88,VIP
99784559,Laban Chopra,gayathri37@example.net,9.16463E+11,"672
Bhatia Road
Rampur 543886",Allahabad,407983,14-07-2024,Inactive,18,218.41,3931.38,VIP
87450286,Harish Bedi,pathakpanini@example.org,9.11622E+11,"259
Sharaf Circle
Jamalpur-304705",Asansol,895547,25-12-2023,Premium,9,1856.86,16711.74,Regular
94850985,Isaac Anne,unnati97@example.org,9.12623E+11,"17/71, Hegde Road, Rajpur Sonarpur 453198",Delhi,80190,08-11-2023,New,8,1923.29,15386.32,Regular
3660263,Jagdish Bains,qsrinivas@example.org,9.13911E+11,"787
Bora Circle, Madurai 132549",Phagwara,202676,27-05-2023,Regular,10,1573.91,15739.1,Regular
61982521,Jagat Dewan,pchander@example.com,9.14184E+11,"47/63, Kurian Nagar, Anand-272334",Faridabad,493391,29-11-2023,Inactive,3,1995.09,5985.27,Regular
29973346,Pranit Sane,panchaljasmit@example.com,9.12794E+11,"503
Memon Nagar, Jehanabad-859439",Sambhal,521032,02-02-2024,Premium,1,1786.85,1786.85,Regular
894128,Chatura Agarwal,harishom@example.net,9.19524E+11,"58/69
Mallick Path
Rajahmundry 318453",Durgapur,13150,20-07-2023,Inactive,5,1323.32,6616.6,Regular
40871915,Alka Sandal,harinakshisahota@example.net,9.10428E+11,"86/200, Nazareth Zila, Thoothukudi 902537",Mehsana,80248,10-02-2024,Premium,8,1636.24,13089.92,Regular
41972994,Lila Khanna,vsaini@example.com,9.16652E+11,"H.No. 304, Mody Ganj
Machilipatnam 049054",Bhatpara,238845,21-07-2023,Inactive,16,748.34,11973.44,VIP
11082181,Pratyush Munshi,evig@example.com,9.16368E+11,"H.No. 07
Apte Chowk
Ulhasnagar-524587",Kalyan-Dombivli,816410,15-02-2024,Premium,6,624.4,3746.4,Regular
26040510,Jasmit Barad,jeetnazareth@example.com,9.12644E+11,"542
Babu Circle, Berhampur 003256",Kadapa,393692,03-10-2023,Premium,5,507.99,2539.95,Regular
82770142,Balveer Brar,yashica30@example.org,9.15482E+11,"H.No. 62, Khalsa Chowk
Ghaziabad-756275",Karaikudi,719292,08-09-2024,New,2,1834.58,3669.16,Regular
46504355,Ridhi Oak,avnijha@example.net,9.10121E+11,"H.No. 272
Pingle, Aligarh 181840",Arrah,603176,04-04-2023,Regular,15,294.04,4410.6,VIP
40419593,Siya Pandit,dbera@example.org,9.18818E+11,"H.No. 401
Nori Circle, Phusro-398654",Dibrugarh,493928,27-08-2024,Inactive,20,787.07,15741.4,VIP
31076002,Urvi Wali,rachit18@example.net,9.10697E+11,"H.No. 94, Nanda
Karnal 471409",Tinsukia,177431,19-05-2023,New,5,1389.14,6945.7,Regular
91590001,Nandini Bawa,jsandhu@example.org,9.18946E+11,"H.No. 86, Din Zila, Korba-969073",Kolhapur,465150,19-09-2023,Premium,13,1304.73,16961.49,VIP
76377003,Harsh Bhandari,viswanathanaarav@example.com,9.12664E+11,"44
Krishna Chowk, Bhatpara 525476",Chandigarh,145664,07-08-2024,Inactive,10,842.66,8426.6,Regular
40626729,Rachit Toor,chavvigola@example.com,9.14785E+11,"87/923
Bhavsar
Muzaffarpur 139781",Tinsukia,419606,19-03-2024,Regular,1,1921.19,1921.19,Regular
50680889,Warda Karan,yashawininazareth@example.org,9.14346E+11,"H.No. 57
Raval Street
Kharagpur-806830",Thoothukudi,99859,22-02-2024,New,1,619.56,619.56,Regular
41439103,Ati Wali,avi82@example.net,9.19487E+11,"76/26, Hans
Panipat-910815",Junagadh,893610,20-09-2024,Premium,6,1326.63,7959.78,Regular
35782051,Ekiya Mital,deygaurav@example.net,9.17435E+11,"31/25
Narayan, Rampur 164546",Mango,523577,26-11-2023,New,1,1090.28,1090.28,Regular
71252391,Mohini Johal,ajaggi@example.com,9.15078E+11,"68/70
Merchant Ganj
Anand 877850",Kulti,40488,24-05-2024,New,8,1558.97,12471.76,Regular
56764791,Priya Shukla,rajavasana@example.net,9.10581E+11,"96/18
Panchal Chowk
Hosur-935341",Hindupur,876143,08-09-2024,Regular,10,1226.1,12261,Regular
50652909,Meera Jain,deyrehaan@example.org,9.12415E+11,"H.No. 50
Munshi Zila, Amaravati-880526",Farrukhabad,124819,25-02-2024,Regular,8,559.99,4479.92,Regular
29451600,Max Shankar,bchoudhry@example.com,9.19631E+11,"H.No. 89, Babu Zila, Bangalore 287095",Amritsar,191584,15-04-2023,New,5,1882.69,9413.45,Regular
38114014,Yatin Sandal,balakrishnanchristopher@example.org,9.17208E+11,"H.No. 349
Sami
Adoni 237515",Mumbai,438966,03-01-2024,New,12,1006.24,12074.88,VIP
25977417,Lohit Sengupta,agarwalamol@example.net,9.17398E+11,"H.No. 985, Sarma Road, Raebareli 726376",Berhampore,363245,13-04-2024,Inactive,11,399.59,4395.49,VIP
39418109,Yahvi Kala,reyanshbasu@example.com,9.18278E+11,"H.No. 942
Jaggi Street
Anand 778048",Navi Mumbai,729388,29-07-2023,Inactive,19,928.13,17634.47,VIP
80761521,Yashica Rama,laladarika@example.com,9.18109E+11,"H.No. 25, Loke Circle, Aligarh 718926",Latur,257938,17-05-2024,Inactive,5,850.56,4252.8,Regular
54375571,Omaja Bumb,vrishtirajagopal@example.com,9.11797E+11,"24/60, Dada, Allahabad 330051",Korba,207211,30-09-2023,Premium,4,405.49,1621.96,Regular
50968312,Idika Chaudhry,anirudh02@example.org,9.13861E+11,"74/873
Basu Road
Dindigul 291516",Maheshtala,195956,17-02-2024,Inactive,13,1794.46,23327.98,VIP
33829924,Jeevika Sami,chhabranisha@example.org,9.10108E+11,"61/245
Seth Circle
Guna 980948",Kanpur,182213,18-12-2023,New,18,615.52,11079.36,VIP
29562072,Edhitha Ranganathan,yashawini55@example.net,9.14683E+11,"09, Soman Marg, Guna 345092",Hindupur,976259,10-08-2023,New,10,1449,14490,Regular
4618801,David Saran,dalbir79@example.org,9.15689E+11,"24, Dayal Chowk
Avadi 300543",Jodhpur,869099,16-11-2023,Premium,11,201.56,2217.16,VIP
30535703,Dev Comar,jmurthy@example.net,9.19082E+11,"H.No. 353
Ramakrishnan Street, Begusarai-376450",Morbi,267760,06-06-2024,Regular,3,301.96,905.88,Regular
10605484,Rachit Chakraborty,karabhiram@example.com,9.1789E+11,"H.No. 714
Das Circle, Nanded-127585",Visakhapatnam,411956,17-05-2024,Inactive,13,652,8476,VIP
8164639,Pushti Dhillon,varenya91@example.com,9.10238E+11,"81/62
Char Circle, Ramagundam 071898",Gandhidham,975982,27-05-2024,Premium,11,329.17,3620.87,VIP
63360864,Idika Sahni,kotavrinda@example.net,9.18914E+11,"87/887
Chatterjee Street
Karaikudi 061007",Bhopal,402853,28-03-2024,Inactive,16,1804.42,28870.72,VIP
2361575,Aarnav Seth,banditeerth@example.org,9.14768E+11,"H.No. 24
Mahal Circle
Guwahati-694378",Faridabad,160994,14-09-2023,New,19,1993.09,37868.71,VIP
59485034,Dominic Sidhu,narainbaghyawati@example.com,9.17819E+11,"H.No. 17
Mangat Chowk
Morena 729596",Agartala,931347,20-03-2023,New,1,1762.35,1762.35,Regular
6025470,Isaac Mander,rdixit@example.com,9.12511E+11,"57/46
Solanki Street
Jammu 135323",Sagar,644361,17-08-2024,Premium,12,1599.39,19192.68,VIP
31371112,Osha Chad,babujoshua@example.org,9.15024E+11,"H.No. 48
Kamdar
Salem 078745",Darbhanga,351799,17-11-2023,Regular,5,231.41,1157.05,Regular
14294171,Ikshita Bava,chaturadave@example.net,9.13701E+11,"693
Oak Ganj
Karnal-566675",Saharanpur,84734,23-12-2023,Regular,1,1680.47,1680.47,Regular
92245432,Ayushman Goel,zagate@example.net,9.17708E+11,"H.No. 556
Rege Zila
Davanagere 091304",Tadipatri,863697,02-06-2024,Premium,12,316.16,3793.92,VIP
2928026,Vrishti Basak,gautamisrinivasan@example.com,9.15082E+11,"H.No. 40, Sekhon Chowk
Ajmer 858814",Ahmedabad,960708,20-03-2024,New,9,280.45,2524.05,Regular
98687927,Yachana Brar,xlanka@example.com,9.19571E+11,"92/339, Kar
Saharsa-001690",Pali,337430,23-09-2023,Premium,6,825.55,4953.3,Regular
15796277,Finn Pau,vganesh@example.com,9.10685E+11,"29
Comar Path
Davanagere-714215",Loni,223700,02-08-2024,New,19,1365.33,25941.27,VIP
92604392,Kevin Palan,ati37@example.com,9.13581E+11,"372, Mitter Zila
Ranchi-735929",Faridabad,853795,16-11-2023,Premium,10,909,9090,Regular
77303171,Sneha Menon,vgopal@example.com,9.17196E+11,"H.No. 24, Raman Road
Haldia 955041",Guna,876392,22-08-2023,Inactive,19,452.86,8604.34,VIP
24144240,Charles Parsa,vasudha38@example.com,9.13591E+11,"756, Anand Chowk, Bhusawal 348094",Tezpur,49861,06-09-2023,Regular,15,1938.81,29082.15,VIP
74548003,Falan Dhillon,bakhshi09@example.org,9.13586E+11,"H.No. 399, Bhatnagar Ganj
Nagercoil 907151",Erode,455503,15-07-2024,Regular,9,1412.04,12708.36,Regular
8122530,Fiyaz Rai,dixitanay@example.org,9.10601E+11,"458
Garg Street, Farrukhabad 058172",Tadepalligudem,666,30-05-2023,Inactive,9,1493.48,13441.32,Regular
97664747,Sanaya Chatterjee,ranveer24@example.org,9.15541E+11,"59
Nair Ganj, Sambhal-803177",Gulbarga,474294,21-03-2024,Premium,9,1160.21,10441.89,Regular
79960955,Chatresh Samra,yohannanshaurya@example.org,9.1799E+11,"H.No. 533, Grover Chowk
Panvel 187331",New Delhi,606822,23-05-2023,New,18,381.62,6869.16,VIP
99643057,Avni Lad,vohratanveer@example.org,9.15455E+11,"H.No. 592
Vyas Path, Narasaraopet 538104",Ichalkaranji,931414,01-11-2024,Inactive,4,1677.24,6708.96,Regular
1313292,Robert Kaur,mohinisarna@example.net,9.18401E+11,"92/24, Nanda Chowk, Belgaum-142848",Korba,990395,04-03-2024,Inactive,20,1275.41,25508.2,VIP
94453274,Widisha Wali,jdixit@example.net,9.19891E+11,"H.No. 985, Amble Road, Ajmer 586935",Aurangabad,208007,14-10-2024,Regular,15,917.84,13767.6,VIP
1588560,Jeremiah Nath,faqidswaminathan@example.org,9.11111E+11,"16/09
Setty Nagar, Gopalpur 225399",Anantapuram,900047,01-12-2023,New,10,945.18,9451.8,Regular
30029998,Ishwar Edwin,khuranaanusha@example.net,9.15415E+11,"95/10, Chada, Pimpri-Chinchwad-575371",Hazaribagh,654240,01-09-2024,New,9,863.3,7769.7,Regular
37095171,Ira Soni,oviyadada@example.net,9.13564E+11,"97/289
Ganguly Street, Amritsar 338128",Guna,294022,04-12-2023,Inactive,10,1680.98,16809.8,Regular
79773912,Vaishnavi Gulati,adityaramanathan@example.net,9.12619E+11,"44/995
Saran, Gandhidham-563933",Jaunpur,669886,06-10-2023,Regular,7,751.73,5262.11,Regular
30317733,Janani Sawhney,amritaoommen@example.com,9.12692E+11,"H.No. 27, Kara Road, Ranchi-263406",Durgapur,98666,28-06-2024,Inactive,12,569.16,6829.92,VIP
48188624,Maanav Tella,doshidarpan@example.com,9.19516E+11,"28/10
Chadha Road, Kirari Suleman Nagar 215968",Chittoor,740511,19-02-2024,Regular,11,320.69,3527.59,VIP
59197894,Mitesh Saha,dayalgeetika@example.com,9.17334E+11,"H.No. 327, Soni Nagar
Orai 366501",Akola,519759,14-10-2023,Inactive,19,1788.36,33978.84,VIP
34697768,Omaja Oak,tripti84@example.net,9.15049E+11,"41, Bajwa Zila, Sangli-Miraj & Kupwad-859767",Aurangabad,37920,17-03-2023,Regular,13,1965.2,25547.6,VIP
82372427,Anjali Cheema,anthonybandi@example.com,9.13264E+11,"H.No. 888, Lad Chowk
Kota-646642",Dehradun,992332,19-10-2023,New,14,1515.62,21218.68,VIP
41008070,Libni Dua,kariwyatt@example.net,9.14054E+11,"H.No. 036, Sarma Path
Hapur 500317",Vijayawada,129888,01-05-2024,New,1,1017.46,1017.46,Regular
87220860,Yashvi Dua,lmane@example.net,9.15024E+11,"H.No. 769, Sengupta Street
Pondicherry-124635",Kochi,736698,22-04-2024,Regular,6,1474.44,8846.64,Regular
19705695,Ayush Kala,sundarameta@example.net,9.16469E+11,"H.No. 29
Rastogi Street
Dehradun 322885",Patiala,520564,26-07-2024,Premium,6,816.6,4899.6,Regular
60974181,Hardik Kakar,radharam@example.org,9.19524E+11,"80, Kala Nagar, Udaipur-156360",Bahraich,118581,22-01-2024,Premium,20,1122.83,22456.6,VIP
90621147,Vaishnavi Chowdhury,oeshibhatnagar@example.org,9.16604E+11,"18/61, Shere Ganj
Amaravati-935529",Jhansi,334137,05-10-2024,Premium,2,710.2,1420.4,Regular
68661619,Chaaya Manne,masonyogi@example.net,9.18639E+11,"65
Chander Ganj
Berhampore 551962",Darbhanga,164675,18-07-2024,Inactive,1,1343.07,1343.07,Regular
64748953,Oscar Natt,chaudharisanya@example.org,9.1282E+11,"303
Chander Zila, Amravati-905369",Hapur,190188,29-06-2023,Inactive,2,1507.44,3014.88,Regular
6579892,Indrajit Sodhi,kalasai@example.net,9.17412E+11,"H.No. 22
Konda Chowk
Akola-179821",Silchar,511482,03-10-2023,Regular,3,869.19,2607.57,Regular
85747175,Karan Chatterjee,krishadyal@example.org,9.16476E+11,"64
Reddy Marg, Bettiah 258049",Rajkot,456459,27-11-2023,Premium,3,245,735,Regular
30455484,Lajita Ravel,agateamrita@example.com,9.17635E+11,"H.No. 62
Talwar Zila, Rampur-538869",Katni,819570,08-05-2023,New,2,1001.64,2003.28,Regular
37802267,Lipika Jha,luke49@example.net,9.16541E+11,"65/44, Aggarwal Chowk, Aurangabad-943415",Orai,693570,24-11-2023,New,4,594.87,2379.48,Regular
17341194,Faras Kaul,jairajdhawan@example.net,9.15939E+11,"60, Sama Street, Ambattur-994166",Burhanpur,328247,21-04-2023,Premium,18,1530.18,27543.24,VIP
22047134,Ubika Shukla,malhotrajonathan@example.org,9.12206E+11,"00
Sahota Circle
Shivpuri 170582",Warangal,40280,26-10-2024,Inactive,20,991.94,19838.8,VIP
54893418,Chatresh Prashad,mpatel@example.org,9.13099E+11,"H.No. 77, Narula Street, Jamnagar 960771",Dibrugarh,271286,14-02-2024,Premium,13,1858.33,24158.29,VIP
48647253,Theodore Ram,pranitsachdeva@example.net,9.12166E+11,"H.No. 19, Dash Road
Morbi 758796",Warangal,950220,15-03-2024,Inactive,12,1736.69,20840.28,VIP
1705969,Qasim Kalla,ekannan@example.com,9.15256E+11,"56/445
Jayaraman Marg
Ichalkaranji-658913",Surat,962834,23-05-2024,Premium,20,877,17540,VIP
59398136,Neelima Lanka,vasanadugar@example.org,9.12485E+11,"738, Menon Chowk, Tezpur-908744",Machilipatnam,460348,24-08-2023,Regular,14,1205.76,16880.64,VIP
94165062,Siddharth Shroff,qsarin@example.com,9.13976E+11,"34/246, Lal, Bhagalpur-593389",Eluru,291980,16-08-2023,Inactive,9,793.38,7140.42,Regular
47206881,Barkha Contractor,gollaqabil@example.net,9.13058E+11,"704, Bail Marg, Tiruvottiyur-710662",Nellore,396198,24-07-2024,Premium,3,929.72,2789.16,Regular
37915052,Ayush Kade,tbajaj@example.net,9.19357E+11,"63
Khanna Road, Kadapa-270217",Jalna,215907,16-11-2023,Regular,10,1499.16,14991.6,Regular
98211325,Tristan Varkey,rrao@example.com,9.18191E+11,"H.No. 96
Dewan Circle
Silchar 718127",Bhilai,30634,26-06-2024,Regular,15,1044.86,15672.9,VIP
76218218,Vedant Dubey,patlaanamika@example.com,9.12806E+11,"695
Bansal Chowk, Erode 117771",Etawah,638879,04-05-2024,Inactive,10,1170.57,11705.7,Regular
58152923,Amrita Babu,mandarajeshri@example.com,9.11786E+11,"287, Lall Chowk, Amroha-875008",Kishanganj,950528,04-07-2023,Premium,18,1776.12,31970.16,VIP
42262168,Mason Iyengar,nisha39@example.net,9.18383E+11,"27/85, Setty Street, Ichalkaranji-385279",Avadi,606137,23-02-2024,Regular,18,489.19,8805.42,VIP
40256341,Sachi Keer,tanay81@example.org,9.11954E+11,"H.No. 38, Mannan Ganj, Aurangabad 039376",Mira-Bhayandar,60405,27-10-2024,Regular,12,913.91,10966.92,VIP
33998721,Aahana Naik,rakshabahri@example.org,9.15367E+11,"H.No. 71, Khalsa Chowk
Warangal 517087",Bhilai,702364,11-02-2024,New,8,245.84,1966.72,Regular
49260858,Charan Chaudhary,bmishra@example.net,9.17599E+11,"H.No. 226, Pillay Marg
Maheshtala-191051",Phagwara,494573,05-07-2023,Regular,4,1855.11,7420.44,Regular
22524981,Samar Sengupta,ipant@example.org,9.1346E+11,"H.No. 688, Mannan Chowk, Nizamabad 675490",South Dumdum,907188,28-10-2023,New,14,343.23,4805.22,VIP
50015282,Ekbal Shan,goyalhema@example.com,9.13239E+11,"685
Oza Ganj
Patna-922777",Berhampore,448354,20-04-2023,Regular,9,1392.05,12528.45,Regular
98088303,Neel Palan,tsethi@example.net,9.11174E+11,"H.No. 836, Srinivasan Road, Hajipur 801503",Agartala,50491,22-08-2023,New,9,1765.46,15889.14,Regular
19425804,Xavier Sahni,anamika10@example.org,9.17548E+11,"42/11
Lad Nagar
Siwan 341914",Jodhpur,705258,06-04-2023,Inactive,10,1121.27,11212.7,Regular
14974554,Kevin Magar,frado24@example.org,9.19659E+11,"80/56, Parikh Circle, Bhiwandi-904481",Baranagar,739444,10-10-2024,New,9,805.9,7253.1,Regular
25128143,Odika Kannan,kondaadya@example.org,9.16573E+11,"H.No. 88
Rout Circle
Udupi 443473",Mahbubnagar,251772,02-11-2024,Premium,18,1149.94,20698.92,VIP
21524495,Alka Deol,sanya43@example.org,9.13332E+11,"281, Wason Marg, Kochi 700268",Katni,396358,05-01-2024,Premium,9,236.96,2132.64,Regular
49136375,Rohan Basak,duttavedika@example.org,9.16284E+11,"29/64, Chander Path
Karawal Nagar-716604",Bathinda,843234,01-08-2024,Inactive,19,1524.23,28960.37,VIP
97507853,Udyati Rana,zaid68@example.com,9.10367E+11,"H.No. 866, Dua Marg
Begusarai-138399",Chapra,910042,07-10-2024,Regular,15,1654.66,24819.9,VIP
68857118,Hritik Batta,horajacob@example.org,9.18635E+11,"03/83
Sankaran Road, Davanagere-746406",Nanded,149991,23-06-2024,New,4,1596.98,6387.92,Regular
81183415,Rachita Char,tejas00@example.com,9.10674E+11,"H.No. 66
Kade Ganj
Bhiwani 535411",Imphal,593985,31-01-2024,Regular,19,1980.66,37632.54,VIP
91196901,Atharv Kurian,balhaar57@example.net,9.16467E+11,"54/93, Menon Circle
Lucknow-115301",Jabalpur,1489,15-04-2024,Premium,11,1086.3,11949.3,VIP
8228843,Vritti Halder,vyasmitesh@example.org,9.10299E+11,"H.No. 52, Lalla Path
Saharanpur-442469",Bangalore,542334,06-07-2024,Inactive,1,1215.61,1215.61,Regular
50518311,Arunima Tak,umangdate@example.net,9.1774E+11,"17/381
Ramaswamy Circle
Sambalpur 187850",Arrah,183905,31-08-2024,Regular,16,1238.72,19819.52,VIP
21779155,Udant Upadhyay,ranganathanoeshi@example.com,9.13505E+11,"H.No. 048, Shenoy Road, Morbi 688880",Guntur,764470,04-10-2023,New,19,1190.95,22628.05,VIP
94281220,Teerth Balan,xdubey@example.net,9.14427E+11,"10/49
Kanda Zila, Arrah-883000",Pondicherry,185375,05-05-2024,Regular,1,325.65,325.65,Regular
15631726,Ucchal Murthy,paldavid@example.com,9.14769E+11,"89
Munshi Ganj
Nadiad-575587",Tezpur,47849,05-02-2024,Inactive,11,664.87,7313.57,VIP
9573071,Ranveer Mahal,phegde@example.org,9.12293E+11,"49, Sarkar Zila, Navi Mumbai-077374",Thrissur,856100,07-11-2023,New,5,958.06,4790.3,Regular
31026200,Saksham Garg,suhani16@example.net,9.12089E+11,"43/18, Chaudhuri Road, Tirunelveli 430798",Kavali,690956,18-03-2024,New,13,285.02,3705.26,VIP
49457685,Bahadurjit Pau,osharaf@example.org,9.18754E+11,"870
Warrior Circle, Bhubaneswar 429828",Kamarhati,464123,30-10-2023,Inactive,10,487.34,4873.4,Regular
82169898,Bhavna Pau,ssavant@example.net,9.10915E+11,"20/330
Kala Chowk, Barasat-149624",Buxar,891289,21-03-2024,Premium,12,1208.52,14502.24,VIP
72132838,Yashvi Kashyap,granganathan@example.org,9.15953E+11,"45/542, Acharya Circle
Ahmednagar-090180",Raurkela Industrial Township,367210,28-10-2023,Premium,8,567.13,4537.04,Regular
954629,Fiyaz Mand,naggarwal@example.com,9.15395E+11,"46/673
Magar Ganj, Panchkula 815005",Begusarai,107720,26-02-2024,New,14,1390.08,19461.12,VIP
44139071,Lopa Padmanabhan,jagratimangat@example.com,9.19144E+11,"85/433, Brar Path
Vijayawada-143684",Belgaum,769214,16-01-2024,Regular,8,923.09,7384.72,Regular
6344345,Shaurya Chhabra,samarjhaveri@example.net,9.15053E+11,"074
Saha Street, Erode-682888",Burhanpur,789598,03-10-2024,Premium,19,1110.11,21092.09,VIP
31981068,Hemang Sarkar,msinghal@example.com,9.19097E+11,"19/83, Mohanty Street
Korba-913410",Shivpuri,990270,12-06-2023,Regular,20,546.25,10925,VIP
30788486,Vrishti Mittal,madanfaraj@example.org,9.17284E+11,"75, Goel Path, Pimpri-Chinchwad 654563",Bhimavaram,643683,01-03-2024,New,11,328.57,3614.27,VIP
48368085,Patrick Doctor,mmittal@example.com,9.1303E+11,"185
Bobal Ganj
Aurangabad 817825",Vijayanagaram,418461,31-10-2024,Premium,5,477.1,2385.5,Regular
82374625,Ronith Sami,pandeyliam@example.org,9.10579E+11,"09/073, Rout Marg
Bhilai-211934",Singrauli,789283,22-03-2023,New,20,1923.64,38472.8,VIP
75674671,Balendra Bains,chaayabuch@example.org,9.18185E+11,"53/208
Loyal Circle
Srikakulam 469930",Tadipatri,851131,01-04-2024,New,13,1085.52,14111.76,VIP
34668988,Wishi Varughese,damyanti67@example.net,9.1606E+11,"68/391, Raval
Belgaum 624810",Nagpur,723012,10-08-2023,Inactive,3,534.37,1603.11,Regular
53354003,Yatin Borra,amara94@example.org,9.10486E+11,"89/528
Bhasin, Saharanpur 707355",Raiganj,821014,23-09-2024,New,13,1934.52,25148.76,VIP
78732957,Madhav Anne,alka61@example.org,9.1275E+11,"351, Kala Road
Katihar-538807",Malegaon,654544,12-08-2024,New,8,1148.93,9191.44,Regular
10210309,Deepa Dewan,sagarjagdish@example.com,9.1804E+11,"16/10, Seshadri, Tenali-896132",Kharagpur,318476,08-05-2024,Inactive,13,515.07,6695.91,VIP
23984022,Liam Gupta,onveerdalal@example.org,9.19346E+11,"55, Yohannan Ganj, Baranagar-705140",Nagaon,971471,19-08-2023,Regular,3,1519.51,4558.53,Regular
95371787,Bhavya Bhattacharyya,yachanabora@example.com,9.13558E+11,"H.No. 81
Kamdar Nagar
Bhavnagar 028519",Gudivada,296207,20-03-2023,New,9,1312.28,11810.52,Regular
89968482,Elijah Bora,vbarad@example.org,9.1656E+11,"62/39
Om, Farrukhabad 349709",Kottayam,913086,30-03-2023,Regular,12,1883.93,22607.16,VIP
31527100,Triya Tailor,kamalasankaran@example.org,9.15114E+11,"77/42, Buch Circle, Kharagpur 515901",Ratlam,816490,21-11-2023,Inactive,12,1830.13,21961.56,VIP
8791577,Warda Kohli,madhavigandhi@example.com,9.10162E+11,"H.No. 19
Dass Street
Gopalpur 195262",Madhyamgram,999631,29-08-2023,Regular,1,1031.07,1031.07,Regular
63217390,Warinder Sha,urishilla57@example.org,9.14445E+11,"75, Iyengar Street, Karaikudi-212227",Deoghar,65670,18-07-2023,Inactive,15,637.06,9555.9,VIP
62526813,Keya Bansal,ravelrishi@example.com,9.13083E+11,"04/541
Tank Ganj
Solapur-551644",Nashik,608018,19-08-2024,Inactive,6,1777.35,10664.1,Regular
16561710,Isaiah Natt,amrita65@example.org,9.14278E+11,"85, Samra Zila
Thane-835654",Baranagar,881409,16-09-2023,New,12,1043.28,12519.36,VIP
91550885,Isaiah Basu,upadhyayekansh@example.org,9.1523E+11,"28/00
Salvi Chowk
Srikakulam-844769",Alappuzha,96313,17-05-2023,New,14,1404.12,19657.68,VIP
75025941,Rachita Buch,deepaloke@example.com,9.12169E+11,"57/921, Luthra Road, Belgaum 202392",Jalna,210807,26-03-2023,Premium,15,323.12,4846.8,VIP
90649019,Omaja Sahni,meera84@example.org,9.17564E+11,"166
Choudhry Path, Kulti-308225",Fatehpur,578000,07-04-2023,New,18,1096.12,19730.16,VIP
88550139,Oeshi Kamdar,semjanani@example.net,9.15134E+11,"725, Borra Circle, Dhule 475721",Nadiad,703403,11-08-2024,New,3,1910.25,5730.75,Regular
66932104,Chakradhar Dhawan,patlaatharv@example.com,9.10995E+11,"110, Dass Zila, Fatehpur 117215",Shahjahanpur,219750,19-10-2023,Premium,3,976.71,2930.13,Regular
45481936,Robert Gour,cheemaranveer@example.org,9.14287E+11,"99/95
Srinivasan Circle, Siliguri 496598",Munger,202068,04-08-2023,Premium,3,1909.44,5728.32,Regular
5961261,Vrishti Memon,brijeshwable@example.net,9.18368E+11,"66/405
Talwar Ganj, Tiruchirappalli-116372",Varanasi,113744,28-06-2023,Premium,17,309.79,5266.43,VIP
17696094,Tanvi Barad,zachariaaashi@example.net,9.18576E+11,"947
Master Circle
Warangal 536256",Kirari Suleman Nagar,23472,18-09-2024,New,16,1626.23,26019.68,VIP
91408854,Warinder Virk,eta71@example.net,9.13623E+11,"H.No. 145
Chana Road
Sikar-170087",Vijayawada,572574,08-02-2024,New,19,555.13,10547.47,VIP
32203588,Krish Srinivas,agastya33@example.org,9.16713E+11,"51/956
Krish Road
Tezpur-618176",Berhampur,622176,06-04-2024,Premium,9,1678.38,15105.42,Regular
63339001,Viraj Bhandari,manansheth@example.com,9.15243E+11,"H.No. 15, Thaker, Noida-144319",Noida,273531,09-09-2023,New,12,682.32,8187.84,VIP
45553300,Panini Lall,jtrivedi@example.com,9.18881E+11,"615
Mital Street, Morbi-030259",Latur,710487,19-06-2024,Premium,9,1713.65,15422.85,Regular
67960179,Nakul Goda,udantgole@example.com,9.10317E+11,"H.No. 25
Kala Path
Udaipur 950049",Bidar,366198,28-06-2024,Premium,10,1797.89,17978.9,Regular
40085705,Anirudh Deshpande,jsaxena@example.org,9.1737E+11,"H.No. 21
Bandi Circle, Etawah 281890",Kishanganj,530403,02-09-2023,New,6,777.89,4667.34,Regular
60700850,Ishwar Dubey,jbassi@example.com,9.15664E+11,"86/596, Choudhry Nagar, Madurai-306982",Tezpur,311501,22-07-2024,Regular,2,812.35,1624.7,Regular
12059049,Jagdish Mander,wpall@example.net,9.14436E+11,"47/938, Chandra
Ichalkaranji-922446",Nizamabad,696590,23-09-2024,Regular,17,235.4,4001.8,VIP
52409516,Rehaan Jha,ekanshpadmanabhan@example.org,9.15614E+11,"08/25
Gokhale Chowk, Dewas 028514",Jabalpur,502565,23-04-2023,Inactive,13,435.47,5661.11,VIP
66269844,Harshil Edwin,pallabina@example.com,9.11152E+11,"H.No. 831
Kade Circle, Dibrugarh 622053",Ghaziabad,818957,23-08-2023,Premium,4,1371.03,5484.12,Regular
8513589,Ishaan Nayak,odika51@example.net,9.12532E+11,"H.No. 611, Karpe Nagar, Chinsurah 132815",Bathinda,645238,08-02-2024,New,6,1590.11,9540.66,Regular
6335221,Lajita Loyal,vedhikagulati@example.com,9.17625E+11,"83
Shukla Zila
Bhagalpur 663970",Rajpur Sonarpur,713686,05-01-2024,Premium,20,1518.83,30376.6,VIP
69925688,Yashica Sehgal,igola@example.net,9.16177E+11,"77/881, Mitra Street
Erode 449182",Nandyal,920703,25-02-2024,Inactive,20,1350.67,27013.4,VIP
18326028,Lekha Bakshi,chakradharganesh@example.com,9.10595E+11,"H.No. 58
Talwar, Udupi-285349",Ratlam,685813,10-04-2024,Inactive,3,244.31,732.93,Regular
15661674,Jyoti Ray,dugalchandresh@example.org,9.10329E+11,"47/13
Mander Ganj, Farrukhabad 654671",Vadodara,300794,10-11-2023,Regular,12,453.24,5438.88,VIP
92642745,Nicholas Puri,ekta46@example.net,9.12976E+11,"H.No. 95, Gulati Circle, Ozhukarai-920887",Bihar Sharif,404970,07-05-2024,Regular,18,415.99,7487.82,VIP
72164737,Mugdha Mohan,sara93@example.org,9.18089E+11,"01/71
Shah Nagar
Malda 134603",Udaipur,685858,16-08-2023,Premium,6,377.36,2264.16,Regular
35912599,Neha Atwal,sacharindali@example.org,9.12515E+11,"65, Purohit Path, Jamalpur-094676",Bilaspur,525952,08-05-2024,Regular,16,461.95,7391.2,VIP
46717997,Wishi Srivastava,jsoman@example.com,9.13395E+11,"65/723, Arya Zila
Imphal 050184",Unnao,789057,20-12-2023,New,12,793.98,9527.76,VIP
38478423,Theodore Doctor,thomasdin@example.org,9.10274E+11,"H.No. 40, Wason Ganj, Amaravati-597149",Nellore,156234,29-03-2024,Premium,3,263.3,789.9,Regular
47990044,Leela Dubey,triptisahota@example.net,9.1464E+11,"H.No. 74
Buch Zila
Sambalpur 958963",Kadapa,404979,29-09-2024,New,12,1118.99,13427.88,VIP
18465047,Patrick Chaudhry,amairadevan@example.org,9.11671E+11,"H.No. 31, Gour Zila, Ahmedabad 457410",Ghaziabad,531091,25-03-2024,New,8,746.88,5975.04,Regular
36737539,Leena Naidu,harinakshi40@example.net,9.1287E+11,"14/24
Tandon Path, Madurai 446998",Gwalior,671833,06-02-2024,Inactive,9,1636.27,14726.43,Regular
23286884,Vedika Kaur,okumer@example.org,9.14745E+11,"H.No. 97
Nagar Zila, Mahbubnagar-096292",Serampore,408435,16-03-2024,Premium,4,505.94,2023.76,Regular
34297405,Jack Babu,sherekevin@example.net,9.12484E+11,"677
Modi Zila
Patiala-529796",Saharanpur,49880,13-12-2023,New,1,1688.73,1688.73,Regular
85626346,Isaiah Gera,aayush34@example.org,9.19061E+11,"H.No. 179, Kadakia, Rajkot-257700",Ghaziabad,130770,14-08-2024,Regular,1,293.54,293.54,Regular
84468124,Ishanvi Parmar,senanmol@example.net,9.11837E+11,"78/351, Shenoy Chowk, Maheshtala 333932",Gaya,311182,20-04-2023,Premium,12,859.39,10312.68,VIP
11470681,Yashawini Sunder,kdash@example.com,9.16225E+11,"633
Dhar Zila
Bahraich 587394",Munger,928068,23-08-2023,New,2,570.88,1141.76,Regular
77903462,Madhavi Pandya,chanakyabhattacharyya@example.org,9.139E+11,"101, Upadhyay
Nagaon 684099",Thane,224382,20-09-2024,Inactive,19,206.87,3930.53,VIP
68341636,Hemani Mannan,patrick94@example.com,9.17115E+11,"77
Mishra Street, Bhatpara-089042",Aurangabad,778819,27-08-2024,Premium,19,1043.7,19830.3,VIP
7522036,Kashvi Karan,chhabraunnati@example.net,9.11381E+11,"H.No. 97
Vala Circle
Etawah-602343",Hospet,173000,24-01-2024,Premium,2,797.92,1595.84,Regular
69364309,Bhavini Chokshi,atimunshi@example.com,9.18589E+11,"15/74
Dutta Circle, Faridabad-491312",Haridwar,55710,22-09-2024,Regular,6,636.83,3820.98,Regular
51661209,Vasana Chandran,aaravdave@example.com,9.11575E+11,"32/84
Natt Zila
Thiruvananthapuram 751597",Bidhannagar,211320,23-06-2023,New,13,852.39,11081.07,VIP
4849477,Caleb Ram,leenamahal@example.com,9.11527E+11,"H.No. 984
Chaudhry Street
Alwar-501673",Hosur,328080,22-07-2023,Premium,19,1782.35,33864.65,VIP
74313592,Vaishnavi Prasad,shivanilata@example.org,9.16727E+11,"H.No. 904, Gola Street, Bikaner 679779",Pimpri-Chinchwad,683667,10-09-2024,Premium,3,1208.69,3626.07,Regular
26245432,Darika Konda,tanklekha@example.com,9.12093E+11,"830
Saran Path, Dindigul-325356",Tirupati,459997,11-01-2024,Inactive,17,719.09,12224.53,VIP
78412820,Charvi Bajaj,yastikota@example.net,9.18726E+11,"32/31
Maharaj Ganj, Ratlam 858199",Siliguri,795903,18-07-2024,New,8,1009.58,8076.64,Regular
11254582,Caleb Krish,rachitsaran@example.net,9.10584E+11,"H.No. 99
Padmanabhan Marg
Panipat-465142",Machilipatnam,331326,13-08-2023,Inactive,19,1036.03,19684.57,VIP
3399251,Ekalinga Bhatt,karinakul@example.org,9.11258E+11,"H.No. 246, Narasimhan Nagar, Anand 951847",Solapur,498701,03-05-2023,New,20,937.11,18742.2,VIP
70820304,Advik Butala,deygirindra@example.net,9.10109E+11,"H.No. 575, Tailor Road, Loni-288467",Adoni,918082,17-01-2024,Premium,13,420.89,5471.57,VIP
17861428,Nicholas Chowdhury,agastya94@example.org,9.15929E+11,"H.No. 71
Chad Road
Kanpur-884402",Chandigarh,396282,04-03-2024,Inactive,10,1606.18,16061.8,Regular
39317905,Gagan Garg,wvarkey@example.com,9.13742E+11,"763, Ben Zila, Hapur-382162",Hazaribagh,289050,10-05-2024,New,8,1546.54,12372.32,Regular
36885115,Agastya Contractor,swaminathanranbir@example.org,9.12273E+11,"24
Peri Circle
Bellary-534501",Latur,930913,22-04-2023,Regular,7,1248.24,8737.68,Regular
36462363,Samaksh Mandal,warjas57@example.com,9.15971E+11,"31
Sidhu Marg
Berhampur-389160",Dhanbad,649341,31-10-2024,Inactive,16,747.55,11960.8,VIP
85490177,Jonathan Shukla,krishnadayal@example.net,9.1122E+11,"H.No. 16, Majumdar Chowk
Jalandhar 070381",Howrah,223428,24-07-2024,Regular,2,655.95,1311.9,Regular
63402854,Pallavi Sidhu,finnmallick@example.org,9.17562E+11,"86, Thaker Ganj, Pallavaram-787731",Kollam,393814,31-08-2024,New,1,1110.52,1110.52,Regular
99301505,Reyansh Wason,ypant@example.net,9.12849E+11,"H.No. 980, Rajan Street
Amravati 480325",Bhimavaram,331633,11-08-2024,Inactive,5,294.44,1472.2,Regular
92098757,Bhavna Mammen,umang45@example.net,9.10977E+11,"290
Bhasin Zila
Jammu-346920",Phagwara,773475,19-11-2023,New,14,1419.7,19875.8,VIP
79916464,Aishani Sunder,krishnasane@example.org,9.19476E+11,"50/573, Sinha Path, Ujjain-447928",Shahjahanpur,261246,13-02-2024,New,17,539.79,9176.43,VIP
10240052,Gagan Kakar,dipta34@example.org,9.18187E+11,"33, Subramanian Circle
Katihar 845560",Guntakal,388744,25-03-2024,Regular,1,942.49,942.49,Regular
9738801,Damyanti Nadkarni,ganga81@example.com,9.11334E+11,"45/643
Ramaswamy Nagar
Phusro-922851",Nellore,86659,02-03-2024,Inactive,19,376.73,7157.87,VIP
2233446,Wakeeta Pillay,handayashvi@example.com,9.18166E+11,"H.No. 67, Sahota Circle
Kolkata-000516",Panihati,125919,27-12-2023,New,6,1466.45,8798.7,Regular
35434373,Pushti Pandya,deolanmol@example.org,9.15821E+11,"29/21
Pau, Mau 854346",Aurangabad,407353,30-07-2023,Premium,9,368.71,3318.39,Regular
89476734,Jackson Rajagopal,fganesan@example.com,9.11504E+11,"01/36
Ghosh Circle
Mumbai 440965",Surat,454361,12-07-2023,Inactive,18,1505.74,27103.32,VIP
51833636,Ikbal Munshi,leela67@example.net,9.17515E+11,"15/52
Khare Path
Sirsa 885319",Anand,255774,03-03-2024,Regular,3,1977.36,5932.08,Regular
75913572,Aahana Menon,guhadalaja@example.com,9.17893E+11,"652
Nori Road, Rajahmundry 374248",Guna,325080,26-03-2024,Inactive,9,1844.07,16596.63,Regular
40277444,Damyanti Acharya,naksh70@example.org,9.18723E+11,"29/24, Krish Nagar, Baranagar-937508",Panihati,401259,10-05-2023,New,1,251.79,251.79,Regular
80833965,Irya Brar,semrachana@example.com,9.13383E+11,"H.No. 593
Pillay Street
Karimnagar-329110",Sangli-Miraj & Kupwad,268118,05-09-2023,Inactive,13,1896.2,24650.6,VIP
46146390,Yashoda Sani,jalsaluthra@example.net,9.10548E+11,"693
Rege
Salem 039470",Bahraich,255938,19-04-2023,Premium,4,271.5,1086,Regular
59436131,Vritti Kota,anya33@example.com,9.11549E+11,"37
Kaul
Thanjavur-688358",Imphal,400123,02-09-2024,New,18,546.58,9838.44,VIP
14479168,Sai Sawhney,vihaantata@example.net,9.13732E+11,"53
Boase Chowk, Jamshedpur-402993",Rewa,854880,06-02-2024,New,17,917.45,15596.65,VIP
43784632,Adya Johal,tbrar@example.com,9.12407E+11,"34/579, Dhingra Street, Nagaon 995800",Gandhinagar,171799,12-04-2023,Inactive,12,694.85,8338.2,VIP
33331259,Leena Deol,nitesh33@example.com,9.17108E+11,"74/973
Kashyap Circle
Hapur 323439",Saharsa,14967,07-08-2024,Inactive,7,1559.22,10914.54,Regular
85838438,Advay Mann,dixitakshay@example.org,9.15608E+11,"194, Mukherjee Chowk
Ahmedabad-136214",Suryapet,544363,25-04-2024,Inactive,15,1754.47,26317.05,VIP
57674875,Kiaan Shukla,palanazad@example.com,9.16492E+11,"41, Memon Road, Bilaspur-628397",Burhanpur,110402,07-05-2023,Regular,16,1666.12,26657.92,VIP
37227953,Madhav Raghavan,iacharya@example.org,9.19921E+11,"H.No. 625
Bhat Zila, Sambhal 832470",Pune,970382,11-09-2024,Inactive,4,500.75,2003,Regular
83867512,Aarush Samra,rayvasudha@example.org,9.12015E+11,"12/95
Bhavsar Circle, Faridabad 252485",Kadapa,693161,22-06-2024,Inactive,18,1476,26568,VIP
17100301,Jason Sur,dugarkritika@example.com,9.17354E+11,"27/82
Sachar Zila
Secunderabad 831235",Deoghar,119736,06-08-2024,Premium,16,1515.01,24240.16,VIP
12967305,Bhavani Sood,sanayareddy@example.net,9.1382E+11,"38, Memon
Allahabad-545707",Durg,963984,24-12-2023,New,16,607.46,9719.36,VIP
72079189,Bhavani Gupta,siddharth05@example.net,9.13332E+11,"434, Basu Street
Guna 218695",Hosur,446112,23-05-2023,Inactive,17,1383.05,23511.85,VIP
83348353,Eta Dutt,fradorai@example.org,9.18182E+11,"51/76, Hari Nagar
Nandyal-125693",Gurgaon,447354,23-08-2024,Inactive,1,533.72,533.72,Regular
80954112,Irya Rana,lajitasanghvi@example.org,9.15197E+11,"04, Memon Path, Dindigul-403829",Jammu,296499,06-06-2023,New,6,1672.37,10034.22,Regular
61320989,Anirudh Rege,choudharyvrinda@example.org,9.18711E+11,"H.No. 65, Halder, Amravati 316229",Aurangabad,611718,01-07-2023,Regular,6,1247.37,7484.22,Regular
45166203,Rushil Dass,borraonveer@example.net,9.14948E+11,"07/48, Varughese Road, Phusro 293764",Proddatur,350967,26-10-2023,Regular,19,724.81,13771.39,VIP
25294147,Daksh Guha,rattabalveer@example.com,9.17692E+11,"H.No. 55, Mittal Street
Coimbatore-087516",Amritsar,125429,16-06-2024,New,9,1458.87,13129.83,Regular
33706378,Michael Dugar,cherianchakradev@example.org,9.18729E+11,"149
Baria Chowk
Indore 240558",Mehsana,601242,02-09-2023,New,16,1110.01,17760.16,VIP
82804543,Yamini Thakkar,amorar@example.com,9.10787E+11,"880
Rau Nagar
Tenali-161447",Arrah,124227,02-08-2024,New,8,1762.86,14102.88,Regular
68016312,Qarin Bera,prasadikshita@example.net,9.19686E+11,"22/496, Bhatnagar Marg
Bahraich 728459",Orai,118987,24-09-2024,Regular,5,1093.92,5469.6,Regular
75860724,Pranav Venkataraman,pantindira@example.com,9.17626E+11,"30/79
Brar Zila
Bahraich 409370",Aizawl,763550,12-06-2023,Premium,4,462.17,1848.68,Regular
10541231,Dayita Yadav,dalajasekhon@example.net,9.17086E+11,"H.No. 64
Arora Nagar, Dhanbad-111725",Bhiwandi,94381,17-07-2024,Premium,14,409.51,5733.14,VIP
18035010,Vrishti Chakrabarti,narasimhanteerth@example.com,9.16607E+11,"49/53
Sant Nagar, Avadi-509374",Burhanpur,67286,30-01-2024,Premium,16,745.1,11921.6,VIP
36400756,Rayaan Nayak,mallguneet@example.org,9.13988E+11,"441
Basak, Jamalpur 091680",Bidar,984457,04-04-2023,Inactive,19,721.41,13706.79,VIP
4869199,Advik Bajwa,mahikakakar@example.org,9.14975E+11,"785, Mital Chowk
Naihati 597518",Siwan,803941,16-10-2024,New,7,1695.8,11870.6,Regular
52659908,Lucky Kala,jaggiurmi@example.com,9.13455E+11,"H.No. 72, Lalla Chowk, Panipat 548209",Kozhikode,108922,02-05-2024,Regular,5,1590.28,7951.4,Regular
2517955,Charan Sharma,rsagar@example.org,9.19881E+11,"512, Mani Chowk
Sikar-332566",Mathura,52692,28-02-2024,Regular,7,1625.44,11378.08,Regular
63858550,Neha Balakrishnan,parsaviraj@example.net,9.13449E+11,"71, Choudhry Street
Adoni 161614",Ichalkaranji,742412,05-05-2024,Premium,7,1197.2,8380.4,Regular
71755645,Hemang Raja,netra96@example.org,9.15109E+11,"291, Varty Circle, Vijayanagaram-507487",Pallavaram,279065,12-04-2024,Regular,10,963.44,9634.4,Regular
92203470,Chatresh Narula,vshanker@example.net,9.13011E+11,"16
Vaidya Ganj
Sangli-Miraj & Kupwad 799068",Amaravati,432216,10-11-2023,Regular,17,1678.84,28540.28,VIP
77161976,Kavya Gupta,farissuresh@example.com,9.11868E+11,"01/65
Mander Zila
Loni-418847",Dindigul,243125,05-07-2024,Regular,8,1498.83,11990.64,Regular
28663279,Sai Bhatia,xchoudhry@example.org,9.12902E+11,"14/344
Malhotra Road, Ahmedabad-019006",Jamnagar,321770,30-03-2023,Premium,6,1539.15,9234.9,Regular
23098216,Ladli Chhabra,nagykashish@example.com,9.13307E+11,"66/01, Kar Chowk, Shimla-966926",Mahbubnagar,153137,01-11-2023,New,9,1193.05,10737.45,Regular
75752515,Gagan Chakraborty,tbadal@example.com,9.14693E+11,"352, Chahal Ganj, Aurangabad-005102",Ballia,636676,17-04-2024,Premium,14,763.15,10684.1,VIP
54730270,Aradhana Munshi,rajeshri93@example.org,9.17742E+11,"70/03
Sarma Ganj, Patiala-333640",Salem,706203,22-03-2023,New,19,1256.55,23874.45,VIP
12655794,Teerth Mand,karavrishti@example.net,9.16818E+11,"74, Luthra Road
Raurkela Industrial Township 152924",Hosur,806093,07-03-2024,Regular,15,446.56,6698.4,VIP
44557943,Megha D’Alia,pallawyatt@example.net,9.10519E+11,"H.No. 515, Parikh Street
Proddatur 789104",Bangalore,391984,23-01-2024,Inactive,19,874.8,16621.2,VIP
72089140,Kritika Kalla,ishanviacharya@example.net,9.19344E+11,"02
Chanda Circle, Kurnool-724694",Kamarhati,462353,04-06-2024,Regular,18,1751.47,31526.46,VIP
77768189,Ojas Sinha,anjalisamra@example.com,9.14222E+11,"H.No. 940, Sawhney Circle
Bhusawal 477498",Machilipatnam,468910,17-06-2023,Regular,3,434.62,1303.86,Regular
60300263,Sathvik Jani,omishasood@example.org,9.10933E+11,"18/71
Gulati Marg
Karnal 644806",Rewa,314082,07-10-2023,New,8,374.67,2997.36,Regular
22210238,Rayaan Krishna,fsuri@example.org,9.11178E+11,"585, Mandal Zila, Nandyal 508289",Muzaffarnagar,118790,10-06-2024,New,8,351.08,2808.64,Regular
30979436,Diya Chaudry,jchaudhary@example.net,9.10476E+11,"H.No. 116
Dani Road, Gopalpur-838761",Ozhukarai,57642,26-07-2024,Regular,17,422.51,7182.67,VIP
23676689,Jagat Dhar,jagatkota@example.net,9.12465E+11,"56/400
Varma Chowk
Mathura 283182",Orai,822374,03-10-2023,Premium,2,654.95,1309.9,Regular
82025691,Zaid Boase,hsaran@example.net,9.11897E+11,"18
Ramakrishnan Ganj
Gurgaon 134787",Begusarai,407090,24-06-2023,Regular,17,811.77,13800.09,VIP
68128937,Girish Murthy,desainitara@example.net,9.13911E+11,"194, Kumar Chowk
Bongaigaon 044195",Panipat,688117,07-03-2024,New,4,1817.62,7270.48,Regular
23081177,Harinakshi Batta,bhavanibajaj@example.net,9.11251E+11,"82/83, Shan Circle
Chittoor-396809",Panchkula,828437,14-06-2024,New,14,969.68,13575.52,VIP
90745023,Samarth Sathe,gillkritika@example.com,9.12234E+11,"13
Garde
Coimbatore-135385",Ratlam,300261,28-10-2023,Inactive,12,889.72,10676.64,VIP
83262890,Aryan Date,parikhwishi@example.com,9.19591E+11,"63/990
Ramesh Nagar
Bahraich-932537",Ulhasnagar,561730,15-10-2023,New,1,1293.97,1293.97,Regular
3588443,Yashica Pingle,nakul94@example.org,9.18447E+11,"63/847
Garg, Gwalior 577648",Rohtak,586174,11-04-2024,Premium,20,1727.18,34543.6,VIP
92509376,Sudiksha Dutta,gayathri09@example.org,9.13768E+11,"H.No. 586
Jha Nagar
Singrauli-552485",Jehanabad,260252,03-09-2024,Regular,15,1367.8,20517,VIP
77031496,Abeer Rastogi,contractorsimon@example.com,9.17241E+11,"92
Raj Chowk
Mira-Bhayandar 559172",Pimpri-Chinchwad,196025,28-12-2023,New,7,404.11,2828.77,Regular
51119088,Zehaan Srinivas,narayananlakshit@example.net,9.12555E+11,"H.No. 12, Chaudhari Zila
Guwahati 756722",Tinsukia,538718,26-07-2023,Regular,9,1264.67,11382.03,Regular
9107360,Anvi Iyer,dmane@example.net,9.14359E+11,"029, Aurora Marg
Hospet 337208",Dindigul,390035,23-04-2024,Inactive,12,617.79,7413.48,VIP
88866835,Osha Dora,ebatta@example.net,9.13251E+11,"H.No. 022, Bava Street, Srikakulam-979419",South Dumdum,65460,01-11-2023,Premium,6,506.63,3039.78,Regular
50527764,Sai Garg,krishna27@example.com,9.14308E+11,"03
Chatterjee
Bhiwandi 307084",Amroha,957367,28-12-2023,Premium,16,1830.26,29284.16,VIP
19400174,Urvi Grover,bawamaanav@example.org,9.17769E+11,"H.No. 70
Sem Ganj
Rajkot-074481",Saharanpur,467162,22-05-2024,New,2,907.16,1814.32,Regular
80517784,Udyati Dara,aradhana66@example.org,9.18168E+11,"62/772
Oza Chowk, Proddatur-971544",Raiganj,418404,05-07-2024,Regular,7,513.2,3592.4,Regular
60446619,Yashvi Kar,hsaha@example.com,9.11721E+11,"18/11
Balakrishnan Marg
Vellore-979843",Guntakal,797149,15-06-2024,Regular,20,1259.49,25189.8,VIP
85074810,Aarna Naik,jai89@example.net,9.1346E+11,"47/217, Andra Road, Malegaon 699427",Bhagalpur,439383,14-09-2024,Regular,11,766.81,8434.91,VIP
73654821,Vedant Rattan,soodurishilla@example.org,9.1334E+11,"45/821, Joshi Zila, Bhilai 902150",Vijayawada,570349,16-10-2023,New,18,1892.18,34059.24,VIP
47387512,Shivansh Gaba,harshilsawhney@example.net,9.12254E+11,"36, Bose Street, Pali 357092",Chittoor,858549,08-07-2023,Regular,18,805.43,14497.74,VIP
35988028,Tejas Char,ekaraj79@example.org,9.11919E+11,"860
Palla Road
Imphal-322818",Naihati,996267,31-08-2024,Premium,6,898.52,5391.12,Regular
92583164,Amruta Lad,omaja42@example.org,9.13642E+11,"H.No. 81, Bhakta Marg
Hubli–Dharwad-245228",Burhanpur,526523,29-09-2023,Premium,20,1027.67,20553.4,VIP
8155924,Suhani Kanda,srinivasanchanakya@example.net,9.18669E+11,"794
Grover Chowk, Guntur-757863",Patiala,92581,30-03-2024,Regular,10,1749.17,17491.7,Regular
72702075,Veda Thaman,azaanprabhakar@example.org,9.16584E+11,"295, Warrior Path, Durg-256359",Jalna,362822,01-07-2024,Regular,5,1863.18,9315.9,Regular
79155946,Nachiket Saini,samuelkari@example.com,9.19862E+11,"H.No. 244, Ramaswamy Nagar, Bardhaman 868416",Thiruvananthapuram,506102,05-09-2023,New,17,1799.48,30591.16,VIP
31708103,Kabir Mani,gaurang03@example.org,9.17121E+11,"85/279, Krishnan Chowk, Bhiwandi 709482",Gudivada,479673,25-09-2023,New,1,769.19,769.19,Regular
77345018,Bishakha Lanka,aarnavmenon@example.com,9.18332E+11,"06/040, Sarna Nagar, Karawal Nagar-311295",Udupi,407746,26-07-2024,Regular,1,828.2,828.2,Regular
25722990,Nidra Radhakrishnan,yauvani33@example.net,9.11412E+11,"236
Zacharia Path, Agartala-384748",Pallavaram,344843,13-03-2024,Regular,16,1409.6,22553.6,VIP
60062501,Anirudh Mistry,abhiramsrivastava@example.com,9.15499E+11,"H.No. 45
Minhas Nagar, Amritsar 574954",Bhilwara,250202,04-01-2024,New,2,1888.02,3776.04,Regular
33472376,Krisha Misra,khannayoshita@example.org,9.11614E+11,"87/134, Sankaran Road, Darbhanga 261333",Bardhaman,123186,16-01-2024,Premium,11,1704.14,18745.54,VIP
34073080,Pushti Gour,rdoshi@example.org,9.18446E+11,"31
Kant
Sikar 368740",Thrissur,227379,04-05-2023,Regular,10,1285.18,12851.8,Regular
86897973,Arin Pandya,wchoudhary@example.com,9.13309E+11,"H.No. 950
Mann Circle
Amritsar-268863",Arrah,603962,30-03-2024,Inactive,14,802.09,11229.26,VIP
85198177,Charita Comar,divyashanker@example.org,9.17579E+11,"60/85, Pant Road
Kollam-512597",Jammu,741033,01-04-2023,Premium,6,1666.01,9996.06,Regular
8395343,Ekani Pingle,joshiwarhi@example.com,9.11269E+11,"57/055
Tripathi Ganj
Fatehpur 117481",Bathinda,809596,10-03-2024,New,11,315.99,3475.89,VIP
51557673,Faras Varughese,hemangchhabra@example.net,9.1622E+11,"H.No. 45, Hayer Circle
Varanasi 847363",Mira-Bhayandar,270793,01-08-2023,New,4,510.76,2043.04,Regular
75892474,Baghyawati Ray,sameshissac@example.net,9.15851E+11,"45, Lalla Ganj
Jammu 661842",Guntur,353826,27-08-2023,New,17,564.89,9603.13,VIP
67092149,Daksh Atwal,indiratrivedi@example.com,9.19692E+11,"374, Sehgal Zila
Mysore 291634",Davanagere,619381,16-12-2023,Premium,1,376.48,376.48,Regular
35554129,Darika Natarajan,wahabmisra@example.com,9.15988E+11,"84, Golla
Ghaziabad 458388",Alappuzha,464641,11-08-2024,Premium,15,1226.88,18403.2,VIP
18889370,Mason Atwal,ckashyap@example.org,9.16363E+11,"H.No. 41
Bawa Ganj, Surendranagar Dudhrej-587195",Sri Ganganagar,255117,14-06-2023,Regular,18,598.79,10778.22,VIP
16764246,Aarini Dewan,alkaseshadri@example.net,9.14241E+11,"80/13, Atwal Ganj, Hubli–Dharwad 554031",Pali,638631,28-09-2024,Premium,1,1938.34,1938.34,Regular
43459807,Charan Brahmbhatt,aahanatailor@example.net,9.11379E+11,"555, Batra Chowk, Bhimavaram 413732",Khammam,886183,08-04-2023,Premium,6,1643.67,9862.02,Regular
10857389,Nihal Mital,ipal@example.org,9.13361E+11,"90/44
Kamdar Chowk
Kolkata-447646",Hindupur,893621,29-07-2024,Inactive,9,553.29,4979.61,Regular
59329145,William Guha,lshenoy@example.org,9.12059E+11,"28/86, Bala Ganj
Raipur-127796",Gulbarga,776510,30-08-2024,Regular,19,999.5,18990.5,VIP
31456752,Henry Borah,ramachandrankavya@example.com,9.1642E+11,"H.No. 046, Cherian Road, Jamnagar 499840",Thanjavur,988334,21-06-2024,Premium,16,1337.43,21398.88,VIP
96583772,Ekta Sane,jtank@example.com,9.12168E+11,"H.No. 59, Bava Ganj, Anantapur 847660",Bhatpara,675854,19-11-2023,New,8,690.19,5521.52,Regular
18394558,Dipta Sarraf,yashodalata@example.org,9.15052E+11,"36, Subramanian Circle, Hyderabad 897585",Bareilly,155249,30-12-2023,Regular,2,1186.59,2373.18,Regular
2584499,Shivansh Tata,diya19@example.com,9.14402E+11,"55/121, Grewal Circle, Mehsana-928447",Ludhiana,880262,13-09-2024,Regular,2,1686.86,3373.72,Regular
27709218,Ryan Dhingra,rthaman@example.org,9.17199E+11,"H.No. 69, Kadakia Chowk
Bilaspur-453013",Dindigul,36144,26-04-2024,Regular,18,1872.09,33697.62,VIP
99160348,Jeremiah Sarin,kdada@example.org,9.1957E+11,"982
Nayar Ganj, Haridwar 970636",Siliguri,47733,15-09-2024,Inactive,19,1550.84,29465.96,VIP
55693909,Darsh Pandey,mdugar@example.net,9.1965E+11,"32, Lad Street
Tiruvottiyur 643887",Narasaraopet,15855,27-06-2024,Premium,1,1965.46,1965.46,Regular
31582950,Bhavya Khalsa,advaithtata@example.com,9.14143E+11,"098, Dhawan Chowk, Dhanbad-430781",Jhansi,945972,20-12-2023,New,13,586.75,7627.75,VIP
19482392,Yachana Nath,dnanda@example.net,9.16046E+11,"93, Dalal
Sangli-Miraj & Kupwad-541844",Muzaffarnagar,670607,22-06-2023,Regular,10,1478.75,14787.5,Regular
4862761,Maya Chatterjee,quincyacharya@example.net,9.17319E+11,"45, Sachar Ganj, Imphal 709402",Eluru,153679,31-08-2023,Premium,20,477.19,9543.8,VIP
45804389,Liam Dayal,daksh09@example.net,9.19643E+11,"30, Roy Circle
Naihati-365590",Maheshtala,759825,02-07-2023,Inactive,11,788.1,8669.1,VIP
74179536,Hitesh Ray,amairasodhi@example.net,9.14446E+11,"H.No. 90
Viswanathan Nagar, Deoghar-802762",Nizamabad,835800,14-10-2024,Inactive,18,517.73,9319.14,VIP
91024604,Manbir Devan,ishwarnagi@example.net,9.16331E+11,"86/721
Sekhon
Rajkot 131436",Sambalpur,463411,27-08-2023,Inactive,2,1577.27,3154.54,Regular
31923338,Ishwar Goyal,ejaggi@example.com,9.17811E+11,"H.No. 491, Ram Marg
Belgaum 471793",Yamunanagar,838368,13-03-2024,New,8,1166.83,9334.64,Regular
33574338,Prisha Bahl,venkateshowen@example.org,9.1486E+11,"58/15
Dash Path, Pali-217275",Thiruvananthapuram,139810,12-08-2023,Inactive,8,830.3,6642.4,Regular
82322028,Reyansh Sinha,venkateshdamyanti@example.org,9.13361E+11,"H.No. 674
Narula Street, Nagercoil 295923",South Dumdum,718072,16-07-2023,New,6,1700.56,10203.36,Regular
51812283,Vasana Rajagopalan,ucchal05@example.org,9.19131E+11,"11/03
Dada Chowk
Rajpur Sonarpur 110283",Katni,474877,14-03-2024,Regular,6,1685.52,10113.12,Regular
68419593,Sneha Sodhi,parth81@example.org,9.17985E+11,"H.No. 888
Nagarajan Nagar
Tezpur 275419",Patna,602979,19-10-2023,Inactive,5,1769.51,8847.55,Regular
54205055,Yasti Shukla,moreekaja@example.com,9.18003E+11,"87, Om Ganj
Mirzapur 784887",Junagadh,964252,18-05-2024,Regular,9,1637.67,14739.03,Regular
84456355,Avi Ratti,kallamaya@example.com,9.1457E+11,"11/390
Bava Path, Bhiwani-791996",Karawal Nagar,536746,26-09-2023,New,2,1361.12,2722.24,Regular
93458307,Jalsa Choudhury,yasti36@example.com,9.18159E+11,"H.No. 819
Lal Road
Guwahati 653919",Anand,531962,25-10-2023,Inactive,6,541.59,3249.54,Regular
27304827,Arjun Bhardwaj,jason04@example.org,9.12458E+11,"H.No. 452
Bobal Path, Medininagar-979279",Coimbatore,986968,01-06-2024,Premium,9,1736.28,15626.52,Regular
67302239,Tanvi Bajaj,gpal@example.net,9.10054E+11,"11/16
Sridhar Street
Meerut-931911",Kozhikode,525311,29-10-2023,Regular,7,1463.73,10246.11,Regular
12305040,Guneet Jayaraman,hamsini08@example.org,9.17731E+11,"H.No. 31
Dhillon Street, Panchkula 640027",Noida,910150,20-07-2023,Regular,14,1968.85,27563.9,VIP
43377076,Imaran Krishnan,aryanchoudhary@example.net,9.16922E+11,"46/011
Dhar Zila
Kishanganj 805857",Junagadh,642567,22-09-2023,New,6,720.69,4324.14,Regular
52075070,Vedika Muni,kdate@example.com,9.14611E+11,"62/746
Banik Nagar
Thiruvananthapuram 557615",Kadapa,761787,31-08-2023,Regular,8,638.6,5108.8,Regular
4378755,Oscar Ratta,wguha@example.com,9.16825E+11,"18/375, Ramachandran Circle
Karnal 455818",Pali,583209,10-11-2023,Premium,2,1144.9,2289.8,Regular
67215939,Dominic Viswanathan,tatakala@example.com,9.18298E+11,"31/897
Nigam Zila, Satna-184043",Erode,699508,03-01-2024,New,12,1427.91,17134.92,VIP
13963450,Hemang Kakar,jjhaveri@example.org,9.11401E+11,"H.No. 298, Sanghvi Chowk, Pali 342053",Malegaon,663144,23-03-2024,New,14,1364.82,19107.48,VIP
59009727,Charles Kulkarni,ysahni@example.com,9.13393E+11,"324, Chopra Marg, Bilaspur 405151",Adoni,424255,16-03-2024,New,7,580.22,4061.54,Regular
47274329,Hemal Murthy,ramanathanrajeshri@example.net,9.17461E+11,"20/507
Taneja Chowk, Pondicherry-483122",Ludhiana,831272,12-02-2024,New,7,1898.39,13288.73,Regular
97492493,Alexander Ray,zkalla@example.com,9.11674E+11,"52/62
Srinivasan Marg, Tirupati 141027",Singrauli,867234,26-04-2023,Inactive,8,1310.07,10480.56,Regular
16256136,Panini Mangal,gautambhasin@example.org,9.14464E+11,"88, Aurora Path
Khammam 476253",Aurangabad,36309,09-09-2023,Regular,14,415.01,5810.14,VIP
42209203,Aryan Sundaram,jmahal@example.com,9.19237E+11,"H.No. 22
Saraf Zila, Aligarh 160919",Bangalore,528483,29-03-2024,New,19,1051.3,19974.7,VIP
30767655,Aarnav Issac,onimandal@example.com,9.18546E+11,"H.No. 824
Goel, Miryalaguda-574451",Karnal,942916,05-06-2024,Regular,15,698.87,10483.05,VIP
81605722,Bachittar Morar,vasana79@example.net,9.10621E+11,"H.No. 838, Taneja Nagar
New Delhi 195998",Salem,610584,18-11-2023,Regular,15,856.01,12840.15,VIP
16082651,Amara Sundaram,sehgalsiya@example.net,9.14088E+11,"54, Manda Road
Dehradun 627738",Junagadh,506119,04-11-2023,Regular,14,895.74,12540.36,VIP
52337289,Pooja Mital,jbhargava@example.com,9.17054E+11,"73/053, Sanghvi Zila
Tirupati 939999",Morena,913898,16-06-2023,New,3,1999.83,5999.49,Regular
24644542,Harish Mahajan,darajeet@example.com,9.14676E+11,"H.No. 942, Chaudhry Path
Bhatpara-381499",Tirupati,77875,17-03-2024,New,4,1252.89,5011.56,Regular
72564495,Urmi Badami,quincyanne@example.com,9.16113E+11,"H.No. 19, Ahuja Ganj, Meerut-057290",Gandhidham,140024,13-03-2024,New,11,1015.81,11173.91,VIP
95594611,Dayita Dass,vaidyasuhani@example.org,9.14765E+11,"02/97, Kanda Path, Mangalore-954268",Thiruvananthapuram,280153,09-04-2023,Regular,1,797.28,797.28,Regular
23794330,Nisha Amble,xbhakta@example.net,9.14118E+11,"H.No. 55, Choudhary Chowk
Ongole 045956",Machilipatnam,324950,28-05-2024,Regular,1,822.37,822.37,Regular
1771249,Samesh Devi,osant@example.org,9.12871E+11,"95/77
Merchant Zila
Faridabad-209978",Bathinda,348054,14-04-2023,New,4,790.78,3163.12,Regular
57360162,Aarini Rama,bkuruvilla@example.com,9.16663E+11,"H.No. 10
Pai Chowk
Jorhat 052878",Bally,69036,30-10-2023,Regular,20,607.46,12149.2,VIP
70230254,Hamsini Sandhu,aachalsheth@example.net,9.16746E+11,"16/48, Dyal, Morena 865201",Suryapet,377043,24-12-2023,New,14,1488.42,20837.88,VIP
30285217,Isha Sahni,upalla@example.net,9.12925E+11,"27, Rajan Street
Buxar-287946",Parbhani,275327,23-09-2023,Premium,11,334.01,3674.11,VIP
14428954,Viraj Tank,otalwar@example.com,9.17349E+11,"99, Arora Ganj
Jhansi-873180",Medininagar,607637,22-10-2024,Premium,10,1387.23,13872.3,Regular
9987182,Tristan Hegde,devansh88@example.org,9.11485E+11,"138, Dewan Circle
Kolkata-153958",Darbhanga,35650,21-08-2024,Regular,8,635.99,5087.92,Regular
92636025,Balendra Sidhu,cborah@example.org,9.1885E+11,"53/99, Morar Path
Guntakal-505821",Ambattur,292276,24-09-2024,Inactive,14,1563.87,21894.18,VIP
19771128,Urvashi Bhandari,maxlad@example.net,9.17898E+11,"85/427
Ramesh Road
Alwar-246479",Vijayawada,962095,26-11-2023,Regular,4,1807.2,7228.8,Regular
13122744,Yashvi Dalal,zashilkaran@example.com,9.15292E+11,"H.No. 95
Dasgupta Circle
Sultan Pur Majra 866995",Kalyan-Dombivli,491018,02-02-2024,Regular,5,1616.47,8082.35,Regular
90696847,Balendra Choudhary,vyanjanasharma@example.com,9.15379E+11,"156, Ramanathan Road
Alappuzha 776848",Bathinda,695228,19-09-2023,Regular,6,934.37,5606.22,Regular
44050697,Hemang Ratti,joshuaganesan@example.org,9.14805E+11,"33/729
Kala Street, North Dumdum 647189",Ujjain,97187,28-12-2023,New,16,1312.22,20995.52,VIP
44723662,Veer Dixit,theodore63@example.com,9.1125E+11,"01/67
Dara Circle
Orai 934810",Dhanbad,205626,07-10-2023,Regular,7,272.63,1908.41,Regular
69908484,Kevin Sachar,harita88@example.org,9.14414E+11,"28/698, Divan Ganj, Hindupur 852596",Udupi,819988,08-08-2024,New,8,382.07,3056.56,Regular
82708090,Krishna Seshadri,raghav93@example.net,9.15448E+11,"H.No. 426, Rai Path, Maheshtala 883085",Panvel,210002,01-01-2024,Premium,7,1295.96,9071.72,Regular
83267752,Om Choudhury,gaurav60@example.net,9.10158E+11,"131
Dixit Path
Nashik-762279",Raipur,51420,25-09-2023,New,13,802.85,10437.05,VIP
19259955,Rehaan Borde,dasslila@example.org,9.14779E+11,"H.No. 95
Dutta Ganj, South Dumdum-476520",Nagpur,410844,03-04-2023,Inactive,15,213.69,3205.35,VIP
11616535,Vrinda Bassi,faraschandra@example.net,9.11828E+11,"H.No. 94, Saxena Nagar
Katihar 418163",Tadepalligudem,285899,18-08-2024,Premium,6,1583.56,9501.36,Regular
50557979,Kiaan Naidu,mdeol@example.org,9.1458E+11,"H.No. 478
Rao Nagar, Noida 012414",Khammam,399392,31-03-2024,Premium,6,1557.45,9344.7,Regular
53538932,Quincy Nanda,maya02@example.com,9.19604E+11,"H.No. 57
Mander Ganj
Katni-110592",Thoothukudi,932768,11-05-2023,Premium,9,1763.76,15873.84,Regular
63292875,Guneet Borah,dev66@example.org,9.19335E+11,"094
Kala Zila, Tiruchirappalli-999978",Noida,980046,30-09-2024,Premium,18,1756.08,31609.44,VIP
98858383,Janani Gill,vrinda77@example.org,9.18704E+11,"717, Bahri Zila
Mau 600591",Dehri,875536,31-12-2023,Regular,3,700.22,2100.66,Regular
86715467,Chanakya Bansal,azad10@example.net,9.10711E+11,"19/83, Acharya Marg, Alwar 879724",Amaravati,455609,18-03-2024,Inactive,9,495.2,4456.8,Regular
13197985,Gaurika Balasubramanian,divya22@example.org,9.15071E+11,"H.No. 212
Amble Path
Tiruchirappalli-691683",Nanded,299635,19-04-2023,Premium,19,516.21,9807.99,VIP
85561151,Zinal Dhawan,gulatiedhitha@example.org,9.17813E+11,"65/275, Manne Road, Muzaffarpur-688635",Kanpur,515548,13-08-2024,Regular,12,227.18,2726.16,VIP
94706375,Urishilla Kala,pdin@example.org,9.18235E+11,"H.No. 71
Mand Zila, Rewa 438780",Amravati,691745,05-04-2023,Regular,6,1653.1,9918.6,Regular
53974737,Kiaan Menon,narainojas@example.net,9.16043E+11,"59/09, Shankar Chowk
Guwahati-481373",Panipat,637163,30-10-2023,New,15,672.4,10086,VIP
83039559,Hemang Jain,khuranachanchal@example.net,9.13797E+11,"64/54
Gill Chowk
Pali 227550",Jalgaon,925122,01-07-2023,Premium,5,247.73,1238.65,Regular
98218863,Panini Dua,karurishilla@example.net,9.1726E+11,"98/00
Jhaveri Nagar, Belgaum 313583",Pimpri-Chinchwad,603140,05-06-2023,Regular,10,716.11,7161.1,Regular
54347213,Devansh Prasad,brijesh54@example.org,9.16451E+11,"49/494, Sodhi, Morbi 621218",Lucknow,12673,07-04-2024,Premium,16,1388.04,22208.64,VIP
30065862,Urishilla Hegde,ydeo@example.org,9.104E+11,"H.No. 330
Rana Path, Sagar 712033",Allahabad,911359,02-09-2024,Regular,13,749.95,9749.35,VIP
42615134,Champak Patil,nmall@example.com,9.11527E+11,"19, Sachdev, Bidar 765497",Muzaffarnagar,539257,22-09-2024,Inactive,15,1828.12,27421.8,VIP
94033330,Prisha Tella,joshibalveer@example.org,9.164E+11,"38
Nazareth, Vadodara-354901",Visakhapatnam,609564,25-09-2024,Regular,10,1747.91,17479.1,Regular
64795608,Ishita Mital,aishanikalita@example.com,9.17703E+11,"35/424
Karpe Ganj, Faridabad-080640",Udupi,176996,22-10-2023,New,14,470.99,6593.86,VIP
1662375,Tanmayi Yohannan,indrajitdhillon@example.com,9.14153E+11,"72, Saxena Marg
Bellary-326727",Tiruchirappalli,783266,18-11-2023,New,7,1350.81,9455.67,Regular
91130614,Rayaan Seth,chaman96@example.org,9.1968E+11,"H.No. 542
Amble Ganj
Farrukhabad 572765",Jabalpur,364241,22-06-2023,Inactive,7,528.12,3696.84,Regular
85020453,Hamsini Tripathi,shaurya77@example.com,9.17672E+11,"96/221
Morar Circle, Ambattur 315265",Jaunpur,938416,18-05-2023,Premium,14,1343.69,18811.66,VIP
80875034,Vasatika Palla,maanasrattan@example.com,9.104E+11,"89
Thaker Road, Agra-525317",Mahbubnagar,197561,15-07-2023,Inactive,4,1407.92,5631.68,Regular
72605638,Zansi Nanda,teerth55@example.net,9.18421E+11,"45/445, Jaggi Chowk
Karawal Nagar 883125",Korba,823516,02-09-2024,Inactive,12,983.84,11806.08,VIP
47939657,Idika Sem,johalsiya@example.org,9.13258E+11,"24/46, Kuruvilla Ganj, Gorakhpur-791998",Bhavnagar,6891,01-07-2024,Regular,9,1600.67,14406.03,Regular
35156679,Chakradev Verma,vincent13@example.com,9.10123E+11,"71/96, Amble Circle, Panvel-979863",Etawah,954583,07-01-2024,Premium,8,1412.4,11299.2,Regular
47125914,Yashoda Chacko,ati59@example.com,9.13099E+11,"069, Bath Zila
Aurangabad-968050",Kochi,723520,29-03-2023,Premium,16,1535.12,24561.92,VIP
94713625,Samar Deol,davesathvik@example.com,9.1571E+11,"H.No. 98
Roy Road
Jhansi 989608",Barasat,284684,15-08-2023,Premium,10,1791.16,17911.6,Regular
43066953,Hredhaan Sengupta,upma64@example.net,9.1031E+11,"H.No. 53
Dutta Zila
Raiganj-923965",Bikaner,349157,15-10-2024,Regular,4,323.92,1295.68,Regular
32987624,Dalaja Arora,calebsengupta@example.com,9.12672E+11,"46/767
Chacko Chowk
Arrah 424009",Jabalpur,399897,05-04-2023,Premium,15,902.61,13539.15,VIP
11143197,Siya Mani,malloliver@example.net,9.17821E+11,"50, Yadav Street, Jhansi-806525",Bulandshahr,514698,29-03-2023,Regular,13,778.44,10119.72,VIP
77015367,Oni Bhagat,dominicbhandari@example.com,9.11974E+11,"H.No. 36, Ray Path
Bellary 439994",Chittoor,58142,17-07-2024,Regular,8,288.08,2304.64,Regular
63571453,Praneel Saran,jaggikala@example.com,9.1423E+11,"325, Banik Path
New Delhi-923781",Kanpur,844591,14-05-2023,Premium,1,1367.12,1367.12,Regular
95334407,Krish Sunder,eta37@example.net,9.19128E+11,"H.No. 126
Thaman Ganj
Tinsukia 716227",Cuttack,347212,29-03-2023,Inactive,6,602.09,3612.54,Regular
2400009,Jonathan Korpal,liam03@example.org,9.17088E+11,"22/29, Chowdhury Path, Karimnagar 950098",Amaravati,690370,26-02-2024,Premium,7,1328.35,9298.45,Regular
43519553,Lekha Swamy,bhavnamittal@example.com,9.15147E+11,"53/90
Mukherjee Circle, Rajpur Sonarpur-576874",Mathura,998055,07-02-2024,Premium,18,898.85,16179.3,VIP
91566278,Keya Chadha,gdeo@example.net,9.12704E+11,"18, Sura
Ratlam 964051",Burhanpur,161156,24-09-2024,Premium,5,1953.37,9766.85,Regular
93522848,Mohammed Sahni,takkrishna@example.net,9.13797E+11,"490
Soman Ganj
Bhatpara 521317",Jodhpur,103710,29-10-2023,Inactive,20,1875.27,37505.4,VIP
48776805,Prisha Sanghvi,laleta@example.net,9.15013E+11,"52/809
Hegde Marg
Satara-825467",Alwar,612480,01-06-2023,Premium,1,351.38,351.38,Regular
6061349,Gautami Trivedi,iryasarin@example.org,9.18376E+11,"H.No. 03
Dasgupta Marg
Ozhukarai 426511",Haldia,987109,17-03-2024,Regular,17,332.03,5644.51,VIP
49617531,Vamakshi Pradhan,thomassanghvi@example.com,9.11748E+11,"71/92, Bajwa Path
Morbi-309555",Firozabad,856856,19-03-2024,Inactive,12,1346.9,16162.8,VIP
25915909,Gaurangi Singh,wallavasudha@example.com,9.19054E+11,"H.No. 903, Nagi Circle
Raipur-607118",Bhimavaram,638420,18-01-2024,New,18,1155.71,20802.78,VIP
2058037,Yutika Badal,biswastamanna@example.org,9.1978E+11,"H.No. 88, Konda Chowk
Ahmednagar 017628",Rajkot,493628,17-11-2023,Inactive,11,1797.02,19767.22,VIP
43307488,Jagrati Prabhu,choudharybalhaar@example.org,9.15597E+11,"72/18, Munshi Zila, Jamalpur 838235",Bhatpara,793361,06-08-2023,Regular,1,1036.29,1036.29,Regular
58513300,Hemal Mammen,farajwason@example.org,9.15425E+11,"129, Seth, Mirzapur 807650",Jodhpur,245873,25-09-2023,Premium,1,664.85,664.85,Regular
41146001,Nirja Prasad,mahallaban@example.net,9.17081E+11,"H.No. 97, Bhat Zila
Sonipat 701585",Belgaum,160105,12-07-2023,Regular,5,934.23,4671.15,Regular
89910157,Dayamai Ray,jdate@example.com,9.12655E+11,"775, Nayak Street, Patna-218169",Khandwa,166001,19-03-2023,New,5,1859.93,9299.65,Regular
33608451,Lohit Dugar,vgera@example.net,9.12059E+11,"666, Magar Street
Udupi 424461",Madurai,317235,19-05-2023,Inactive,5,774.65,3873.25,Regular
58214883,Udant Grover,cnarayan@example.com,9.15768E+11,"79/852
Nadkarni
Panchkula 391511",Darbhanga,871302,05-05-2024,Regular,11,229.17,2520.87,VIP
2875442,Arunima Vyas,buchayushman@example.net,9.15969E+11,"176, Krishnamurthy
Ramgarh 170370",Bettiah,68994,19-07-2023,Premium,19,1858.8,35317.2,VIP
83660688,Gopal Dube,aditya26@example.com,9.17216E+11,"52/64, Koshy Circle
Hapur 029532",Kottayam,317201,13-07-2024,Premium,1,1768.23,1768.23,Regular
9650263,Samar Vasa,gpadmanabhan@example.com,9.10523E+11,"01/76
Mani Road
Chittoor-256884",Gandhidham,40161,24-04-2023,New,5,843.98,4219.9,Regular
36517334,Ria Dua,akshay40@example.com,9.19591E+11,"16/46
Karan Nagar, Karaikudi 841373",Naihati,886615,30-03-2024,Premium,19,1603.14,30459.66,VIP
1989720,Anusha Bahri,hemanginigour@example.org,9.17371E+11,"H.No. 78, Memon Marg, Bettiah-165769",Saharanpur,232753,10-11-2023,Inactive,6,239.76,1438.56,Regular
68486301,Bachittar Misra,kallaneel@example.net,9.13418E+11,"53/56, Sandhu Road, Kharagpur-982343",Kanpur,146326,26-04-2023,Inactive,10,205.49,2054.9,Regular
2134827,Vasudha Kalita,zaitra93@example.org,9.11089E+11,"21/239
Bedi, Bettiah-618106",Ambarnath,863663,22-10-2023,New,10,1710.75,17107.5,Regular
67896836,Om Murty,cmittal@example.net,9.1135E+11,"H.No. 14
Batra Marg
Shahjahanpur 432714",Gulbarga,976912,16-09-2024,New,15,469.03,7035.45,VIP
98152679,Geetika Arora,kurianlakshit@example.net,9.10845E+11,"H.No. 84, Rama
Chapra-101291",Thiruvananthapuram,917590,01-08-2024,Regular,1,583.12,583.12,Regular
6812439,Vasana Mand,prakashvrinda@example.net,9.19207E+11,"17/04
Balakrishnan Nagar, Raiganj 562478",Bhalswa Jahangir Pur,940482,17-10-2024,Premium,1,938.29,938.29,Regular
90038364,Upadhriti Chand,ybawa@example.com,9.15571E+11,"H.No. 860, Jain Zila, Aizawl-045836",Ozhukarai,733321,18-03-2024,Regular,17,650.89,11065.13,VIP
47215976,Jasmit Ganesh,urishillajain@example.org,9.12532E+11,"H.No. 771, Sha Circle, Korba 949390",Jalna,91065,25-09-2024,Premium,9,842.83,7585.47,Regular
74840437,Rachit Arya,sarmachatresh@example.net,9.10841E+11,"730, Sama Road, Bhopal-485906",Korba,807661,10-03-2024,Inactive,1,330.17,330.17,Regular
10418604,Xavier Agrawal,lopaagrawal@example.org,9.19789E+11,"10, Sangha Street, Bharatpur-212237",Gandhidham,850794,11-04-2024,New,15,501.27,7519.05,VIP
65514005,Ekapad Kuruvilla,yatinsoni@example.com,9.15894E+11,"H.No. 48, Dora Marg
Jamshedpur-323719",Dhanbad,615240,21-07-2023,Regular,16,266.6,4265.6,VIP
1479065,Keya Grover,vbalakrishnan@example.org,9.1257E+11,"179, Sekhon Ganj
Gurgaon-532079",Bokaro,717396,09-02-2024,New,17,1597.83,27163.11,VIP
87641623,Isaac Rattan,iborde@example.org,9.16799E+11,"H.No. 71
Pant Street, Haldia 203973",Bulandshahr,795752,25-09-2023,Regular,11,1243.23,13675.53,VIP
34381941,Oeshi Thaman,bahriishanvi@example.net,9.13237E+11,"42, Sawhney Marg, Bhubaneswar-711454",Malegaon,348234,13-07-2023,Inactive,10,1753.38,17533.8,Regular
81822494,Dominic Verma,lucky44@example.org,9.1083E+11,"540, Chandra Path, Dehradun-294311",Sri Ganganagar,342395,14-07-2024,New,9,1284.68,11562.12,Regular
97191387,Chavvi Bhatia,vmall@example.org,9.19267E+11,"43/75
Dalal Ganj, Moradabad-771813",Madurai,866334,03-06-2023,Premium,3,853.44,2560.32,Regular
25795941,Urishilla Dhillon,ryanbath@example.com,9.12108E+11,"04, Barman Street, Bhind 281577",Bhalswa Jahangir Pur,311683,14-04-2024,Regular,10,765.4,7654,Regular
97825663,Upadhriti Sha,pahalsaini@example.com,9.10311E+11,"241, Bakshi Marg, Tadipatri 896705",Udaipur,719362,19-06-2023,Regular,8,527.59,4220.72,Regular
19966989,Varsha Dutt,hritik00@example.com,9.18349E+11,"33/377, Hayer Marg
Khammam 556674",Secunderabad,441105,06-03-2024,Premium,2,1737.1,3474.2,Regular
57967753,Lila Tailor,bchoudhury@example.com,9.1282E+11,"96/52
Prasad Chowk, Sambalpur-169998",Davanagere,869884,11-01-2024,Premium,20,203.28,4065.6,VIP
10694081,Faris Raval,neel30@example.net,9.12433E+11,"H.No. 668, Rama Chowk
Tiruchirappalli-877111",Meerut,568324,02-10-2023,Regular,16,769.13,12306.08,VIP
4356173,Jalsa Khatri,mahajanbakhshi@example.org,9.11964E+11,"48, Patla Ganj, Avadi 838391",Rajkot,763603,10-09-2024,New,9,1838.56,16547.04,Regular
87266309,Yachana Sethi,dashneel@example.com,9.12738E+11,"63/721, Gala, Rourkela 611895",Agra,173328,17-11-2023,Regular,19,1097.48,20852.12,VIP
65134271,Ansh Singh,damyantiwalia@example.net,9.13393E+11,"H.No. 928
Dugar
Silchar-434394",Ajmer,108582,18-12-2023,Premium,19,1433.53,27237.07,VIP
11928321,Nikita Palan,hdivan@example.net,9.14092E+11,"H.No. 09, Dave Street, Kochi-481440",Maheshtala,554594,30-06-2024,Inactive,17,1770.94,30105.98,VIP
32527479,Nidhi Varkey,krishakaul@example.org,9.15761E+11,"H.No. 901
Pau Ganj, Munger-041682",Jorhat,597322,04-11-2023,Regular,19,896.82,17039.58,VIP
47275378,Aarav Dar,amruta30@example.net,9.16663E+11,"H.No. 24, Lata Street, Ahmedabad 581000",Ahmednagar,572351,16-03-2023,Premium,3,623.26,1869.78,Regular
9246851,Aarush Dixit,psandal@example.com,9.10245E+11,"H.No. 942
Rajagopal Path
Dharmavaram-327499",Ujjain,317869,10-10-2024,New,10,1574.34,15743.4,Regular
12402437,Kamala Rama,raymegha@example.net,9.10025E+11,"63
Mallick Chowk
Lucknow 415089",Rajahmundry,126465,29-06-2024,New,14,1580.62,22128.68,VIP
95382317,Aradhana Sen,indiraseshadri@example.com,9.1415E+11,"790, Tata Marg
Asansol-472717",Patiala,466894,20-05-2024,New,14,940.85,13171.9,VIP
19523014,Neha Shroff,vaishnaviravi@example.net,9.16854E+11,"86/05
Dutt, Proddatur-587012",Ongole,419857,24-02-2024,New,14,679.5,9513,VIP
2188994,Bimala Mitra,uarora@example.net,9.19473E+11,"01/27
Murthy Circle
Ratlam 179286",Patiala,635527,26-10-2023,Inactive,6,484.51,2907.06,Regular
31328762,Vanya Sanghvi,banikishita@example.net,9.11933E+11,"H.No. 98
Balasubramanian Path
Jamshedpur 087164",Durg,198685,08-03-2024,Premium,5,941.9,4709.5,Regular
39354312,Chatresh Andra,gmorar@example.net,9.1897E+11,"H.No. 599, Saran Street, Guwahati-654856",Kulti,154452,22-09-2023,Premium,4,1599.19,6396.76,Regular
17939362,Anjali Yogi,utkarshratti@example.com,9.18381E+11,"H.No. 066
Bhavsar Nagar, Darbhanga 347239",Noida,745281,11-02-2024,Inactive,17,496.59,8442.03,VIP
12755730,Indrajit Mahal,padmanabhanharshil@example.org,9.11182E+11,"76
Ben Path, Thanjavur-431970",Howrah,473540,20-08-2023,Regular,8,748.43,5987.44,Regular
64562786,Neel Sankar,krishadvika@example.com,9.11836E+11,"98
Chhabra Street, Hazaribagh-482791",Firozabad,785077,13-03-2024,Inactive,19,1483.65,28189.35,VIP
18771682,Nitara Sur,lohitsarraf@example.com,9.17036E+11,"937
Suresh Ganj, Karawal Nagar-054361",Shivpuri,865499,11-07-2023,Premium,12,1420.99,17051.88,VIP
18170800,Anamika Sur,rhayre@example.net,9.16868E+11,"57
Chakraborty Path
Bidhannagar 065607",Mathura,501272,02-07-2024,Regular,12,1972.81,23673.72,VIP
31914222,Rajeshri Lad,uraj@example.org,9.17055E+11,"89, Oza Circle, Chandrapur-723479",Bhilwara,757778,29-09-2024,Inactive,4,380.49,1521.96,Regular
29095552,Gunbir Vala,sathvikbala@example.com,9.11939E+11,"49/46
Mangal
Morena-353261",Amritsar,893254,19-04-2023,Inactive,17,1617.63,27499.71,VIP
13415362,Tristan Grover,diyakuruvilla@example.org,9.1116E+11,"H.No. 96
Randhawa Path, Morena 357169",Dibrugarh,460303,25-06-2023,Inactive,2,978.88,1957.76,Regular
13284996,Irya Dayal,shamanbir@example.org,9.14376E+11,"H.No. 614, Sehgal Path
Akola-450080",Phagwara,363237,11-04-2024,Regular,9,449.79,4048.11,Regular
3410758,Qabil Salvi,gandhibhavya@example.net,9.18055E+11,"16/72, Jhaveri Road
Hubli–Dharwad 657248",Hazaribagh,293062,16-07-2023,Regular,1,1892.51,1892.51,Regular
14330483,Vasatika Konda,kaurishwar@example.org,9.17211E+11,"H.No. 63
Iyer
Sangli-Miraj & Kupwad-906471",Durgapur,943453,04-08-2023,Premium,12,538.66,6463.92,VIP
95768401,Jyoti Pau,varughesedayamai@example.org,9.12485E+11,"14/790, Ramesh Nagar
Amravati 506114",Kadapa,760525,03-11-2024,Inactive,8,590.36,4722.88,Regular
57662767,Lila Chakraborty,birhemangini@example.org,9.17149E+11,"65/74
Lad Zila, Ulhasnagar-281824",Kalyan-Dombivli,652094,21-10-2023,Premium,10,403.61,4036.1,Regular
51387106,Nandini Devi,xitigour@example.net,9.16147E+11,"26
Jain Circle, Gaya-053431",Jamalpur,902417,15-10-2023,New,15,615.8,9237,VIP
89995124,Gauri Butala,ranveeranne@example.org,9.15746E+11,"890, Sastry, Narasaraopet-405280",Muzaffarpur,833041,29-10-2023,Premium,6,995.42,5972.52,Regular
73660582,Timothy Bhalla,simonmurty@example.net,9.1243E+11,"H.No. 08, Upadhyay Street, Mathura-083468",Agra,457942,20-10-2024,Premium,18,1045.53,18819.54,VIP
70459847,Krish Shankar,mekhalasaraf@example.org,9.17738E+11,"53/713, Raghavan Street
Bhilwara-021410",Bhopal,973977,29-08-2024,Premium,12,324.58,3894.96,VIP
3999964,Ansh Minhas,nbir@example.net,9.11642E+11,"H.No. 82, Madan Road
Jalandhar-138003",Orai,33590,08-08-2023,Premium,15,1147.01,17205.15,VIP
39674723,Advika Keer,khatriayushman@example.net,9.19787E+11,"H.No. 211, Mitra Chowk
Solapur 253328",Bettiah,813010,05-08-2024,New,3,765.19,2295.57,Regular
23448955,Pranit Gade,kamdarhemang@example.com,9.14579E+11,"87/17, Gola Circle
Narasaraopet-044900",Raebareli,185824,12-10-2024,Premium,13,1201,15613,VIP
76971644,Banjeet Pal,jaggigaurang@example.net,9.18326E+11,"93/149, Bumb Chowk, Guwahati 790333",Thoothukudi,796020,20-09-2024,Inactive,20,1812.27,36245.4,VIP
81382213,Victor Khurana,jkaur@example.org,9.14182E+11,"92/411
Kannan Nagar, Tirunelveli 887984",Burhanpur,952694,18-05-2024,Inactive,9,845.85,7612.65,Regular
21456226,Indrajit Mitra,yauvani00@example.net,9.17975E+11,"342
Hans
Bathinda-978162",Adoni,626620,21-07-2023,New,18,980.16,17642.88,VIP
46378942,Oscar Kurian,vedhikanarasimhan@example.com,9.18233E+11,"64/29, Lalla Road, Kolhapur 461306",Chandigarh,319915,20-11-2023,Premium,1,1768.04,1768.04,Regular
12088552,Aditya Barman,draj@example.org,9.12767E+11,"17/59, Dutta Street, Siwan 346894",Patiala,82581,17-04-2023,Premium,3,1137.83,3413.49,Regular
18642306,Wazir Bahl,jsunder@example.com,9.13152E+11,"16/718, Kanda Chowk, Meerut 856894",Tinsukia,877253,21-12-2023,Inactive,12,1802.63,21631.56,VIP
11387110,Om Sastry,aishani38@example.com,9.15717E+11,"H.No. 413, Char Nagar, Mehsana-538034",Coimbatore,14359,17-08-2023,Premium,8,1303.37,10426.96,Regular
51341672,Aarna Mital,ghoshlavanya@example.org,9.19571E+11,"H.No. 75
Bobal Path
Hajipur 676112",Bhagalpur,789995,03-04-2024,Regular,10,1898.18,18981.8,Regular
79630614,Nikita Misra,rachanabadal@example.net,9.19319E+11,"47/23, Tripathi Path
Vadodara-629791",Sasaram,880263,13-07-2024,Regular,3,362.45,1087.35,Regular
76602787,Qasim Chandra,pavanijaggi@example.org,9.19034E+11,"H.No. 07, Guha Marg
Deoghar 511184",Mehsana,856383,07-04-2024,New,9,1683.71,15153.39,Regular
50630016,Max Ranganathan,aaravkhosla@example.org,9.17735E+11,"47
Ramesh Ganj, Lucknow-952273",Unnao,926172,22-08-2023,Inactive,17,1445.33,24570.61,VIP
85354059,Anamika Dugar,borahansh@example.net,9.11797E+11,"H.No. 245
Vora Marg
Ambattur-417585",Begusarai,887933,20-08-2023,Premium,2,672.87,1345.74,Regular
30188374,Naveen Chakrabarti,manbir37@example.org,9.104E+11,"01, Ramakrishnan Ganj, Bhavnagar-851185",Haldia,400684,28-03-2024,New,15,915.53,13732.95,VIP
13760839,Anvi Savant,yashvi72@example.org,9.14497E+11,"H.No. 661, Dora Street
Surat 406513",Guwahati,412928,23-08-2023,Premium,17,444.89,7563.13,VIP
12455156,Ijaya Agrawal,anirudh89@example.com,9.10403E+11,"51, Kari Nagar, Tenali-778804",Eluru,317047,03-04-2023,Inactive,16,1139.56,18232.96,VIP
13604883,Siddharth Kata,mvaidya@example.com,9.14261E+11,"80/102
Raj Marg, Tadipatri-190103",Karimnagar,638908,23-09-2024,Premium,17,1659.88,28217.96,VIP
69240186,Triya Memon,ssoman@example.org,9.19926E+11,"83/387
Shankar Chowk, Suryapet 985417",Kottayam,850470,16-04-2024,Regular,8,884,7072,Regular
57765367,Advika Sundaram,shivani60@example.net,9.16679E+11,"92, Handa Street
Jehanabad-548704",Sultan Pur Majra,221493,26-01-2024,Premium,1,1296.69,1296.69,Regular
97928541,Pratyush Peri,vasudha09@example.com,9.10426E+11,"40/020
Krish Circle
Amaravati 137329",Tiruchirappalli,917035,27-06-2023,New,4,1838.77,7355.08,Regular
31718565,Andrew Wable,jackson06@example.org,9.13875E+11,"77, Dhar Zila
Kozhikode-400515",Durgapur,16828,29-05-2024,Regular,6,245.16,1470.96,Regular
76438648,Faraj Radhakrishnan,sandalpanini@example.org,9.16669E+11,"H.No. 17, Aurora Street
Ujjain 452078",Dewas,418024,10-04-2023,New,6,854.68,5128.08,Regular
36146306,Aryan Ghose,brahmbhattvihaan@example.net,9.13834E+11,"422
Salvi
Panchkula 451977",Pallavaram,767176,10-11-2023,Regular,19,828.14,15734.66,VIP
87160527,Gautam Ravel,pandyazaitra@example.org,9.11326E+11,"729, Acharya
Unnao 554182",Bulandshahr,720320,09-10-2024,New,6,1966.02,11796.12,Regular
1108176,Charita Chad,ekantika51@example.com,9.19496E+11,"99/756, Gour Marg
Suryapet-685926",Bhalswa Jahangir Pur,902052,27-07-2023,Premium,20,1460.76,29215.2,VIP
83610315,Nachiket Roy,wsangha@example.net,9.18837E+11,"17/829, Garg Circle, Kirari Suleman Nagar 040091",Shahjahanpur,632904,31-07-2023,Inactive,16,376.5,6024,VIP
24043135,Edhitha Bassi,chavvijohal@example.com,9.19376E+11,"39/739
Nanda Zila
Secunderabad-753649",Bijapur,339705,01-10-2024,Inactive,15,1681.39,25220.85,VIP
84448310,Ati Lad,tanmayi18@example.org,9.10042E+11,"07/725
Warrior Path
Chittoor 204154",Mumbai,109591,28-09-2024,Regular,16,282.58,4521.28,VIP
59769142,Pooja Bajaj,ijaya43@example.com,9.17214E+11,"21/95
Merchant Street
Katni-296822",Bellary,208439,01-03-2024,New,4,718.4,2873.6,Regular
90753712,Amruta Bhatt,hkant@example.net,9.1597E+11,"50/595, Mall Nagar
Bhusawal 169200",Dharmavaram,22174,24-06-2024,Regular,4,1408.03,5632.12,Regular
38748727,Raghav Nath,bmani@example.net,9.18239E+11,"H.No. 560
Dass Nagar, Kota-609570",Tiruchirappalli,573755,04-08-2024,New,4,495.67,1982.68,Regular
45033270,Manan Chandran,keermugdha@example.org,9.18837E+11,"64
Padmanabhan Path
Bulandshahr 387848",Thanjavur,372814,28-04-2024,New,15,252.26,3783.9,VIP
6459100,Shivansh Mand,gaurav29@example.com,9.10123E+11,"145, Arora Ganj
Karaikudi-304218",Agra,85316,04-10-2024,Premium,19,1193.57,22677.83,VIP
60904312,Jagdish Badami,isha60@example.com,9.11522E+11,"588, Dass
Kakinada 672163",Mumbai,503282,04-06-2024,Regular,20,564.73,11294.6,VIP
98225598,Neelima Som,gyohannan@example.com,9.10109E+11,"824
Narasimhan
Malda 057726",Sambalpur,731095,12-05-2023,Premium,9,1190.21,10711.89,Regular
31813,Indrajit Pau,wakeetasehgal@example.com,9.11786E+11,"66, Vora Chowk
Maheshtala 376030",Sultan Pur Majra,666762,10-04-2024,Regular,18,1230.75,22153.5,VIP
79135318,Amaira Issac,zayyankala@example.org,9.18436E+11,"06/34, Sha Marg, Mango-359050",Saharanpur,317779,14-06-2023,Inactive,17,454.3,7723.1,VIP
99627097,Amara Narayanan,yatin58@example.net,9.17346E+11,"H.No. 17
Uppal Marg
Danapur 126611",Raiganj,437954,19-03-2023,New,10,1085.49,10854.9,Regular
90919603,Priya Chaudry,osaraf@example.com,9.18986E+11,"29/035
Walia Path, Kulti 693931",Howrah,82827,14-11-2023,Regular,10,555.97,5559.7,Regular
46741896,Jagvi Patla,faras93@example.net,9.15374E+11,"838
Arya, Nanded 274834",Mango,656521,21-10-2023,Premium,13,1518.23,19736.99,VIP
58942207,Krisha Sama,agarwalrohan@example.org,9.13188E+11,"H.No. 86, Goel, Bijapur 190889",Patna,861467,05-07-2024,Regular,8,525.9,4207.2,Regular
86839058,Kashvi Sarma,samuel91@example.org,9.11494E+11,"H.No. 860, Agate Ganj
Medininagar 205852",Ujjain,72586,19-06-2024,Regular,5,1953.24,9766.2,Regular
82179338,Isha Dugar,adya37@example.net,9.14121E+11,"60, Bakshi Circle, Tezpur-857578",Ulhasnagar,370025,17-03-2023,New,12,1775.89,21310.68,VIP
1342184,Girish Sem,krao@example.com,9.19415E+11,"783
Nigam Circle, Karawal Nagar-701964",Dehradun,774395,25-10-2024,Inactive,20,1893.83,37876.6,VIP
76604145,Nidra Agate,ayushbobal@example.org,9.12149E+11,"42/473, Mistry Chowk
Chittoor 860495",Rourkela,767461,22-03-2023,Regular,14,1276.88,17876.32,VIP
37702698,Joshua Bajaj,theodoretalwar@example.com,9.12404E+11,"99, Narayanan Street
Shivpuri 766228",Bareilly,845884,13-11-2023,New,12,1727.41,20728.92,VIP
3786105,Ojas Sankaran,jyoti35@example.net,9.18374E+11,"H.No. 66
Mahajan Chowk, Yamunanagar 911948",Kirari Suleman Nagar,288478,02-06-2024,New,13,1172.32,15240.16,VIP
64535602,Faris Mahajan,calebbhargava@example.net,9.12643E+11,"H.No. 758, Krishna Zila
Sagar-352638",Jalgaon,236937,09-08-2023,Inactive,13,1816.18,23610.34,VIP
29525287,Theodore Dhar,sachidutt@example.net,9.13788E+11,"H.No. 736, Brar Street
Darbhanga-292274",Bhimavaram,891343,16-11-2023,Premium,15,1976.98,29654.7,VIP
1683786,Urvashi Balan,simonkade@example.org,9.16376E+11,"02/23
Dube Street, Bhagalpur 402715",Hajipur,775942,12-09-2023,Regular,14,776.52,10871.28,VIP
73586244,Netra Oak,manbir86@example.net,9.19202E+11,"H.No. 340
Kala Path, Bikaner-738975",Erode,392999,28-02-2024,New,1,377.07,377.07,Regular
26805477,Xavier Hans,doctoraradhana@example.org,9.12459E+11,"H.No. 02, Deep Ganj
Firozabad 664104",Sambhal,593073,28-05-2024,New,18,1148.4,20671.2,VIP
73679086,Tarak Divan,ranbir07@example.org,9.1253E+11,"324, Shanker
Ludhiana 440403",Dibrugarh,181712,12-07-2023,New,16,1297.47,20759.52,VIP
59677346,Falak Reddy,gopalmody@example.com,9.14768E+11,"78/69
Majumdar Nagar, Tumkur 014721",Bongaigaon,483994,02-11-2024,Inactive,2,502.96,1005.92,Regular
81528623,Qasim Hans,dbains@example.net,9.15373E+11,"34
Rai Zila
Proddatur-395778",Jamshedpur,156998,08-06-2024,Premium,3,957.94,2873.82,Regular
38420886,Nidra Date,uhora@example.org,9.10156E+11,"H.No. 06, Talwar Ganj
Singrauli 304396",Sonipat,695663,08-04-2023,New,20,1180.95,23619,VIP
12302179,Nikita Nagi,shettyradha@example.com,9.11629E+11,"03/92, Karpe Road, Firozabad-215941",Tumkur,702467,01-02-2024,Premium,15,246.73,3700.95,VIP
88164280,Saumya Barman,nakul83@example.com,9.16048E+11,"03
Iyer Nagar
Bhatpara-765591",Thane,413547,09-09-2024,Regular,11,745.22,8197.42,VIP
74735607,Naksh Amble,aadhyabhalla@example.com,9.19975E+11,"94, Goda Street
Satna 920950",Raipur,474552,30-12-2023,Inactive,6,935.8,5614.8,Regular
42514124,Bakhshi Sodhi,tsuri@example.org,9.11512E+11,"461, Kashyap Street, Anand-025146",Bally,107629,10-05-2023,Inactive,7,1958.97,13712.79,Regular
13071673,Ijaya Bir,tkalla@example.com,9.19432E+11,"02/685, Dar Street
Mathura 835017",Jhansi,491822,27-04-2024,Regular,17,1208.04,20536.68,VIP
68196920,Vasana Tripathi,faras32@example.com,9.12274E+11,"377, Wason Street
Chittoor 121927",Rewa,437649,29-10-2023,Regular,15,1810.28,27154.2,VIP
26844216,Yochana Babu,sibalmaya@example.com,9.17007E+11,"H.No. 593
Mangat Street
Nagpur-588651",Pali,245058,07-06-2024,Premium,16,927.07,14833.12,VIP
38780509,Ira Guha,haritabasu@example.com,9.12187E+11,"55
Zachariah Road
Jaunpur 869945",Ongole,715292,11-05-2024,Regular,3,1238.37,3715.11,Regular
3292927,Nisha Iyer,vdalia@example.org,9.10256E+11,"H.No. 13, Dash Path, Bhatpara-468793",Rewa,320465,12-01-2024,New,6,1795.72,10774.32,Regular
28991365,Avi Menon,rachitapandey@example.com,9.17704E+11,"04/26
Narain Street, Meerut-759858",Jamnagar,449419,20-03-2024,New,20,459.1,9182,VIP
39999278,Chandresh Khare,agarwalladli@example.org,9.11678E+11,"177
Bath Road, Rajpur Sonarpur 549727",Baranagar,594349,02-08-2024,New,8,664.22,5313.76,Regular
86050297,Vincent Sahni,bhardwajwidisha@example.com,9.1763E+11,"954, Dubey Ganj
Siliguri 525261",Sikar,756155,15-04-2023,Inactive,16,941.51,15064.16,VIP
86045277,Umang Pai,ykeer@example.org,9.18186E+11,"14/995, Aurora Chowk, Unnao-559200",Mau,229457,15-08-2024,New,8,1065.84,8526.72,Regular
88167544,Fariq Chawla,nachiketgrewal@example.org,9.17327E+11,"464
Toor Marg, Amroha 537677",Mirzapur,766641,15-04-2023,New,10,1097.35,10973.5,Regular
75984768,Dev Deshpande,tsarkar@example.org,9.12325E+11,"H.No. 186
Kala Road
Gurgaon 751287",Guwahati,737567,05-08-2024,Regular,14,1723.2,24124.8,VIP
15144290,Omkaar Swamy,ekaraj66@example.org,9.18175E+11,"H.No. 375
Mangal Marg
Ludhiana-653677",Nizamabad,789273,17-10-2024,New,19,436.35,8290.65,VIP
52279849,Henry Sawhney,sidhuyashodhara@example.net,9.17679E+11,"493, Kuruvilla, Erode 325603",Anantapur,169958,10-07-2024,Regular,17,585.08,9946.36,VIP
81160474,Adweta Gokhale,upkaar63@example.net,9.19859E+11,"H.No. 601
Halder Street
Sri Ganganagar 570259",Aizawl,841396,02-08-2023,Premium,19,447.55,8503.45,VIP
84361534,Ansh Agrawal,ayush35@example.net,9.16376E+11,"155, Bal Zila
Hyderabad-668727",Narasaraopet,332324,24-07-2024,Regular,1,438.19,438.19,Regular
53025962,Sai Mandal,narangsai@example.org,9.17246E+11,"H.No. 575, Borah Marg
Salem-633370",Dibrugarh,95444,13-06-2024,Premium,10,324.92,3249.2,Regular
83404008,Pooja Chaudhary,kuruvillabhanumati@example.net,9.16417E+11,"H.No. 88
Nayar Circle
Aizawl-692199",Berhampore,573140,17-09-2024,New,5,1391.13,6955.65,Regular
81959925,Aarav Gopal,indalikapur@example.org,9.10925E+11,"84/47
Banik Ganj, Solapur 423436",Durgapur,158515,11-10-2023,Inactive,1,1888.83,1888.83,Regular
76850859,Harita Bir,rajata75@example.net,9.11213E+11,"71/50, Saini Street
Bhubaneswar-356727",Berhampur,103202,29-12-2023,Inactive,19,468.79,8907.01,VIP
11705793,Tripti Barad,natarajanfaris@example.org,9.153E+11,"H.No. 502, Chhabra Zila
Ramagundam 546778",Dindigul,645810,12-04-2024,New,18,1164.81,20966.58,VIP
62068277,Zarna Shetty,kumerzansi@example.org,9.13152E+11,"H.No. 12, Kale Chowk
New Delhi 521199",Hosur,397881,03-03-2024,Regular,6,1515.17,9091.02,Regular
9048817,Bhavika Banik,jkhurana@example.org,9.16309E+11,"H.No. 866, Reddy Zila, Surat 956469",Udaipur,205466,08-05-2023,Inactive,1,222.89,222.89,Regular
31619915,Joshua Trivedi,dnair@example.net,9.12054E+11,"75/382, Sengupta Ganj
Madurai-669210",Gandhinagar,297641,09-06-2024,New,13,722.45,9391.85,VIP
42872865,Vasatika Chatterjee,ishwar92@example.com,9.18246E+11,"80/255
Nori Marg
Tinsukia-515901",Bulandshahr,876401,09-10-2023,Inactive,14,976.81,13675.34,VIP
81906973,Oliver Wagle,siddharth54@example.com,9.14041E+11,"52/226
Gopal Circle, Machilipatnam-015697",Loni,114641,16-08-2023,New,20,218.78,4375.6,VIP
82286908,Oliver Sengupta,wallawriddhish@example.org,9.11247E+11,"30/07, Varghese Street, Nadiad-719989",Vasai-Virar,414399,24-06-2024,New,16,713.26,11412.16,VIP
1174162,Anirudh Vig,hema05@example.com,9.13087E+11,"46/798
Sangha
Silchar 248580",Guna,413955,02-07-2023,Premium,12,1255.44,15065.28,VIP
62323608,Ekansh Bains,bgoyal@example.net,9.12095E+11,"08/545
Seshadri Nagar, Deoghar 100024",Nandyal,537361,09-08-2023,New,2,1446.34,2892.68,Regular
72857290,Krishna Aggarwal,mahikakala@example.net,9.12668E+11,"H.No. 43, Devan Street
Barasat 071684",Sasaram,9157,20-09-2023,Inactive,13,1806.01,23478.13,VIP
21784094,Lakshit Rai,jagdish68@example.com,9.19072E+11,"07/299, Shenoy Circle
Raipur 072826",Bareilly,284389,18-05-2024,Regular,17,1530.19,26013.23,VIP
82529927,Yoshita Jain,omyapadmanabhan@example.com,9.1156E+11,"53, Iyer Ganj
Sangli-Miraj & Kupwad 327741",Chinsurah,934156,03-04-2024,Inactive,3,587.28,1761.84,Regular
14994388,Charles Wason,wrao@example.com,9.16589E+11,"533
Jhaveri Marg
Bharatpur-930354",Gwalior,941934,29-04-2024,Premium,20,1782.84,35656.8,VIP
54216497,Mohini Pandya,turvisani@example.com,9.17593E+11,"H.No. 599, Srivastava Road
Shimoga-070708",Guwahati,44806,07-07-2024,New,13,1881.19,24455.47,VIP
80796977,Nicholas Chandra,issacgeorge@example.com,9.12151E+11,"62/330, Mammen Marg, Kamarhati-528007",Deoghar,659205,28-06-2024,Premium,7,1170.84,8195.88,Regular
31681710,Udant Prabhakar,nachiket85@example.net,9.14378E+11,"H.No. 30, Gole Chowk, Faridabad-856742",Panchkula,728463,06-01-2024,Regular,15,223.11,3346.65,VIP
47955004,Mohini Sidhu,wmitter@example.net,9.15246E+11,"249, Krishnan Path, Bhubaneswar 211635",Kollam,204587,21-08-2023,Inactive,6,1681.52,10089.12,Regular
23126657,Ekiya Sekhon,ochakraborty@example.org,9.10823E+11,"00
Talwar Path
Silchar 399086",Bahraich,52603,23-04-2023,Premium,1,1034.23,1034.23,Regular
91973128,Advik Hayre,guneetwable@example.com,9.12755E+11,"78, Deshmukh Road, Gulbarga 580534",Karnal,645358,01-07-2024,Premium,15,989.8,14847,VIP
22915611,Rishi Minhas,watikamemon@example.com,9.15848E+11,"H.No. 66
Goyal, Noida 071135",Karaikudi,515734,06-08-2023,Regular,10,1239.42,12394.2,Regular
76864442,Yashasvi Srinivas,omya58@example.com,9.11342E+11,"399, Agate
Eluru-619957",Karnal,395170,31-07-2023,Regular,13,1565.67,20353.71,VIP
96628029,Zansi Kara,qmitter@example.com,9.10416E+11,"H.No. 297
Kamdar Nagar
Ghaziabad-068306",Tirupati,454533,22-03-2024,Premium,3,994.81,2984.43,Regular
59216664,Netra Keer,yauvanikhare@example.net,9.10581E+11,"54/792
Dugar Road, Secunderabad 353845",Deoghar,284974,22-03-2023,Regular,10,225.69,2256.9,Regular
70615775,Abdul Narang,tmannan@example.org,9.11143E+11,"H.No. 590
Sidhu Ganj
Vijayawada-873377",Ludhiana,912652,07-01-2024,Inactive,15,233.12,3496.8,VIP
34761418,Nitesh De,faraj44@example.net,9.16028E+11,"14/45, Mander Path
Narasaraopet 297200",Bhilwara,401933,19-08-2024,New,6,1729.83,10378.98,Regular
56248757,Ekansh Narayan,qraghavan@example.com,9.11905E+11,"05/325, Kade Circle
Belgaum-791134",Chapra,14789,05-08-2024,Premium,16,1040.97,16655.52,VIP
31622158,Omya Modi,bailjonathan@example.com,9.19629E+11,"H.No. 399
Yadav Marg, Mango 503337",Kolhapur,478462,06-05-2023,New,20,504.15,10083,VIP
4200802,Chakrika Gaba,ekavir26@example.net,9.16706E+11,"20
Gokhale Chowk, Fatehpur-880669",Ramgarh,860603,15-11-2023,Inactive,10,678.96,6789.6,Regular
58631874,Yauvani Bhat,emagar@example.org,9.10837E+11,"25/246
Dutt Chowk, Bhatpara 304248",Avadi,281610,01-10-2024,New,11,862.23,9484.53,VIP
22036818,Yatan Yogi,sandhurishi@example.org,9.10181E+11,"30/023
Bail
Jabalpur 182539",Hindupur,19178,14-11-2023,New,5,1732.02,8660.1,Regular
7333934,Om Chand,gavin45@example.net,9.10085E+11,"81/00
Suresh Marg
Faridabad 923920",Deoghar,383021,23-12-2023,New,11,739.47,8134.17,VIP
5712468,Zinal Shan,farisbadal@example.net,9.18794E+11,"62
Karan Zila, Patna 168894",Thanjavur,858342,25-03-2024,Inactive,3,872.57,2617.71,Regular
17929886,Oscar Parekh,rattatanveer@example.net,9.17928E+11,"H.No. 261
Sachar Marg, Visakhapatnam 234841",Salem,356407,28-03-2023,New,7,744,5208,Regular
408590,Januja Zachariah,nakshsahni@example.net,9.16303E+11,"25/639
Chandran Zila
Kozhikode 329055",Jorhat,356268,11-03-2024,Regular,17,436.74,7424.58,VIP
42797397,Banjeet Shanker,upkaar20@example.com,9.18447E+11,"83/59, Kanda Ganj
Guna-842560",Jaunpur,518798,08-05-2023,Premium,8,640.54,5124.32,Regular
58929595,Aarush Ratti,emaharaj@example.net,9.13382E+11,"H.No. 69, Patil Chowk, Chandigarh 109848",Hubli–Dharwad,349867,08-08-2024,Regular,2,588.65,1177.3,Regular
41971906,Yashica Sankaran,rachita94@example.org,9.14111E+11,"H.No. 961
Mukherjee Path, Hazaribagh-823281",Phagwara,595797,13-02-2024,Premium,17,245.86,4179.62,VIP
80269328,Daksha Saxena,xchandran@example.net,9.19481E+11,"23
Tripathi Zila, Faridabad 904585",Ambattur,153808,03-05-2023,Premium,15,976.36,14645.4,VIP
76533277,Bakhshi Kuruvilla,muniharshil@example.net,9.11085E+11,"40/20
Varty Marg
Ahmedabad 579383",Gangtok,912071,11-10-2023,New,16,1857.65,29722.4,VIP
50760752,Yug Varughese,kapooravi@example.org,9.16862E+11,"H.No. 12
Randhawa
Proddatur 807263",Maheshtala,100658,17-03-2023,New,14,1670.47,23386.58,VIP
83588803,Indira Sabharwal,faris26@example.com,9.14756E+11,"H.No. 292, D’Alia Ganj
Dewas 344699",Tinsukia,666065,11-07-2024,New,4,1509.41,6037.64,Regular
30755306,Divya Kakar,samakshravel@example.org,9.18219E+11,"47/88
Dubey Zila
Ambattur-437317",Bhilwara,523338,14-06-2024,Inactive,9,555.67,5001.03,Regular
26592009,Michael Dhingra,mdasgupta@example.org,9.18994E+11,"H.No. 28, Vasa Road
Nagpur 397247",Adoni,16283,02-11-2023,Premium,14,317.83,4449.62,VIP
32830199,Abhimanyu Suri,kalaarya@example.com,9.16646E+11,"11/864
Ganesan Nagar
Thoothukudi 654016",Aizawl,531804,27-08-2024,Premium,2,680.11,1360.22,Regular
99824171,Vasatika Ram,tkhare@example.com,9.12588E+11,"34/661
Divan Zila
Chandrapur-092281",Thoothukudi,298856,15-04-2024,Inactive,1,1663.58,1663.58,Regular
61618079,Isaac Sunder,maxedwin@example.net,9.15152E+11,"97, Sandal Path
Tezpur-513861",Ambala,941949,14-07-2023,Inactive,9,1191.93,10727.37,Regular
71694275,Samarth Wagle,ronith46@example.org,9.16142E+11,"61/61, Mukherjee Chowk, Amritsar-381162",Aurangabad,914570,02-06-2023,Regular,8,476.34,3810.72,Regular
81200164,Zehaan Chaudhry,qoza@example.com,9.13605E+11,"H.No. 44
Gera Zila, Kottayam-835901",Anantapur,891346,30-08-2024,Regular,10,337.07,3370.7,Regular
66233704,Adya Wason,ibiswas@example.org,9.11521E+11,"72/459
Ranganathan
Baranagar 535808",Jorhat,836682,18-05-2024,Inactive,7,1341.67,9391.69,Regular
66866026,Vyanjana Nagi,tellajasmit@example.org,9.13915E+11,"02/534
Kale Ganj, Jamnagar-316257",Ahmedabad,410022,05-07-2023,Regular,13,802.79,10436.27,VIP
86483673,Ranveer Ranganathan,yatinthaker@example.org,9.18883E+11,"58/697
Zacharia
Tinsukia 392234",Satara,979887,18-08-2023,Regular,17,682.78,11607.26,VIP
22483684,Gautami Dar,vanya27@example.net,9.10394E+11,"12/217
Doshi Marg, Nashik 384774",Kirari Suleman Nagar,70737,05-03-2024,Regular,20,719.77,14395.4,VIP
65368179,Ati Iyer,urmisahni@example.org,9.16668E+11,"883, Rout Marg
Tezpur-233753",Bokaro,212082,23-10-2023,Premium,4,1826.72,7306.88,Regular
94430842,Pallavi Kothari,nishakhatri@example.net,9.15407E+11,"H.No. 11
Bal Nagar, Sri Ganganagar 444163",Jammu,634446,19-03-2024,New,5,399.54,1997.7,Regular
18940384,Anita Sehgal,leela14@example.net,9.18731E+11,"34
More Nagar, Cuttack-272219",Sonipat,744492,08-10-2023,New,7,1068.47,7479.29,Regular
25585013,Ishita Amble,baradjanani@example.com,9.12658E+11,"24/60, Morar Nagar, Mirzapur 616969",Vasai-Virar,699030,05-05-2024,Inactive,18,840.15,15122.7,VIP
9314637,Aarav Sandal,chakrikasood@example.net,9.18595E+11,"42/24, Sagar Ganj
Nandyal-490265",Bhubaneswar,207302,28-07-2024,Inactive,15,1208.09,18121.35,VIP
92409489,Deepa Devi,dhingrachaitaly@example.net,9.18087E+11,"H.No. 984, Shere Nagar
Kolkata 345413",Shivpuri,850210,09-04-2024,Regular,4,1614.57,6458.28,Regular
21425168,Gavin Panchal,banjeetchoudhary@example.org,9.10576E+11,"14, Salvi Nagar, Giridih 525156",Aligarh,189621,11-08-2023,New,5,1861.73,9308.65,Regular
11228463,Theodore Cherian,oliver85@example.com,9.18075E+11,"H.No. 173, Pant Street, Jaipur 419135",Kanpur,834868,30-07-2023,Inactive,8,1275.97,10207.76,Regular
57642258,Gunbir Dutt,pbaria@example.com,9.14772E+11,"25, Agarwal, Mumbai-047534",Etawah,558798,27-09-2024,Premium,10,1174.55,11745.5,Regular
26250082,Om Bora,hegdenitara@example.net,9.18834E+11,"H.No. 24
Sani Ganj
Burhanpur-998507",Arrah,557458,24-10-2024,New,1,796.49,796.49,Regular
34580200,Unni Dara,janyamisra@example.org,9.16864E+11,"26/93
Hans Ganj
Madurai-579587",Bally,46262,04-06-2024,Premium,2,1418.51,2837.02,Regular
89531595,Balvan Bera,sankaranindali@example.net,9.14683E+11,"457, Yohannan Nagar
Bardhaman-370968",Jammu,894540,13-08-2023,Regular,6,1385.2,8311.2,Regular
72760434,Andrew Sibal,abajaj@example.net,9.1558E+11,"022, Rana Ganj, Barasat 146414",Kozhikode,330665,07-10-2024,Premium,10,1843.51,18435.1,Regular
86499778,Chakrika Sachar,tejas83@example.net,9.19999E+11,"25, Golla Zila
Adoni-109681",Bhilai,967382,21-09-2023,Regular,18,654.76,11785.68,VIP
41395224,Thomas Sarkar,ywali@example.com,9.1083E+11,"58/93
Dey Path, Korba 451295",Jalna,171941,26-10-2024,Regular,13,358.51,4660.63,VIP
21270783,Aarna Vig,asrivastava@example.com,9.16453E+11,"692
Vala Road
Morena 501812",Bhavnagar,551325,01-05-2023,New,3,1508.8,4526.4,Regular
68939350,Rachita Dhar,nicholas19@example.net,9.19682E+11,"H.No. 89, Sunder Zila
Tadipatri 192695",Machilipatnam,156078,28-04-2023,Premium,17,304.51,5176.67,VIP
14839726,Lohit Lanka,faris19@example.org,9.18537E+11,"72/674
Bhatnagar Marg, Kochi 818898",Mira-Bhayandar,615732,24-01-2024,Regular,10,516.19,5161.9,Regular
38808614,Xavier Shetty,zbandi@example.net,9.1027E+11,"H.No. 13
Agrawal Nagar, Alappuzha-390199",Vijayanagaram,825269,15-06-2023,Premium,10,340.46,3404.6,Regular
44828791,Zansi Panchal,usami@example.com,9.14773E+11,"68/389
Desai Zila, Purnia-820691",Khora,694027,02-06-2023,New,18,1696.98,30545.64,VIP
1603358,Samaksh Randhawa,ubumb@example.com,9.15834E+11,"H.No. 78, Palla
Sultan Pur Majra-672854",Gandhinagar,600850,09-06-2024,Inactive,5,1155.87,5779.35,Regular
31826,Ekiya Pau,fbedi@example.com,9.19364E+11,"H.No. 336
Lad Zila, Hajipur-409871",Chinsurah,201602,29-11-2023,New,18,752.78,13550.04,VIP
191616,Brijesh Tata,yadavipatla@example.org,9.18144E+11,"19/151, Bera Nagar, Surendranagar Dudhrej-068367",Pallavaram,587079,27-04-2023,Regular,4,1053.7,4214.8,Regular
45546750,Mugdha Pandey,panchalharish@example.net,9.16104E+11,"26
Verma Zila
Tenali 461865",Madhyamgram,787740,28-10-2024,Premium,13,1808.6,23511.8,VIP
33675108,Yagnesh Patel,fraja@example.org,9.11694E+11,"H.No. 105
Thaker Road, Kurnool-283377",Jalgaon,128202,03-12-2023,Inactive,20,1281.15,25623,VIP
98896871,Laksh Narula,iverma@example.net,9.12037E+11,"H.No. 523, Sani Path, Rampur 258686",Asansol,479606,06-06-2023,Regular,5,1064.61,5323.05,Regular
644189,Tanay Sahni,janya99@example.org,9.13486E+11,"H.No. 95
Bhasin Path, Raiganj 351412",Bhopal,899027,15-12-2023,Premium,2,793.86,1587.72,Regular
21461764,Nandini Bassi,yahvi51@example.org,9.1491E+11,"H.No. 05, Mohanty Street
Jamalpur 866732",Singrauli,431789,18-04-2023,Premium,15,1689.46,25341.9,VIP
70170606,Edhitha Chhabra,omisha41@example.net,9.10822E+11,"25/21, Parmer Ganj
Madurai-341556",Purnia,264083,11-07-2024,Premium,19,921.51,17508.69,VIP
65782437,Geetika Kara,warda03@example.com,9.1963E+11,"H.No. 81, Nayar Chowk
Adoni-598184",Haldia,643529,12-04-2023,New,4,1215.48,4861.92,Regular
37245065,Ishani Dhillon,abhiramagate@example.net,9.19829E+11,"83, Grover
Raichur 632370",Dibrugarh,796944,21-07-2024,Inactive,16,1556.07,24897.12,VIP
42012717,Edhitha Sahota,georgesami@example.org,9.13021E+11,"04/496
Kala Street, Ghaziabad-646233",Jabalpur,831378,18-08-2023,Regular,10,1030.12,10301.2,Regular
60399360,Gavin Solanki,kuruvillachaman@example.net,9.10146E+11,"336, Nath, Loni-751166",Jamnagar,624598,27-04-2024,Premium,3,1757.64,5272.92,Regular
5140660,Tripti Loke,anika70@example.com,9.16101E+11,"25, Oommen Road, Gandhidham 607310",Akola,164050,18-08-2023,Inactive,17,908.68,15447.56,VIP
40858753,Samaksh Sharma,neel23@example.net,9.16412E+11,"59
Kumar Path, Ajmer 208298",Bharatpur,674980,06-05-2024,Regular,5,1149.5,5747.5,Regular
69219122,Varsha Varughese,inayaswaminathan@example.com,9.17327E+11,"H.No. 39, Bora Street
Bellary-036992",Pimpri-Chinchwad,579100,09-10-2024,Premium,17,1177.34,20014.78,VIP
8967266,Theodore Bhakta,bhaktayochana@example.com,9.1769E+11,"H.No. 90
Naidu Road, Munger 723012",Imphal,58300,01-09-2024,Regular,5,1164.14,5820.7,Regular
27304727,Farhan Patel,daveekavir@example.com,9.12172E+11,"51/41
Arora Path, Gopalpur 325615",Tiruvottiyur,372198,26-03-2024,Regular,8,1675.04,13400.32,Regular
62600289,Tanmayi Zachariah,aishanikata@example.net,9.14705E+11,"88, Chaudhary Zila, Kalyan-Dombivli 682393",Udaipur,72489,20-02-2024,Inactive,10,1326.02,13260.2,Regular
50286371,Jonathan Zachariah,luke39@example.org,9.13065E+11,"H.No. 770
Narasimhan Circle
Ozhukarai 931863",Bangalore,798154,10-01-2024,New,3,280.77,842.31,Regular
43799224,Vasatika Agate,chandrahemangini@example.net,9.19118E+11,"97
Radhakrishnan Chowk, Delhi-697602",Karaikudi,8953,23-06-2024,Regular,9,1566.49,14098.41,Regular
29431960,Jagdish Manda,hredhaan09@example.org,9.14683E+11,"954
Misra Marg
Dhule 966285",Etawah,741828,09-02-2024,Premium,5,1602.35,8011.75,Regular
7076456,Upkaar Munshi,onveer31@example.org,9.14035E+11,"H.No. 90
Prabhu Nagar
Bhiwandi-896778",Ichalkaranji,726872,06-02-2024,Regular,10,469.41,4694.1,Regular
43860025,Nidhi Baria,wwalia@example.org,9.18336E+11,"H.No. 155, Bhargava Chowk, Serampore 694711",Nagpur,394614,20-11-2023,Regular,18,292.92,5272.56,VIP
74833221,Agastya Saran,nde@example.net,9.1732E+11,"43, Mane Circle
Kishanganj-282155",Nashik,247247,28-04-2024,Regular,1,1764.07,1764.07,Regular
13465850,Anmol Koshy,nitesh46@example.org,9.13401E+11,"H.No. 563, Din Ganj, Aligarh-043634",Danapur,441097,26-09-2023,Premium,6,1956.03,11736.18,Regular
46541905,Arunima Rout,jacobthakur@example.org,9.181E+11,"H.No. 10, Swamy Ganj
Unnao 053101",Udaipur,903499,06-02-2024,New,16,922.29,14756.64,VIP
21809858,Ekansh Seshadri,faqid76@example.org,9.15265E+11,"86/52
Kade Street
Pimpri-Chinchwad 444382",Bihar Sharif,146074,06-04-2023,Inactive,9,1343.53,12091.77,Regular
75928073,Harsh Aggarwal,dayamai16@example.com,9.19146E+11,"H.No. 73, Ahuja Marg
Motihari-981926",Udupi,442492,01-08-2023,Inactive,20,1684.84,33696.8,VIP
67538982,Upma Salvi,farhanmishra@example.net,9.15818E+11,"734
Shetty Circle
Amravati-970918",Shivpuri,230324,21-08-2023,Premium,6,1257.71,7546.26,Regular
57505804,Zinal Padmanabhan,yashodharabhat@example.com,9.1968E+11,"71, Yohannan
Shimla 687225",Orai,20322,25-08-2024,New,9,225.87,2032.83,Regular
88775948,Yug Pal,dsankaran@example.com,9.17874E+11,"57/17
Chaudry Path
Karawal Nagar 060987",Nagaon,558701,27-06-2024,New,19,227.1,4314.9,VIP
89704218,Harini Ramakrishnan,dateeiravati@example.org,9.17541E+11,"H.No. 92
Sura Road, Medininagar 243233",Khora,706845,07-10-2023,Premium,11,1029.69,11326.59,VIP
9796585,Damini Jha,bhaktaekanta@example.org,9.19206E+11,"38/33, Wadhwa Marg, Sambhal-817010",Danapur,253065,30-11-2023,Inactive,20,1565.31,31306.2,VIP
1497747,Nachiket Kalla,solankibarkha@example.org,9.17538E+11,"83/053
Deshmukh Road
Amravati-859834",Sangli-Miraj & Kupwad,323849,11-04-2024,Inactive,7,1241.73,8692.11,Regular
29038113,Wridesh Vyas,hamsini20@example.net,9.10174E+11,"H.No. 190, Gandhi Path
Phusro 927759",Kalyan-Dombivli,119441,10-06-2024,New,18,875.32,15755.76,VIP
61182897,Yug Dutt,vamakshi57@example.org,9.17074E+11,"H.No. 03, Shukla Nagar, Kirari Suleman Nagar 188098",Satara,685609,28-03-2023,Regular,15,1261.08,18916.2,VIP
15391556,Ria Pau,oviya43@example.net,9.18896E+11,"51/45
Lanka Path
Panchkula-119503",Nellore,687731,12-10-2023,Inactive,16,762.73,12203.68,VIP
1529180,Darsh Gokhale,randhawaaashi@example.com,9.12845E+11,"406
Chanda Chowk
Jalandhar 950864",Bareilly,516534,07-06-2024,Inactive,5,596.54,2982.7,Regular
32797235,Shravya Chandran,bhargavanicholas@example.com,9.12314E+11,"H.No. 746, Chaudry Marg
Vadodara-727395",Guntakal,417102,29-11-2023,Regular,1,1709.96,1709.96,Regular
78158536,Yatan Gola,tailoraryan@example.org,9.13839E+11,"499
Iyengar Road
Ichalkaranji-651065",Imphal,390560,07-04-2024,Premium,16,705.47,11287.52,VIP
88779806,Ethan Taneja,mohammed37@example.com,9.14425E+11,"828, Sahni Nagar, Tenali-855185",Srinagar,651071,29-07-2023,Regular,11,679,7469,VIP
93018527,Lekha Rout,ibhargava@example.net,9.17786E+11,"48, Dugal Chowk, Varanasi-890255",Narasaraopet,722749,16-05-2024,New,1,913.11,913.11,Regular
52393801,Aarush Roy,hemalkapadia@example.org,9.13858E+11,"411
Nori Zila, Giridih 250229",Ranchi,96858,20-03-2023,New,2,1910.55,3821.1,Regular
70529459,Zayyan Parsa,alexanderbajaj@example.org,9.19342E+11,"84/461, Ahuja Circle, Nadiad-378990",Pondicherry,829855,04-05-2023,Regular,5,203.05,1015.25,Regular
48481702,Dayita Kothari,upadhyaylohit@example.org,9.10286E+11,"14/904, Bal Path
Jehanabad 025610",Shivpuri,351248,15-06-2024,Regular,4,1209.16,4836.64,Regular
15417130,Henry Arora,sanya65@example.com,9.11453E+11,"91/48, Sangha Zila
Srikakulam 495855",Indore,866515,03-03-2024,New,5,1289.29,6446.45,Regular
14705462,Nakul Pal,ydevan@example.net,9.19026E+11,"64
Goyal Nagar
Sonipat-553665",Bahraich,575946,24-09-2023,Premium,2,765.18,1530.36,Regular
14944819,Triya Patla,fradonarayan@example.net,9.14478E+11,"H.No. 214
Barman Road
Mira-Bhayandar-611798",Anand,469217,24-11-2023,Premium,14,1127.8,15789.2,VIP
89028323,Avni Padmanabhan,ekavirbaral@example.net,9.18794E+11,"708
Basak Road, Aurangabad-112247",Lucknow,407239,03-09-2023,Regular,13,1329.47,17283.11,VIP
11775073,Keya Ganesan,shethgagan@example.com,9.12214E+11,"H.No. 074, Suresh Nagar
Sambalpur 952829",Morbi,836825,02-06-2023,Regular,16,212.35,3397.6,VIP
54799731,Rushil Palan,agatemanya@example.org,9.16807E+11,"99/811, Khatri Zila
Bhilwara 448234",Jaipur,387529,10-05-2023,Premium,14,1150.73,16110.22,VIP
93617659,Nikita Ramanathan,arya76@example.net,9.10666E+11,"346
Roy
Hyderabad 233989",Nangloi Jat,190336,21-09-2024,Regular,11,1800.81,19808.91,VIP
45708879,Girindra Majumdar,faraj30@example.net,9.17579E+11,"716, Kalita Path, Srinagar 803059",Ulhasnagar,25486,11-03-2024,Regular,20,988.63,19772.6,VIP
62807542,Chatura Apte,andrajyoti@example.com,9.14547E+11,"H.No. 48
Manda Zila
Mahbubnagar 841942",Patiala,340166,17-03-2023,Premium,11,524.5,5769.5,VIP
7551173,Chandran Sur,wakeetajohal@example.org,9.18333E+11,"27
Choudhary Ganj, Bhimavaram 214075",Ghaziabad,306374,27-10-2023,New,11,1197.58,13173.38,VIP
65815155,Amara Palan,diya73@example.org,9.12983E+11,"31, Baral Zila
Katni 084466",Bangalore,760332,10-09-2024,New,10,1963.99,19639.9,Regular
86704661,Kamala Chokshi,turvidas@example.net,9.1101E+11,"09/68, Brahmbhatt Nagar
Davanagere-527950",Kamarhati,812273,16-03-2024,Premium,12,1726.51,20718.12,VIP
57896058,Samuel Gara,kibechandresh@example.com,9.12129E+11,"64/37
Khurana Nagar
Bhiwandi-628111",Begusarai,487693,23-06-2024,Regular,8,982.05,7856.4,Regular
85519349,Harshil Kari,dayalguneet@example.org,9.1933E+11,"69/70
Buch Marg
Bareilly 336418",Anand,99406,07-12-2023,New,8,336.36,2690.88,Regular
66308810,Utkarsh Ramaswamy,chadharajata@example.org,9.18783E+11,"H.No. 20
Dugar Circle
Bardhaman 787914",Sangli-Miraj & Kupwad,851715,27-05-2024,Premium,18,1746.8,31442.4,VIP
13130974,Divya Garde,varkeyridhi@example.org,9.1384E+11,"48/269
Wagle Path
Vellore-094099",Eluru,572919,31-07-2024,Inactive,6,898.76,5392.56,Regular
8632679,Ayaan Bal,baladhruv@example.net,9.18606E+11,"25
Baria Marg
Nizamabad 219786",North Dumdum,972354,20-07-2023,Regular,16,1201.21,19219.36,VIP
91072336,Tristan Parmer,abhakhare@example.net,9.15925E+11,"85/835, Muni Ganj, Jehanabad-068341",Jaunpur,377289,07-06-2023,Premium,3,205.59,616.77,Regular
24633671,Manan Buch,vsekhon@example.net,9.1134E+11,"52
Puri Nagar
Lucknow-744371",Karnal,99625,21-09-2024,New,12,1112.03,13344.36,VIP
78254569,Theodore Sathe,nathanielgaba@example.net,9.17995E+11,"59
Oommen
Faridabad 412726",Kalyan-Dombivli,427888,30-11-2023,Regular,8,1559.18,12473.44,Regular
60698094,Matthew Bhatti,wazir62@example.org,9.1613E+11,"H.No. 77, Bahl Nagar, Purnia 411171",Malegaon,108567,16-05-2024,New,2,1894.4,3788.8,Regular
84257716,Yauvani Rajan,kgoda@example.net,9.15712E+11,"H.No. 029
Malhotra Ganj, Proddatur 181376",Hazaribagh,653569,22-03-2023,New,6,1144.61,6867.66,Regular
84929351,Charvi Kala,geetika61@example.com,9.17266E+11,"H.No. 643
Hayer Road, Saharanpur 338478",Gandhinagar,169345,07-12-2023,Regular,14,1662.37,23273.18,VIP
48160359,Zehaan Sundaram,vparsa@example.com,9.14951E+11,"973
Bera Street, Morbi 708221",Karaikudi,324202,28-03-2024,Premium,8,1485.09,11880.72,Regular
51031122,Netra Kashyap,balanwazir@example.net,9.16852E+11,"H.No. 50
Venkataraman Ganj
Ongole-304771",Dehradun,437180,12-09-2023,Regular,20,363.61,7272.2,VIP
3844290,Yashawini Thaman,kohliwyatt@example.com,9.15486E+11,"H.No. 37, Patla Circle
Madurai 325088",Berhampore,88516,29-10-2023,Inactive,2,301.73,603.46,Regular
71643758,Lucky Kapoor,thakkarlavanya@example.org,9.17216E+11,"869, Ganesh Marg
Kota-097284",Kottayam,445878,16-09-2024,Inactive,7,780.2,5461.4,Regular
49258916,Zehaan Thakur,yash08@example.com,9.16815E+11,"42, Mittal Marg
Raiganj-402582",Jaipur,153207,02-04-2024,Inactive,16,997.43,15958.88,VIP
60379302,Raksha Chand,bchar@example.net,9.10355E+11,"772, Master Nagar, Belgaum 984907",Patiala,998032,14-07-2023,New,7,536.98,3758.86,Regular
88873916,Daniel Reddy,urmi43@example.net,9.11623E+11,"H.No. 63, Sastry Path, Jalgaon 107058",Tirupati,230835,21-09-2023,New,16,1390.49,22247.84,VIP
65559853,Yahvi Bali,tthakur@example.com,9.10816E+11,"47
Ahluwalia Path
Bangalore 348145",Kamarhati,160165,03-05-2024,Regular,17,1734.36,29484.12,VIP
88046313,Lila Dube,parth32@example.org,9.10875E+11,"33/958
Keer Chowk, South Dumdum-867934",Thane,47308,29-05-2023,Premium,6,726.67,4360.02,Regular
76987910,Oeshi Kannan,manderowen@example.com,9.10479E+11,"35
Lad Road, Tenali 343537",Shahjahanpur,847001,08-03-2024,Inactive,5,728.54,3642.7,Regular
20517871,Lavanya Natt,wbhakta@example.org,9.12432E+11,"H.No. 74, Sagar Chowk, Ambala 375071",Imphal,796497,06-07-2023,Premium,4,418.15,1672.6,Regular
26227445,Krishna Warrior,ishakara@example.com,9.13316E+11,"H.No. 406
Batta Circle, Bikaner-296769",Ghaziabad,632750,07-09-2024,Regular,1,1030.06,1030.06,Regular
42272393,Anya Parmer,dhillonwyatt@example.com,9.17094E+11,"81
Srivastava Street, Vellore 246419",Moradabad,915410,21-09-2023,New,7,1090.31,7632.17,Regular
12574626,Nitesh Joshi,cborra@example.net,9.18383E+11,"393
Narasimhan Chowk
Satara 333915",Amritsar,409487,02-05-2024,Inactive,18,852.27,15340.86,VIP
63349378,William Sangha,aradhanahalder@example.com,9.18598E+11,"13/269
Mohanty Marg, Amaravati 212523",Mango,965143,01-08-2024,Regular,14,1487.94,20831.16,VIP
88045094,Yuvraj Memon,tanveerben@example.com,9.1981E+11,"H.No. 188, Khanna Road
Bhilai-902882",Panvel,447280,16-12-2023,Premium,4,690.13,2760.52,Regular
61226835,Owen Soni,varsha95@example.net,9.13868E+11,"56
Peri Chowk, Dharmavaram 677538",Kishanganj,458894,24-07-2023,Premium,18,1491.21,26841.78,VIP
82585664,Turvi Parmar,ekanshdevan@example.org,9.16795E+11,"02/13
Kalla Zila, Rajahmundry 478484",Ludhiana,678835,30-10-2023,Regular,14,1511.43,21160.02,VIP
69762479,Joshua Banerjee,rohan04@example.org,9.1979E+11,"H.No. 52
Ramaswamy Chowk
Madhyamgram 745891",Jamalpur,666332,25-03-2024,New,19,1766.61,33565.59,VIP
93675757,Geetika Mander,cgole@example.com,9.18688E+11,"78/349, Som Path
Eluru 767399",Noida,264344,28-11-2023,Regular,10,665.46,6654.6,Regular
5009458,Yasti Choudhary,diyabal@example.com,9.12821E+11,"H.No. 14
Yogi Marg, Noida-862686",Thiruvananthapuram,525644,17-08-2023,Inactive,7,1712.14,11984.98,Regular
59545278,Yagnesh Randhawa,chahalaarav@example.org,9.19374E+11,"H.No. 56, Nigam Ganj
Panipat 241216",Yamunanagar,270678,28-10-2024,New,16,430.08,6881.28,VIP
59619739,Charan Ramanathan,aryadayal@example.org,9.17146E+11,"28/03, Tiwari Chowk
Arrah 002279",Delhi,105428,12-11-2023,New,12,871.39,10456.68,VIP
9097480,Hamsini Verma,vartyekiya@example.org,9.14481E+11,"H.No. 67, Salvi Nagar
Ulhasnagar 922156",Bihar Sharif,207496,21-12-2023,Premium,18,307.65,5537.7,VIP
56195475,Falguni Date,sharmaaradhana@example.com,9.13327E+11,"94
Venkataraman Ganj, Patiala-174200",Ahmedabad,31357,25-06-2024,Regular,18,1149.91,20698.38,VIP
45052594,Harish Venkatesh,hiteshlanka@example.com,9.13326E+11,"46/45
Banik Marg, Madurai-527305",Aligarh,740540,03-06-2024,New,19,859.59,16332.21,VIP
24517523,Mohini Pillai,edyal@example.com,9.10303E+11,"669
Vala, Tiruppur-864320",Tirunelveli,786498,12-11-2023,Premium,14,361.29,5058.06,VIP
97111069,Megha Hora,inaya49@example.com,9.1855E+11,"839, Bhatti Ganj, Saharanpur 068437",North Dumdum,143574,16-02-2024,Inactive,10,1898.27,18982.7,Regular
88299992,Laban Bandi,ikrish@example.org,9.16044E+11,"56/317, Sanghvi
Unnao 580760",Firozabad,943812,17-05-2024,Premium,6,1524.68,9148.08,Regular
60757351,Naksh Sule,frederickkunda@example.org,9.15064E+11,"994, Ramanathan Chowk, Davanagere 176352",Salem,411662,15-05-2024,Premium,3,1099.62,3298.86,Regular
14161586,Aachal Nazareth,aadhya71@example.org,9.19347E+11,"903
Bajaj Chowk, Jaunpur-242237",Bettiah,585408,14-06-2023,Premium,11,353.97,3893.67,VIP
35133191,Ojasvi Sha,vrittinanda@example.org,9.13576E+11,"09/440, Chandra Ganj
Bhalswa Jahangir Pur 958886",Loni,791176,22-10-2024,Regular,14,406.21,5686.94,VIP
56480776,Matthew Parsa,sagate@example.com,9.14678E+11,"41/331
Manne Zila
Jamalpur-589262",Udaipur,573808,17-03-2024,Regular,8,1401.79,11214.32,Regular
31000129,Lohit Kaur,siddharth81@example.net,9.13243E+11,"448, Rajagopal Ganj
Bhubaneswar-587599",Raichur,396599,29-03-2024,Premium,18,1120.64,20171.52,VIP
18113428,Dominic Goda,tagarwal@example.net,9.1843E+11,"H.No. 104
Morar Zila
Rajpur Sonarpur 068813",Rajkot,803574,15-09-2023,Regular,7,255.73,1790.11,Regular
56250563,Anthony Tara,tnagarajan@example.com,9.112E+11,"H.No. 220, Brahmbhatt Marg, Gulbarga-331993",Jabalpur,202458,02-09-2023,Premium,20,733.3,14666,VIP
96253172,Zarna Mammen,patilnachiket@example.com,9.19988E+11,"357, Chaudhry Chowk
Danapur-617891",Berhampur,238657,08-08-2023,Inactive,1,475.19,475.19,Regular
83023956,Lopa Kalita,qbehl@example.org,9.12642E+11,"33, Narasimhan Marg
Bhiwandi 462997",Nanded,313936,01-09-2023,Regular,12,1551.29,18615.48,VIP
19080489,Reva Sha,zchad@example.com,9.16133E+11,"70/24
Dhaliwal Zila, Faridabad 141190",Jalandhar,236035,30-03-2023,Regular,9,578.21,5203.89,Regular
899941,Lopa Venkataraman,gavinchoudhary@example.org,9.19236E+11,"H.No. 780, Oommen Chowk
Satna 564861",Sambhal,12225,25-06-2024,Premium,18,1202.35,21642.3,VIP
51014003,Matthew Swaminathan,sanayathakur@example.net,9.17181E+11,"40
Misra Chowk
Khora -190990",Giridih,37529,16-12-2023,Regular,14,393.06,5502.84,VIP
55971849,Orinder Joshi,anamikasuri@example.org,9.10114E+11,"962, Ganesh Nagar, Kota-336060",Rewa,920798,05-04-2024,Regular,3,490.69,1472.07,Regular
45314389,Amaira Subramanian,mandatanveer@example.org,9.19945E+11,"44/036, Peri Marg
Shivpuri 138223",Ajmer,266618,26-03-2023,New,17,939.35,15968.95,VIP
65426878,Frado Warrior,lekhagoyal@example.com,9.1032E+11,"H.No. 703, Tiwari Chowk
Pune-712696",Nagpur,585704,04-04-2023,Regular,11,1879.31,20672.41,VIP
8651281,Jonathan Seshadri,chaudharyonveer@example.com,9.1242E+11,"50/38
Parekh Nagar, Secunderabad 882117",Ranchi,173317,20-10-2024,Premium,14,1516.13,21225.82,VIP
69353754,Brijesh Choudhary,aishanishanker@example.com,9.17679E+11,"47/829, Sura Zila
Shimla 071733",Medininagar,818142,24-01-2024,Premium,8,1154.09,9232.72,Regular
84119685,Harish Aurora,csem@example.com,9.12005E+11,"75/48, Sachdeva Ganj, Maheshtala-830521",Sambhal,487548,09-06-2023,Inactive,4,1623.47,6493.88,Regular
60656482,Rajata Purohit,jack16@example.net,9.15477E+11,"23/797, Mammen Zila, Hazaribagh 152040",Haldia,745064,31-10-2023,Inactive,12,627.69,7532.28,VIP
54952806,Manya Kohli,vchatterjee@example.net,9.13672E+11,"89/53, Vyas Zila
Madhyamgram 137643",Coimbatore,592310,04-05-2023,Regular,1,1142.91,1142.91,Regular
58644651,Gaurangi Vala,mohantyidika@example.net,9.10246E+11,"69, Nayak Path
Thanjavur-153372",Secunderabad,274378,10-05-2024,New,13,646.92,8409.96,VIP
35690581,Sachi Jani,janyabadami@example.com,9.10791E+11,"H.No. 08, Setty, Raipur 629247",Gorakhpur,538003,12-04-2023,Inactive,15,1603.16,24047.4,VIP
80850753,Gautami Rai,anirudh54@example.com,9.10381E+11,"83/135
Balan Path, Hyderabad 383012",Thane,717111,15-12-2023,Premium,6,1695.68,10174.08,Regular
29653387,Aradhana Rout,fitannadig@example.net,9.19576E+11,"H.No. 02
Dutt Road
Davanagere-916145",Malda,599799,26-04-2024,New,12,519.73,6236.76,VIP
47295676,Neel Sandhu,kadelopa@example.net,9.12373E+11,"91, Gulati Street
Ghaziabad-764436",Bhopal,468224,02-06-2024,New,2,1758.3,3516.6,Regular
30900441,Omaja Misra,badamiaarnav@example.org,9.12016E+11,"H.No. 451, Bahri Marg
Bijapur-550836",Khora,130415,25-07-2024,New,18,1509.24,27166.32,VIP
43980719,Unni Pillai,advayamble@example.org,9.17195E+11,"22/693, Chopra Marg
Ludhiana 100252",Kalyan-Dombivli,919813,04-03-2024,New,13,785.19,10207.47,VIP
96001315,Jhalak Naidu,charles11@example.net,9.1504E+11,"47/342, Bahl, Pune-221043",Bihar Sharif,429696,15-02-2024,Inactive,19,1628.45,30940.55,VIP
5716817,Xalak Master,pandeyadvik@example.com,9.10206E+11,"H.No. 47
Saran Ganj
Shimoga-583550",Aurangabad,378247,11-03-2024,Inactive,3,1607.05,4821.15,Regular
33658749,Anjali Varty,bedidalbir@example.org,9.1859E+11,"H.No. 37
Wagle Marg
Bongaigaon 438069",Ahmednagar,877365,11-03-2024,Inactive,6,547.78,3286.68,Regular
63661771,Peter Mitra,ilad@example.net,9.17573E+11,"99/47
Bandi Road, Baranagar 694613",Karnal,497779,29-12-2023,Inactive,13,1536.01,19968.13,VIP
71767248,Shivani Khurana,nazarethraagini@example.net,9.18037E+11,"15/73
Bail Path, Hapur 816836",Jalandhar,966465,01-11-2024,New,4,719.47,2877.88,Regular
72675976,Kavya Pingle,sodhiadvaith@example.org,9.15716E+11,"48
Oak Nagar, Ambattur 725012",Bhusawal,99296,15-07-2024,Premium,14,710.18,9942.52,VIP
81994445,Imaran Jha,maanav88@example.net,9.1869E+11,"H.No. 088, Lad Circle
Rohtak-890599",Kalyan-Dombivli,976412,01-08-2024,Premium,2,1391.12,2782.24,Regular
54145987,Rushil Yadav,ethakkar@example.com,9.19425E+11,"86/834
Kant Circle
Ludhiana 777242",Agartala,697253,03-10-2023,Premium,6,899.69,5398.14,Regular
16485871,Chaman Kota,pillaijanaki@example.org,9.11151E+11,"90/64
Sibal Chowk, Saharsa-081703",Salem,105468,25-06-2024,Premium,6,1805.76,10834.56,Regular
43243913,Rushil Iyer,zkrishnan@example.net,9.16784E+11,"68
Deep Road, Bhilai 520000",Jehanabad,602923,11-05-2024,Regular,4,1897.16,7588.64,Regular
19741509,Michael Vohra,choudhuryalka@example.org,9.1111E+11,"88/20, Manne Path
Arrah 855340",Vellore,19974,11-03-2024,Regular,3,949.01,2847.03,Regular
98540377,Brinda Datta,nidra84@example.net,9.18292E+11,"43, Palan Marg
Vasai-Virar 928946",Unnao,713632,15-09-2023,Regular,16,525.07,8401.12,VIP
88843865,Mitesh Chaudry,jkalla@example.com,9.13963E+11,"49, Sehgal Road, North Dumdum 478645",Srinagar,281457,01-10-2023,Regular,19,1230.62,23381.78,VIP
50045027,Yashvi Bajaj,yoshitanarang@example.org,9.18339E+11,"69/68, Dube Path
Agartala-951262",Sagar,679096,06-07-2023,Regular,7,1570.95,10996.65,Regular
59840071,Vihaan Chokshi,fiyaz21@example.net,9.12497E+11,"49/74
Vora Circle
Pondicherry-613521",Deoghar,628916,06-06-2023,Inactive,19,1796.24,34128.56,VIP
51547198,Kashvi Date,saksham00@example.org,9.15491E+11,"046
Minhas, Gurgaon 806600",Agartala,730715,04-08-2024,Premium,19,750.81,14265.39,VIP
53624677,Varenya Ganesh,beraaarav@example.org,9.14261E+11,"H.No. 629
Shroff Nagar
Lucknow 170677",Udaipur,488900,21-12-2023,New,10,332.4,3324,Regular
93122847,Nachiket Sangha,ssabharwal@example.org,9.18978E+11,"748
Kadakia Road
Thiruvananthapuram-244661",Ludhiana,537237,15-09-2024,Regular,12,1886.44,22637.28,VIP
62971413,Baljiwan Agrawal,zayanmenon@example.org,9.1632E+11,"145
Roy Ganj
Madhyamgram 070455",Amritsar,853732,02-10-2023,Inactive,18,835.09,15031.62,VIP
73933840,Amara Gill,radhachand@example.net,9.19395E+11,"39/48
Bhatt Marg
Maheshtala-742358",Raiganj,664697,12-03-2024,Regular,10,1339.52,13395.2,Regular
80759416,Pavani Prabhakar,borratarak@example.com,9.19907E+11,"22/739
Vohra Road
Durg-638372",Junagadh,680825,11-02-2024,Premium,5,1637.85,8189.25,Regular
96042320,Jagdish Ray,jgoda@example.com,9.16235E+11,"33, Pant Circle, Hospet-853723",Nagaon,698003,02-12-2023,New,20,1164.38,23287.6,VIP
76970363,Hardik Andra,raagini33@example.org,9.15557E+11,"62/58, Vora Road, Narasaraopet 721712",Firozabad,826966,28-12-2023,Regular,14,1237.8,17329.2,VIP
84993732,Henry Modi,sampathyashodhara@example.com,9.19708E+11,"026, Palla Ganj
Ramgarh 353867",Aligarh,170772,17-09-2024,Regular,1,1585.03,1585.03,Regular
30823988,Owen Sangha,ladlimisra@example.org,9.18028E+11,"58
Bhardwaj Circle
Raipur 307531",Deoghar,787767,25-03-2024,Premium,9,1525.85,13732.65,Regular
86226771,Theodore Rao,balvansha@example.net,9.15537E+11,"49/361, Sur Chowk
Bathinda 711928",Shivpuri,411235,17-08-2024,Premium,4,1062.39,4249.56,Regular
10048910,Pratyush Sawhney,bhavyabuch@example.com,9.18578E+11,"24
Raja Circle, Sonipat-603340",Kozhikode,826123,25-09-2023,New,15,875.32,13129.8,VIP
18935489,Krishna Dugal,seshadriekaja@example.net,9.11512E+11,"30/94, Bora Road, Pune 320103",Tezpur,781987,15-06-2024,New,8,1957.21,15657.68,Regular
61763552,Gopal Parikh,quincykanda@example.net,9.12839E+11,"H.No. 63, Pau Nagar
Erode-421681",Panihati,82019,22-05-2023,Inactive,5,241.81,1209.05,Regular
88346104,Lakshit Hari,troy@example.net,9.15043E+11,"H.No. 377, Agrawal Marg
Jhansi-922863",Udaipur,758,19-03-2024,Regular,17,1205.49,20493.33,VIP
33651554,Madhav Sridhar,ishababu@example.org,9.18485E+11,"25/998, Date Marg
Amroha 740213",Saharsa,202775,06-09-2024,New,18,697.13,12548.34,VIP
39140039,Upasna Naidu,nathaniel57@example.org,9.17392E+11,"84
Varughese Chowk, Kolkata 159107",Madhyamgram,316077,19-11-2023,New,18,1504.96,27089.28,VIP
50080663,Adweta Bumb,tandonbina@example.net,9.1921E+11,"H.No. 66, Apte Circle
Thanjavur 408860",Morbi,585542,06-10-2024,Inactive,10,543.84,5438.4,Regular
40643232,Falguni Chand,rajeshri70@example.com,9.12894E+11,"43, Dora Road
Dhanbad 332848",Salem,249528,12-04-2023,Regular,4,1374.71,5498.84,Regular
82134278,Jeremiah Jha,ekanimorar@example.net,9.11559E+11,"13, Bahl Marg, South Dumdum 584867",Coimbatore,897757,07-10-2023,Premium,4,294.2,1176.8,Regular
35705377,Wahab Bobal,ybajaj@example.net,9.16852E+11,"H.No. 592, Gour Marg
Bettiah-550001",Tumkur,31549,26-04-2023,Regular,8,1250.37,10002.96,Regular
11503405,Damyanti Dua,dipta25@example.net,9.18137E+11,"H.No. 18, Kuruvilla Chowk
Kamarhati 188062",Amritsar,430592,14-01-2024,Regular,11,1658.1,18239.1,VIP
4988545,Prisha Jha,urvibuch@example.net,9.1588E+11,"82/952, Behl Street
Sikar 557241",Anantapuram,576389,06-04-2023,Regular,10,1251.78,12517.8,Regular
4545935,Aayush Ahluwalia,jagdish37@example.org,9.10926E+11,"42, Bajwa Road, Nadiad-839395",Warangal,731038,06-08-2024,Regular,7,1931.1,13517.7,Regular
46148283,Kamya Mander,taurora@example.com,9.15659E+11,"688, Joshi Nagar
Korba-886183",Kalyan-Dombivli,167549,07-10-2023,New,11,506.68,5573.48,VIP
29324437,Radhika Bains,nram@example.org,9.18869E+11,"830
Nagar Zila, Buxar 534238",Nanded,869550,19-08-2024,Premium,11,1915.27,21067.97,VIP
48730063,Jatin Dua,sethiojas@example.org,9.16364E+11,"H.No. 50, Contractor
Ambattur 379240",Farrukhabad,949389,03-04-2024,New,19,1497.71,28456.49,VIP
70608515,Aashi Behl,jaingarima@example.org,9.15324E+11,"H.No. 43
Mani Street
Katni-561753",Belgaum,962036,13-07-2024,Inactive,4,1601.81,6407.24,Regular
32003512,Advaith Sarkar,bordemadhav@example.org,9.19873E+11,"29/70
Kashyap Circle
Sagar 543324",Sasaram,476326,18-10-2024,Premium,4,1863.05,7452.2,Regular
96989204,Nimrat Kalita,yparsa@example.net,9.13493E+11,"46/171, Mangat Road
Maheshtala 453232",Deoghar,952634,24-06-2024,Regular,5,1844.33,9221.65,Regular
4789829,Balvan Shah,fbala@example.net,9.11177E+11,"H.No. 65, Gill Circle, Sambhal-800756",Rourkela,313467,02-11-2024,Regular,6,229.76,1378.56,Regular
15733078,Ekanta Shukla,ychoudhry@example.net,9.1402E+11,"H.No. 731
Nazareth Zila, Navi Mumbai-187154",Phagwara,214451,10-08-2023,Regular,1,1152.95,1152.95,Regular
48158494,Hamsini Choudhury,wmagar@example.net,9.10184E+11,"23/254, Ram Street
Avadi 502744",Kishanganj,179510,30-04-2024,Inactive,13,1787.2,23233.6,VIP
12272282,Dev Bal,vbansal@example.com,9.16009E+11,"H.No. 79, Mody Ganj, Noida-764569",Sikar,555117,09-04-2023,Regular,20,1750.74,35014.8,VIP
13265605,Yatin Krishnamurthy,chadaliam@example.net,9.14296E+11,"47/114
Borra Chowk, Ujjain 957580",Kollam,737341,04-11-2024,Premium,3,1086.89,3260.67,Regular
80696046,Avni Trivedi,idayal@example.net,9.17304E+11,"20/397, Karpe Nagar, Bangalore 371675",Agartala,977594,08-11-2023,Inactive,11,623.23,6855.53,VIP
87266831,Indira Palan,vanshachaudhari@example.net,9.13719E+11,"193
Sekhon Circle
Kurnool-966962",Mirzapur,336427,29-09-2024,New,17,276.09,4693.53,VIP
90346920,Idika Acharya,chaitanyatiwari@example.net,9.14353E+11,"H.No. 237, Srinivas Street, Danapur 180940",Satara,677618,14-09-2024,New,1,738.13,738.13,Regular
93938425,Darpan Goyal,nitaratara@example.net,9.18103E+11,"64, Borra Chowk
Gandhidham-484636",Nagercoil,553703,19-04-2024,Regular,10,1735.57,17355.7,Regular
89699655,Om Chadha,bhavanisarna@example.net,9.10066E+11,"49, Shroff Chowk
Haldia-909999",Darbhanga,340363,04-02-2024,Inactive,4,1134.64,4538.56,Regular
87654461,Maya Amble,kalpit11@example.com,9.10136E+11,"656
Wable Circle
Silchar 815805",Sambhal,394842,01-09-2023,Inactive,2,1720.18,3440.36,Regular
79944855,Anay Natarajan,falanissac@example.org,9.18272E+11,"59/952
Mody Road
Pali 876975",Indore,203524,31-10-2024,Regular,6,1440.06,8640.36,Regular
49617892,Dayamai Parmer,finn87@example.com,9.16905E+11,"H.No. 022
Sankar Circle
Pudukkottai 520782",Orai,113196,21-02-2024,New,19,1894.61,35997.59,VIP
74230420,Ati Choudhry,ronith00@example.com,9.19192E+11,"399, Chahal Path, Bettiah-108157",Mathura,421244,26-03-2024,Regular,17,1315.38,22361.46,VIP
66629497,Widisha Kaur,vihaanchanda@example.org,9.13283E+11,"H.No. 67, Basu Chowk, Deoghar-929341",Vellore,229594,26-04-2023,Regular,7,1994.7,13962.9,Regular
43256928,Gaurav Bhardwaj,okamdar@example.com,9.13713E+11,"36/809
Sastry Circle
Kumbakonam-107839",Baranagar,131278,14-08-2023,Inactive,19,1984.5,37705.5,VIP
59345983,Liam Sagar,ladsimon@example.net,9.11601E+11,"61/71
Balan Nagar
Guwahati 334509",Saharanpur,992566,25-06-2023,Regular,8,1375.29,11002.32,Regular
88252625,Kritika Jha,tripathibhavya@example.net,9.19044E+11,"51
Rajagopal Nagar
Pali 404029",Shivpuri,22342,27-02-2024,New,15,422.31,6334.65,VIP
14275043,Tanvi Lala,oscar88@example.net,9.14984E+11,"924
Raval Street, Aligarh-564503",Bhilwara,576267,25-01-2024,New,19,1415.88,26901.72,VIP
64489709,Ekavir Kade,qasimganguly@example.net,9.1585E+11,"413
Ahluwalia Zila
Ludhiana 958493",North Dumdum,300054,22-04-2024,Premium,2,1435.66,2871.32,Regular
59815512,Teerth Seshadri,jeet97@example.com,9.11859E+11,"H.No. 57, Bains Street
Dewas-995261",Jalna,92916,11-11-2023,Regular,16,1022.99,16367.84,VIP
73377004,Dayamai Borah,gdhar@example.com,9.12624E+11,"H.No. 55
Rau Chowk, Bhind 883639",Delhi,989634,11-09-2023,Regular,4,438.31,1753.24,Regular
74761384,Banjeet Gara,zpau@example.net,9.10533E+11,"202, Setty Nagar
Mangalore-791101",Nadiad,751611,27-10-2024,Premium,12,1550.37,18604.44,VIP
79257353,Tanvi Wagle,duttijaya@example.net,9.12257E+11,"82, Shroff Street, Pondicherry-654693",Jaunpur,524267,24-09-2023,New,6,291.96,1751.76,Regular
17159117,Tripti Bassi,vinayaganguly@example.net,9.17143E+11,"28
Venkataraman, Silchar 532742",Karawal Nagar,778786,21-05-2024,Premium,1,336.26,336.26,Regular
95912198,Bhavna Gara,zwagle@example.com,9.10359E+11,"28/51, Balan Path
Agra-216895",Anantapuram,543627,05-04-2024,Inactive,12,1065.72,12788.64,VIP
88215615,Falan Dar,pushtitank@example.org,9.17047E+11,"011, Kala Street, Bhind 443656",Bongaigaon,542991,16-05-2023,New,14,1520.12,21281.68,VIP
49756591,Madhav Murthy,jai91@example.org,9.1512E+11,"853, Date Nagar, Bongaigaon 192745",Miryalaguda,796425,17-04-2024,Inactive,20,745.4,14908,VIP
50650215,Isaac Samra,aashi06@example.net,9.14073E+11,"H.No. 68, Bajaj Road
Dehri 969139",Pimpri-Chinchwad,550671,16-11-2023,New,12,1474.41,17692.92,VIP
32500305,Ridhi Khatri,anthonydey@example.net,9.14334E+11,"825
Arya Street
Deoghar 673152",Orai,277971,09-06-2024,New,5,362.53,1812.65,Regular
42723554,Pranit Wagle,bordeorinder@example.net,9.12997E+11,"29/952, Kanda Circle, Nagaon 965580",Gandhinagar,41927,21-05-2023,Regular,10,731.97,7319.7,Regular
1491857,Naveen Balakrishnan,xuppal@example.net,9.13875E+11,"21/938, Ravel Street, Gurgaon 597187",Morena,260718,05-06-2024,Premium,9,855.24,7697.16,Regular
81229704,Vamakshi Hari,jason27@example.org,9.19979E+11,"82/551
Mann Chowk
Burhanpur 650361",Noida,89095,22-03-2024,Premium,10,429.04,4290.4,Regular
70966268,Odika Mahal,vasanaram@example.com,9.19038E+11,"H.No. 60
Brahmbhatt Nagar, Bharatpur 479957",Arrah,757376,03-10-2023,New,15,541.94,8129.1,VIP
97182359,Rayaan Viswanathan,psarkar@example.org,9.11956E+11,"252, Goyal Nagar
Bangalore 368073",Morbi,867805,22-01-2024,New,15,550.41,8256.15,VIP
46675763,Tanmayi Ramaswamy,bakshigavin@example.net,9.17236E+11,"929
Chaudhry
Ballia 919826",Katihar,745005,15-08-2023,New,19,737.08,14004.52,VIP
51034600,Ubika Borah,gandhijanaki@example.org,9.1676E+11,"29/54
Sampath Path, Sasaram 799764",Bhilai,647372,25-04-2023,Inactive,2,1574.01,3148.02,Regular
76512976,Yashica Pathak,baradlajita@example.com,9.10178E+11,"26/72, Sama Chowk
Aligarh 358311",Belgaum,874947,27-07-2024,New,5,279.89,1399.45,Regular
119099,Zansi Parsa,neha08@example.com,9.12033E+11,"H.No. 40, Gopal Ganj, Bidar 854350",Kavali,692517,01-08-2023,Inactive,20,637.35,12747,VIP
84850688,Atharv Nagar,gunbir72@example.org,9.15544E+11,"97/84
Dhillon Road
Rohtak-144867",Barasat,244403,20-09-2024,Inactive,3,1862.3,5586.9,Regular
95971469,Rachit Parikh,ryansinghal@example.net,9.17863E+11,"82/278
Gokhale Circle, Ghaziabad 086484",Chapra,609861,09-09-2024,New,7,1060.59,7424.13,Regular
28413467,Leena Mane,kandachakradhar@example.org,9.10988E+11,"45
Saini, Kumbakonam-396116",Kolhapur,541139,24-07-2024,New,16,1451.81,23228.96,VIP
45071436,Gaurang Ratta,shethbhavini@example.org,9.11933E+11,"092, Narain Street, Kolhapur-916800",Tadepalligudem,311644,11-10-2024,Inactive,9,807.66,7268.94,Regular
99734256,Ishwar Nair,ambleira@example.com,9.16816E+11,"20/227, Sant Nagar
Danapur-130747",Ratlam,477588,04-06-2024,Premium,1,301.12,301.12,Regular
14472401,Ayaan Rege,dubeyekanta@example.com,9.13959E+11,"625, Atwal Street
Pudukkottai-889365",Thiruvananthapuram,481131,30-04-2024,Regular,1,208.09,208.09,Regular
4606533,Anusha Bhagat,triya55@example.org,9.17201E+11,"14
Bhagat Path
Shivpuri 856011",Rajpur Sonarpur,696982,30-07-2024,Premium,11,704.14,7745.54,VIP
32426778,Falguni Kapadia,jdivan@example.net,9.173E+11,"H.No. 55
Khatri Circle, Jalna 323326",Naihati,484917,27-05-2024,Inactive,14,304.06,4256.84,VIP
63802820,Netra Yohannan,liamagarwal@example.com,9.13941E+11,"34
Konda Nagar
Bhiwani 471037",Orai,743207,23-11-2023,Regular,6,1887.52,11325.12,Regular
24988999,Yashawini Goyal,suhani03@example.com,9.15023E+11,"79
Bobal, Jaunpur 969256",Raiganj,72237,12-05-2024,Regular,6,1748.52,10491.12,Regular
77497950,Omkaar Varughese,ayushmanpandya@example.com,9.1354E+11,"28, Sundaram Chowk
Malda-158069",Kolkata,579158,14-05-2023,New,7,1852.77,12969.39,Regular
16424635,Fitan Kade,schoudhary@example.net,9.17982E+11,"027, Kala Path, Kollam-055443",Mirzapur,607949,01-10-2024,Premium,13,1135.26,14758.38,VIP
93127511,Warinder Chandran,reyansh94@example.com,9.12002E+11,"H.No. 11, Mahajan Zila, Madhyamgram-787487",Bijapur,850740,27-08-2023,Inactive,7,453.17,3172.19,Regular
88434834,Chandresh Pingle,dayita84@example.net,9.14549E+11,"12, Manda Path, Rajkot-918686",Ambarnath,852789,25-10-2023,Premium,19,1484.9,28213.1,VIP
88067569,Aayush Sengupta,lekha10@example.com,9.13368E+11,"20/47
Ratta Chowk, Sonipat-022522",Gaya,288459,25-12-2023,Premium,5,273.38,1366.9,Regular
86294036,Chatresh Rajagopalan,harshilbansal@example.org,9.17097E+11,"11
Sarraf
Bahraich 857642",Arrah,824264,13-07-2023,Inactive,13,1311.81,17053.53,VIP
57331847,Jack Kamdar,yatan68@example.net,9.18287E+11,"96/303, Ghose Marg, Bhimavaram-097271",Amravati,67085,19-09-2023,Regular,5,752.87,3764.35,Regular
45586151,Pallavi Ram,ishroff@example.org,9.10115E+11,"H.No. 522, Ray Street, Mahbubnagar-522739",Saharsa,488450,25-11-2023,Regular,11,266.65,2933.15,VIP
11389698,Chameli Grover,wmohan@example.org,9.12845E+11,"190
Palla Zila, Orai 695509",Jammu,153911,08-06-2023,Premium,14,1907.68,26707.52,VIP
95018817,Ucchal Bajaj,vpathak@example.net,9.17965E+11,"H.No. 69
Sankaran Marg
Adoni 056161",North Dumdum,112162,04-06-2024,Inactive,19,466.48,8863.12,VIP
29415527,Abha Behl,yastidin@example.net,9.15502E+11,"13/08
Toor Circle
Dindigul-600955",Pudukkottai,675974,22-04-2024,Regular,11,498.21,5480.31,VIP
64932019,Ekiya Babu,chanchalmaharaj@example.org,9.1839E+11,"336
Sandhu, Thanjavur 759771",Hindupur,936998,09-10-2023,Premium,6,1022.98,6137.88,Regular
48418662,Matthew Joshi,rattanhamsini@example.net,9.1971E+11,"H.No. 465, Vala Zila, Indore-145041",Machilipatnam,124809,21-06-2024,Premium,12,1479.93,17759.16,VIP
66485571,Anthony Pall,sastryyug@example.com,9.13393E+11,"H.No. 478
Pau Chowk
Rampur 353285",Ratlam,618561,15-09-2023,Inactive,2,1055.17,2110.34,Regular
85658166,Faraj Krish,parikhcharvi@example.org,9.11073E+11,"H.No. 13, Bumb Road, Bharatpur-659171",Thrissur,74399,04-05-2024,New,11,1326.65,14593.15,VIP
20625627,Hredhaan Prasad,ishanvi25@example.com,9.10234E+11,"274, Chopra Circle
Jammu 166527",Amritsar,598993,10-08-2024,Premium,11,718.1,7899.1,VIP
72942753,Alka Pal,fvig@example.com,9.11883E+11,"008
Bhattacharyya Road, Dewas 414364",Gurgaon,484481,09-09-2024,Regular,5,664.01,3320.05,Regular
1624115,Saksham Atwal,meghaatwal@example.org,9.12435E+11,"445, Pai
Haldia 442073",Kochi,487872,26-10-2023,New,2,331.1,662.2,Regular
82918668,Harita Nagy,shahadvaith@example.com,9.15965E+11,"78
Chanda Nagar, Gaya-166936",Gudivada,244426,08-08-2024,Regular,18,1941.44,34945.92,VIP
85006599,Siddharth Krishna,farya@example.net,9.13617E+11,"86, Amble Marg, Raiganj 373001",Shimoga,664694,17-01-2024,Inactive,13,1630.44,21195.72,VIP
73727901,Chanakya Khatri,azad52@example.net,9.1157E+11,"68/982
Desai Road
Anantapuram 384618",Solapur,164307,27-05-2024,Premium,15,1299.49,19492.35,VIP
53636086,Max Nadkarni,kumersiya@example.org,9.153E+11,"25/86
Kata Zila
Howrah 811775",Bally,342729,07-11-2023,Premium,20,1238.26,24765.2,VIP
79076101,Maanav Gaba,vasatikachoudhry@example.org,9.19414E+11,"52/93
Deep Circle
Uluberia-405552",Ujjain,998849,15-01-2024,Premium,2,870.19,1740.38,Regular
65660660,Arya Sodhi,devika25@example.net,9.14143E+11,"H.No. 995
Srivastava Street
Vijayanagaram-618080",Gangtok,994735,04-08-2023,Regular,12,749.66,8995.92,VIP
64162093,Nakul Mall,sbarman@example.net,9.14594E+11,"42/193
Subramaniam Circle
Sultan Pur Majra-294414",Korba,818200,22-04-2024,Premium,6,413.3,2479.8,Regular
91243571,Ojas Deep,yashoda19@example.net,9.17254E+11,"52/967
Pandey, Amravati-615769",Navi Mumbai,937863,15-12-2023,Inactive,12,1569.19,18830.28,VIP
22133362,Samesh Dixit,raaginiramanathan@example.org,9.18553E+11,"62/795
Bhalla Chowk, Bulandshahr 310111",Anantapuram,633882,31-08-2024,Inactive,18,482.2,8679.6,VIP
49915498,Harini Mangal,aahana49@example.com,9.1046E+11,"H.No. 932
Baral Road
Katni 070915",Jalandhar,107053,19-05-2023,Premium,2,950.88,1901.76,Regular
38018949,Jeet Pandey,irya08@example.net,9.15665E+11,"584
Loke Path
Thiruvananthapuram-323286",Farrukhabad,305457,04-09-2024,Premium,17,1873.34,31846.78,VIP
93321933,Xalak Sangha,wallawahab@example.net,9.1501E+11,"800
Sura Marg
Darbhanga 901631",Ozhukarai,381931,17-03-2024,Inactive,10,566.42,5664.2,Regular
10508763,Anamika Issac,lbahri@example.org,9.12691E+11,"H.No. 79
Mann Marg, Nadiad-252402",Ratlam,489551,14-12-2023,Premium,6,992.26,5953.56,Regular
37362180,Praneel Mangat,pben@example.com,9.12894E+11,"28/28, Sandal Marg, Purnia-889918",Visakhapatnam,826795,17-08-2023,Regular,11,1638.66,18025.26,VIP
8881320,Tanmayi Sem,jsahota@example.com,9.17612E+11,"H.No. 516
Basu Path, Bahraich-594933",Uluberia,108657,24-10-2024,Regular,7,1268.54,8879.78,Regular
25447967,Udyati Sani,fsaha@example.com,9.19245E+11,"H.No. 20, Handa Road, Avadi-342441",Rajkot,32438,04-09-2023,Regular,18,876.56,15778.08,VIP
64197854,Krishna Ramanathan,bina08@example.com,9.10151E+11,"391, Kunda Chowk, Pune 550785",Bellary,265134,28-10-2023,Regular,17,1231.67,20938.39,VIP
34074184,Nakul Din,rajagopalisha@example.com,9.16344E+11,"22/51
Nagy Nagar, Kolkata-282673",Bangalore,401130,30-03-2024,New,18,1988.77,35797.86,VIP
95873651,Shivani Divan,matthewbal@example.org,9.19844E+11,"836, Seshadri Road, Khammam-540650",Ballia,584545,02-06-2024,Inactive,14,536.02,7504.28,VIP
90150193,Advik Rajan,siya35@example.com,9.11865E+11,"H.No. 129, Baral Zila, Amritsar-828766",Buxar,665407,14-07-2023,Inactive,18,783.69,14106.42,VIP
39717448,Om Korpal,ssaraf@example.com,9.12595E+11,"50/800, Dara Road, Kolkata-183546",Jorhat,549114,10-06-2023,New,1,210.18,210.18,Regular
63948546,Samesh Dass,prabhuforum@example.com,9.18287E+11,"H.No. 129, Banik Nagar, Kolkata-261584",Bhubaneswar,524266,18-01-2024,Regular,20,1745.12,34902.4,VIP
9900288,Jasmit Pall,waidarau@example.org,9.11753E+11,"84/431, Sidhu Chowk, Bardhaman 485811",Gulbarga,536115,09-01-2024,Regular,10,1315.84,13158.4,Regular
38496400,Dhruv Bakshi,mohinibhargava@example.com,9.19353E+11,"H.No. 60
Yogi Path
Salem 323686",Bathinda,939391,25-03-2024,Premium,11,1402.36,15425.96,VIP
27692428,Warjas Tara,akshaydeshmukh@example.com,9.12463E+11,"859, Kumar Nagar, Chittoor-489508",Chennai,691326,29-05-2024,Regular,11,1889.95,20789.45,VIP
65903057,Krishna Shroff,anthonyparsa@example.org,9.13179E+11,"64/68, Sridhar Circle, Bhubaneswar 362647",Uluberia,847572,13-04-2023,Regular,14,1181.71,16543.94,VIP
43990799,Indrajit Singh,raghav41@example.org,9.17481E+11,"H.No. 916
Hans Marg
Hubli–Dharwad-389409",Dindigul,282157,04-02-2024,Regular,6,495.41,2972.46,Regular
42208242,Farhan Tata,dlal@example.org,9.1099E+11,"73/63, Lalla Path
Firozabad 862928",Danapur,518443,19-11-2023,Regular,19,1222.25,23222.75,VIP
44776601,Krisha Sood,dugalgayathri@example.net,9.19159E+11,"25, Nayak Street, Sonipat 822794",Durg,94769,13-05-2024,Regular,15,1278.59,19178.85,VIP
6724509,Guneet Brahmbhatt,hkale@example.org,9.11603E+11,"H.No. 83
Narain Circle
Sikar 862742",Munger,118585,07-04-2023,New,13,1966.44,25563.72,VIP
59222551,Urmi Parekh,duttabrijesh@example.org,9.15698E+11,"H.No. 867, Kannan Circle, Mehsana 430537",Jamshedpur,351341,05-08-2023,Inactive,10,1569.86,15698.6,Regular
44888581,Rehaan Samra,rajata67@example.com,9.15132E+11,"25/08
Rege Street
Thiruvananthapuram 858803",Ballia,359510,28-03-2023,Inactive,3,392.37,1177.11,Regular
96729650,Yochana Ravel,rnagi@example.org,9.13457E+11,"98/20
Tiwari Road
Tiruppur-972702",Ahmednagar,543068,04-05-2024,Inactive,2,847.93,1695.86,Regular
39957741,Siddharth Sibal,ksinha@example.org,9.14456E+11,"18
Peri Nagar, Ambattur 659851",Bellary,883836,05-11-2023,Inactive,11,1769.15,19460.65,VIP
24104630,Jonathan Deo,tanvi11@example.org,9.15071E+11,"84/257
Zachariah Road
Pune-664139",Jaipur,670567,14-01-2024,Premium,13,448.52,5830.76,VIP
96434674,Yashawini Kota,jeet35@example.org,9.15035E+11,"192
Pillay Ganj, Kozhikode 553266",Anantapur,744458,30-11-2023,Inactive,11,1663.53,18298.83,VIP
14255231,Advika Taneja,kapoornikita@example.com,9.19586E+11,"H.No. 63
Bir
Asansol-254295",Surendranagar Dudhrej,516962,18-06-2023,Inactive,17,1055.6,17945.2,VIP
83412446,Libni Kunda,deovritti@example.net,9.11345E+11,"807
Natarajan Nagar, Karimnagar 936960",Avadi,389792,25-05-2023,Inactive,13,1935.31,25159.03,VIP
11493380,Jhalak Peri,tbhatia@example.org,9.1978E+11,"56/011
Chanda
Jammu-972081",Madurai,767391,20-04-2023,Regular,16,422.74,6763.84,VIP
48821170,Hredhaan Bajaj,samaksh27@example.org,9.17322E+11,"320, Garde Circle
Siliguri 164122",Jalgaon,187348,09-10-2023,Inactive,12,1321.76,15861.12,VIP
19145354,Shivani Deo,bathyashodhara@example.net,9.15556E+11,"21/09, Sawhney Zila
Guwahati-293546",Rohtak,763240,31-05-2023,Inactive,11,963.35,10596.85,VIP
76830090,Harshil Dey,kannantanvi@example.net,9.10202E+11,"H.No. 99, Pau Path
Dewas-413529",Panipat,292989,04-04-2024,New,4,821.83,3287.32,Regular
81808190,Qasim Sharma,rbarad@example.org,9.16722E+11,"408
Bains Chowk
Morbi-747709",Bhusawal,611142,06-07-2023,Inactive,1,796.97,796.97,Regular
40986000,Charles Gara,ichada@example.net,9.15986E+11,"H.No. 321, Palan Chowk
Purnia 304075",Karnal,59218,17-10-2023,Premium,20,223.79,4475.8,VIP
60495351,Henry Rana,ebhakta@example.org,9.11361E+11,"813
Krish Street
Nagpur-312112",Srikakulam,246691,24-04-2023,New,11,407.03,4477.33,VIP
39261715,Reva Bhatnagar,ucchal41@example.com,9.17697E+11,"99/80
Konda, Indore 364393",Patna,859748,27-12-2023,Premium,19,1974.33,37512.27,VIP
63793401,Frado Ramakrishnan,saniijaya@example.org,9.14634E+11,"21/657, Bala Nagar, Kulti-317039",Kavali,308708,24-03-2024,Regular,2,1901.32,3802.64,Regular
27746432,Eesha Rajagopal,solankiekaraj@example.net,9.19525E+11,"H.No. 79, Dave Path
Sultan Pur Majra-296590",Bangalore,836547,29-07-2023,Inactive,10,1261.35,12613.5,Regular
51670882,Krishna Hans,takbarkha@example.net,9.17438E+11,"95/65
Nadig Circle
Belgaum-468612",Dehradun,352126,27-09-2024,Inactive,11,1351.67,14868.37,VIP
61020,Onkar Suresh,rudradeshpande@example.com,9.18421E+11,"88/40, Bora Zila, Phusro-161515",Kurnool,345635,27-07-2024,New,19,1703.16,32360.04,VIP
46802633,Champak Subramaniam,raagini83@example.com,9.14562E+11,"H.No. 18, Kumer Road
Mango-881448",Bettiah,770230,18-02-2024,Premium,6,617.22,3703.32,Regular
63083547,Aarav Mander,giriknarula@example.net,9.11041E+11,"H.No. 30
Padmanabhan Street
Nagaon-432208",Jhansi,42216,07-12-2023,Regular,10,900.07,9000.7,Regular
17106161,Gagan Prabhakar,chaitanyaraman@example.net,9.11959E+11,"40/59, Rai Street
Vijayawada 675290",Shimoga,758004,01-05-2024,Inactive,9,331.15,2980.35,Regular
54797119,Anusha Patel,xkoshy@example.com,9.10345E+11,"H.No. 316, Kaur Zila
Malegaon 975468",Bilaspur,793140,19-12-2023,Premium,14,1673.74,23432.36,VIP
62721353,Jagdish Bora,warhi76@example.org,9.17826E+11,"H.No. 575, Sahni Chowk
Mau-744949",Danapur,694263,12-10-2024,Regular,13,992.9,12907.7,VIP
40587811,Jeevika Rajagopalan,manneoeshi@example.org,9.13316E+11,"H.No. 094
Banerjee Ganj, Mau 309197",Adoni,524929,15-12-2023,Inactive,5,724.63,3623.15,Regular
25520143,Rajata Ahuja,ozaayushman@example.com,9.17173E+11,"280, Mannan
Kozhikode-407225",Berhampur,688637,23-01-2024,New,10,1133.1,11331,Regular
81377917,Nachiket Panchal,chaitaly28@example.org,9.10459E+11,"25/190, Chawla Marg
Madurai-829332",Maheshtala,538657,23-04-2023,Inactive,16,739.14,11826.24,VIP
49433260,Abhiram Wason,fdevan@example.com,9.19416E+11,"15
Sabharwal Marg, Aurangabad 966257",Hospet,246851,20-05-2024,Premium,17,307.03,5219.51,VIP
40117357,Jai Murty,subramaniansanya@example.net,9.14445E+11,"58/465
Madan Ganj, Jhansi-323091",Imphal,177718,20-03-2023,New,16,753.81,12060.96,VIP
81102955,Pushti Naidu,darairya@example.org,9.11672E+11,"H.No. 61
Khare Circle
Ratlam 115891",Bhiwani,804911,12-07-2024,Premium,16,1403.68,22458.88,VIP
40192266,Vasana Dhar,janimanbir@example.org,9.1738E+11,"56/554
Kashyap, Shivpuri 193283",Bhopal,305319,04-03-2024,New,19,1893.6,35978.4,VIP
51669263,Odika Manda,esekhon@example.com,9.10495E+11,"H.No. 97
Prasad Circle
Shimla-145433",Avadi,625562,23-09-2023,Inactive,2,1698.87,3397.74,Regular
85831746,Girindra Basak,madantripti@example.com,9.1428E+11,"50, Basak Ganj, Munger 764468",Bahraich,536170,11-09-2023,Regular,18,952.61,17146.98,VIP
97466783,Harita Mangat,jagat26@example.org,9.16726E+11,"78/936
Aurora Road
Vadodara 226991",Kota,977804,07-04-2023,Premium,8,952.96,7623.68,Regular
23982977,Charita Rama,nadkarniyauvani@example.net,9.19953E+11,"H.No. 01
Krishnan Zila
Jehanabad-220376",Salem,569461,04-07-2023,New,2,1863.55,3727.1,Regular
79695653,Yash Hans,indrajit03@example.net,9.1946E+11,"31/66, Badami Ganj, Rohtak 192027",Sonipat,361030,07-08-2023,Regular,11,728.65,8015.15,VIP
83577942,Oviya Rau,suhanipandit@example.net,9.19202E+11,"H.No. 673
Batta Road, Yamunanagar-314202",Shivpuri,33088,11-08-2024,New,16,866.2,13859.2,VIP
44149982,Tara Uppal,gbuch@example.net,9.18266E+11,"84/33, Menon Ganj, Sambalpur-870513",Yamunanagar,603400,16-08-2023,New,7,1224.69,8572.83,Regular
46686696,Wazir Seth,william12@example.com,9.14539E+11,"69/92
Mitter Marg
Mahbubnagar-162861",Thoothukudi,992012,02-03-2024,Premium,7,968.93,6782.51,Regular
12184293,Dayita Mand,rudra41@example.net,9.18062E+11,"H.No. 51
Cherian Road, Panchkula-653529",Phagwara,249442,16-06-2023,Inactive,7,1811.32,12679.24,Regular
19084027,Mitesh Sehgal,ychakraborty@example.net,9.17489E+11,"H.No. 215, Kulkarni Nagar
Panihati-950577",Unnao,977602,30-07-2023,New,20,908.28,18165.6,VIP
77559557,Akshay Varty,balendra63@example.com,9.17909E+11,"44
Dube Path
Jammu-898608",Madurai,639717,28-08-2023,New,9,601.15,5410.35,Regular
34713143,Ganga Sabharwal,mugdhamannan@example.org,9.19385E+11,"91/992
Sanghvi Path
Raipur-230614",Jehanabad,759217,03-08-2024,Premium,16,1380.2,22083.2,VIP
75073623,Yashvi Bansal,dasskabir@example.net,9.12974E+11,"604, Brar Chowk, Meerut-986766",Kumbakonam,470494,19-05-2024,New,19,1042.05,19798.95,VIP
12415659,Damini Wagle,omamol@example.net,9.11297E+11,"168
Balay Street, Allahabad-779838",Ambala,813277,30-05-2024,New,10,1786.5,17865,Regular
5277675,Vansha Deol,hariaarna@example.net,9.19054E+11,"H.No. 03, Natt Circle, Karnal 408909",Ghaziabad,373380,22-10-2024,Premium,9,1312.8,11815.2,Regular
81420960,Warda Chanda,korpalomya@example.net,9.12179E+11,"H.No. 428
Kade Street, Vijayanagaram 476346",Hazaribagh,367446,21-05-2023,Inactive,2,269.4,538.8,Regular
97144544,Indali Toor,pdeep@example.org,9.11701E+11,"H.No. 15, Soni
Udaipur 007809",Guna,494838,13-08-2024,Regular,12,1754.04,21048.48,VIP
6856445,Meghana Mangal,abhimanyubala@example.com,9.1945E+11,"63/79, Padmanabhan Zila
Fatehpur-881615",Darbhanga,833987,23-01-2024,New,5,1932.51,9662.55,Regular
70363568,Ekavir Sunder,siyengar@example.com,9.18984E+11,"H.No. 47
Goda Zila
Chittoor-109669",Shahjahanpur,354549,03-08-2023,New,13,1632.23,21218.99,VIP
10019218,Elijah Brar,ikbalshukla@example.net,9.14359E+11,"35
Chhabra Nagar, Singrauli 962731",Parbhani,700999,28-08-2023,New,7,560.14,3920.98,Regular
12799092,William Sarkar,vsridhar@example.net,9.16571E+11,"H.No. 578, Dugal Zila, Chinsurah 373691",Unnao,817262,19-05-2024,Inactive,5,557.19,2785.95,Regular
12507907,Maanas Dugal,warda81@example.net,9.10113E+11,"82/55, Sundaram Zila, Gopalpur 792114",Nangloi Jat,978091,22-11-2023,Regular,19,1278.01,24282.19,VIP
29584848,Lucky Chada,devganesan@example.org,9.11155E+11,"H.No. 95
Iyengar Circle
Dhule-728048",Dehri,469757,03-10-2024,Premium,11,1212.04,13332.44,VIP
27955158,Abeer Kamdar,aaggarwal@example.net,9.17947E+11,"H.No. 535, Nair Path
Kurnool 247765",Shivpuri,950386,16-03-2024,New,13,1659.73,21576.49,VIP
13651980,Abhiram Basak,khalsaadweta@example.org,9.15545E+11,"531, Madan Chowk, Alwar-182796",Ranchi,707169,28-05-2023,Inactive,12,308.29,3699.48,VIP
90246977,Yuvraj Chacko,zinal84@example.org,9.13475E+11,"H.No. 88, Chandra Marg
Tirupati 850392",Tiruchirappalli,720144,05-05-2023,Premium,1,1375.17,1375.17,Regular
91614690,Chaman Yohannan,mugdhakakar@example.net,9.13351E+11,"854
Aggarwal Chowk
Bokaro 633335",Nandyal,343492,09-06-2023,Premium,18,289.7,5214.6,VIP
92027021,Chatura Natt,jack25@example.com,9.12941E+11,"96/145
Natarajan Ganj
Khandwa-209328",Ballia,61391,17-10-2024,Inactive,5,1279.72,6398.6,Regular
11493300,Yatan Bedi,pranitratta@example.org,9.15996E+11,"H.No. 22
Pandit Street
Coimbatore 123398",Durg,144438,26-07-2024,Regular,18,1025.67,18462.06,VIP
77862447,Tejas Doshi,yashawini78@example.org,9.15361E+11,"H.No. 487
Bera Ganj
Coimbatore 258160",Bally,410832,14-07-2023,New,3,721.04,2163.12,Regular
47503133,Mitesh Rajan,nilima95@example.com,9.18274E+11,"H.No. 900
Bora Street, Tiruppur 590706",Chapra,321850,26-10-2024,Inactive,12,1614.04,19368.48,VIP
65745775,Aryan Mangal,fshan@example.org,9.15242E+11,"H.No. 28
Nagi Path
Bhimavaram-958776",Buxar,293389,08-12-2023,Inactive,4,1021.23,4084.92,Regular
89867195,Akshay Comar,qbarman@example.com,9.18311E+11,"H.No. 482
Aggarwal Zila
Kolhapur-540436",Tumkur,216353,11-10-2023,Premium,10,409.49,4094.9,Regular
6247821,Mekhala Vora,gardequincy@example.org,9.17853E+11,"08/563, Sane Circle, Khora -425505",Panvel,691869,15-07-2023,Regular,15,1832.58,27488.7,VIP
73393269,William Varughese,xsachar@example.org,9.19916E+11,"91/001
Naik Circle
Bhopal 342050",Ajmer,857535,11-06-2024,Regular,8,1615.2,12921.6,Regular
48716374,Chaman Merchant,fchaudhari@example.org,9.10509E+11,"97/515, Prasad Path
Allahabad 009477",Hapur,590658,01-05-2023,Premium,20,1475.82,29516.4,VIP
78614729,Finn Goswami,sethidaniel@example.org,9.19553E+11,"469
Kadakia Ganj, Avadi-835600",Tiruvottiyur,591291,05-09-2024,New,10,1786.91,17869.1,Regular
20238921,Shivani Kumer,ubhargava@example.com,9.11937E+11,"H.No. 43
Tailor Nagar
Tadipatri 360847",Thiruvananthapuram,602258,29-09-2023,Premium,8,1298.79,10390.32,Regular
84066402,Lucky Dar,amrutadixit@example.com,9.19291E+11,"43/56
Shah Nagar, Jalna-842838",Amritsar,684269,11-10-2023,Regular,7,794.76,5563.32,Regular
60271325,Michael Chopra,harshdalal@example.org,9.15509E+11,"H.No. 38
Sankar Circle, Kota-391161",Malegaon,838512,08-05-2024,New,8,356.62,2852.96,Regular
40692378,Chatresh Rastogi,xiti56@example.org,9.11082E+11,"H.No. 83, Behl Zila
Karaikudi-818020",Jabalpur,75343,13-09-2024,New,9,1782.4,16041.6,Regular
469006,Shivansh Loyal,darikaperi@example.net,9.10131E+11,"49, Garg Ganj
Bhubaneswar-563425",Begusarai,814266,21-08-2023,Inactive,2,1393.2,2786.4,Regular
41811800,Sneha Bahl,advaygolla@example.org,9.18789E+11,"63/20
Thakur Ganj, Bhiwandi-326191",Jaunpur,755202,10-10-2023,Regular,6,1410.59,8463.54,Regular
87107263,Lakshmi Arora,parmarvansha@example.org,9.18888E+11,"38/541
Hari Street, Faridabad 486542",Vijayawada,784029,02-10-2024,Inactive,9,1659.56,14936.04,Regular
89619421,Urvi Maharaj,imaran14@example.com,9.12762E+11,"30/168, Raman Street, Kharagpur 263382",Rajpur Sonarpur,161282,02-11-2023,Premium,5,1466.13,7330.65,Regular
62828341,Darika Deol,xbakshi@example.net,9.16647E+11,"716
Borra Chowk, Bokaro 793011",Howrah,460118,27-06-2024,Inactive,20,283.63,5672.6,VIP
55738118,Jagrati Badami,ovenkataraman@example.com,9.18689E+11,"959, Apte Street, Gurgaon-641674",Hapur,163439,29-12-2023,Regular,11,1520.09,16720.99,VIP
2684440,Hamsini De,yashodharaanne@example.org,9.10538E+11,"28/37, Radhakrishnan
Kakinada 773718",Ranchi,574868,05-09-2023,Premium,5,650.6,3253,Regular
77811864,Urvashi Iyengar,yadaviwali@example.com,9.10492E+11,"59/018, Gara Ganj
Bhavnagar-018318",Miryalaguda,829480,10-09-2023,Premium,12,1712.29,20547.48,VIP
43052303,Girik Mutti,rajanathan@example.com,9.10463E+11,"H.No. 065, Sehgal Zila
Salem 592037",Eluru,907571,21-06-2023,Premium,19,1790.43,34018.17,VIP
24478397,Jairaj Gill,vivaanagarwal@example.org,9.10801E+11,"69, Goda Circle, Nagercoil 556537",Bidar,612763,28-03-2024,New,14,829.36,11611.04,VIP
22846435,Jackson Shenoy,gopalkrishnamurthy@example.net,9.13964E+11,"H.No. 61, Contractor Chowk, Meerut-839492",Tezpur,358841,15-07-2023,Inactive,12,1844.21,22130.52,VIP
32868927,Anjali Lala,maanasgarg@example.org,9.12497E+11,"59/920, Chhabra Chowk, Udaipur-321781",Karimnagar,28876,13-04-2023,New,19,926.68,17606.92,VIP
88312515,Kiaan Chhabra,peter83@example.com,9.18684E+11,"72/340, Apte Marg
Sambhal-436677",Gandhinagar,186946,05-02-2024,Inactive,10,544.71,5447.1,Regular
33741801,Girindra Nadig,quincy72@example.com,9.14542E+11,"106
Bhatt Street, Jamshedpur 915471",Ratlam,626892,27-01-2024,New,16,1249.15,19986.4,VIP
29502852,Andrew Vasa,aarush91@example.org,9.18622E+11,"061
Tank
Asansol 810831",Dibrugarh,870715,28-08-2024,New,18,1995.37,35916.66,VIP
75464725,Chavvi Sibal,ishanibahl@example.com,9.135E+11,"H.No. 004, Anand Chowk, Udupi-217874",Sambhal,629342,02-12-2023,Inactive,20,1805.77,36115.4,VIP
88745052,Leena Zacharia,krishnaprabhu@example.org,9.11551E+11,"H.No. 01
Sengupta Street, Bahraich 125364",Kumbakonam,583025,12-04-2024,Regular,5,516.9,2584.5,Regular
50632192,Omkaar Mander,tanvi84@example.org,9.12486E+11,"74/669
Sundaram
Sambhal 774698",Nadiad,846443,17-03-2023,Premium,16,1096.83,17549.28,VIP
81655250,Kashvi Rege,gnanda@example.org,9.10543E+11,"H.No. 31
Buch Circle, Ajmer-282400",Madurai,851454,04-07-2023,Regular,17,1399.67,23794.39,VIP
29858395,Patrick Rout,aayushpal@example.net,9.15524E+11,"354, Bali Street
Pondicherry-996500",Hospet,511481,03-09-2024,Inactive,16,442.16,7074.56,VIP
56572297,Rachita Wali,shivanimody@example.org,9.19498E+11,"572, Deshmukh
Pimpri-Chinchwad 016173",Ulhasnagar,25613,02-10-2024,Inactive,10,1601.86,16018.6,Regular
18140588,Orinder Malhotra,samarth50@example.org,9.1754E+11,"80/775
Varkey Path
Saharanpur-494356",Jalna,895444,04-07-2024,Regular,17,856.95,14568.15,VIP
74352908,Ishaan Chad,wishinagarajan@example.com,9.14607E+11,"H.No. 660
Saha Nagar, Bhiwani-793040",Guntakal,653024,31-03-2024,Inactive,13,1879.61,24434.93,VIP
37633848,Samuel Banerjee,shettyfaris@example.com,9.17564E+11,"119
Seth Nagar
Mumbai 912897",Kharagpur,622019,27-08-2023,Premium,20,1237.57,24751.4,VIP
19180962,Osha Varghese,pjohal@example.org,9.17683E+11,"60/201
Shere
Bilaspur 758086",Kalyan-Dombivli,237601,05-07-2024,Inactive,19,622.08,11819.52,VIP
75739462,Vasana Ganesh,xsarma@example.org,9.1884E+11,"548
Wali Chowk, Gwalior 656688",Satna,756186,23-06-2024,Premium,2,1474.27,2948.54,Regular
47926198,Bhavini Kulkarni,elijah77@example.net,9.10675E+11,"H.No. 082, Raghavan Nagar, Bhilwara-021542",Nandyal,321001,04-02-2024,Regular,11,1408.42,15492.62,VIP
57809174,Girindra Dara,hemalad@example.org,9.17115E+11,"46/681
Bobal Path
Navi Mumbai-347951",Lucknow,284807,12-04-2024,Premium,11,1898.72,20885.92,VIP
21786873,Balhaar Ramesh,andraidika@example.com,9.16298E+11,"48/273
Chacko Marg
Tirupati-417143",Lucknow,297685,07-03-2024,Regular,3,1600.68,4802.04,Regular
32564478,Ekbal Dubey,wsrinivasan@example.com,9.10925E+11,"H.No. 620
Dube Chowk
Katni-733668",Kishanganj,330178,24-06-2024,Premium,5,211.3,1056.5,Regular
41168392,Sneha Rajagopalan,kamalacontractor@example.com,9.16383E+11,"71, Banerjee Circle, Imphal-801151",Silchar,133041,10-01-2024,Premium,13,506.28,6581.64,VIP
40305293,Tejas Parmer,waglevedhika@example.com,9.18906E+11,"783, Handa Marg
Medininagar-040912",Bhatpara,597677,01-09-2024,Regular,10,614.48,6144.8,Regular
91562028,Ayaan Kashyap,sachdevishwar@example.org,9.17539E+11,"H.No. 88, Varghese Ganj, Bhilai-068738",Noida,248694,09-10-2024,Regular,9,1141.68,10275.12,Regular
5754255,Radha Rana,kritika79@example.org,9.14136E+11,"34/71, Wable Nagar, Bally 321844",Mango,547754,12-11-2023,Inactive,1,1050.74,1050.74,Regular
73891999,Vinaya Khatri,zarnakala@example.org,9.17708E+11,"04/032, Doctor Street
Silchar 214713",Sambalpur,966637,22-07-2024,New,11,1681.91,18501.01,VIP
91500615,Varenya Vala,nakul89@example.org,9.19446E+11,"91/20
Bawa Ganj
Serampore 477704",Parbhani,557915,27-07-2024,Premium,4,840.89,3363.56,Regular
79742293,Faris Mohanty,udarsh64@example.com,9.19172E+11,"H.No. 477, Khalsa Zila
Kurnool-102764",Hajipur,123910,11-02-2024,Regular,17,1608.81,27349.77,VIP
71902700,Qarin Nazareth,garimaraju@example.com,9.16214E+11,"44
Bhasin Marg
Panipat 159190",Bhind,91752,05-02-2024,Regular,10,824.31,8243.1,Regular
78267238,Luke Bala,wdubey@example.org,9.15876E+11,"241
Bora Path
Secunderabad-741114",Warangal,86601,07-07-2024,Inactive,1,301.21,301.21,Regular
16780752,Avi Soman,routdiya@example.com,9.15431E+11,"H.No. 97
Chauhan
Nellore-895405",Begusarai,320804,07-12-2023,Premium,20,1429.12,28582.4,VIP
91312072,Joshua Rana,mkakar@example.net,9.18534E+11,"40, Dutta Zila, Katihar 605477",Jalna,409142,20-04-2024,Inactive,4,1518.25,6073,Regular
28458746,Dalaja Borde,murtybhavani@example.net,9.13737E+11,"H.No. 069, Sachar Chowk
Munger 082064",Bulandshahr,97442,14-09-2023,New,12,1998.49,23981.88,VIP
57770044,Zarna Master,xalak26@example.net,9.19539E+11,"H.No. 15
Venkatesh Circle, Sirsa-878884",Ajmer,900627,19-11-2023,Regular,10,934.08,9340.8,Regular
2234490,Amara Gala,gangasanghvi@example.com,9.14513E+11,"43, Gole Zila
Hajipur 933661",Singrauli,529202,07-08-2024,Premium,8,1540.25,12322,Regular
76202036,Ishita Patla,omajawali@example.com,9.13376E+11,"97/622
Bhatnagar Marg
Varanasi 242752",Gwalior,620579,11-03-2024,Inactive,13,1118.75,14543.75,VIP
45112520,Anamika Hayre,eeshaganesan@example.net,9.18561E+11,"058
Wagle Street, Eluru 310344",Rajahmundry,753100,30-06-2024,Premium,1,499.85,499.85,Regular
30116949,Harshil Pathak,janakisaraf@example.com,9.15552E+11,"09
Sha, Chinsurah 561052",Nadiad,981634,23-08-2023,Inactive,5,1535.47,7677.35,Regular
16640907,Anjali Choudhary,indira18@example.com,9.10384E+11,"353, Sahota Zila
Katni 822108",Bhagalpur,632688,05-10-2024,Regular,16,527.03,8432.48,VIP
44174426,Girindra Nair,wazirsanghvi@example.org,9.15848E+11,"12/240, Barad Ganj
Hajipur 503025",Salem,133683,02-07-2024,New,20,1655.49,33109.8,VIP
13939675,Edhitha Lal,mukherjeejai@example.net,9.16475E+11,"53/947, Jayaraman Street, Bangalore-157373",Amroha,960333,05-04-2024,New,18,783.47,14102.46,VIP
33394166,Dakshesh Lad,panditkritika@example.com,9.11666E+11,"04/08, Comar Street
Hindupur 886323",Surendranagar Dudhrej,78491,03-10-2024,New,10,282.63,2826.3,Regular
45323391,Viraj Kota,sampathosha@example.org,9.16025E+11,"H.No. 86, Bhalla Path
Mango-318186",North Dumdum,957395,24-03-2024,New,2,1008.14,2016.28,Regular
71411879,Aarav Mukherjee,handaeshana@example.org,9.12773E+11,"H.No. 100, Babu Chowk, Bidar 645114",Etawah,363775,23-10-2024,Regular,4,1743.87,6975.48,Regular
13585482,Meera Dara,sodhibachittar@example.org,9.13664E+11,"23
Murty Zila, Ajmer-307715",Buxar,800996,06-07-2023,Inactive,20,1475.52,29510.4,VIP
40434527,Liam Nigam,advay02@example.net,9.15577E+11,"699
Chaudhuri Road, Bhagalpur-271359",Vellore,693390,27-06-2024,Inactive,5,815.01,4075.05,Regular
59830126,Raghav Iyengar,fborde@example.org,9.19105E+11,"93
Ganesh Road
Gandhinagar-097993",Howrah,50816,28-10-2024,New,14,1799.47,25192.58,VIP
12622901,Januja Kaul,dhaliwaljagdish@example.com,9.16792E+11,"H.No. 398, Iyer Chowk
Vijayanagaram-137056",Bareilly,724988,07-08-2024,Inactive,3,870.68,2612.04,Regular
3897936,Maanav Singh,unnikarpe@example.com,9.11787E+11,"H.No. 954, Subramaniam Circle
Mangalore-854236",Pudukkottai,100457,26-09-2023,Premium,14,215.16,3012.24,VIP
48281892,Teerth Mukherjee,toordakshesh@example.org,9.11237E+11,"H.No. 706
Lal Path
Visakhapatnam-582362",Vellore,691199,11-04-2023,New,6,1653.39,9920.34,Regular
33370343,Yachana Bava,ohans@example.com,9.17327E+11,"44/197
Dash Street, Tinsukia 305622",Ratlam,893977,07-07-2024,Premium,20,999.04,19980.8,VIP
40877127,Falak Sarraf,ydas@example.com,9.11015E+11,"91, Minhas Ganj
Deoghar 503558",Ludhiana,206065,31-07-2023,Premium,14,757.15,10600.1,VIP
75081265,Gaurav Luthra,mohantygautam@example.net,9.11061E+11,"H.No. 108
Kapur Nagar, Gandhinagar-700004",Nizamabad,292847,04-05-2023,Premium,2,958.17,1916.34,Regular
92118758,Yadavi Bhatt,ranbirchaudhry@example.com,9.14634E+11,"330
Mani Path
Secunderabad-252919",Gorakhpur,856412,03-01-2024,Regular,2,300.79,601.58,Regular
66766629,Harita Mander,ayushwalla@example.org,9.10616E+11,"H.No. 09
Ganguly Ganj, Motihari-968384",Gulbarga,408735,22-02-2024,New,16,504.76,8076.16,VIP
89686431,Eta Dani,pushti67@example.org,9.112E+11,"H.No. 271, Loyal Chowk
Thrissur-060782",Dharmavaram,850478,14-08-2024,Regular,11,1637.7,18014.7,VIP
88517890,Anvi Swaminathan,duttirya@example.net,9.10119E+11,"H.No. 456, Pai Path, Amroha 878650",Nizamabad,524369,14-08-2024,Premium,10,1964.72,19647.2,Regular
69761993,Udant Kade,lila77@example.net,9.18843E+11,"87/304, Nadig Nagar, Bally 955962",Gangtok,661415,06-08-2024,New,6,551,3306,Regular
11562458,Parth Raghavan,bhargavaeshana@example.org,9.13657E+11,"H.No. 09
Choudhury Nagar, Motihari-939952",Firozabad,227726,16-11-2023,Regular,7,1409.32,9865.24,Regular
57892837,Thomas Bail,zarnasandhu@example.net,9.13787E+11,"95/973, Pau Chowk, Thoothukudi-912925",Bally,584566,22-03-2024,Premium,14,581.57,8141.98,VIP
85474732,Waida Lanka,banikgirik@example.net,9.13775E+11,"85/29
Krish Path, Bettiah-285272",Allahabad,79025,01-01-2024,Premium,1,941.76,941.76,Regular
62541176,Yutika Andra,boaseonkar@example.com,9.14914E+11,"472
Pai Zila
Karnal-312720",Tirupati,929796,26-08-2024,New,7,1691.37,11839.59,Regular
31940833,Urmi Amble,anita28@example.net,9.18225E+11,"H.No. 083, Bajwa, Rewa-343147",Karawal Nagar,452880,31-07-2023,New,4,1515.8,6063.2,Regular
76212152,Mitali Kapoor,ektabava@example.com,9.12445E+11,"20/514
Raju Zila
Mangalore 950685",Agra,685797,11-10-2024,Premium,13,1767.81,22981.53,VIP
42366724,Quincy Kari,gopaldugar@example.org,9.10862E+11,"39/64
Vig Zila
Jaipur-137064",Saharanpur,260071,27-07-2023,Inactive,20,1896.27,37925.4,VIP
54619715,David Cherian,imaran51@example.com,9.16825E+11,"358
Bhakta
Sangli-Miraj & Kupwad 296144",Panchkula,660842,27-10-2024,Inactive,4,739.04,2956.16,Regular
24896263,Nachiket Prasad,dorafalan@example.net,9.12361E+11,"79/84
Randhawa Path
Mehsana 618412",Amroha,948603,21-06-2024,Regular,13,532.9,6927.7,VIP
5700842,Waida Trivedi,garimashere@example.net,9.1858E+11,"H.No. 68, Tara Road, Surendranagar Dudhrej 454893",Amravati,864006,11-09-2024,Regular,3,514.06,1542.18,Regular
73799927,Tamanna Kashyap,ldin@example.net,9.17099E+11,"98/56
Singhal Road, Hubli–Dharwad-489531",Ambala,580131,28-04-2023,New,4,1121.27,4485.08,Regular
12867472,Ishanvi Tripathi,yohannanubika@example.net,9.12853E+11,"95/572
Mohan Ganj
Tirupati-987144",Mehsana,307601,14-10-2024,Premium,3,1053.52,3160.56,Regular
97315135,Bhavini Parikh,parth29@example.com,9.18386E+11,"H.No. 268
Jhaveri Marg, Gangtok-425126",Shivpuri,276056,03-01-2024,New,19,1393.14,26469.66,VIP
48150243,Ekaja Dube,ahluwaliasaumya@example.net,9.17663E+11,"42
Bawa
Madanapalle-334038",Delhi,175880,27-11-2023,Regular,13,262.6,3413.8,VIP
19556566,Yashica Doctor,yachanachokshi@example.com,9.16467E+11,"H.No. 861, Sami Street, Akola 863487",Tiruvottiyur,937178,01-11-2023,Premium,20,664.17,13283.4,VIP
59240916,Ronith Murthy,jgulati@example.com,9.15436E+11,"H.No. 567, Mutti Road, Hajipur 158460",Faridabad,730723,19-08-2023,Inactive,6,1202.51,7215.06,Regular
61002154,Ridhi Datta,basakyashodhara@example.net,9.15842E+11,"59, Ranganathan Circle
Nagpur-818568",Imphal,276311,16-06-2023,Regular,19,1526.04,28994.76,VIP
81584486,Orinder Kurian,cnazareth@example.net,9.13761E+11,"53/359
Chadha Zila, Panchkula 168207",Hazaribagh,87603,24-01-2024,Inactive,2,369.75,739.5,Regular
41494867,Kalpit Gulati,uppaldipta@example.net,9.14446E+11,"20/47
Vohra Ganj, Nadiad 804287",Bongaigaon,118940,04-12-2023,New,15,240.17,3602.55,VIP
75908967,Hemang Sama,qcontractor@example.com,9.13441E+11,"35
Chatterjee Nagar, Bidar 543213",Yamunanagar,915923,03-06-2023,Regular,14,1095.58,15338.12,VIP
38902882,Ria Dugar,craval@example.org,9.12994E+11,"80/48, Mangal Nagar, Ratlam-375288",Firozabad,226571,10-03-2024,Inactive,17,1583.52,26919.84,VIP
52048413,Keya Balakrishnan,parikhsamesh@example.org,9.15167E+11,"09
Borra, Jehanabad-368313",Jalna,517187,04-10-2023,Inactive,20,1449.1,28982,VIP
99412119,Samarth Sachar,cmurty@example.net,9.14064E+11,"H.No. 900
Konda Zila
Sikar-445716",Agartala,868483,24-05-2024,New,17,653.57,11110.69,VIP
47625855,Caleb Brar,eeshanigam@example.com,9.19001E+11,"H.No. 81
Kari Road
Nagercoil-798440",Mango,918327,21-05-2023,New,6,515.69,3094.14,Regular
19393135,Nathaniel Gokhale,ekanta98@example.net,9.16113E+11,"97/421, Kibe Path, Kozhikode 660167",Bidhannagar,317769,11-06-2023,Regular,19,327.58,6224.02,VIP
87669943,Ikshita Rajagopalan,rsethi@example.org,9.14098E+11,"259, Guha Zila, Katni 233200",Nandyal,961518,02-04-2023,Inactive,1,1272.95,1272.95,Regular
90586443,Baljiwan Pandey,vmitra@example.org,9.1087E+11,"72/14
Palla Path
Haldia 455745",Ambala,46985,30-08-2023,New,2,1637.32,3274.64,Regular
15066187,Vedant Keer,jalsadube@example.com,9.17167E+11,"H.No. 25, Garde Street
Kharagpur 866567",Jammu,882141,19-03-2023,Regular,13,791.67,10291.71,VIP
78806824,Yashawini Vasa,ekaraj06@example.org,9.18879E+11,"623
Thaman Chowk
Vellore-331680",Guntakal,408800,08-01-2024,Premium,20,1027.41,20548.2,VIP
59110513,Chaaya Mody,choudharyjagrati@example.org,9.13294E+11,"132
Walla, Secunderabad 502542",Raebareli,594217,16-06-2023,Inactive,12,1377.27,16527.24,VIP
64823226,Vasudha Sheth,ramanathanridhi@example.org,9.14329E+11,"73/53, Bahri Road, Vijayanagaram 763383",Tirupati,611999,08-04-2023,Premium,5,614.1,3070.5,Regular
49529811,Zayyan Swaminathan,liam57@example.net,9.13194E+11,"H.No. 528, Uppal, Arrah 830864",Pimpri-Chinchwad,945135,16-05-2024,Regular,13,1595.6,20742.8,VIP
18199057,Xalak Sahni,biswasfalak@example.net,9.15105E+11,"64/26, Walla Ganj
Raebareli-909282",Ratlam,908599,30-05-2023,Inactive,9,1353.93,12185.37,Regular
17805991,Jhalak Rai,panditdev@example.net,9.1926E+11,"73/063, Dutt Road
Kishanganj-424784",Dhule,819317,09-05-2024,New,10,924.9,9249,Regular
56441247,Aashi Narula,girindrachar@example.com,9.18817E+11,"H.No. 291
Bassi, Nashik 127808",Meerut,27074,02-06-2024,Premium,18,1667.94,30022.92,VIP
91228580,Ojasvi Yadav,hiteshsekhon@example.net,9.15959E+11,"21/429, Hegde Chowk, Erode 713443",Mangalore,627586,29-05-2024,Regular,3,330.22,990.66,Regular
35435896,Abhiram Tiwari,rachana11@example.net,9.13752E+11,"22, Anne Chowk
Uluberia 647085",Dehradun,920849,08-09-2023,Premium,9,338.62,3047.58,Regular
6867315,Yash Lata,xchhabra@example.net,9.13775E+11,"61/601, Sarma Marg
Haridwar-085930",Imphal,194966,31-08-2024,Premium,1,1766.24,1766.24,Regular
54837637,Nathaniel Som,bvora@example.org,9.1105E+11,"314
Cheema Circle
Jalgaon-152298",Ichalkaranji,478461,01-09-2023,Regular,9,1525.43,13728.87,Regular
76257013,Lavanya Loyal,gkothari@example.net,9.13611E+11,"H.No. 158
Gopal Circle, Cuttack 973082",Mango,643300,02-08-2023,New,16,1812.15,28994.4,VIP
11478478,Vedika Dugal,sroy@example.org,9.12257E+11,"H.No. 44, Tata Nagar, Guwahati 451820",Ahmednagar,955878,31-10-2023,Inactive,17,762.82,12967.94,VIP
91347159,Turvi Parikh,wdua@example.org,9.14099E+11,"215, Loyal Road
Patna-061006",Pallavaram,1281,23-06-2024,Premium,6,887.04,5322.24,Regular
6982488,Vanya Sachdev,shivani04@example.com,9.1278E+11,"01
Chaudhry Circle, Saharanpur 438058",Jalna,584733,11-01-2024,New,4,1819.01,7276.04,Regular
38327793,Yug Brar,wallachandran@example.net,9.18328E+11,"17
Kurian Ganj
Durgapur 843749",Nandyal,506488,04-05-2024,Inactive,12,1924.53,23094.36,VIP
64722323,Harish Kant,tamannamody@example.com,9.14781E+11,"43/894, Aggarwal Zila, Jammu-664304",Dibrugarh,61375,14-05-2023,New,7,1785.47,12498.29,Regular
19523856,Aryan Sood,shettykashish@example.net,9.19308E+11,"89/64
Mall Road, Kochi-401679",Thoothukudi,468885,02-11-2023,Premium,6,1084.14,6504.84,Regular
8628482,Krishna Mani,joshioviya@example.com,9.19838E+11,"26
Kadakia Nagar
Buxar-462583",Bhiwandi,419317,30-12-2023,New,9,1726.44,15537.96,Regular
58979427,Kiaan Wason,chaudhrysuhani@example.com,9.13744E+11,"83/13
Chawla Ganj
Ramgarh-215667",Jalna,771132,22-01-2024,Premium,3,1743.81,5231.43,Regular
26716400,Yamini Dey,neelima32@example.com,9.1697E+11,"95/118, Datta Circle
Farrukhabad-619262",Morena,89227,12-07-2023,Premium,19,1179.28,22406.32,VIP
89998489,Logan Bhasin,chadaforum@example.org,9.16851E+11,"771, Balakrishnan Street, Madhyamgram-423100",Rajkot,332156,26-10-2024,Premium,19,1297.04,24643.76,VIP
15808945,Vrinda Khurana,wsekhon@example.com,9.18359E+11,"H.No. 515, Balay Path
Amravati 503358",Gangtok,890545,10-04-2024,New,6,1255.9,7535.4,Regular
60728956,Andrew Nigam,nitara58@example.net,9.12558E+11,"29/168, Srinivas
Bijapur 827761",Khandwa,785737,26-06-2023,Premium,15,1764.25,26463.75,VIP
25430839,Ria Nair,azad16@example.org,9.1415E+11,"H.No. 004, Shankar Chowk, Panvel 311892",Vellore,853871,15-09-2023,New,15,885.48,13282.2,VIP
80935110,Oscar Bir,kpant@example.net,9.17576E+11,"47, Chanda Nagar
Bhagalpur 285289",Tumkur,983869,14-07-2023,Regular,16,1855.7,29691.2,VIP
70965437,Ayush Lanka,tpradhan@example.com,9.1468E+11,"H.No. 032
Khalsa
Darbhanga-726459",Alwar,361355,22-03-2024,Inactive,17,1220.76,20752.92,VIP
53557741,Robert Shroff,ojas02@example.net,9.13042E+11,"740, Banerjee Ganj
Mira-Bhayandar 913260",Hospet,407375,30-10-2024,Inactive,10,1753.39,17533.9,Regular
12832151,Ekavir Bhalla,ksehgal@example.net,9.19567E+11,"73/91, Loyal, Kochi 294184",Baranagar,509489,12-07-2023,Inactive,16,356.96,5711.36,VIP
188838,Idika Basu,deepakhanna@example.com,9.14956E+11,"67, Karan Chowk
Katihar 496332",Madanapalle,566155,16-07-2024,Inactive,12,799.11,9589.32,VIP
56780331,Vinaya Atwal,niharikasuresh@example.net,9.19007E+11,"770
Yohannan Path
Sultan Pur Majra-654003",Gaya,980372,18-04-2024,Premium,8,903.37,7226.96,Regular
43574734,Falak Magar,daliajack@example.net,9.14625E+11,"H.No. 28
Narayanan Street
Begusarai-921005",Rourkela,537609,11-05-2024,New,5,551.29,2756.45,Regular
53392567,Darika Banerjee,chadhapallavi@example.net,9.10922E+11,"88/17, Guha Zila, Avadi 258872",Aligarh,227395,16-04-2024,Regular,18,398.91,7180.38,VIP
20310720,Samaksh Chaudhuri,cheriankrishna@example.net,9.18528E+11,"80/68
Rai Chowk
Dehri-253784",Bhubaneswar,37268,03-04-2023,Regular,9,1677.91,15101.19,Regular
59427862,Hemani Lall,libnikaur@example.net,9.15151E+11,"H.No. 819, Chhabra Street
Tiruchirappalli-727090",Erode,149001,10-10-2024,Premium,1,1713.94,1713.94,Regular
99695529,Charvi Tripathi,srivastavalipika@example.net,9.1243E+11,"H.No. 603
Venkataraman Nagar, South Dumdum 271814",North Dumdum,159869,11-04-2023,New,12,1751.77,21021.24,VIP
1134585,Bhavani Rau,uppalvrishti@example.com,9.13706E+11,"61, Mitra Zila, Bhatpara-234618",Ghaziabad,553914,06-02-2024,Regular,8,1975.21,15801.68,Regular
65488134,Faqid Kar,naveen31@example.net,9.18977E+11,"64, Dave Path, Dehri 202368",Agra,187467,28-04-2023,New,12,853.49,10241.88,VIP
96461062,Udarsh Lal,jhalak01@example.com,9.18622E+11,"H.No. 475, Bail Ganj, Dehradun-784526",Hosur,683470,29-05-2023,Regular,14,1612.31,22572.34,VIP
57637943,Kiaan Kala,krish70@example.org,9.17384E+11,"H.No. 760, Deshmukh Path, Mau 347656",Amroha,693916,13-03-2024,Premium,13,1865.94,24257.22,VIP
49371494,Zansi Banik,lohit10@example.net,9.16625E+11,"H.No. 44
Khurana Nagar
Arrah 563930",Kanpur,542949,14-12-2023,Regular,18,701.13,12620.34,VIP
75038062,Udarsh Bail,maharajhredhaan@example.com,9.16497E+11,"86/06
Nigam Zila, Kumbakonam-777283",Avadi,554021,18-05-2024,New,19,1882.45,35766.55,VIP
17299810,Hamsini Krish,balendrasanghvi@example.com,9.14004E+11,"42/822
Mitra Nagar
Gorakhpur 509558",Kadapa,344807,04-03-2024,New,13,1874.42,24367.46,VIP
82032191,Benjamin Bhatnagar,qarin38@example.org,9.11506E+11,"499, Radhakrishnan Circle, Tiruvottiyur 199364",Satara,326010,20-02-2024,New,17,387.14,6581.38,VIP
52417972,Nisha Chadha,rmishra@example.net,9.11745E+11,"568
Keer Road
Raiganj-432407",Madhyamgram,51637,06-03-2024,New,1,581.78,581.78,Regular
9049965,Ishani Kalla,wakeetachaudhary@example.org,9.15656E+11,"55
Wable Path, Sikar-177388",Raichur,224637,03-04-2024,New,3,1390.06,4170.18,Regular
70420271,Ryan Ratta,amolkadakia@example.com,9.14382E+11,"61/477
Ganesan Ganj
Bhilai 118543",Bhusawal,913157,09-12-2023,New,19,680.28,12925.32,VIP
19536688,Parth Ramaswamy,thakurvasatika@example.org,9.17048E+11,"H.No. 867, Kara Nagar, Ujjain-697076",Tiruppur,881065,19-09-2023,New,4,1346.03,5384.12,Regular
72359843,Leena Kala,rrai@example.com,9.13748E+11,"H.No. 610, Setty Ganj
Katni 609504",Kalyan-Dombivli,739018,24-09-2024,Premium,18,888.43,15991.74,VIP
9981089,Ikbal Hari,madhav05@example.net,9.18036E+11,"38, Sood Marg
Panchkula-584011",Proddatur,188765,05-10-2023,Premium,1,402.74,402.74,Regular
62510499,Pratyush Trivedi,nswaminathan@example.org,9.16941E+11,"19/62
Raghavan Road, Khora  096529",Kozhikode,711088,14-08-2024,Premium,16,510.62,8169.92,VIP
34835738,Vrinda Mutti,wableyashoda@example.net,9.10828E+11,"H.No. 369, Dubey Path
Udupi-085926",Jalna,891610,13-08-2023,Premium,9,1210.36,10893.24,Regular
9641623,Samarth Chander,bailfalguni@example.net,9.11421E+11,"65/17, Balay Marg
Junagadh 746350",Kota,322889,23-09-2023,Premium,3,1515.02,4545.06,Regular
60275891,Anmol Chandra,aaravgala@example.com,9.18903E+11,"H.No. 35
Khalsa Zila
Nagaon 998677",Amaravati,419201,01-10-2024,Regular,16,1361.94,21791.04,VIP
78750264,Krishna Choudhry,raksha27@example.com,9.19897E+11,"H.No. 84
Nair Circle, Pali-386871",Ratlam,192232,19-09-2024,Inactive,7,1664.82,11653.74,Regular
18986315,Adweta Wason,shaamol@example.net,9.1118E+11,"999
Banerjee Chowk
Katni 720932",Bidhannagar,277814,05-04-2023,Premium,19,854.26,16230.94,VIP
10945990,Frado Keer,chandrananita@example.net,9.18469E+11,"H.No. 91
Chahal Street
Dibrugarh-080347",Burhanpur,193503,25-03-2024,New,5,1337.11,6685.55,Regular
1601161,Chanchal Thakur,faras36@example.com,9.11873E+11,"09/92
Oak Circle, Nandyal 041635",Amaravati,562508,24-05-2024,Inactive,1,589.31,589.31,Regular
6390687,Shivansh Dasgupta,watika26@example.net,9.11505E+11,"08/37, Singh Zila
Aizawl-112143",Alwar,733851,23-08-2024,Regular,5,1340.79,6703.95,Regular
63092485,Jeet Magar,hemanikalla@example.net,9.15318E+11,"910, Kunda Chowk
Bathinda 253701",Alappuzha,231756,23-06-2024,Premium,11,1295.42,14249.62,VIP
38244021,Samaksh Oza,sankaransara@example.net,9.16954E+11,"72/71, Randhawa, Bhubaneswar 329836",Chapra,223908,22-04-2024,Inactive,13,1326.66,17246.58,VIP
44859592,Dhriti Koshy,urmi61@example.net,9.14815E+11,"361, Mittal
Gandhinagar-958628",Proddatur,826520,05-10-2023,New,19,1283.05,24377.95,VIP
87984862,Qasim Kant,qbandi@example.net,9.12573E+11,"28/090
Chahal Marg, Nanded 239589",Yamunanagar,447524,21-11-2023,Premium,14,1034.45,14482.3,VIP
86067293,Udarsh Gour,neelima84@example.net,9.19572E+11,"73/42
Roy Chowk, Kalyan-Dombivli-725854",Sambalpur,230889,07-06-2023,Inactive,4,873.53,3494.12,Regular
41164215,Lucky Savant,lakshminaidu@example.org,9.19045E+11,"H.No. 252
Patil Road, Malda 892708",Secunderabad,907316,23-03-2023,Premium,15,1304.24,19563.6,VIP
46025543,Rachit Chatterjee,zayan61@example.org,9.18286E+11,"83/709, Boase Ganj
Bhubaneswar 278803",Kottayam,928642,25-11-2023,Premium,16,1273.07,20369.12,VIP
33481252,Ishaan Naidu,vedika57@example.net,9.1749E+11,"86
Prabhakar Marg
Medininagar 968738",Noida,51896,18-08-2024,Premium,8,1438.75,11510,Regular
68692574,Bachittar Wagle,lajita90@example.net,9.1304E+11,"40, Brar Chowk
Kanpur 341441",Bharatpur,841899,07-08-2024,Inactive,13,1503.93,19551.09,VIP
34839913,Gaurika Dayal,vyanjana32@example.net,9.18422E+11,"10
Mander Nagar
Bhiwandi-083761",Belgaum,552859,12-08-2024,Regular,4,1706.89,6827.56,Regular
88923048,Nandini Narula,michaelyogi@example.com,9.15891E+11,"H.No. 600, Raghavan Marg
Phusro-731120",Agra,64983,23-07-2024,Premium,4,1202.89,4811.56,Regular
21201299,Ladli Hegde,girikprashad@example.org,9.10398E+11,"07/818
Bhat Ganj, Bhusawal 661115",Unnao,383439,27-05-2024,New,19,1488.68,28284.92,VIP
34281470,Yash Johal,deygautam@example.com,9.10048E+11,"H.No. 14, Sunder Road, Silchar-024619",Kharagpur,963652,10-01-2024,Premium,11,1787.82,19666.02,VIP
72576730,Girik Kala,sarthak86@example.net,9.14603E+11,"61/029, Dara Street
Jaunpur-721683",Chennai,734650,17-02-2024,Regular,5,1971.67,9858.35,Regular
90856813,Neha Ramaswamy,pkeer@example.org,9.1491E+11,"05/72
Karnik, Bharatpur-728872",Dhanbad,498623,05-10-2024,Regular,13,1624.06,21112.78,VIP
81500385,Upma Gokhale,sara91@example.net,9.19572E+11,"95/44
Parmer Road
Naihati-539992",Ludhiana,51633,05-11-2023,New,12,772.64,9271.68,VIP
22974816,Ekantika Muni,naikyatin@example.org,9.13194E+11,"H.No. 61, Banerjee Road, Kishanganj 372960",Bhusawal,182024,08-01-2024,Premium,1,865.72,865.72,Regular
20496835,Chandresh Panchal,qpanchal@example.com,9.10937E+11,"727, Nanda Street
Karnal-038968",Alwar,476814,01-12-2023,New,17,1240.91,21095.47,VIP
38549299,Ati De,thakkarpushti@example.net,9.16427E+11,"19/65
Balakrishnan Nagar
Phagwara 309259",Asansol,880031,14-08-2023,Regular,4,234.63,938.52,Regular
78014505,Kashish Chakraborty,pkala@example.com,9.13353E+11,"570, Dar Zila, Davanagere 616549",Kottayam,798846,09-04-2023,New,1,696.29,696.29,Regular
64940409,Yoshita Divan,deshmukhaahana@example.com,9.19823E+11,"H.No. 25
Mammen Street
Jammu 514994",Gurgaon,546100,06-09-2024,Inactive,9,882.89,7946.01,Regular
30042971,Garima Morar,ubikaoak@example.com,9.14913E+11,"H.No. 786
Sarin Marg, Sasaram 292673",Rewa,416519,12-10-2024,Regular,8,863.9,6911.2,Regular
74682740,Aarush Badami,vradhakrishnan@example.org,9.10649E+11,"296, Mann Path, Howrah-899866",Rewa,875966,17-06-2024,Regular,10,1507.28,15072.8,Regular
84824280,Kamya Narayan,bhavyabakshi@example.com,9.10116E+11,"92/87, Golla Road, Bihar Sharif 337412",Ongole,989821,09-05-2024,Inactive,17,1752.91,29799.47,VIP
85907588,Avni Rai,ybarad@example.org,9.14448E+11,"H.No. 415
Dalal Circle
Sikar-264681",Rampur,639737,13-03-2024,Inactive,5,505.34,2526.7,Regular
6637282,Damini Lad,chandanikhatri@example.org,9.19069E+11,"407
Bose Nagar
Bhavnagar-274966",North Dumdum,140071,31-10-2023,Inactive,15,1495.87,22438.05,VIP
21432404,Darika Sharaf,mpalla@example.net,9.19484E+11,"981
Char, Morena 849491",Kalyan-Dombivli,144309,15-02-2024,Inactive,17,1482.59,25204.03,VIP
87954926,Yachana Mahal,raghavansanaya@example.com,9.18569E+11,"06/807
Roy Marg
Srikakulam-259605",Ambala,181111,07-02-2024,Premium,12,1245.07,14940.84,VIP
29941225,Oviya Bhandari,luke76@example.net,9.12281E+11,"25, Bava Circle, Rajahmundry-530281",Chapra,556077,25-06-2024,Premium,3,689.11,2067.33,Regular
68906393,Zilmil Ranganathan,mahalabha@example.net,9.17095E+11,"76/579
Doctor, Maheshtala 065837",Jalgaon,278297,13-06-2024,Regular,13,1094.35,14226.55,VIP
94486311,Ladli Mani,chatterjeeimaran@example.com,9.17658E+11,"814
Char Marg
Firozabad 508210",Chittoor,320760,17-08-2023,New,16,1812.66,29002.56,VIP
28221067,Ekansh Tandon,isen@example.org,9.11488E+11,"534, Dugar Zila, Muzaffarpur 425279",Agra,119724,21-10-2024,Regular,6,998.95,5993.7,Regular
3872421,Ladli Saran,virkfalak@example.com,9.1997E+11,"H.No. 56
Date Circle
Uluberia-147880",Panvel,973220,06-07-2023,Premium,3,1468.98,4406.94,Regular
77921718,Raghav Bassi,wsood@example.org,9.10452E+11,"H.No. 23, Borde Chowk, Bareilly 164276",Thrissur,368568,21-11-2023,Premium,3,1952.17,5856.51,Regular
6187807,Jairaj Tata,paivritti@example.net,9.13518E+11,"H.No. 361, Sunder Chowk
Jalgaon 205509",Dindigul,921070,24-08-2023,New,10,1962.92,19629.2,Regular
96795047,Osha Desai,rachitabehl@example.org,9.15335E+11,"H.No. 940, Goda Chowk, Morena 883030",Chittoor,679019,03-05-2024,New,15,1834.19,27512.85,VIP
44198187,Charvi Lanka,vrishti63@example.com,9.17026E+11,"H.No. 62
Ahluwalia, Salem 308338",North Dumdum,234734,16-03-2024,Regular,13,464.33,6036.29,VIP
94730288,Idika Bath,yuglall@example.net,9.14984E+11,"886, Suresh Nagar
Vadodara 913194",Rampur,721290,04-07-2023,Regular,17,1560.64,26530.88,VIP
49769532,Yashawini Barman,gbath@example.net,9.12466E+11,"62, Lal Circle, Berhampore-806602",Ramagundam,677659,25-05-2023,Premium,20,1923.39,38467.8,VIP
93730857,Pratyush Goyal,gabrielghosh@example.net,9.15243E+11,"93/581
Jayaraman Marg, Kalyan-Dombivli 367935",Singrauli,840019,11-03-2024,Premium,6,1446.09,8676.54,Regular
51556553,Hitesh Bakshi,sunderkrish@example.org,9.11366E+11,"11/88, Iyengar Nagar, Fatehpur-638408",Noida,187126,05-02-2024,Premium,6,1765.93,10595.58,Regular
22253483,Chandresh Hora,geetikadave@example.net,9.10887E+11,"H.No. 25, Soman Ganj
Faridabad-519455",Haridwar,115807,27-09-2023,Inactive,15,1561.12,23416.8,VIP
4438410,Siya Mittal,kdara@example.net,9.1826E+11,"09/37
Gulati Chowk, Kanpur 441894",Panipat,368597,17-10-2024,Inactive,11,1868.71,20555.81,VIP
44410149,Dhruv Patel,brarmitesh@example.net,9.11126E+11,"H.No. 20
Raval Nagar, Saharsa-744305",Pondicherry,600152,18-05-2023,New,14,1440.46,20166.44,VIP
3282647,Warda Pal,csinha@example.net,9.11556E+11,"39/439, Natt
Lucknow 617952",Unnao,736234,15-01-2024,Premium,18,608.27,10948.86,VIP
69340015,Aryan Ravel,garasara@example.com,9.19296E+11,"H.No. 554
Dass Road
Phagwara 104165",Tenali,314322,31-10-2023,Premium,16,1168.22,18691.52,VIP
29600229,Tamanna Borde,hyadav@example.net,9.11807E+11,"24/53, Sachdev Road
Visakhapatnam-358363",Gulbarga,402619,14-01-2024,Inactive,18,1491.65,26849.7,VIP
89886179,Ladli Shah,tarakbahri@example.net,9.18232E+11,"402
Dhar Marg
Howrah-469239",Kharagpur,816353,10-02-2024,Inactive,4,1298.64,5194.56,Regular
12077371,Gautami Maharaj,david51@example.org,9.14642E+11,"H.No. 309, Randhawa Ganj
Gopalpur 409152",Sambalpur,368657,09-10-2023,Premium,20,353.22,7064.4,VIP
84216691,Ayaan Sanghvi,amrita48@example.net,9.18505E+11,"H.No. 83, Kohli Path
Shahjahanpur-148417",Saharanpur,630561,26-03-2023,Inactive,13,1220.9,15871.7,VIP
90666073,Pratyush Dhar,qadimtak@example.org,9.10551E+11,"H.No. 98
Gera Street
Hajipur 667487",Farrukhabad,286455,10-12-2023,Inactive,20,1969.45,39389,VIP
21577948,Madhav Johal,venkateshchatura@example.org,9.11138E+11,"23/934, Tata Chowk
Tiruvottiyur-121149",Ahmednagar,767957,02-11-2023,New,17,225.6,3835.2,VIP
32635818,Panini Natt,amara35@example.org,9.18853E+11,"59/87
Soni Nagar, Thrissur 291065",Loni,270937,16-03-2024,Regular,12,603,7236,VIP
98444183,Radha D’Alia,gbansal@example.net,9.11471E+11,"399, Anne Ganj
Bidar-098867",Tenali,503518,04-02-2024,Regular,11,389.36,4282.96,VIP
43047341,Unnati Wali,tmand@example.net,9.12712E+11,"20
Pau Road, Giridih 499930",Jaunpur,277120,19-09-2023,Regular,18,1086.42,19555.56,VIP
52617081,Max Mander,nitesh99@example.net,9.18584E+11,"098, Chana Nagar, Solapur-107630",Raurkela Industrial Township,785466,31-07-2024,Inactive,10,996.94,9969.4,Regular
60371334,Shaurya Kuruvilla,anvisharma@example.net,9.18887E+11,"35/590
Balan Marg
Sikar 101616",Purnia,250315,05-05-2023,Inactive,15,355.81,5337.15,VIP
34425723,Vasatika Saini,prisha41@example.net,9.18486E+11,"678
Chakrabarti Nagar, Singrauli 814024",Saharanpur,247144,10-09-2023,Regular,14,873.22,12225.08,VIP
64298209,Girindra Sangha,balayvasana@example.org,9.18297E+11,"81/76, Dutt Ganj
Kulti-598135",Jodhpur,426661,15-06-2023,Regular,10,311.25,3112.5,Regular
85518832,Alexander Sem,michaelsami@example.net,9.17233E+11,"H.No. 340
Shere Path, Sagar 956141",Tezpur,740506,26-07-2023,Premium,19,205.79,3910.01,VIP
42432226,Gaurang Mitra,smuni@example.net,9.1824E+11,"20
Mitra Street
Tumkur 174250",Gandhinagar,337198,03-08-2023,Premium,5,608.34,3041.7,Regular
50953418,Samaksh Kannan,ssrinivasan@example.net,9.11704E+11,"49, Sagar Ganj, Korba 860322",Rajpur Sonarpur,309093,27-03-2023,Regular,11,404.6,4450.6,VIP
52428250,Thomas Rai,ansh09@example.com,9.16553E+11,"H.No. 86
Sule Nagar, Rajahmundry-935422",Bulandshahr,841456,11-09-2023,New,4,1925.08,7700.32,Regular
60210778,Upasna Bhasin,chandran47@example.org,9.17719E+11,"03/393, Devan Marg
Bhiwani 325747",Motihari,841574,14-04-2024,Regular,4,938.8,3755.2,Regular
92209869,Bishakha Shah,rhora@example.net,9.13695E+11,"32/119, Goyal, Dharmavaram-413935",Jhansi,680194,03-10-2023,Regular,19,483.76,9191.44,VIP
46828932,Balveer De,nachiketdewan@example.net,9.1844E+11,"H.No. 71
Loyal Marg
Nandyal-033113",Eluru,878564,30-04-2023,Premium,4,391.22,1564.88,Regular
83304462,Diya Loyal,cheriannaksh@example.com,9.17808E+11,"89/04
Upadhyay Ganj
Ghaziabad 810468",Jamnagar,121929,26-01-2024,Premium,8,723.86,5790.88,Regular
46875863,Charita Anne,rajeshri43@example.net,9.11413E+11,"H.No. 595
Prasad Zila, Purnia 798149",Bidar,158018,14-10-2023,Regular,8,1118.55,8948.4,Regular
36774480,Ria Jha,alkaseth@example.com,9.18558E+11,"H.No. 278, Ghosh Chowk, Berhampur 028827",Gandhidham,492281,15-09-2024,Regular,6,1470.93,8825.58,Regular
18896771,Tejas Wable,edhitha15@example.org,9.10297E+11,"37/659
Brahmbhatt, Darbhanga-901609",Ramagundam,350815,17-05-2023,Inactive,12,1906.46,22877.52,VIP
89669139,Bishakha Natarajan,egoyal@example.com,9.14201E+11,"62/08, Balay Circle, Moradabad-185194",Tiruppur,775702,19-03-2023,Premium,6,1999.64,11997.84,Regular
81337068,Ira Kapur,benjamintara@example.org,9.14075E+11,"H.No. 470
Gopal Path, Tadipatri-853677",Thiruvananthapuram,958921,28-01-2024,Regular,10,1509.04,15090.4,Regular
75082508,Omaja Bajwa,chanchaltara@example.org,9.14755E+11,"75/418, Sekhon Street
Bhavnagar 719002",Navi Mumbai,757007,10-01-2024,Premium,10,961.81,9618.1,Regular
84847500,Teerth Mohanty,wbrar@example.org,9.17613E+11,"09
Mitter Nagar, Mysore-578477",Bally,856982,01-08-2024,Inactive,9,1832.51,16492.59,Regular
79942821,Tristan Pillay,vvora@example.org,9.19247E+11,"H.No. 986, Gill Zila, Allahabad-481099",Madhyamgram,776819,05-09-2023,Premium,19,1652.35,31394.65,VIP
62679120,Ekansh Padmanabhan,jalsa70@example.org,9.12344E+11,"47/469
Mahal Road, Panchkula-969391",Siwan,229431,03-09-2024,Regular,14,1964.18,27498.52,VIP
54850870,Jatin Magar,ganesanshaurya@example.com,9.1887E+11,"383, Parikh Road
Belgaum-311274",Panipat,645655,14-04-2024,New,6,894.79,5368.74,Regular
50105174,Tanveer Baria,nvora@example.com,9.10388E+11,"23/41
Kala Circle, Gorakhpur-396088",Malda,426543,08-09-2023,Premium,11,1889.81,20787.91,VIP
45700739,Luke Dar,madhavi20@example.net,9.13928E+11,"54
Korpal Road
Jorhat 779102",Visakhapatnam,717476,07-08-2024,Inactive,17,509.95,8669.15,VIP
25081012,Mohammed Oak,bhavanikara@example.net,9.11577E+11,"18/45
Parikh Zila, Davanagere 786763",Baranagar,218441,24-12-2023,New,1,963.43,963.43,Regular
57566548,Oliver Tella,vasudhasawhney@example.com,9.10799E+11,"50/831
Mall Zila, Rohtak-640640",Arrah,898935,04-05-2023,Regular,14,1058.02,14812.28,VIP
49449238,Omaja Mukhopadhyay,onarayan@example.com,9.15912E+11,"96/115
Kadakia Path
Gorakhpur 379524",Dindigul,120070,28-06-2024,Inactive,4,1878.39,7513.56,Regular
31156674,Aarav Jaggi,golalila@example.net,9.16562E+11,"04/919
Vaidya Zila, Bettiah-369312",Jamnagar,457035,07-04-2024,Inactive,3,1552.42,4657.26,Regular
50088518,Osha Lata,divyasangha@example.com,9.10224E+11,"76/517, Bahri Ganj
Gorakhpur-258199",Dewas,225890,16-05-2023,Regular,14,509.41,7131.74,VIP
75836905,Ganga Gill,dixitgabriel@example.org,9.16703E+11,"32/531
Chahal, Muzaffarnagar-938055",Ongole,444579,07-12-2023,Inactive,4,817.25,3269,Regular
86487478,Ojas Gour,qarin92@example.net,9.14422E+11,"H.No. 626, Gopal Ganj
Jaipur-952980",Machilipatnam,955200,09-01-2024,Premium,20,1241.57,24831.4,VIP
93370787,Oni Sahota,mallmichael@example.org,9.1113E+11,"18, Chokshi Zila
Panvel-924958",Jehanabad,701319,16-10-2024,New,10,1810.06,18100.6,Regular
16400639,Anvi Dutta,btailor@example.com,9.12852E+11,"666
Sengupta Road
Arrah 509524",Pallavaram,759756,03-09-2023,Premium,5,680.48,3402.4,Regular
87943214,Samar Basak,kalabaljiwan@example.net,9.18193E+11,"969, Ratta Street
Gandhinagar 706186",Tiruvottiyur,167479,02-09-2024,Inactive,10,476.03,4760.3,Regular
21409946,Ayushman Agrawal,vohraurishilla@example.com,9.19603E+11,"03/23
Loyal Circle, Guna-092311",Bhilwara,472226,22-03-2024,Inactive,2,1428.68,2857.36,Regular
56604077,Yutika Pandit,shivanshdesai@example.com,9.12766E+11,"426, Vora Ganj
Bettiah 007488",Ghaziabad,596688,11-01-2024,Regular,14,474.26,6639.64,VIP
88571088,Keya Krishnan,raghavannisha@example.net,9.17263E+11,"H.No. 765
Saini Path, Bongaigaon 744231",Bulandshahr,578313,16-10-2024,Inactive,10,1000.27,10002.7,Regular
54099929,Devika Hans,randhawadamini@example.net,9.12016E+11,"61/42
Chad Road, Shimoga-427336",Karnal,132415,22-10-2023,New,7,1712.59,11988.13,Regular
68714053,Max Boase,tbutala@example.net,9.18714E+11,"73/037
Babu Nagar
Kolkata 428987",Nanded,861394,19-07-2024,New,18,1474.77,26545.86,VIP
5751638,Xiti Wagle,darshmunshi@example.net,9.16526E+11,"H.No. 571
Borah Marg
Sri Ganganagar-467229",Aligarh,589333,11-09-2024,New,14,1230.38,17225.32,VIP
43431724,Jack Kalita,calebdewan@example.com,9.12844E+11,"41/500, Sachdev Marg, Jhansi-452338",Rohtak,217110,26-11-2023,New,2,813,1626,Regular
81136091,Yuvraj Chander,ichadha@example.net,9.19473E+11,"H.No. 54
Vaidya Road, Bijapur-157933",Nanded,578739,27-03-2024,Regular,15,1205.96,18089.4,VIP
38671747,Falan Acharya,varenya53@example.com,9.19757E+11,"H.No. 49, Chahal Road
Medininagar 760903",Rajahmundry,758751,05-11-2023,New,16,1681.18,26898.88,VIP
23095784,Alka Mitra,mallshivani@example.net,9.12142E+11,"H.No. 701
Mand Zila, Kottayam 983857",Bathinda,360468,30-05-2023,Premium,3,1470.2,4410.6,Regular
91291123,Qarin Sama,fzacharia@example.org,9.10536E+11,"H.No. 89
Mukhopadhyay
Latur-280918",Etawah,598689,10-02-2024,New,15,1952.01,29280.15,VIP
10729474,Gautami Pingle,oliverraman@example.org,9.14776E+11,"40/162
Lall Chowk, Rourkela 080616",Howrah,14994,19-10-2023,New,16,417.3,6676.8,VIP
96373206,Garima Magar,geramitesh@example.com,9.18254E+11,"49, Bhattacharyya Chowk
Deoghar-719753",Indore,996221,24-06-2023,Regular,9,1235.13,11116.17,Regular
93198324,Bhavya Dutta,kdugar@example.org,9.18645E+11,"25/800, Chanda Road, Jamshedpur-861401",Thane,196294,19-11-2023,Inactive,11,1742.23,19164.53,VIP
95590889,Janani Purohit,atharvgaba@example.net,9.10103E+11,"091, Ahuja Circle
Mysore-186449",Kharagpur,916972,23-06-2023,Inactive,7,582.01,4074.07,Regular
85177880,Aryan Sridhar,munipeter@example.com,9.15114E+11,"44/148, Natt Chowk
Ahmedabad-669972",Bardhaman,285240,27-01-2024,Regular,9,1823.25,16409.25,Regular
10524732,Bhavna Ramesh,esingh@example.org,9.15867E+11,"39/475
Sathe Road
Bhopal-622648",Rajahmundry,134704,16-11-2023,Regular,18,1830.92,32956.56,VIP
22931642,Lajita Ghosh,fmukhopadhyay@example.net,9.198E+11,"H.No. 739
Dash Zila
Anantapur-112542",Ambala,346553,03-10-2024,New,18,649.19,11685.42,VIP
5901440,Faris Chopra,waida01@example.org,9.17603E+11,"H.No. 50
Rastogi Path
Mehsana-686891",Sambhal,719965,16-05-2024,Premium,8,761.17,6089.36,Regular
6617417,Pavani Talwar,elijah70@example.net,9.14108E+11,"H.No. 940
Seshadri Nagar
Rajahmundry 066841",New Delhi,279112,08-10-2024,Inactive,20,1785.99,35719.8,VIP
92306841,Dakshesh Kalita,balhaarbath@example.com,9.13526E+11,"141
Rajan Zila, Satara 705516",Rampur,778285,09-02-2024,New,10,1915.85,19158.5,Regular
89361574,Nakul Goyal,matwal@example.net,9.13812E+11,"51, Oommen Chowk
Jhansi 409585",Deoghar,925948,20-10-2023,Regular,14,315.31,4414.34,VIP
93723634,Aditya Swamy,gaurangarya@example.org,9.15047E+11,"H.No. 83
Pall Zila
Madurai 850619",Berhampur,952930,16-03-2023,Premium,4,1992.05,7968.2,Regular
75490147,Parth Chad,georgebala@example.org,9.10939E+11,"34/86
Sen Nagar, Farrukhabad 009970",Vadodara,404379,17-03-2023,Inactive,2,497.56,995.12,Regular
45650429,Zehaan Soni,kantchasmum@example.net,9.11559E+11,"19/75, Singh Path, Vasai-Virar-464997",Ramgarh,306054,30-03-2023,Premium,12,421.21,5054.52,VIP
59323931,Ridhi Yadav,speri@example.net,9.18957E+11,"29/674
Chada Chowk, Allahabad-561456",Bijapur,703311,24-08-2024,Inactive,14,1239.32,17350.48,VIP
77397957,Sachi Dubey,vbarman@example.com,9.14082E+11,"H.No. 74, Devan
Danapur 072213",Coimbatore,754911,14-02-2024,New,14,1913.71,26791.94,VIP
23976957,Ryan Sawhney,advikram@example.com,9.18045E+11,"225
Dara Marg
Gudivada-433963",Visakhapatnam,928742,31-08-2023,New,6,755.84,4535.04,Regular
70543108,Baljiwan Sampath,edwinkamala@example.com,9.18917E+11,"H.No. 26
Om Circle, Bhatpara-176703",Rajahmundry,573783,20-09-2024,Regular,6,1354.97,8129.82,Regular
20689141,Maya Yohannan,yatandhawan@example.net,9.15419E+11,"60, Chaudry Circle, Surat 576801",Korba,687107,25-05-2024,Premium,19,995.55,18915.45,VIP
72797139,Ucchal Kapoor,kantcaleb@example.net,9.1388E+11,"366, Lall Path
Ambarnath-422467",Dhule,722930,17-07-2023,Regular,5,492,2460,Regular
75467328,Warhi Ravel,priyakar@example.com,9.10296E+11,"12/239
Keer Chowk
Nagercoil-980113",Siliguri,966869,07-04-2023,Inactive,14,691.64,9682.96,VIP
69276352,Jason Goel,rachit92@example.net,9.1526E+11,"471
Datta Marg
Delhi-184705",Mysore,458924,20-05-2023,Inactive,2,1425.64,2851.28,Regular
39876773,Hardik Sethi,atwaldominic@example.org,9.13422E+11,"214
Chaudhry
Vasai-Virar 260049",Mirzapur,336281,21-10-2024,Premium,17,879.54,14952.18,VIP
36998375,Yatin Mammen,william17@example.net,9.12615E+11,"54/801, Iyengar Path
Proddatur-802798",Tirupati,153951,29-05-2024,Inactive,11,1231.91,13551.01,VIP
97185284,Jeevika Nayar,pallavidhi@example.com,9.10869E+11,"03/06, Jha Chowk, Siliguri-754493",Haldia,888357,07-11-2023,Regular,2,1599.26,3198.52,Regular
23126356,Oliver Kaur,fmurty@example.org,9.10108E+11,"34/473, Gaba Circle
Raiganj 302856",Bhopal,28548,29-05-2024,Inactive,7,1580.04,11060.28,Regular
93803038,Adweta Tara,chowdhuryyashasvi@example.org,9.17429E+11,"H.No. 047, Salvi Circle, Katihar-502152",Dhule,929834,14-10-2024,Premium,11,1018.05,11198.55,VIP
1697604,Arjun Deep,vedant34@example.net,9.15495E+11,"H.No. 285
Gokhale Ganj, Chennai 327475",Bongaigaon,743452,24-07-2023,Regular,6,1970.15,11820.9,Regular
53332493,Anirudh Bose,kamya09@example.org,9.12246E+11,"13
Rege Zila
Gulbarga-345640",Surendranagar Dudhrej,54821,30-06-2023,New,19,1678.4,31889.6,VIP
35812567,Xalak Sood,khuranaurmi@example.com,9.12217E+11,"H.No. 444
Varma Marg
Hazaribagh-735198",Bikaner,668122,25-06-2024,Regular,6,1313.89,7883.34,Regular
74172010,Urvi Rajagopalan,singhallohit@example.net,9.14421E+11,"31/99
Banerjee Nagar
Ballia 120751",Tadipatri,216145,08-05-2023,Inactive,3,1963.77,5891.31,Regular
89157395,Tanmayi Saraf,doctorpraneel@example.com,9.13266E+11,"H.No. 63
Badami, Deoghar-639198",Fatehpur,783489,28-09-2024,Premium,6,1782.61,10695.66,Regular
79991320,Ojas Bawa,tnagi@example.net,9.11148E+11,"498, Dhar
Buxar 995095",Kumbakonam,316134,25-03-2024,New,5,537.94,2689.7,Regular
15568831,David Swamy,shroffpranav@example.com,9.13991E+11,"H.No. 00
Parmar Circle
Madanapalle 797272",Jammu,598277,06-10-2023,Premium,7,813.3,5693.1,Regular
46563355,Zehaan Srinivasan,sathvikmane@example.net,9.10376E+11,"H.No. 494, Thakkar Chowk, Kalyan-Dombivli-939080",Ajmer,295136,15-02-2024,Premium,19,463.08,8798.52,VIP
9278983,Madhav Guha,wahab65@example.org,9.15976E+11,"945
Basak Chowk, Guwahati 644383",Bathinda,566507,23-02-2024,Inactive,17,1418.32,24111.44,VIP
70168151,Akshay Dubey,toorharinakshi@example.net,9.12821E+11,"62/907
Jaggi Nagar, Ahmedabad 688756",Jamalpur,336495,17-09-2024,Regular,8,493.64,3949.12,Regular
96149069,Omisha Pall,jhabhavya@example.com,9.10154E+11,"H.No. 89, Date Ganj, Ambala 994646",Ozhukarai,900241,13-05-2024,Regular,19,346.93,6591.67,VIP
22822088,Baghyawati Wadhwa,atwalabhiram@example.com,9.10218E+11,"54/01, Tandon Ganj, Kottayam-106529",Amravati,748122,05-08-2023,New,11,293.88,3232.68,VIP
1449273,Forum Deol,pgarg@example.org,9.1819E+11,"79
Chowdhury
Mathura-017308",Pondicherry,562307,06-12-2023,New,12,1758.24,21098.88,VIP
97388817,Yahvi Bala,vkant@example.org,9.10641E+11,"075, Pau Path, Kolkata-515895",Bathinda,522694,16-06-2024,Regular,1,1161.94,1161.94,Regular
18567760,Ethan Natarajan,semnakul@example.net,9.17721E+11,"H.No. 63
Viswanathan Circle, Medininagar 960193",Fatehpur,321200,28-05-2024,Regular,13,1933.7,25138.1,VIP
12695670,Anya Borde,qahuja@example.net,9.14954E+11,"H.No. 392, Karpe Marg, Ahmedabad-346669",Jaipur,7202,25-09-2023,Premium,10,910.12,9101.2,Regular
33871107,Aarav Rout,vermachaaya@example.com,9.18142E+11,"75
Bhandari Chowk
North Dumdum 088637",Thiruvananthapuram,837790,02-11-2024,Inactive,8,513.07,4104.56,Regular
49869358,Varenya Nigam,ekiya67@example.com,9.13216E+11,"H.No. 15
Lad Nagar
Vadodara 873657",Dharmavaram,13634,03-05-2024,Regular,16,1002.95,16047.2,VIP
96806748,Qabil Nath,kritikaganesh@example.net,9.11459E+11,"45/791, Palan Path
Rajkot 384578",Bareilly,752668,19-10-2024,New,14,1482.08,20749.12,VIP
82948843,Nathan Seth,hamsinipanchal@example.com,9.12381E+11,"08/008, Konda, Jalna-179579",Phusro,672485,17-05-2023,Regular,13,1629.2,21179.6,VIP
79866758,Chavvi Dhar,fbakshi@example.net,9.1217E+11,"H.No. 35, Rout Chowk, Bhiwani-310539",Malda,912239,13-04-2023,Inactive,14,598.03,8372.42,VIP
9335625,Falguni Sangha,sudiksha34@example.org,9.12514E+11,"354
Raval Circle
Purnia 372237",Coimbatore,194689,27-07-2024,Premium,14,1605.95,22483.3,VIP
28876580,Udant Doshi,pradhanzayyan@example.org,9.15301E+11,"H.No. 62, Singh Nagar, Srikakulam 903827",North Dumdum,638995,18-12-2023,Inactive,15,476.34,7145.1,VIP
91768226,Vansha Walia,bhavikagour@example.net,9.1768E+11,"792, Murty Chowk, Danapur-524967",Bardhaman,706055,09-11-2023,Regular,11,203.02,2233.22,VIP
56457995,Turvi Venkataraman,anya55@example.com,9.11702E+11,"16/55, Anne Path, Kurnool-471739",Amroha,306136,01-01-2024,Inactive,6,1002.88,6017.28,Regular
23844919,Jagvi Bhatt,hmannan@example.org,9.16974E+11,"87, Kohli Road, Ichalkaranji-462134",Bhagalpur,632415,25-07-2024,Regular,9,1890.71,17016.39,Regular
81088747,Peter Wagle,bhattshravya@example.net,9.15367E+11,"623, Dave Chowk
Bettiah 729338",Ujjain,941766,14-06-2024,Regular,3,1238.99,3716.97,Regular
85854265,Vasatika Naidu,amerchant@example.net,9.1156E+11,"94/55
Pradhan Path, Nashik 460184",Vijayanagaram,772253,07-06-2024,Premium,9,1492.09,13428.81,Regular
73363613,Aradhana Bala,bumbanjali@example.net,9.17239E+11,"613
Kumar Street
Mau 644080",Gopalpur,173439,14-04-2023,Premium,3,400,1200,Regular
64141971,Madhavi Jaggi,eswamy@example.org,9.11277E+11,"H.No. 70
Sura Path
Machilipatnam-082428",Anantapur,554679,20-06-2023,Premium,11,361.98,3981.78,VIP
70867736,Madhavi Nagarajan,harijeremiah@example.com,9.13773E+11,"43/105
Mitter Ganj, Jamnagar-690461",Ambattur,596147,29-05-2024,Premium,17,574.18,9761.06,VIP
52678787,Zashil Salvi,amruta16@example.org,9.16941E+11,"464
Arora Street
Kolhapur-442137",Ghaziabad,187842,29-01-2024,New,9,1444.39,12999.51,Regular
27586115,Maanas Batra,aarinisoni@example.com,9.19163E+11,"24/98
Mukherjee Marg
Karnal-610976",Jamnagar,145067,25-11-2023,Inactive,1,1908.19,1908.19,Regular
92404798,Gautami Dayal,bosearyan@example.net,9.16795E+11,"H.No. 098, Dayal Zila, Salem-908014",Jorhat,222676,29-03-2023,New,15,1130.02,16950.3,VIP
55170753,Praneel Nagy,gchauhan@example.net,9.10044E+11,"H.No. 660
Krishna Path, Mango-105239",Miryalaguda,951611,27-05-2024,Inactive,19,1414.63,26877.97,VIP
19182548,Laban Kulkarni,balhaarsastry@example.net,9.15386E+11,"19/71, Narang Zila, Bhiwani 422655",Bijapur,783411,22-03-2023,Regular,16,636.15,10178.4,VIP
67701771,Gaurav Sodhi,nsibal@example.net,9.10988E+11,"63/74, Sarkar Road, Jhansi-992671",Mathura,928001,14-11-2023,Premium,9,550.5,4954.5,Regular
75828735,Yahvi Hegde,ctripathi@example.net,9.13461E+11,"57/89
Mohanty Chowk
Sri Ganganagar-144843",Ramagundam,717189,05-05-2023,New,18,1400.05,25200.9,VIP
2219590,Upadhriti Sandhu,comarmugdha@example.org,9.11604E+11,"H.No. 054
Kala Chowk, Jamalpur-734290",Solapur,116736,24-09-2024,Regular,20,756.84,15136.8,VIP
64497538,Libni Chadha,vyaswaida@example.net,9.14625E+11,"755, Gulati, Mysore 740771",Bongaigaon,753834,05-01-2024,Premium,13,1338.69,17402.97,VIP
48033969,Kavya Kunda,ramalaksh@example.net,9.14307E+11,"31/10
Vohra
Panipat 844869",Baranagar,320524,16-08-2023,Premium,1,717.51,717.51,Regular
67708491,Dalbir Kata,triyaswamy@example.com,9.16516E+11,"092, Chowdhury Path, Srinagar-492392",Patiala,872616,12-10-2024,Inactive,10,586.96,5869.6,Regular
80858127,Rachana Chaudhry,ybal@example.com,9.12283E+11,"H.No. 272
Tella Circle
Alappuzha-788083",Raichur,114778,01-08-2024,Premium,10,1703.39,17033.9,Regular
28280172,Gaurang Dutta,johalekbal@example.org,9.17415E+11,"H.No. 92
Chhabra Nagar
Bhopal 631149",Amravati,711598,19-06-2023,Premium,14,968.95,13565.3,VIP
6398761,Kabir Kala,pallafaris@example.com,9.1817E+11,"H.No. 80
Konda Nagar
Eluru 082402",Naihati,350456,10-08-2024,Inactive,2,1701.15,3402.3,Regular
69749541,Ayush Amble,vedika87@example.net,9.15599E+11,"81/682, Soman Chowk
Adoni 115028",Satara,316215,06-06-2023,Premium,1,1412.58,1412.58,Regular
57474553,Damini Sule,ukrishnan@example.net,9.15058E+11,"H.No. 36, Sani, Tadepalligudem 412609",Moradabad,441368,06-09-2023,Regular,1,300.82,300.82,Regular
37551429,Diya Chand,tbaria@example.net,9.15961E+11,"15, Sethi Zila, Noida-862506",Khandwa,773280,22-03-2023,Regular,6,1136.03,6816.18,Regular
949062,Jackson Karpe,sembhavika@example.net,9.10275E+11,"H.No. 81, Mital Ganj
Mangalore 130050",Mau,106228,13-10-2023,Inactive,19,1947.14,36995.66,VIP
74174956,Hemani D’Alia,kashvisharaf@example.org,9.18715E+11,"H.No. 146, Reddy Road
Eluru-595756",Latur,254231,26-09-2024,Regular,20,1583.4,31668,VIP
55007963,Darika Borah,dominic54@example.com,9.1592E+11,"87/449
Kothari, Haridwar 669084",Chennai,52382,30-08-2023,New,10,1809.98,18099.8,Regular
64017365,Vasatika Banerjee,warjaschanda@example.net,9.16933E+11,"71, Issac Marg, Malda-139706",Delhi,130657,22-05-2024,Premium,2,1767.76,3535.52,Regular
26199489,Aarna Gola,hemang36@example.org,9.15849E+11,"28/92
Banerjee Zila
Singrauli-249881",Serampore,555849,15-07-2024,Inactive,11,479.65,5276.15,VIP
7288562,Triya Singhal,arjun79@example.org,9.13901E+11,"505, Mangal Ganj, Faridabad 766686",Dewas,868197,14-06-2023,New,19,1982.78,37672.82,VIP
78394303,Alexander Kata,krishnaupkaar@example.com,9.14051E+11,"H.No. 237
Prabhakar Marg
Belgaum-107073",Bilaspur,740219,31-07-2023,Inactive,1,1590.54,1590.54,Regular
43518622,Pooja Gole,yutika87@example.com,9.15452E+11,"93/53, Batra Marg, Pudukkottai 797906",Jaunpur,694453,20-05-2024,Regular,5,512.48,2562.4,Regular
60967677,Chatura Sandhu,alexander15@example.org,9.1824E+11,"65/92, Chand Chowk, Ambarnath 994843",Agartala,938373,03-05-2023,Premium,11,398.48,4383.28,VIP
35144658,Tristan Gulati,bakshielijah@example.com,9.15537E+11,"45/00, Sabharwal Zila, Dhule-908832",Bilaspur,256023,27-01-2024,Premium,8,433.11,3464.88,Regular
37054866,Avi Sodhi,guhawarjas@example.net,9.19237E+11,"89
Tak Marg, Mangalore 446678",Guntur,224009,30-04-2024,Regular,2,1503.54,3007.08,Regular
3100301,Wazir Saini,ishani86@example.com,9.15271E+11,"770, Oommen
Orai-371934",Bathinda,892652,19-06-2023,New,1,1530.27,1530.27,Regular
62194279,Lavanya Rastogi,krishnannetra@example.com,9.13135E+11,"28/38
Raja Road, Bhilwara-071347",Mysore,676770,29-09-2023,Premium,3,1561.41,4684.23,Regular
43599910,Oviya Swaminathan,nazarethnaksh@example.com,9.13137E+11,"H.No. 638, Sastry Circle, Jodhpur-063579",Sambhal,529673,03-10-2024,Premium,8,939.36,7514.88,Regular
36222767,Alka Behl,revakrishna@example.net,9.17824E+11,"H.No. 34
Rau Circle, Indore-735262",Mango,124336,12-05-2023,Inactive,7,478.18,3347.26,Regular
91320466,Laban Raju,ryandyal@example.net,9.12183E+11,"820
Palla
Yamunanagar-519750",Yamunanagar,776068,15-10-2023,Premium,8,478.45,3827.6,Regular
30468930,Nirja Manda,chavvisavant@example.com,9.12289E+11,"H.No. 723
Shankar Marg, Bhiwani-677157",Gandhinagar,478625,24-05-2024,Regular,6,1449.81,8698.86,Regular
45503888,Brinda Natarajan,udeol@example.org,9.1338E+11,"87/41
Bajwa Ganj
Anand 459332",Raurkela Industrial Township,813444,18-05-2023,Premium,5,669.46,3347.3,Regular
85340038,Faris Oza,goswamialexander@example.com,9.11659E+11,"82, Garg Zila, Noida-112388",Noida,355666,17-08-2023,Premium,10,1430.56,14305.6,Regular
13796199,Pallavi Mutti,gangulylogan@example.com,9.17819E+11,"H.No. 89
Manne Ganj, Unnao-048441",Deoghar,8504,04-05-2023,Regular,20,1016.92,20338.4,VIP
10769994,Tripti Tandon,aradhana79@example.org,9.17982E+11,"352
Agrawal Road, Siwan 961199",Begusarai,766033,07-05-2023,Regular,10,1122.23,11222.3,Regular
65406127,Anita Ganguly,yutika10@example.org,9.11384E+11,"H.No. 749
Pillai Chowk, Nanded-873039",Nangloi Jat,460669,15-06-2024,Premium,20,1391.48,27829.6,VIP
8383197,Nikita Ravi,wriddhishgoda@example.net,9.12426E+11,"34, Deol Nagar, Mirzapur-271064",Tiruppur,621192,17-10-2023,New,16,1440.12,23041.92,VIP
8384106,Urishilla Upadhyay,enagi@example.net,9.10189E+11,"H.No. 051, Mann
Tadipatri-912584",Hubli–Dharwad,42350,03-08-2023,Premium,8,1853.96,14831.68,Regular
27698051,Mitesh Savant,indalimane@example.net,9.14959E+11,"H.No. 391
Batra Street
Nangloi Jat 215269",Gandhinagar,229507,30-07-2023,Premium,19,978.81,18597.39,VIP
56352626,Liam Palan,shravya32@example.org,9.13874E+11,"28/021
Goyal Street, Haridwar 710996",Nagercoil,219851,29-06-2023,Regular,10,1574.59,15745.9,Regular
41194825,Mekhala Shah,patlaanjali@example.com,9.18756E+11,"H.No. 641
Sarma Road, Raipur 677944",Singrauli,711877,26-10-2023,Regular,19,1678.77,31896.63,VIP
62526567,Chaman Karan,azaankunda@example.net,9.16862E+11,"H.No. 958, Sethi Circle
Hosur 449981",Chittoor,521820,01-07-2023,Premium,15,1976.82,29652.3,VIP
67277562,Arunima Borde,nkurian@example.org,9.1029E+11,"37, Sant Circle
Bhiwandi-247759",Ghaziabad,721656,20-11-2023,Inactive,10,1951.59,19515.9,Regular
48228547,Anika Baria,triyasinha@example.org,9.1931E+11,"H.No. 509, Rajan Road
Bijapur 011279",Katihar,248566,13-07-2024,Inactive,9,753.89,6785.01,Regular
36578947,Ekansh Madan,gdeep@example.org,9.14202E+11,"70/297
Krishnan Path
Dindigul 513144",Ranchi,68770,08-04-2023,New,18,1698.54,30573.72,VIP
21701991,Wazir Hari,ydevan@example.net,9.14789E+11,"H.No. 09, Gill Circle, Kota-464715",Allahabad,296322,05-10-2023,New,5,1114.5,5572.5,Regular
20469626,Tanish Ghose,barkhasawhney@example.net,9.14972E+11,"01
Palla, Ahmedabad 612378",Guntakal,304902,26-12-2023,Regular,9,1250.28,11252.52,Regular
20314691,Raksha Bhattacharyya,indrajitvarkey@example.net,9.13508E+11,"H.No. 12
Contractor Nagar
Tenali 901526",Salem,349141,17-07-2024,Inactive,2,282.92,565.84,Regular
91778474,Sai Raman,jeremiah38@example.org,9.18149E+11,"H.No. 375, Nagi Marg
Jammu-016214",Kalyan-Dombivli,968102,25-02-2024,Regular,20,280.67,5613.4,VIP
83964902,Jeremiah Keer,mohini14@example.org,9.12245E+11,"64/07
Padmanabhan Road
Latur 717782",Bhimavaram,569130,10-11-2023,Regular,2,536.01,1072.02,Regular
92455970,Bhavna Chada,rbakshi@example.org,9.116E+11,"06/035
Rama Zila, Tenali 341605",Navi Mumbai,772301,13-06-2024,Inactive,10,1413.21,14132.1,Regular
52001314,Libni Manda,zarnagrewal@example.com,9.17563E+11,"249
Rama, Raiganj-319572",Kota,492160,14-04-2024,Premium,7,1081.06,7567.42,Regular
72917958,Guneet Sampath,qswamy@example.net,9.18814E+11,"46/05
Chandra Nagar
Satara 458142",Sirsa,261102,19-12-2023,New,6,1772.67,10636.02,Regular
88739922,Harrison Yogi,borraqadim@example.com,9.13431E+11,"H.No. 758
Khatri Zila, Pune 227704",Madurai,138588,27-03-2024,Regular,4,1563.61,6254.44,Regular
59297955,Charita Mistry,anirudh92@example.com,9.12509E+11,"33/33
Kamdar Marg, Rajahmundry 580070",Orai,182135,26-02-2024,Premium,6,1292.83,7756.98,Regular
99490786,Ayush Biswas,frederickkale@example.org,9.14043E+11,"16/282
Dar Street, Suryapet 965764",Kishanganj,47845,23-09-2023,New,15,1097.78,16466.7,VIP
54877984,Ubika Basak,ayaan26@example.org,9.17512E+11,"H.No. 68
Tank Circle
Kolhapur 888923",Visakhapatnam,784114,09-05-2023,Inactive,14,736.62,10312.68,VIP
62243869,Vrishti Thakkar,gaurangiparmer@example.org,9.16498E+11,"372, Sagar Marg
Tiruchirappalli-790434",Raebareli,430535,24-09-2024,Premium,7,257.78,1804.46,Regular
19067680,Rajata Mall,qarin71@example.org,9.1226E+11,"640, Pant, Sultan Pur Majra-315200",North Dumdum,608152,29-12-2023,New,18,410.34,7386.12,VIP
61753272,Ojasvi Dash,widisha91@example.net,9.15019E+11,"H.No. 85
Thakur
Bhubaneswar 074120",Anantapur,81264,20-08-2024,New,3,832.17,2496.51,Regular
34567918,Meghana Ranganathan,laban62@example.net,9.19616E+11,"33, Gupta Marg
Jalna-802641",Latur,550475,09-10-2024,Inactive,13,271.49,3529.37,VIP
20163931,Gautami Doshi,vedhika55@example.net,9.19017E+11,"H.No. 01, Karnik Path
Sultan Pur Majra-506511",Kumbakonam,918590,05-08-2024,Regular,5,404.55,2022.75,Regular
69088723,Triveni Nori,yvaidya@example.com,9.12846E+11,"14, Andra Chowk
Kolhapur 212015",Hapur,547704,12-10-2024,New,8,1050.74,8405.92,Regular
27620326,Chasmum Sahni,grovercharan@example.com,9.13953E+11,"H.No. 789
Dave Street
Dhule-392337",Tezpur,129682,17-07-2024,Regular,1,1126.02,1126.02,Regular
71321741,Adya Virk,chakrikakrishna@example.com,9.1801E+11,"892
Dave Chowk
Bhatpara-152046",Saharsa,205275,27-02-2024,Regular,18,1734.32,31217.76,VIP
10855630,Anya Rajagopal,sbajwa@example.org,9.16837E+11,"39
Lata Chowk
Nellore 099220",Rajahmundry,39724,03-06-2024,Premium,15,1447.55,21713.25,VIP
24137201,Jyoti Grewal,dattaeesha@example.net,9.11921E+11,"H.No. 75, Mody Street
Dehri-430112",Haridwar,228579,22-09-2024,New,2,1399.08,2798.16,Regular
31776996,Bhavya Shankar,bavakai@example.com,9.18135E+11,"09/679, Wali Chowk
Ongole 073167",Madanapalle,643542,13-04-2024,New,12,872.26,10467.12,VIP
48167795,Charita Kapoor,anaybalan@example.net,9.11562E+11,"79/36
Rege Ganj, Thanjavur-542580",Visakhapatnam,567196,28-11-2023,New,13,1355.09,17616.17,VIP
62419778,Frederick Subramaniam,girish83@example.com,9.18048E+11,"940, Nair Street
Medininagar 829782",Jamnagar,657089,23-08-2024,Premium,12,1083.95,13007.4,VIP
75510747,Shaurya Luthra,yachana38@example.com,9.11338E+11,"30/18, Bhandari Marg, Adoni 846635",Fatehpur,186578,18-03-2024,New,7,555.18,3886.26,Regular
99406165,Yadavi Tiwari,karanmemon@example.com,9.18461E+11,"43/378, Lalla, Sri Ganganagar 591499",Purnia,361264,12-01-2024,Premium,10,1465.58,14655.8,Regular
84572019,Jagrati Baral,vasudhagara@example.net,9.12677E+11,"34
Thaker Chowk
Bally-512370",Burhanpur,643739,15-11-2023,Inactive,14,1067.89,14950.46,VIP
70391758,Meghana Palan,eiravatiraval@example.net,9.17039E+11,"H.No. 33, Barad Circle, Morbi 535194",Tezpur,246888,09-06-2023,Premium,4,1961.01,7844.04,Regular
5135207,Xalak Mittal,libnikonda@example.com,9.11768E+11,"H.No. 46, Thakur Street
Gurgaon 146541",Moradabad,383404,24-08-2023,Premium,3,1438.23,4314.69,Regular
60834500,Rishi Jain,bathanirudh@example.org,9.1979E+11,"80/57, Dara Marg, Bokaro 568451",Khammam,487840,28-10-2024,Inactive,1,1111.47,1111.47,Regular
96629034,Raghav Nayak,bchahal@example.org,9.11205E+11,"112
Buch Marg, Nanded 682578",Hyderabad,769553,27-04-2024,Premium,10,839.31,8393.1,Regular
5418547,Qushi Devi,swaminathanshaurya@example.org,9.17171E+11,"132
Amble Ganj, Pimpri-Chinchwad-532902",Pune,122989,27-08-2023,Regular,20,1693.63,33872.6,VIP
32540616,Jairaj Sehgal,bumblaban@example.net,9.19483E+11,"765, Sani Nagar
Fatehpur-530586",Nellore,40785,21-03-2024,New,5,1614.27,8071.35,Regular
70798876,Amaira Sane,jeetkale@example.net,9.10458E+11,"67, Iyer Nagar, Nagercoil 314320",Dhanbad,639571,04-10-2024,New,16,1154.75,18476,VIP
79895967,Hema Luthra,omfalan@example.net,9.17673E+11,"785, Karpe Path
Ramgarh 103332",Chennai,715090,05-05-2024,Regular,8,1829.16,14633.28,Regular
44477365,Nihal Buch,sandhuwarjas@example.net,9.19287E+11,"H.No. 22, Mahajan Path, Thanjavur-754379",Katihar,517368,08-07-2024,Regular,18,292.43,5263.74,VIP
72889295,Samuel Pal,banikyadavi@example.org,9.18051E+11,"90/605
Naidu Zila, Raichur 666950",Sasaram,545125,07-05-2024,New,18,1965.81,35384.58,VIP
66886852,Ubika Chand,advay03@example.org,9.13741E+11,"03/249, Pant Zila
Ratlam-647336",Korba,953555,24-03-2024,Inactive,19,1546.79,29389.01,VIP
9195970,Riya Uppal,sunderabhimanyu@example.com,9.17453E+11,"85/83, Jaggi Road, Jalandhar 841040",Karawal Nagar,785030,21-06-2024,New,14,517.58,7246.12,VIP
60049160,Abdul Nayak,saanvi74@example.org,9.17297E+11,"913
Patel Chowk, Panvel 109637",Bardhaman,815342,10-09-2023,New,5,911.68,4558.4,Regular
61522288,Gunbir Kala,balendratak@example.com,9.13226E+11,"H.No. 43, Sidhu Marg, Ballia-663728",Tiruppur,828461,02-07-2023,New,8,283.36,2266.88,Regular
90448312,Chandani Tata,raiishanvi@example.net,9.19722E+11,"H.No. 24
Biswas Path
Sambalpur-658004",Panihati,753285,21-05-2024,Inactive,10,1678.01,16780.1,Regular
86748343,Faris Pillay,anusharatti@example.net,9.15341E+11,"H.No. 300, Barad Nagar, Morbi-324626",Sultan Pur Majra,916917,10-03-2024,Premium,16,1799.33,28789.28,VIP
91791128,Warda Mand,aptejagdish@example.com,9.11059E+11,"44, Gaba Nagar
Patna-177700",Allahabad,48642,18-03-2024,Regular,6,211.88,1271.28,Regular
57548210,Alka Varughese,subramaniankrishna@example.org,9.15853E+11,"52/68
Kibe Circle, Korba 159640",Erode,401443,29-09-2024,Inactive,10,709.43,7094.3,Regular
5369136,Yasti Wagle,pantmaanas@example.com,9.16386E+11,"46
Jayaraman Road, Eluru-026437",Ambala,927996,11-09-2024,Regular,8,311.45,2491.6,Regular
54038173,William Palan,mekhalapant@example.net,9.18498E+11,"457, Bhagat Path
Bally-425829",Jehanabad,987434,24-11-2023,Premium,17,1914.26,32542.42,VIP
67528368,Anay Rana,sundersaksham@example.org,9.18947E+11,"616, Ramakrishnan Chowk
Rajpur Sonarpur-831812",Suryapet,173070,16-04-2023,Premium,13,1897.75,24670.75,VIP
25981385,Chasmum Deol,kala09@example.com,9.12396E+11,"77/335, Vig Chowk
Karaikudi-226233",Kakinada,361736,07-10-2023,New,15,1484.06,22260.9,VIP
10088428,Tara Raghavan,vwalia@example.net,9.14501E+11,"968, Dani Ganj, Bhiwandi-868663",Khammam,155215,16-01-2024,Premium,15,806.54,12098.1,VIP
57833505,Pooja Nadkarni,parmarvasatika@example.org,9.16008E+11,"871
Parsa Chowk
Nagercoil 859863",Thrissur,805070,10-01-2024,New,5,1832.55,9162.75,Regular
69416782,Gagan Goel,abhalla@example.com,9.13999E+11,"60/09
Doshi Ganj
Farrukhabad 134691",Bijapur,48895,21-06-2024,Regular,8,646.2,5169.6,Regular
2114782,Brinda Jha,bhardwajwyatt@example.com,9.17945E+11,"H.No. 49
Pant
Gulbarga-778142",Solapur,803955,29-05-2023,Premium,3,1354.66,4063.98,Regular
40323385,Kai Sami,leela55@example.net,9.12527E+11,"631, Dubey Zila
Bhiwandi 092053",Bikaner,451907,17-11-2023,Regular,9,1631.87,14686.83,Regular
2414265,Ayushman Bala,tkonda@example.net,9.10874E+11,"H.No. 86
Dyal, Solapur-311874",Sultan Pur Majra,6805,19-10-2023,New,6,571.92,3431.52,Regular
21626705,Ekani Dubey,mittergunbir@example.org,9.16514E+11,"636, Sur Path, Kolhapur-853265",Bongaigaon,420577,27-11-2023,Premium,16,655.46,10487.36,VIP
8351747,Darika Kaul,tankjeremiah@example.com,9.12178E+11,"H.No. 078
Karpe Circle, Phusro-139076",Khammam,186763,13-09-2024,Regular,7,651.7,4561.9,Regular
67046342,Sanya Chacko,warriorqasim@example.com,9.15417E+11,"250
Agate Chowk, Gulbarga-828985",Vadodara,38403,11-09-2023,New,6,207.69,1246.14,Regular
6344788,Max Mandal,sanya24@example.com,9.19224E+11,"61
Kata Nagar
Nagpur 188136",Bareilly,879635,15-02-2024,Premium,9,1058.66,9527.94,Regular
625395,Leena Loyal,devanshwalia@example.org,9.10364E+11,"H.No. 758
Bhardwaj Street, Jamalpur-645017",Siliguri,645207,27-03-2024,Premium,4,1794.26,7177.04,Regular
33533919,Anamika Ghosh,lakshit76@example.org,9.14421E+11,"H.No. 56, Brahmbhatt Zila
Jhansi-815364",Gulbarga,777861,22-10-2024,New,3,678.24,2034.72,Regular
58974323,Reva Bhavsar,chaudharychaitaly@example.com,9.11647E+11,"598, Sankar Path, Vijayanagaram 596256",Burhanpur,526621,12-06-2024,New,20,1716.92,34338.4,VIP
10686446,Onkar Ratti,tshanker@example.net,9.14588E+11,"21/061, Muni Marg
Coimbatore 615093",Tadipatri,182979,05-07-2023,New,18,1566.26,28192.68,VIP
5228136,Oeshi Mallick,hardikkrishna@example.org,9.1987E+11,"H.No. 16, Krishnan Marg
Naihati-647090",Ambarnath,314449,30-09-2024,Premium,19,500.17,9503.23,VIP
81046421,Jacob Narayan,choudharyayushman@example.com,9.15369E+11,"99, Sekhon Nagar
Phagwara 174118",Kalyan-Dombivli,657178,03-05-2024,Inactive,6,484.37,2906.22,Regular
13494314,Eesha Nadig,hansgirindra@example.com,9.13264E+11,"68
Batra Circle
Coimbatore 509627",Mahbubnagar,741973,16-06-2023,Premium,5,1108.16,5540.8,Regular
19091057,Kalpit Kohli,chaudharyupma@example.com,9.12932E+11,"96/84
Pai Path
Bulandshahr 159547",Kozhikode,471587,15-03-2024,Regular,9,1569,14121,Regular
65963876,Vamakshi Talwar,pahalhora@example.net,9.15572E+11,"02/85
Nanda Marg
Nizamabad-518067",Loni,830494,20-05-2024,New,13,1714.99,22294.87,VIP
48765625,Aradhana Ganguly,gaganbanik@example.net,9.17594E+11,"01/115, Mander Nagar, Morbi-897722",Bathinda,352264,13-03-2024,Inactive,17,218,3706,VIP
12500465,Barkha Chakrabarti,kagarwal@example.com,9.19588E+11,"H.No. 13
Nagarajan Ganj
Shimoga 577461",Phusro,368657,05-10-2023,Premium,14,1758.5,24619,VIP
68703613,Praneel Bir,hanskashish@example.com,9.17584E+11,"08/613
Grewal
Phagwara-118939",Imphal,939188,26-11-2023,Inactive,6,919.34,5516.04,Regular
48284116,Bhanumati Pingle,nandasaanvi@example.com,9.18483E+11,"H.No. 115, Dhar, Jabalpur 327515",Narasaraopet,278326,02-02-2024,Inactive,17,1885.64,32055.88,VIP
773410,Ladli Saha,gautami44@example.net,9.1365E+11,"72/38
Krish Street, Bijapur-804266",Kota,906115,25-06-2023,New,13,1694.79,22032.27,VIP
32929817,Vedika Devi,jbehl@example.com,9.10624E+11,"63/70, Upadhyay Marg
Aligarh-889085",Muzaffarpur,339447,26-08-2024,Regular,4,468.78,1875.12,Regular
83298567,Vansha Kuruvilla,xalak62@example.com,9.12911E+11,"H.No. 68, Gaba Road
Khandwa 040880",Asansol,149383,02-10-2024,Premium,14,763.1,10683.4,VIP
97509888,Rushil Patil,utkarsh96@example.net,9.15906E+11,"518, Swamy Zila
Kadapa-043623",Thanjavur,987744,09-06-2024,Inactive,6,1011.59,6069.54,Regular
31324823,Utkarsh Biswas,hbarad@example.com,9.12368E+11,"04/775, Dhingra Chowk, Varanasi 384485",Fatehpur,277910,16-09-2023,New,14,414.15,5798.1,VIP
60319216,Lohit Narasimhan,bhavya01@example.com,9.159E+11,"22, Borah Circle, Buxar 569594",Ahmedabad,780127,25-08-2023,Premium,12,503.83,6045.96,VIP
94552818,Pooja Lalla,kritikabarad@example.org,9.12566E+11,"03/85, Morar Marg
Gwalior 529763",Srinagar,862794,14-01-2024,Inactive,2,1308.38,2616.76,Regular
16410708,Zinal Bahri,karan05@example.com,9.19242E+11,"31/42, Master Path
Barasat 615868",Gudivada,629553,14-10-2024,Regular,10,1843.17,18431.7,Regular
84848018,Jackson Roy,janijanaki@example.org,9.19468E+11,"069, Prakash Marg, Mira-Bhayandar 031507",Alappuzha,275189,26-06-2023,Regular,19,557.81,10598.39,VIP
31569754,Edhitha Kumer,psibal@example.org,9.13044E+11,"721, Koshy Ganj
Gulbarga 881971",Bilaspur,556983,02-02-2024,Regular,6,845.41,5072.46,Regular
31384626,Tanay Desai,hayremeera@example.net,9.10281E+11,"610
Parikh Nagar
Thiruvananthapuram-208098",Nangloi Jat,65311,13-06-2024,Regular,13,600.95,7812.35,VIP
98307019,Omya Magar,dev03@example.org,9.17477E+11,"H.No. 326, Parikh Ganj
Sambhal 166207",Bangalore,351499,16-10-2024,New,17,913.21,15524.57,VIP
55733729,Aarini Singhal,siya60@example.net,9.1468E+11,"55/71, Murty Circle, Kamarhati-997909",Anantapuram,200968,13-07-2024,Premium,12,704.66,8455.92,VIP
80269862,Bimala Chad,chameli76@example.net,9.17781E+11,"07/848
Sabharwal Marg
Bokaro 247507",Silchar,725705,17-10-2024,Premium,3,1265.19,3795.57,Regular
90586029,Aarini Ray,vamakshi98@example.net,9.17655E+11,"H.No. 65, Kapoor Path, New Delhi 823047",Faridabad,792664,30-07-2024,Regular,19,1460.86,27756.34,VIP
4594944,Hardik Mane,abduldara@example.org,9.1483E+11,"10/82
Sur Zila
Dibrugarh 044825",Cuttack,599557,26-03-2024,Inactive,12,857.13,10285.56,VIP
78209683,Edhitha Barad,jatin05@example.net,9.16755E+11,"700
Raman Road
Bidar 263500",Jhansi,441254,13-02-2024,Premium,1,1077.22,1077.22,Regular
34588087,Tanmayi Vyas,mishravinaya@example.com,9.1601E+11,"H.No. 24
Uppal Road
Chandigarh 908113",Shimla,385345,16-05-2023,New,11,1341.14,14752.54,VIP
77614510,Girik Gopal,gaurav77@example.net,9.19861E+11,"97/01
Ramachandran Ganj
Eluru 081356",Sirsa,615594,28-03-2023,Inactive,8,1877.93,15023.44,Regular
35455991,Aryan Balakrishnan,sibalamruta@example.net,9.13888E+11,"H.No. 610
Karan Zila
Cuttack-600633",Tezpur,504712,02-04-2023,New,14,1984.56,27783.84,VIP
99714944,Bhanumati Chauhan,kashish47@example.org,9.15297E+11,"H.No. 95
Pingle Circle
Guntur 923865",Adoni,920070,01-10-2023,New,18,708.5,12753,VIP
63870636,Darpan Bhatia,chakradhardutt@example.com,9.19558E+11,"41, Gulati Street
Mango 906100",Aurangabad,349728,29-04-2023,Premium,1,497.93,497.93,Regular
55936462,Upkaar Mahajan,saanviseth@example.org,9.1473E+11,"83
Sridhar Path, Siwan-890863",Berhampur,622771,24-04-2023,New,5,338.13,1690.65,Regular
211163,Hiral Baral,bhavsaryagnesh@example.com,9.11313E+11,"H.No. 11
Sharma Chowk, Jhansi-302598",Satna,50152,10-06-2024,Regular,9,1169.11,10521.99,Regular
77618011,Bhavna Bath,klad@example.com,9.15792E+11,"91
Gade Path, Tenali-329534",Silchar,207673,16-05-2024,Inactive,11,454.04,4994.44,VIP
82700270,Hemal Bhavsar,karanbhatnagar@example.org,9.19434E+11,"H.No. 68, Kothari Marg
Gudivada-450590",Kishanganj,701245,17-08-2024,New,10,1146.39,11463.9,Regular
41181125,Bimala Samra,matthew06@example.org,9.1861E+11,"70
Narula Nagar, Rewa-135600",Mysore,277988,14-06-2023,New,3,632.74,1898.22,Regular
14458150,Kamya Ratta,svasa@example.net,9.18687E+11,"H.No. 46
Lata Chowk, Buxar-942853",Sambhal,867424,30-07-2024,Premium,13,321.96,4185.48,VIP
68965787,Ekavir Agate,yahvikumar@example.org,9.1169E+11,"H.No. 626, Bhat Chowk
Bhimavaram 375258",Dhule,571328,09-10-2024,Premium,19,1431.95,27207.05,VIP
10951674,Anmol Lad,charlesmander@example.com,9.12894E+11,"H.No. 66
Rout Path
Kulti 733466",Guna,284622,23-04-2023,Inactive,4,1590.36,6361.44,Regular
15345667,Lila Chanda,manneparth@example.net,9.17417E+11,"H.No. 293
Singhal Street, Bijapur 471714",Durg,750467,29-08-2023,Premium,6,1574.77,9448.62,Regular
8457972,Yauvani Gaba,lakshitpandey@example.net,9.15287E+11,"62/91
Bedi Ganj
Medininagar 294693",Asansol,187523,04-02-2024,New,16,1250.35,20005.6,VIP
57207678,Yashodhara Mishra,urvi08@example.net,9.19391E+11,"01
Om Street
Rohtak 339233",Chandrapur,347833,08-08-2024,New,17,1603.27,27255.59,VIP
64151769,Teerth Mallick,dalbir88@example.com,9.16335E+11,"H.No. 81, Pathak Marg, Purnia-445538",Mysore,33453,02-05-2024,New,14,1311.86,18366.04,VIP
16786161,Maya Ram,paiunnati@example.org,9.17849E+11,"198, Narula Road, Patiala-297171",Chandigarh,658428,21-11-2023,Inactive,15,496.26,7443.9,VIP
6992801,Yochana Nagy,xganesan@example.org,9.11625E+11,"249
Magar, Bhiwandi-601280",Rajkot,318377,03-06-2023,Premium,4,1270.33,5081.32,Regular
92091019,Kai Subramanian,mitali48@example.com,9.108E+11,"306
Wable Nagar
Jamalpur-670472",Kalyan-Dombivli,943347,13-09-2023,Regular,10,1754.59,17545.9,Regular
14519263,Edhitha Sawhney,mohantyhitesh@example.net,9.14649E+11,"53/91
Keer Street, Parbhani-126657",Ajmer,270755,21-06-2024,Premium,16,762.06,12192.96,VIP
79169760,Benjamin Kant,hkhalsa@example.com,9.14211E+11,"95/134
Bajwa Zila
Bharatpur 542200",Nagaon,233710,12-09-2024,New,11,932.44,10256.84,VIP
63238941,Vidhi Misra,ramaswamyqushi@example.com,9.14582E+11,"43/736, Sant Ganj
Guntur-200508",Gwalior,778124,11-03-2024,Regular,2,1374.76,2749.52,Regular
9551011,Idika Chand,gpall@example.net,9.19189E+11,"95/44, Gandhi Path
Ahmednagar-651346",Navi Mumbai,648770,10-04-2023,Inactive,7,1786.78,12507.46,Regular
13581527,Jhalak Kalla,saanvimammen@example.org,9.15271E+11,"166
Batra, Pudukkottai 869970",Hajipur,786331,01-06-2024,New,10,1614.59,16145.9,Regular
57523973,Darpan Rama,wagleyadavi@example.com,9.18975E+11,"99/07, Mall Nagar
Tiruvottiyur 784487",Suryapet,254066,26-09-2023,New,2,1647.35,3294.7,Regular
68941950,Ayushman Raghavan,zansi49@example.org,9.15646E+11,"26/011
Ganesh Street
Mirzapur-310664",Bhusawal,856620,02-07-2024,New,8,210.86,1686.88,Regular
97141762,Banjeet Goda,grovermaanav@example.org,9.13132E+11,"H.No. 94, Kar Street
Pune-521931",Agra,841879,28-07-2024,Regular,2,1513.8,3027.6,Regular
2558646,Vyanjana Dara,falakkunda@example.net,9.16023E+11,"58/325, Pingle Path, Kavali-936272",Bhusawal,516102,01-11-2024,Premium,10,920.89,9208.9,Regular
61121421,Aditya Sami,nandini14@example.net,9.19042E+11,"40/64, Bath, Tadepalligudem-096254",Tirunelveli,173820,17-01-2024,New,14,1760.03,24640.42,VIP
23380116,Neelima Mody,cvenkataraman@example.com,9.18164E+11,"931, Karnik Chowk
Loni 350235",Jehanabad,616737,07-05-2024,New,11,606.28,6669.08,VIP
78961097,Irya Agarwal,hemanisinghal@example.org,9.10275E+11,"H.No. 806
Vala
Aizawl-476044",Udupi,387337,26-04-2024,Inactive,16,1375.64,22010.24,VIP
11202130,Zehaan Lad,vnarayan@example.org,9.14187E+11,"16/77
Basak Marg, Lucknow 740421",Bhilwara,854285,28-11-2023,Premium,20,1202.1,24042,VIP
8955057,Zashil Goyal,brarjatin@example.com,9.18029E+11,"H.No. 72, Gandhi Zila, Tirupati 033181",Bhubaneswar,613585,12-10-2024,Regular,3,1549.99,4649.97,Regular
22112867,Sanaya Chakrabarti,anay97@example.net,9.1248E+11,"77, Gera Road
Anand 087192",Bangalore,609126,02-08-2024,Regular,6,204.58,1227.48,Regular
5607734,Riya Batta,mandermitesh@example.net,9.13704E+11,"H.No. 604, Kata Road
Khandwa 364539",Jamshedpur,260720,01-09-2024,Premium,8,603.44,4827.52,Regular
98016334,Krishna Char,krishnabhavsar@example.net,9.19448E+11,"841, Kibe Chowk, Thrissur-092044",Howrah,326443,19-08-2024,Regular,18,724.91,13048.38,VIP
61024977,Krishna Manda,elijahagrawal@example.org,9.12468E+11,"93, Borah Street, Farrukhabad-242782",Dindigul,509584,05-03-2024,New,18,699.89,12598.02,VIP
40727086,Osha Brahmbhatt,harishnayak@example.org,9.16461E+11,"H.No. 45
Pradhan Chowk, Akola 580457",Bijapur,113784,05-01-2024,New,11,1573.7,17310.7,VIP
96109948,Riya Wason,kotharizaitra@example.com,9.15128E+11,"90/533, Bakshi Zila, Kakinada-718472",Shivpuri,528740,12-08-2023,Inactive,20,1879.13,37582.6,VIP
71176678,Garima Tata,charita65@example.com,9.13992E+11,"56/972, Yadav Road, Gwalior 194187",Dhule,103327,05-05-2024,Regular,20,669.58,13391.6,VIP
16547602,Geetika Das,loyalchakradhar@example.net,9.1275E+11,"H.No. 17, Babu Path
Gangtok-674523",Nadiad,216025,19-04-2023,Inactive,14,1240.96,17373.44,VIP
37379797,Aashi Majumdar,omkaarmemon@example.org,9.1847E+11,"18/571, Choudhury Path
Kishanganj-139131",Jalna,627760,24-08-2024,Inactive,6,1167.45,7004.7,Regular
37926207,Pahal Chaudhary,upadhriti58@example.net,9.17769E+11,"467, Keer Street, Bettiah-109486",Eluru,877706,02-09-2023,New,12,491.26,5895.12,VIP
63451391,Amrita Kibe,viswanathanekansh@example.org,9.18624E+11,"95, Oommen Path
Bhatpara 540842",Surendranagar Dudhrej,477087,26-03-2024,Premium,7,731.46,5120.22,Regular
62629494,Anamika Bali,ssridhar@example.net,9.12402E+11,"571, Nair Path, Nizamabad-216385",Jorhat,597801,13-09-2024,Premium,14,1504.45,21062.3,VIP
13871547,Anthony Dhawan,nimrat66@example.org,9.16397E+11,"H.No. 30
Patla Nagar
Barasat 711179",Bhilwara,626053,17-06-2023,Premium,8,200.43,1603.44,Regular
1507408,Kai Gara,dbera@example.net,9.16643E+11,"97/84, Dhaliwal Chowk
Firozabad-233621",Bangalore,478862,21-03-2024,Inactive,8,972.22,7777.76,Regular
3638834,Falan Nayak,garaveer@example.com,9.15781E+11,"38/514, Deo Zila, Morbi 793612",Warangal,563073,08-07-2023,Premium,16,1142.06,18272.96,VIP
32054313,Jai Char,rajayutika@example.com,9.13213E+11,"72
Keer Road, Gandhidham-879715",Raurkela Industrial Township,537597,03-10-2024,Regular,2,340.15,680.3,Regular
97678578,Jagat Hayre,ymalhotra@example.net,9.17082E+11,"95/43, Chahal Path
Mathura 774115",Loni,214414,15-06-2024,Regular,7,1531.63,10721.41,Regular
75028268,Pahal Malhotra,wazir75@example.com,9.11145E+11,"845, Prakash Marg, Tadepalligudem 032115",Kirari Suleman Nagar,412117,13-11-2023,Inactive,10,620.03,6200.3,Regular
59930550,Anamika Wali,madhavi76@example.org,9.14386E+11,"H.No. 45
Dhar Marg, Kulti 279105",Agra,661359,22-04-2024,Inactive,20,1680.48,33609.6,VIP
23567263,Yatan Sem,hitesh51@example.net,9.14339E+11,"12/949
Loyal Ganj
Ambattur 535978",Chinsurah,96950,11-08-2024,New,14,231.38,3239.32,VIP
65570302,Onveer Parsa,widisha66@example.net,9.19055E+11,"89, Bal Path
Kirari Suleman Nagar-340832",Deoghar,918933,11-10-2024,Inactive,19,1322.32,25124.08,VIP
94529626,Gavin Kaur,ldubey@example.net,9.10041E+11,"61/527, Sampath Street
Purnia-039153",Pudukkottai,762221,06-12-2023,New,17,1907.16,32421.72,VIP
54338574,Yashodhara Gokhale,nandagavin@example.org,9.1615E+11,"829, Yogi Zila, Indore 022222",Guntur,515677,09-08-2023,Premium,3,1875.03,5625.09,Regular
14006996,Saumya Rau,anitakorpal@example.org,9.10501E+11,"893, Sengupta Path, Akola-055236",Buxar,998569,31-07-2023,Inactive,15,738.1,11071.5,VIP
88324928,Geetika Nanda,jpalla@example.org,9.11669E+11,"843, Yogi Zila
Panvel-489127",Alappuzha,137999,19-03-2023,Regular,13,340.65,4428.45,VIP
77128325,Yug Mangat,vohrameghana@example.com,9.11411E+11,"54, Aggarwal Circle, Amravati 188290",Satna,833563,05-08-2023,Regular,2,1483.92,2967.84,Regular
44562310,Harsh Om,vincent86@example.com,9.17519E+11,"86/38
Ganesan Zila, Srikakulam 027873",Warangal,439591,29-06-2024,Inactive,3,483.87,1451.61,Regular
32809328,Oeshi Raghavan,kiaan42@example.net,9.12066E+11,"905
Patla
Alappuzha-788495",Chittoor,117692,09-02-2024,Premium,19,1525.5,28984.5,VIP
37288781,Kritika Narayan,fyadav@example.org,9.11212E+11,"H.No. 217, Bhattacharyya Zila, Kalyan-Dombivli-066025",Tadepalligudem,355069,04-08-2023,New,1,1609.24,1609.24,Regular
35049420,Udarsh Mangal,zpatil@example.org,9.16564E+11,"42/738
Dhawan Road
Nagpur 697513",Madanapalle,720562,25-03-2023,Regular,7,1660.54,11623.78,Regular
10789681,Anvi Rajan,aarna25@example.net,9.19496E+11,"H.No. 010, Sandhu Street, Salem 189439",Dehradun,22922,28-06-2023,Regular,17,1178.41,20032.97,VIP
67918495,Aarav Gour,patelwazir@example.org,9.1507E+11,"578, Dash Chowk
Kadapa 410777",Ratlam,878680,28-10-2023,Inactive,16,496.65,7946.4,VIP
2667357,Nathan Kaul,godavarenya@example.com,9.10778E+11,"81/284
Gopal Chowk, Rajkot-722713",Guntakal,819570,13-06-2024,Premium,6,1516.67,9100.02,Regular
7728406,Leela Bansal,tgulati@example.net,9.11892E+11,"87/91
Mandal Nagar, Ujjain 018314",Ranchi,684048,10-01-2024,Inactive,2,1970.33,3940.66,Regular
77961205,Yashica Handa,jsankar@example.net,9.1424E+11,"H.No. 75
Arora Marg
Jabalpur 673036",Burhanpur,921503,27-06-2023,Premium,7,1445.85,10120.95,Regular
28995786,Vanya Swamy,chamansami@example.org,9.12326E+11,"26
Pandey Road, Gandhidham 757066",Bardhaman,985614,02-10-2024,Inactive,20,1706.11,34122.2,VIP
74762653,Varenya Sama,wsodhi@example.org,9.16605E+11,"H.No. 79
Narang Ganj, Raurkela Industrial Township-542887",Kakinada,58056,22-01-2024,Premium,9,1996.53,17968.77,Regular
93563435,Siya Sandhu,hemalwagle@example.com,9.18289E+11,"H.No. 606, Parekh Chowk, Erode-615948",Nagpur,854006,28-08-2024,New,9,313.25,2819.25,Regular
66768157,Om Khosla,obahri@example.org,9.10829E+11,"37
Mody Circle
Jorhat 391653",Singrauli,131116,04-09-2023,Inactive,3,502.9,1508.7,Regular
98625898,Raagini Taneja,umang95@example.org,9.13129E+11,"263
Kamdar Chowk
Bhatpara-557575",Raiganj,355567,17-10-2023,Premium,14,1879.91,26318.74,VIP
24107959,David Chowdhury,bdar@example.com,9.11591E+11,"437
Borra Ganj
Pune 036001",Howrah,978633,08-07-2024,Regular,7,354.25,2479.75,Regular
27824078,Caleb Ramakrishnan,duaeshana@example.com,9.13638E+11,"H.No. 454
Wali Path
Rourkela-757587",Jalna,664273,15-09-2024,Inactive,12,972.71,11672.52,VIP
97174235,Ekapad Atwal,oupadhyay@example.com,9.17158E+11,"45, Karnik Zila
Cuttack 151701",Hubli–Dharwad,157060,05-08-2024,Regular,13,413.94,5381.22,VIP
28394354,Yatin Mohanty,nathaniel49@example.net,9.16199E+11,"06/380, Mitra Circle
Jorhat 587416",Kumbakonam,269616,31-03-2024,Regular,19,1546.13,29376.47,VIP
29689766,Pallavi Kala,madhav18@example.org,9.10805E+11,"H.No. 983
Setty Path, Mira-Bhayandar 331770",Tenali,243885,20-03-2023,New,14,967.01,13538.14,VIP
44589829,Udyati Garde,minhasharrison@example.org,9.16604E+11,"92, Chaudhari, Tirunelveli 950904",Sagar,110593,25-09-2023,Regular,4,1570.62,6282.48,Regular
6959437,Rushil Prakash,anika85@example.net,9.1728E+11,"09/765, Sachdev Path
Gaya-127934",Jammu,293835,25-07-2024,Premium,14,1105.84,15481.76,VIP
28173165,Gayathri Padmanabhan,william12@example.net,9.1108E+11,"H.No. 578, Sharma Path, Jhansi 265422",Srikakulam,743644,09-08-2023,Inactive,15,545.71,8185.65,VIP
46564935,Ranbir Hegde,rishirana@example.com,9.17292E+11,"91/552, Karan Street, Chennai-415629",Muzaffarpur,645064,27-02-2024,Inactive,5,536.94,2684.7,Regular
77007315,Amara Lad,hitesh06@example.org,9.17084E+11,"H.No. 086, Soman, Panchkula-966165",Satara,867852,05-11-2023,Premium,10,1750.59,17505.9,Regular
64403005,Ojas Sahota,garima59@example.com,9.12312E+11,"H.No. 54, Bajaj Path
Chandrapur-896543",Darbhanga,847487,03-07-2024,New,12,524.48,6293.76,VIP
28277304,Chaitanya Mann,hemalall@example.com,9.15423E+11,"18/80, Lad, Bhalswa Jahangir Pur 775594",Haridwar,159776,14-02-2024,Inactive,14,1681.58,23542.12,VIP
38568692,Guneet Ahluwalia,ocherian@example.net,9.15131E+11,"34
Chaudhuri Circle, Bally 532014",Silchar,658648,06-12-2023,New,6,1082.93,6497.58,Regular
90299101,Kamala Kakar,dattalibni@example.com,9.16459E+11,"H.No. 20, Tandon Road
Secunderabad 431984",Akola,567715,24-06-2024,Regular,7,291.45,2040.15,Regular
77086539,Gayathri Kumer,pranav05@example.net,9.14012E+11,"23, Butala Marg, Sagar 674981",Sangli-Miraj & Kupwad,813233,14-05-2024,New,3,1591.27,4773.81,Regular
16341776,Oviya Gera,dalbir04@example.com,9.14653E+11,"31/786
Mall Marg
Aurangabad 284354",Sikar,60359,16-07-2023,New,6,964.4,5786.4,Regular
62868582,Chaitaly Anand,rishi88@example.net,9.12009E+11,"39
Dalal Circle
Karawal Nagar-027066",Asansol,253211,04-04-2024,New,11,1082.3,11905.3,VIP
16435594,Aryan Ranganathan,darsh48@example.com,9.1843E+11,"89/553
Vig Zila
Kharagpur-011223",Jorhat,848945,11-10-2024,Premium,4,1273,5092,Regular
24337950,Ishwar Chakraborty,xbatta@example.com,9.10611E+11,"H.No. 118
Sathe Marg
Rajkot 400500",Haridwar,17750,26-04-2023,Inactive,20,1845.42,36908.4,VIP
38728779,Reva Sem,jrajagopal@example.net,9.10994E+11,"H.No. 76, Bhalla Ganj
Surat 589030",Bulandshahr,648636,24-02-2024,Regular,19,1294.04,24586.76,VIP
3483295,Maya Nath,nmadan@example.org,9.1052E+11,"573
Devi Ganj
Rajahmundry 145523",Imphal,632918,08-03-2024,Inactive,5,1334.49,6672.45,Regular
67908555,Brinda Bahl,triptiatwal@example.org,9.1085E+11,"H.No. 808
Chakraborty Marg
Bhopal 248842",Chittoor,757455,21-04-2023,New,16,1746.83,27949.28,VIP
45028365,Qarin Dass,ekanshdhillon@example.org,9.19603E+11,"88, Karan Path
Dehradun 508763",Danapur,418635,06-11-2023,Regular,5,518.33,2591.65,Regular
19216141,Teerth Manda,ksinghal@example.org,9.12044E+11,"069
Patil Road, Tinsukia-750405",Giridih,829446,14-05-2023,Premium,9,1428.54,12856.86,Regular
47590944,Ayushman Chawla,urajagopalan@example.net,9.19348E+11,"H.No. 08, Atwal Chowk
Nagercoil 786153",Bhubaneswar,185673,12-07-2023,New,19,1163.84,22112.96,VIP
72415263,Dakshesh Varughese,karansathvik@example.org,9.15873E+11,"H.No. 661, Kapadia Circle, Giridih-658125",Pallavaram,624264,29-05-2023,Regular,20,1914.18,38283.6,VIP
97873848,Ladli Johal,csant@example.com,9.10735E+11,"H.No. 68
Bakshi Marg, Sasaram 557143",Kavali,764984,23-10-2023,Regular,18,1381.21,24861.78,VIP
81541985,Panini Padmanabhan,valagunbir@example.org,9.1569E+11,"06/571
Deshmukh Nagar, Latur-947001",Asansol,221829,30-04-2023,Regular,17,894.34,15203.78,VIP
57213543,Hema Natarajan,chadhanimrat@example.org,9.18582E+11,"515
Buch Road
Bilaspur 694542",Gandhinagar,595160,30-10-2024,Regular,14,1323.95,18535.3,VIP
60620291,Upkaar Suresh,tarak64@example.net,9.12341E+11,"H.No. 863
Pant Street
Bhusawal-846427",Karaikudi,201870,01-05-2023,Regular,15,1791.39,26870.85,VIP
34655710,Abeer Ravel,orindernatarajan@example.net,9.1011E+11,"54, Agrawal, Katni-364063",Katihar,161040,16-09-2024,Inactive,1,1620.16,1620.16,Regular
58415368,Frederick Virk,jroy@example.com,9.17639E+11,"430
Savant Road
Ramagundam-958730",Shahjahanpur,603119,29-05-2024,New,10,297.38,2973.8,Regular
67402645,Bimala Barad,lakshmi42@example.com,9.1608E+11,"94/65, Tak
Alappuzha-897750",Phagwara,737896,25-03-2023,Inactive,15,1084.93,16273.95,VIP
2903620,Bahadurjit Rama,faraj37@example.com,9.10992E+11,"418, Desai Chowk, Tiruvottiyur 558463",Proddatur,495945,11-05-2024,New,11,1815.06,19965.66,VIP
58115779,Bhavna Ramaswamy,gabaurishilla@example.net,9.18134E+11,"H.No. 83, Anne Circle, Alwar-895946",Katni,779863,27-07-2024,Regular,12,1569.04,18828.48,VIP
40055711,Yug Mander,fchauhan@example.net,9.19964E+11,"H.No. 111, Suri
Dhanbad-966241",Rampur,415727,23-09-2024,Inactive,11,278.97,3068.67,VIP
9419030,Thomas Doctor,lhans@example.net,9.13725E+11,"H.No. 82
Nazareth Ganj, Ambala-089016",Avadi,657231,11-03-2024,Inactive,1,340.77,340.77,Regular
75244116,Jai Suri,sanaya74@example.com,9.119E+11,"11/76
Sura Road, Malda 325015",Gorakhpur,112503,09-10-2023,Inactive,10,426.97,4269.7,Regular
2566268,Arjun Ratta,santutkarsh@example.net,9.17102E+11,"99/643
Muni
Karimnagar 116487",Mysore,644861,04-12-2023,Premium,16,1796.96,28751.36,VIP
24496983,Vasana Sen,hseshadri@example.org,9.13695E+11,"H.No. 687, Seshadri Street
Ajmer-267864",Kamarhati,185526,04-12-2023,Regular,17,1262.44,21461.48,VIP
7378768,Shravya Dada,mason45@example.net,9.18806E+11,"660, Chokshi
Madurai 598172",Bellary,671584,20-05-2023,New,8,698.59,5588.72,Regular
33544355,Aarnav Nayak,oscar01@example.com,9.15001E+11,"015, Pandey Ganj
Karawal Nagar-700071",Sri Ganganagar,737494,30-08-2023,Premium,2,1083.95,2167.9,Regular
98012339,Kai Kari,ikala@example.org,9.1427E+11,"20/920, Kaul Road, Muzaffarnagar-154530",Anantapuram,766651,22-03-2023,Regular,16,839.46,13431.36,VIP
71771782,Jalsa Bansal,jasmitgola@example.org,9.17867E+11,"44/554, Sampath Street, Jalandhar-983074",Farrukhabad,382294,23-05-2023,Inactive,8,1091.61,8732.88,Regular
39301587,Kritika Chaudhuri,kdas@example.net,9.19535E+11,"H.No. 229
Shetty Zila
Saharsa 334604",Bongaigaon,137712,29-12-2023,Regular,15,1775.12,26626.8,VIP
12560669,Mugdha Acharya,pranitkuruvilla@example.org,9.10259E+11,"22, Chowdhury Path, Chittoor-049437",Sangli-Miraj & Kupwad,776029,29-08-2024,Inactive,13,450.79,5860.27,VIP
73061709,Zinal Sundaram,snayak@example.com,9.13021E+11,"H.No. 10
Datta Marg
Siwan-391261",Uluberia,214812,22-08-2024,Premium,1,1557.57,1557.57,Regular
73807097,Manbir Manda,zroy@example.org,9.13945E+11,"08/885
Bakshi Path, Haldia 541849",Firozabad,795626,12-12-2023,Inactive,7,557.11,3899.77,Regular
57579640,Sneha Amble,vedantdoctor@example.org,9.18788E+11,"21/31
Bahri Road, New Delhi-268180",Siwan,847223,11-07-2023,Premium,10,697.08,6970.8,Regular
71276926,Urishilla Sawhney,upadhritisachdeva@example.net,9.13137E+11,"H.No. 12
Kade Road
Khandwa 808579",Nangloi Jat,116387,21-11-2023,Inactive,10,1226.1,12261,Regular
54139038,Wahab Balan,anjali90@example.com,9.15688E+11,"016
Lata Circle
Hubli–Dharwad 127880",Dibrugarh,888729,30-09-2024,Inactive,10,1689.41,16894.1,Regular
6853981,Radhika Bahri,kamyawarrior@example.com,9.11176E+11,"245
Garg Road, Ahmedabad 964676",Machilipatnam,209167,13-12-2023,Inactive,14,1301.27,18217.78,VIP
82898985,Reva Pradhan,nimrat81@example.com,9.10643E+11,"457
Mishra Chowk, Visakhapatnam 946851",Pondicherry,679447,03-04-2023,Regular,2,841.91,1683.82,Regular
92416428,Falak Balan,isandhu@example.org,9.14523E+11,"67/29, Badal Chowk, Uluberia-967008",Avadi,944699,24-01-2024,Regular,5,1255.2,6276,Regular
80371626,Yashasvi Divan,oprabhu@example.org,9.19973E+11,"56
Tara Road, Amravati 888344",Karimnagar,865438,02-10-2024,New,20,1033.07,20661.4,VIP
39042103,Maanav Gupta,mohammed78@example.org,9.19539E+11,"H.No. 26, Chaudhary
Kolkata 469720",Bareilly,148727,31-05-2024,Regular,20,1519.5,30390,VIP
14693393,Chavvi Iyer,kannanvedant@example.com,9.1008E+11,"11, Balakrishnan Marg
Motihari-662977",Proddatur,496205,24-05-2024,New,14,928.3,12996.2,VIP
41878908,Barkha Kanda,khuranamason@example.net,9.11847E+11,"08/81
Chandra Path, Mehsana-925891",Raiganj,376225,31-05-2024,Premium,6,390.11,2340.66,Regular
49117070,Pavani Lala,tankvedhika@example.org,9.14138E+11,"29, Morar Zila, Amritsar-838331",Bhubaneswar,238713,27-09-2024,Inactive,9,1495.17,13456.53,Regular
43761120,Tarak Kumer,hbava@example.com,9.1783E+11,"H.No. 534
Taneja Ganj
Bangalore 238371",Bhagalpur,33353,01-06-2024,Inactive,19,1954.78,37140.82,VIP
52672659,Isha Mand,tanmayibhagat@example.net,9.16637E+11,"H.No. 898, Gara, Ghaziabad-552132",Vadodara,279779,17-03-2023,Regular,17,1721.72,29269.24,VIP
91448742,Henry Badal,chaudhryomya@example.org,9.1494E+11,"61, Tripathi Ganj
Nanded-543392",Bongaigaon,13029,13-04-2023,Regular,1,1536.39,1536.39,Regular
55278329,Nathaniel Mand,hmerchant@example.net,9.11206E+11,"09, Dixit Road, Bulandshahr-868361",Bhubaneswar,906383,08-10-2024,Inactive,19,1814.67,34478.73,VIP
13492411,Ekaraj Mahal,tamanna39@example.net,9.17878E+11,"745, Mall Street, Tirunelveli-948037",Patna,673157,13-07-2023,Regular,8,453.33,3626.64,Regular
39093069,Mahika Issac,dakshminhas@example.org,9.13214E+11,"H.No. 98
Padmanabhan Street, Kottayam-241642",Rajkot,250605,02-03-2024,Regular,6,1176.58,7059.48,Regular
16436211,Daniel Hans,jacob31@example.net,9.13282E+11,"H.No. 00
Narayanan Marg, Shahjahanpur-715267",Tadepalligudem,892690,09-11-2023,Regular,8,780.94,6247.52,Regular
25747787,Zaid Bobal,dubeyekapad@example.org,9.13578E+11,"086, Mahajan Nagar
Jodhpur-262620",Bikaner,591446,31-05-2023,Inactive,13,835.06,10855.78,VIP
24000329,Aarush Dey,zdewan@example.net,9.1126E+11,"20/70, Rau
Durg-039531",Gulbarga,375546,01-11-2023,Premium,17,1787.69,30390.73,VIP
54923640,Azad Nath,kmadan@example.net,9.18022E+11,"20/90, Mohanty Ganj
Raurkela Industrial Township 943348",Gandhidham,664697,10-04-2024,Inactive,15,234.66,3519.9,VIP
57217288,Dalaja Bassi,ppandey@example.net,9.15745E+11,"339
Radhakrishnan Circle, Bhubaneswar 566268",Karimnagar,202075,24-03-2023,Regular,3,736.05,2208.15,Regular
70554546,Jonathan Doctor,rushil75@example.net,9.13502E+11,"855, Rana Circle, Dibrugarh 752009",Bulandshahr,169284,19-04-2024,Inactive,14,1601.91,22426.74,VIP
39959491,Damini Gandhi,xjayaraman@example.net,9.18662E+11,"31
Sagar Nagar
New Delhi 077157",Purnia,734014,25-08-2023,Premium,2,622.87,1245.74,Regular
55042740,Samuel Lanka,bhanumati39@example.net,9.10376E+11,"36/962
Nazareth Circle, Tirupati-434921",Kadapa,97917,12-03-2024,Regular,7,404.02,2828.14,Regular
64846124,Anusha Sagar,jeremiah29@example.com,9.13882E+11,"60/157
Modi Chowk
Lucknow 233763",Bidar,46181,19-06-2024,Inactive,1,997.65,997.65,Regular
23434261,Jhalak Chopra,ramachandranunnati@example.org,9.1325E+11,"462
Bhakta Street, Bhind-470064",Ambala,224620,10-07-2023,Inactive,7,1651.18,11558.26,Regular
33685414,Nidhi Swaminathan,lajitasawhney@example.net,9.10747E+11,"336, Nigam Nagar
Giridih-512900",Miryalaguda,269887,09-03-2024,Regular,8,1679.23,13433.84,Regular
43649266,Ayushman Menon,anayrajagopalan@example.org,9.12709E+11,"H.No. 554
Lata Marg, Nagaon 736446",Khandwa,984786,14-03-2024,Inactive,19,1803.11,34259.09,VIP
53299455,Rushil Gupta,wcherian@example.org,9.13503E+11,"80/32, Acharya Nagar, Bathinda-734196",Bijapur,963064,25-05-2023,Premium,7,838.66,5870.62,Regular
9388085,Faris Swaminathan,jbath@example.com,9.15414E+11,"97/15, Gandhi Ganj
Varanasi 857882",Jamnagar,821263,17-03-2024,New,11,627.21,6899.31,VIP
46629917,Vasudha Dey,saksham89@example.net,9.14935E+11,"03/989, Kari Ganj
Sagar 040726",Jamshedpur,139007,09-02-2024,Premium,1,788.35,788.35,Regular
82359623,Pushti Sangha,gopalijaya@example.net,9.12302E+11,"75/89
Issac Road, Jamalpur-285509",Bellary,504776,17-08-2023,Premium,17,1339.75,22775.75,VIP
58238092,Xiti Pradhan,triyakale@example.org,9.11387E+11,"20/971, Bath Path, Thiruvananthapuram 983558",Malegaon,971189,01-07-2023,Inactive,9,519.73,4677.57,Regular
74572121,Triveni Baral,advaith31@example.net,9.16255E+11,"10/107
Bhandari
Kishanganj 048249",Mau,562013,20-08-2024,Inactive,15,890.77,13361.55,VIP
3468355,Chameli Subramanian,lekhanarula@example.org,9.18771E+11,"73/891
Tailor Nagar
Raiganj-161841",Pune,427282,02-06-2024,New,12,1734.51,20814.12,VIP
34095555,Charan Misra,leena91@example.org,9.10127E+11,"72/930, Amble Road, Kalyan-Dombivli 395063",Raiganj,561007,07-09-2023,Premium,9,1536.28,13826.52,Regular
76020843,Banjeet Behl,nairnihal@example.net,9.15558E+11,"H.No. 222, Natt Ganj
Motihari 339268",New Delhi,619007,25-06-2024,Regular,6,784.7,4708.2,Regular
80571942,Mohammed Magar,bailavi@example.org,9.18024E+11,"595, Ranganathan Chowk, Kadapa 969488",Kishanganj,140451,01-09-2023,Regular,10,980.64,9806.4,Regular
19375332,Udarsh Rao,chaitanya86@example.org,9.19352E+11,"643, Kohli Circle
Jorhat 826776",Jodhpur,278850,01-07-2024,Regular,20,1556.48,31129.6,VIP
8739903,Yamini Bir,giriklata@example.com,9.18499E+11,"66
Reddy Zila, Guwahati 103557",Thane,985691,07-07-2023,Regular,9,1689.59,15206.31,Regular
55472026,Urishilla Bhatnagar,pwalia@example.org,9.11246E+11,"518
Hegde Circle
Kishanganj-108379",Allahabad,925280,28-08-2023,New,2,730.33,1460.66,Regular
19581959,Eesha Sahota,kannanlibni@example.org,9.12909E+11,"728, Sarna, Katihar-382238",Ghaziabad,187788,23-04-2023,Premium,5,1517.34,7586.7,Regular
32585389,Abhimanyu Sachdeva,daksheshdave@example.net,9.17846E+11,"36/52
Mane Street
Rohtak 670007",Howrah,717606,13-11-2023,Premium,3,1378.77,4136.31,Regular
24308515,Thomas Walia,laksh53@example.com,9.18989E+11,"401
Baral Chowk
Thrissur 779900",Panchkula,546301,26-10-2023,Regular,20,1801.96,36039.2,VIP
63025744,Eta Mander,vrishtinarasimhan@example.com,9.12187E+11,"644
Minhas Ganj
Shahjahanpur 651838",Panipat,478112,02-10-2023,Regular,6,1112.65,6675.9,Regular
89036169,Kashvi Chaudhuri,inayabal@example.org,9.14537E+11,"H.No. 75
Balay Path
Solapur-409336",Deoghar,856727,05-03-2024,Inactive,12,1133.25,13599,VIP
1816969,Tejas Pillai,xsarin@example.org,9.18472E+11,"74/97, Warrior Ganj
Tadepalligudem 137156",Vadodara,441464,05-03-2024,Premium,2,1902.69,3805.38,Regular
18256339,Dalbir Dora,lsandal@example.net,9.15559E+11,"90/329, Bhatt Circle, Thane 548250",Mumbai,963704,04-11-2023,New,5,1719.33,8596.65,Regular
87059497,Abeer Merchant,peterkuruvilla@example.net,9.10388E+11,"H.No. 69, Mangal Zila
Sikar-669273",Jamshedpur,771247,09-02-2024,Regular,5,1137.61,5688.05,Regular
47577193,Chaaya Wable,zvenkatesh@example.net,9.16831E+11,"41/37, Raja Marg
Tumkur-353412",Dehri,410068,05-02-2024,Premium,16,1578.87,25261.92,VIP
95595403,Rushil Walia,duttadamini@example.org,9.17066E+11,"46, Tiwari
Nandyal-807876",Durgapur,533130,06-03-2024,Regular,10,1368.49,13684.9,Regular
57658033,Rajeshri Ramaswamy,lvarghese@example.org,9.18484E+11,"25/38, Banerjee Marg, Raurkela Industrial Township 526429",Yamunanagar,357745,10-11-2023,New,8,1281.84,10254.72,Regular
4597433,Lipika Kumer,faras46@example.org,9.17227E+11,"H.No. 038, Devan Path, Bally-571011",Tadepalligudem,580130,02-04-2024,Inactive,3,821.84,2465.52,Regular
7923550,Amruta Grewal,sarakibe@example.com,9.12308E+11,"H.No. 854, Bora Chowk
Kishanganj-726465",Panihati,833973,02-09-2023,New,17,1813.79,30834.43,VIP
21553672,Udyati Puri,rsarin@example.org,9.17997E+11,"H.No. 647, Kade Nagar, Bhiwani-273365",Morbi,278827,19-04-2024,New,1,429.36,429.36,Regular
80499378,Ekta Chowdhury,warindertripathi@example.net,9.16376E+11,"H.No. 521
Buch, Shimla-883080",South Dumdum,642495,17-09-2024,Inactive,3,759.03,2277.09,Regular
16410155,Darika Barman,bathrohan@example.com,9.13151E+11,"93/97
Nazareth, Chennai 927497",Bidhannagar,306843,29-04-2023,Premium,8,601.32,4810.56,Regular
52423524,Nihal Ravi,maanav40@example.net,9.11484E+11,"27/97, Sodhi Nagar, Ichalkaranji 970201",Ludhiana,386268,05-06-2023,Inactive,19,473.06,8988.14,VIP
20834589,Parth Madan,udantcomar@example.net,9.17646E+11,"28/25, Pal Road, Erode-179824",Giridih,330314,15-07-2024,Inactive,8,740.07,5920.56,Regular
70372270,Yadavi Garg,dalbir46@example.org,9.13909E+11,"H.No. 738
Dar
Farrukhabad-031738",Ichalkaranji,993809,05-08-2023,New,15,1420.71,21310.65,VIP
18082040,Jonathan Bir,fzachariah@example.net,9.13147E+11,"H.No. 32, Khalsa Street, Ludhiana 691751",Kochi,824038,03-04-2024,Regular,17,1098.59,18676.03,VIP
24745800,Isaac Mutti,kantganga@example.net,9.16331E+11,"07/52
Peri Ganj
Adoni-368437",New Delhi,465288,10-01-2024,Premium,3,1657.15,4971.45,Regular
12698783,Jyoti Lata,gaurangi28@example.org,9.14421E+11,"H.No. 27
Barman Path, Suryapet-753989",Karnal,590916,06-10-2024,Inactive,8,1040.64,8325.12,Regular
24821281,Onveer Kanda,shenoyekavir@example.net,9.13944E+11,"462
Bal Road
Bhiwani-601105",Khora,618702,04-06-2023,Regular,10,1004.08,10040.8,Regular
17843667,Yauvani Purohit,noahdevi@example.org,9.18945E+11,"37/337, Tank Road
Mau-206951",Bhubaneswar,599055,20-03-2024,New,4,618.64,2474.56,Regular
75137446,Oliver Bahl,tamanna95@example.net,9.11107E+11,"07/364
Mohan Road, Siwan-953038",Kochi,484847,30-03-2024,New,10,1290.79,12907.9,Regular
43295656,Wyatt Bhasin,ppalla@example.org,9.17864E+11,"06/508, Dalal Nagar
Jaunpur 214842",Sagar,356947,21-02-2024,Regular,4,1306.25,5225,Regular
10663246,Madhav Chana,abhiram84@example.org,9.15955E+11,"31/173, Kalita Nagar, Nashik-267071",Gandhidham,538790,29-10-2023,Regular,12,1976.29,23715.48,VIP
74038361,Vasatika Lanka,yhayer@example.net,9.13658E+11,"268
Chander Circle
Mehsana 867984",Khandwa,27671,02-10-2023,New,15,236.72,3550.8,VIP
56548063,Advay Baria,qushikrish@example.net,9.10861E+11,"H.No. 54
Bhandari Path
Siliguri-730057",Thanjavur,443618,11-08-2024,New,20,537.48,10749.6,VIP
58893807,Faris Sekhon,chopradiya@example.net,9.13942E+11,"H.No. 450, Kibe, Ghaziabad 278382",Tirunelveli,29632,15-02-2024,Inactive,14,1163.42,16287.88,VIP
1301661,Yashvi Parekh,rmanne@example.net,9.13099E+11,"75/740, Tara Road, Pali 035417",Saharanpur,524586,26-12-2023,Inactive,8,623.8,4990.4,Regular
72263318,Reyansh Sankar,gautamisura@example.org,9.15641E+11,"061
Agrawal Chowk, Bhatpara 564696",Fatehpur,398070,23-06-2023,Inactive,8,1372.05,10976.4,Regular
16484167,Hemal Bala,fdhawan@example.net,9.11705E+11,"29/31, Mukhopadhyay Marg
Jorhat 795736",Guwahati,104698,07-04-2023,New,19,1128.06,21433.14,VIP
74694186,Nisha Jhaveri,nrout@example.net,9.15255E+11,"07/68
Sibal Path, Haldia 724455",Hubli–Dharwad,956627,14-09-2024,Inactive,3,1566.5,4699.5,Regular
89472859,Ekaraj Dash,harirajeshri@example.org,9.13836E+11,"70/52
Gokhale Marg, Machilipatnam-472393",Saharsa,209011,27-08-2023,Inactive,2,1181.99,2363.98,Regular
21697638,Hredhaan Bhagat,taraksrinivas@example.net,9.1374E+11,"H.No. 774
Rastogi Road, Bhusawal 085217",Sirsa,422943,13-06-2024,New,1,381.19,381.19,Regular
74231111,Jhalak Varty,nandayuvraj@example.org,9.11288E+11,"50/52
Bhatt Nagar
Pali-230302",Thane,190824,05-10-2023,Premium,15,514.31,7714.65,VIP
89523804,Girik Sangha,smane@example.net,9.11909E+11,"H.No. 42
Dhar Nagar, Akola-282403",Kottayam,262919,25-04-2024,Inactive,1,1054,1054,Regular
22694456,Eesha Saha,esarin@example.net,9.18712E+11,"H.No. 78, Tiwari Ganj
Ahmednagar 908031",Nashik,66654,20-03-2024,New,6,697.9,4187.4,Regular
14940427,Sara Rajagopalan,devshanker@example.com,9.13323E+11,"47
Datta Nagar
Jaipur-591851",Loni,793600,01-06-2023,Premium,3,1992.36,5977.08,Regular
81940825,Kamala Thaman,ctank@example.org,9.10357E+11,"35/75, Bhalla Road, Burhanpur 621162",Proddatur,938207,14-10-2023,New,4,1119.75,4479,Regular
73392739,Chaitaly Kakar,vohrachameli@example.com,9.15511E+11,"59/60, Bhatnagar Chowk
Mysore-383918",Bikaner,682021,17-03-2024,New,18,1378.5,24813,VIP
52770036,Lopa Bobal,kashyapthomas@example.org,9.10664E+11,"82, Bhargava Nagar
Kishanganj-297154",Bathinda,212770,19-08-2024,New,14,1207.51,16905.14,VIP
38902193,Yutika Sandhu,radhaperi@example.com,9.19333E+11,"H.No. 65
Dani, Bareilly-865864",Bellary,953914,08-08-2024,New,6,1275.29,7651.74,Regular
72287157,Ekbal Kaur,mangaldalaja@example.com,9.18693E+11,"81
Choudhary Street, New Delhi-303095",Machilipatnam,289225,29-08-2023,New,20,1706.71,34134.2,VIP
94179692,Faras Bahri,wishi97@example.org,9.12988E+11,"93, Bose Path, Ghaziabad 660236",Alwar,767956,18-09-2024,New,3,1494.14,4482.42,Regular
61851054,Bhavya Tiwari,aarnav95@example.org,9.17984E+11,"H.No. 19
Solanki Street
Kadapa-649070",Tadipatri,380443,11-06-2024,Regular,10,1154.65,11546.5,Regular
1562083,Madhavi Mishra,inayabadal@example.net,9.1546E+11,"49/31
Chahal Road, Jalna-373980",Bhopal,405442,11-01-2024,Premium,13,695.02,9035.26,VIP
33671354,Veda Chhabra,sawhneyishanvi@example.net,9.124E+11,"45/125
Lala
Ratlam 745782",Bijapur,189078,26-09-2024,Inactive,12,1908.12,22897.44,VIP
46023497,Baljiwan Nagi,wjayaraman@example.com,9.1768E+11,"863
Sarkar Road, Bokaro-229992",Delhi,31910,15-05-2024,Premium,12,1856.92,22283.04,VIP
83597876,Tanmayi Oak,msaha@example.org,9.1904E+11,"43/897
Thakkar Circle, Karimnagar-794484",Katni,357046,21-12-2023,Premium,10,1646.68,16466.8,Regular
52913011,Chaitaly Parekh,chanakyakashyap@example.com,9.14849E+11,"H.No. 84, Verma, Tirupati-193891",Dhule,505219,01-11-2023,Inactive,7,1952.94,13670.58,Regular
81373608,Priya Rai,charannarain@example.net,9.13156E+11,"H.No. 36, Ravel Ganj
North Dumdum 835823",Durg,701263,14-06-2023,Inactive,4,605.47,2421.88,Regular
46885873,Wahab Luthra,labanpadmanabhan@example.net,9.11463E+11,"98/05
Master Road
Karawal Nagar-963507",Aizawl,253575,19-09-2023,Premium,4,946.64,3786.56,Regular
31831843,Aarini Bir,htailor@example.com,9.19195E+11,"H.No. 39, Sura Street
Shahjahanpur-125310",Machilipatnam,762247,28-03-2023,Inactive,10,1284.27,12842.7,Regular
85088479,Tanvi Magar,sanayanagar@example.org,9.15188E+11,"H.No. 998
Halder Marg, Sultan Pur Majra-008125",Rajkot,779561,04-11-2024,Inactive,17,1636.63,27822.71,VIP
97770901,Dhruv Krishna,lajitasekhon@example.com,9.12994E+11,"H.No. 805, Bhatia Zila
Rajpur Sonarpur 721299",Bidhannagar,571261,05-04-2023,Inactive,11,1896.36,20859.96,VIP
4055790,Noah Malhotra,dkannan@example.net,9.15394E+11,"H.No. 71
Bhatia Ganj
Kavali 971275",Jamnagar,170135,14-11-2023,Regular,13,1178.81,15324.53,VIP
84986716,Eta Hegde,aishanisachar@example.org,9.13327E+11,"H.No. 47, Bhavsar Path, Baranagar-818711",Begusarai,408698,21-04-2024,Regular,8,420.78,3366.24,Regular
77085443,Prisha Nadkarni,yagneshdhar@example.net,9.17683E+11,"H.No. 753
Bala Chowk, Bhalswa Jahangir Pur 704393",Naihati,455466,15-03-2024,Regular,9,1742.63,15683.67,Regular
10642655,Omaja Warrior,ujaggi@example.net,9.1337E+11,"55/090, Deshmukh Path
Siliguri 815361",Gorakhpur,115141,26-11-2023,Premium,1,726.89,726.89,Regular
35826539,Widisha Kapur,dharmohammed@example.org,9.11772E+11,"97/832
Bhagat
Silchar-117534",Deoghar,81838,28-08-2024,New,6,1155.12,6930.72,Regular
376144,Ira Chhabra,caleb02@example.com,9.14255E+11,"H.No. 39
Sarkar Path
Karawal Nagar-657936",Anantapuram,627253,19-12-2023,Regular,13,1784.32,23196.16,VIP
22054087,Peter Buch,agour@example.org,9.17058E+11,"45/632, Ram, Mango 377332",Miryalaguda,536699,05-01-2024,Inactive,18,1197.98,21563.64,VIP
21481338,Rajata Upadhyay,agatemaanav@example.org,9.14331E+11,"H.No. 357
Subramanian Road, Mirzapur-401810",Tirunelveli,90749,17-11-2023,New,17,480.61,8170.37,VIP
22851478,Vamakshi Bhardwaj,parthbarman@example.com,9.15321E+11,"H.No. 24, Nayar Ganj, Gulbarga-261578",Varanasi,799601,13-11-2023,Regular,14,1722.19,24110.66,VIP
3002538,Sanya Sule,watikasachar@example.net,9.11024E+11,"H.No. 335
Pathak Ganj, Ramagundam-658342",Sonipat,755769,10-07-2024,Inactive,14,489.91,6858.74,VIP
69339331,Zehaan Kapur,mitesh70@example.net,9.11036E+11,"65/63
Bhasin Circle, Bally-812118",Raurkela Industrial Township,343490,02-03-2024,Regular,5,1567.18,7835.9,Regular
14991661,Logan Nigam,ygole@example.org,9.19135E+11,"55/903, Ben Zila, Erode 211292",Chandrapur,865476,18-10-2023,New,18,1719.35,30948.3,VIP
38613295,Sai Panchal,falan03@example.com,9.15744E+11,"32, Ramaswamy Zila, Hapur-147704",Vadodara,254021,20-08-2023,New,17,544.45,9255.65,VIP
51872499,Nakul Banerjee,sanghayashoda@example.org,9.10474E+11,"H.No. 60, Narain Chowk
Sirsa 944864",Bareilly,264965,11-04-2024,Premium,1,1234,1234,Regular
8241122,Tristan Zachariah,jmane@example.org,9.19062E+11,"68/77
Bajaj Zila, Alappuzha-525010",Ambarnath,314766,30-09-2024,Inactive,12,833.32,9999.84,VIP
97033691,Aarini Muni,golazaitra@example.com,9.13045E+11,"66, Garde Road, Cuttack 933700",Mysore,394940,14-08-2024,Premium,2,1268.05,2536.1,Regular
69242672,Ranveer Sheth,sidhuparth@example.com,9.1491E+11,"38/907, Maharaj Ganj
Panihati 378139",Gandhidham,791492,19-04-2023,Regular,3,1490.73,4472.19,Regular
41512861,Veer Kant,qarinsundaram@example.org,9.10706E+11,"37/812, Pal Zila
Bidar-969809",Purnia,831675,24-04-2024,Regular,11,696.12,7657.32,VIP
3408982,Tripti Chakraborty,abhiramkunda@example.org,9.10687E+11,"19, Dara Zila
Aligarh 920735",Bhatpara,119108,01-07-2023,Premium,5,656.97,3284.85,Regular
42589311,Yadavi Uppal,sureshwahab@example.org,9.18757E+11,"167, Oommen Marg, Katihar-142018",Dehradun,176202,29-11-2023,Regular,11,452.1,4973.1,VIP
75732571,Garima Behl,alata@example.com,9.14822E+11,"H.No. 218, Lad Path
Kumbakonam 190927",Muzaffarnagar,882501,20-04-2024,New,20,1981.72,39634.4,VIP
39681023,Pranit Randhawa,jhabachittar@example.net,9.19561E+11,"90, Keer Chowk, Vijayanagaram 711008",Pimpri-Chinchwad,730587,04-09-2023,Premium,16,1084.73,17355.68,VIP
94404245,Quincy Chauhan,kadetamanna@example.com,9.11392E+11,"01
Hayer Chowk
Gopalpur 936167",Rampur,630779,14-05-2024,Inactive,5,564.03,2820.15,Regular
97484394,Ayush Choudhry,deoikshita@example.org,9.19444E+11,"57/065, Gala Path
Hindupur 640702",Jaipur,577563,05-04-2024,Inactive,4,669.01,2676.04,Regular
66827191,Om Bhatia,manineelima@example.com,9.12415E+11,"H.No. 33
Devi Ganj
Arrah 827426",Alwar,409528,19-11-2023,New,11,1808.42,19892.62,VIP
50554007,Ekaja Pillai,abhakaul@example.com,9.14597E+11,"H.No. 214, Divan Road
Hindupur 028048",Baranagar,534970,04-04-2023,Premium,5,1597.14,7985.7,Regular
65895091,Chaitaly Shere,vedhikakeer@example.com,9.19296E+11,"H.No. 021
Balan Road, Kadapa-276118",Orai,59036,11-11-2023,Inactive,8,1634.33,13074.64,Regular
48002829,Daksh Mandal,varkeymohammed@example.com,9.19588E+11,"28/42, Venkataraman Ganj, Kishanganj-360157",Mumbai,45238,25-01-2024,Inactive,17,754.33,12823.61,VIP
57392064,Lavanya Jain,deshpandeom@example.com,9.16137E+11,"391, Edwin Path, Korba 202726",Udupi,688100,23-06-2024,Regular,4,1540.81,6163.24,Regular
71688530,Umang Dash,gokhalenicholas@example.org,9.17595E+11,"151, Parmer Ganj
Loni 906431",Kavali,528749,18-03-2024,Regular,1,1541.22,1541.22,Regular
89051578,Zinal Natarajan,vyasfrado@example.com,9.11994E+11,"H.No. 172, Khanna Street, Pudukkottai 610564",Alwar,586734,06-09-2024,Premium,12,1185.5,14226,VIP
78738569,Eiravati Sundaram,onkar24@example.com,9.1432E+11,"H.No. 791, Sur Path
Bally 982559",Dewas,342448,10-05-2023,Inactive,4,376.5,1506,Regular
