"campaign_id,campaign_name,date,target_audience,channel,impressions,clicks,conversions,spend,revenue_generated,roas,CTR,Conversion_rate,ROAS,Cost_per_Conversion,Campaign_Profit"
"548299,New User Discount,2024-11-05,Premium,App,3130,163,78,1431.85,4777.75,3.6,5.207667731629393,47.85276073619632,3.3367671194608377,18.35705128205128,3345.9"
"390914,Weekend Special,2024-11-05,Inactive,App,3925,494,45,4506.34,6238.11,2.98,12.585987261146498,9.109311740890687,1.384296346924555,100.1408888888889,1731.7699999999995"
"834385,Festival Offer,2024-11-05,Inactive,Email,7012,370,78,4524.23,2621.0,2.95,5.276668568168853,21.08108108108108,0.5793251006248578,58.00294871794871,-1903.2299999999996"
"241523,Flash Sale,2024-11-05,Inactive,Sms,1115,579,86,3622.79,2955.0,2.84,51.92825112107623,14.853195164075995,0.8156696910392267,42.12546511627907,-667.79"
"595111,Membership Drive,2024-11-05,New Users,Email,7172,795,54,2888.99,8951.81,2.22,11.084774121583937,6.7924528301886795,3.098595010713087,53.49981481481481,6062.82"
"176344,Category Promotion,2024-11-05,Inactive,App,4333,421,40,2714.78,6697.88,3.89,9.716132010154627,9.501187648456057,2.467190711586206,67.8695,3983.1"
"875646,App Push Notification,2024-11-05,Premium,Email,4752,937,21,3584.76,9152.99,2.14,19.718013468013467,2.2411953041622197,2.553306218547406,170.70285714285714,5568.23"
"5516,Email Campaign,2024-11-05,Premium,Social Media,1559,418,68,1457.88,2156.09,3.92,26.8120590121873,16.267942583732058,1.4789214475814196,21.439411764705884,698.21"
"989534,Referral Program,2024-11-05,New Users,Sms,3838,911,45,4808.64,8074.17,1.7,23.736321000521105,4.939626783754116,1.6790963765222597,106.85866666666668,3265.5299999999997"
"243346,New User Discount,2024-11-04,Inactive,Sms,6289,834,14,3746.35,4474.02,2.56,13.261249801240261,1.6786570743405276,1.1942343881377875,267.5964285714286,727.6700000000005"
"775791,Weekend Special,2024-11-04,Inactive,App,1068,496,87,1043.7,9535.85,3.15,46.441947565543074,17.540322580645164,9.136581393120629,11.996551724137932,8492.15"
"178345,Festival Offer,2024-11-04,Inactive,Social Media,4229,914,84,1370.63,3521.16,1.65,21.61267439110901,9.190371991247265,2.5690084121900143,16.31702380952381,2150.5299999999997"
"60966,Flash Sale,2024-11-04,Inactive,App,2712,161,89,4870.23,2626.78,2.03,5.936578171091445,55.27950310559007,0.5393544042067829,54.72168539325842,-2243.4499999999994"
"209071,Membership Drive,2024-11-04,New Users,Social Media,9365,753,53,3817.01,7072.56,1.55,8.04057661505606,7.03851261620186,1.8529058084731242,72.01905660377359,3255.55"
"712164,Category Promotion,2024-11-04,All,App,4813,321,88,2512.51,6494.09,2.55,6.669436941616455,27.41433021806853,2.584702150439202,28.551250000000003,3981.58"
"301304,App Push Notification,2024-11-04,Inactive,Social Media,8840,466,24,1776.92,5356.59,3.17,5.271493212669683,5.150214592274678,3.0145363888075996,74.03833333333334,3579.67"
"755362,Email Campaign,2024-11-04,Inactive,App,7409,949,99,1599.21,7907.75,1.93,12.808746119584288,10.432033719704952,4.94478523771112,16.153636363636362,6308.54"
"362255,Referral Program,2024-11-04,Premium,Sms,1997,599,92,3328.47,2278.39,3.09,29.994992488733104,15.358931552587645,0.6845157084185827,36.179021739130434,-1050.08"
"538453,New User Discount,2024-11-03,New Users,Social Media,9594,692,58,3712.46,2591.79,3.01,7.212841359182823,8.38150289017341,0.69813277449454,64.00793103448277,-1120.67"
"146888,Weekend Special,2024-11-03,New Users,Email,8974,799,64,4907.38,9623.97,2.36,8.90349899710274,8.010012515644556,1.9611218206048846,76.6778125,4716.589999999999"
"36202,Festival Offer,2024-11-03,New Users,Email,7102,858,53,1454.23,8523.27,2.87,12.081103914390312,6.177156177156177,5.861019233546275,27.438301886792452,7069.040000000001"
"232494,Flash Sale,2024-11-03,All,Social Media,9487,109,54,1364.19,5855.87,1.61,1.1489406556340256,49.54128440366973,4.292561886540731,25.262777777777778,4491.68"
"757108,Membership Drive,2024-11-03,Inactive,Email,5922,258,41,1815.23,9798.33,2.73,4.356636271529888,15.891472868217054,5.397844901197093,44.27390243902439,7983.1"
"294530,Category Promotion,2024-11-03,All,App,4630,860,76,4337.91,3326.76,1.86,18.57451403887689,8.837209302325581,0.7669038776738107,57.077763157894736,-1011.1499999999996"
"627085,App Push Notification,2024-11-03,All,Email,6291,130,66,4644.01,2649.48,3.23,2.0664441265299636,50.76923076923077,0.5705155673652726,70.36378787878789,-1994.5300000000002"
"954798,Email Campaign,2024-11-03,All,Email,6347,737,100,2352.91,5816.29,3.0,11.611785095320624,13.568521031207597,2.4719560034170454,23.5291,3463.38"
"675313,Referral Program,2024-11-03,New Users,Email,2465,560,60,4857.36,2528.08,1.62,22.718052738336713,10.714285714285714,0.5204637910305187,80.95599999999999,-2329.2799999999997"
"588949,New User Discount,2024-11-02,Premium,App,7171,211,22,3120.88,8989.36,3.51,2.9424069167480127,10.42654028436019,2.8803927097485325,141.85818181818183,5868.4800000000005"
"137874,Weekend Special,2024-11-02,All,App,6082,497,59,1897.04,3654.1,1.95,8.17165406116409,11.87122736418511,1.926211360856914,32.15322033898305,1757.06"
"674904,Festival Offer,2024-11-02,New Users,Social Media,3297,613,19,3819.45,2007.51,3.75,18.59265999393388,3.0995106035889073,0.5256018536700311,201.0236842105263,-1811.9399999999998"
"783220,Flash Sale,2024-11-02,Inactive,App,5550,633,12,1947.14,3460.9,2.75,11.405405405405405,1.8957345971563981,1.7774274063498259,162.26166666666668,1513.76"
"877083,Membership Drive,2024-11-02,Premium,Sms,3446,155,51,3415.84,8018.45,3.18,4.4979686593151476,32.903225806451616,2.3474313785189,66.97725490196079,4602.61"
"228966,Category Promotion,2024-11-02,Premium,Sms,8998,632,55,4905.7,8801.61,3.79,7.023783062902868,8.702531645569621,1.794159854862711,89.19454545454545,3895.9100000000008"
"531307,App Push Notification,2024-11-02,All,App,7562,975,73,2298.76,7097.94,1.8,12.893414440624174,7.487179487179488,3.0877255563869213,31.489863013698635,4799.179999999999"
"51098,Email Campaign,2024-11-02,New Users,Sms,1423,802,40,1818.73,4672.26,3.83,56.35980323260716,4.987531172069826,2.568968456010513,45.46825,2853.53"
"501568,Referral Program,2024-11-02,Premium,Email,7215,508,25,2202.62,3845.1,1.84,7.040887040887041,4.921259842519685,1.7456937646984048,88.1048,1642.48"
"703072,New User Discount,2024-11-01,All,App,4360,724,38,1905.02,4231.84,3.01,16.605504587155963,5.248618784530387,2.221414998267735,50.1321052631579,2326.82"
"978279,Weekend Special,2024-11-01,All,Email,9713,686,94,2062.29,9160.3,3.06,7.062699474930506,13.702623906705538,4.441809832758729,21.939255319148934,7098.009999999999"
"350042,Festival Offer,2024-11-01,All,Email,5538,362,51,2486.88,9687.96,2.2,6.53665583243048,14.088397790055248,3.895628257093225,48.762352941176474,7201.079999999999"
"675128,Flash Sale,2024-11-01,New Users,App,8141,828,37,4123.86,3539.73,2.47,10.170740695246284,4.4685990338164245,0.8583535813533922,111.45567567567566,-584.1299999999997"
"439725,Membership Drive,2024-11-01,Inactive,Sms,4249,945,87,1330.62,3115.55,3.59,22.240527182866558,9.206349206349207,2.3414273045647898,15.294482758620688,1784.9300000000003"
"39545,Category Promotion,2024-11-01,All,Sms,1489,317,95,2527.82,9966.89,3.03,21.289456010745468,29.96845425867508,3.942879635417078,26.60863157894737,7439.07"
"473315,App Push Notification,2024-11-01,New Users,Email,5817,987,53,4371.4,5119.87,2.07,16.967509025270758,5.369807497467072,1.171219746534291,82.47924528301886,748.4700000000003"
"789925,Email Campaign,2024-11-01,Inactive,Email,9893,751,88,3569.0,6649.77,2.23,7.59122611947842,11.717709720372836,1.863202577752872,40.55681818181818,3080.7700000000004"
"249657,Referral Program,2024-11-01,All,Email,6898,977,15,4874.26,3343.94,2.82,14.163525659611482,1.5353121801432956,0.6860405476933934,324.9506666666667,-1530.3200000000002"
"795261,New User Discount,2024-10-31,New Users,Email,7876,977,73,1813.53,6438.12,3.73,12.404773996952768,7.471852610030706,3.5500487998544275,24.842876712328767,4624.59"
"601445,Weekend Special,2024-10-31,Inactive,Sms,5624,386,70,3572.92,5202.67,1.96,6.863442389758179,18.134715025906736,1.4561395161380608,51.041714285714285,1629.75"
"830587,Festival Offer,2024-10-31,Inactive,App,1081,662,47,2001.9,3301.92,3.52,61.23959296947271,7.099697885196375,1.6493930765772515,42.5936170212766,1300.02"
"706750,Flash Sale,2024-10-31,Premium,App,4511,338,27,1645.66,2073.23,2.57,7.492795389048991,7.988165680473373,1.2598167300657486,60.95037037037037,427.56999999999994"
"584256,Membership Drive,2024-10-31,Inactive,Sms,1810,750,44,1279.23,5722.42,2.73,41.43646408839779,5.866666666666666,4.473331613548775,29.07340909090909,4443.1900000000005"
"886076,Category Promotion,2024-10-31,Premium,Sms,3930,591,25,4678.74,5102.75,1.78,15.038167938931299,4.230118443316413,1.090624826342135,187.1496,424.0100000000002"
"855895,App Push Notification,2024-10-31,Premium,Email,8796,873,86,2339.85,3999.7,2.98,9.924965893587995,9.851088201603666,1.709383080111973,27.207558139534882,1659.85"
"514715,Email Campaign,2024-10-31,New Users,App,2341,369,38,2721.86,2480.73,3.48,15.762494660401538,10.29810298102981,0.9114098447385244,71.62789473684211,-241.1300000000001"
"741376,Referral Program,2024-10-31,Premium,Email,9694,799,32,3162.72,8424.83,2.48,8.24221167732618,4.005006257822278,2.6637925583042446,98.835,5262.110000000001"
"347837,New User Discount,2024-10-30,All,Email,8433,551,97,2510.51,7701.36,3.8,6.533855093086684,17.604355716878402,3.0676476094498724,25.88154639175258,5190.849999999999"
"358482,Weekend Special,2024-10-30,New Users,App,4788,628,76,2603.2,2979.58,3.95,13.116123642439431,12.101910828025478,1.1445835894283958,34.252631578947366,376.3800000000001"
"510301,Festival Offer,2024-10-30,All,App,5744,207,47,1966.98,3566.39,2.67,3.603760445682451,22.705314009661837,1.813129772544713,41.850638297872344,1599.4099999999999"
"258760,Flash Sale,2024-10-30,New Users,App,4130,779,89,1741.85,5487.39,1.56,18.861985472154963,11.424903722721439,3.150322932514281,19.57134831460674,3745.5400000000004"
"678723,Membership Drive,2024-10-30,Inactive,Sms,7316,950,54,1650.8,5407.95,2.13,12.985237834882449,5.684210526315789,3.2759571117034163,30.57037037037037,3757.1499999999996"
"490727,Category Promotion,2024-10-30,Premium,Sms,7583,501,30,4937.7,8031.55,1.93,6.606883819068971,5.9880239520958085,1.6265771513052636,164.59,3093.8500000000004"
"378426,App Push Notification,2024-10-30,Premium,App,2155,719,70,2233.21,6322.5,3.82,33.364269141531324,9.735744089012517,2.8311264950452486,31.903000000000002,4089.29"
"158279,Email Campaign,2024-10-30,New Users,Email,3245,443,30,1970.09,8773.38,3.74,13.651771956856704,6.772009029345373,4.453288936038454,65.66966666666666,6803.289999999999"
"57394,Referral Program,2024-10-30,All,App,3328,377,75,3212.25,3778.57,1.74,11.328125,19.893899204244033,1.1763001011751888,42.83,566.3200000000002"
"633088,New User Discount,2024-10-29,Premium,Email,3832,930,26,2133.42,3655.75,2.51,24.269311064718163,2.795698924731183,1.7135631989950408,82.05461538461539,1522.33"
"827451,Weekend Special,2024-10-29,All,Sms,6494,422,30,2744.72,4665.13,3.49,6.498306128734216,7.109004739336493,1.6996742837156433,91.49066666666666,1920.4100000000003"
"221166,Festival Offer,2024-10-29,New Users,Email,2851,712,99,1415.72,7808.19,3.09,24.973693440897932,13.904494382022472,5.515349080326618,14.30020202020202,6392.469999999999"
"581436,Flash Sale,2024-10-29,Premium,App,2489,543,54,1101.24,8701.2,3.65,21.815990357573323,9.94475138121547,7.901274926446551,20.393333333333334,7599.960000000001"
"399972,Membership Drive,2024-10-29,All,Email,5187,741,58,1185.35,2169.17,3.73,14.285714285714285,7.827260458839406,1.8299827055300124,20.43706896551724,983.8200000000002"
"467912,Category Promotion,2024-10-29,All,Sms,3949,486,87,4568.63,9613.16,1.87,12.306913142567739,17.901234567901234,2.1041668946708314,52.512988505747124,5044.53"
"928724,App Push Notification,2024-10-29,New Users,Email,8668,660,36,3904.68,2757.27,3.05,7.614213197969544,5.454545454545454,0.7061449337717816,108.46333333333332,-1147.4099999999999"
"639165,Email Campaign,2024-10-29,Inactive,Sms,1771,226,98,2154.4,8055.52,1.74,12.761151891586675,43.36283185840708,3.7391013739324173,21.983673469387757,5901.120000000001"
"270413,Referral Program,2024-10-29,All,Email,1377,278,43,2165.16,4371.9,3.85,20.18881626724764,15.467625899280577,2.019204123482791,50.35255813953488,2206.74"
"652845,New User Discount,2024-10-28,All,Sms,4258,162,45,2098.74,8237.05,2.49,3.80460310004697,27.77777777777778,3.924759617675367,46.63866666666666,6138.3099999999995"
"159675,Weekend Special,2024-10-28,Inactive,Email,2239,183,85,1183.89,9661.81,3.17,8.173291648057168,46.44808743169399,8.16107070758263,13.928117647058825,8477.92"
"89176,Festival Offer,2024-10-28,All,Sms,1666,508,20,3586.46,3395.18,3.25,30.4921968787515,3.937007874015748,0.946666071836853,179.323,-191.2800000000002"
"294030,Flash Sale,2024-10-28,Inactive,App,1679,965,57,1452.05,6109.1,3.05,57.474687313877304,5.9067357512953365,4.207224269136738,25.474561403508773,4657.05"
"448860,Membership Drive,2024-10-28,New Users,Email,2775,396,33,4290.98,8723.84,2.1,14.270270270270272,8.333333333333332,2.033064707828981,130.02969696969694,4432.860000000001"
"618403,Category Promotion,2024-10-28,Inactive,App,1153,198,99,3455.94,4935.65,1.84,17.17259323503903,50.0,1.428164262111032,34.90848484848485,1479.7099999999996"
"795975,App Push Notification,2024-10-28,Inactive,Sms,6100,642,66,3409.53,9276.19,2.56,10.524590163934427,10.2803738317757,2.720665311641194,51.65954545454546,5866.66"
"453312,Email Campaign,2024-10-28,New Users,App,1618,301,32,3165.37,7731.79,2.61,18.603213844252164,10.631229235880399,2.442618082562228,98.9178125,4566.42"
"468423,Referral Program,2024-10-28,New Users,Email,1927,298,96,2617.58,9553.44,3.03,15.464452516865595,32.21476510067114,3.64972226254785,27.266458333333333,6935.860000000001"
"359366,New User Discount,2024-10-27,All,Email,1685,999,46,1055.61,4223.44,1.55,59.28783382789318,4.604604604604605,4.000947319559307,22.948043478260868,3167.83"
"69903,Weekend Special,2024-10-27,Inactive,App,1085,706,41,4118.41,3837.05,2.72,65.06912442396313,5.807365439093484,0.9316823725661117,100.44902439024389,-281.3599999999997"
"613932,Festival Offer,2024-10-27,Premium,App,4726,709,59,3577.71,3104.01,1.94,15.002115954295386,8.321579689703809,0.8675968706239466,60.639152542372884,-473.6999999999998"
"992886,Flash Sale,2024-10-27,Premium,Email,9194,537,42,2925.63,3760.51,1.66,5.8407657167718074,7.82122905027933,1.2853675960391437,69.65785714285714,834.8800000000001"
"380809,Membership Drive,2024-10-27,Inactive,Email,3122,496,84,2365.57,2572.69,3.47,15.887251761691223,16.93548387096774,1.0875560647116762,28.16154761904762,207.1199999999999"
"509178,Category Promotion,2024-10-27,Premium,Social Media,6487,644,48,3457.17,2472.34,1.62,9.927547402497302,7.453416149068323,0.7151340547326281,72.024375,-984.8299999999999"
"794495,App Push Notification,2024-10-27,New Users,App,3049,634,58,2093.96,7406.66,2.9,20.793702853394556,9.14826498422713,3.5371544824160916,36.102758620689656,5312.7"
"880379,Email Campaign,2024-10-27,All,App,2399,335,41,4785.81,9369.74,2.39,13.964151729887453,12.238805970149254,1.9578169630637237,116.72707317073171,4583.929999999999"
"561555,Referral Program,2024-10-27,All,Social Media,4881,102,89,4549.44,8205.53,1.93,2.089735709895513,87.25490196078431,1.803635172680594,51.117303370786516,3656.090000000001"
"530223,New User Discount,2024-10-26,Inactive,App,8865,176,27,1137.88,6799.15,2.54,1.985335589396503,15.340909090909092,5.975278588251836,42.14370370370371,5661.2699999999995"
"495008,Weekend Special,2024-10-26,Premium,Sms,7698,120,100,4992.5,3353.4,2.3,1.558846453624318,83.33333333333334,0.6716875312969455,49.925,-1639.1"
"565307,Festival Offer,2024-10-26,Premium,Sms,1600,241,72,4917.53,7945.34,1.82,15.0625,29.87551867219917,1.6157176468674315,68.29902777777778,3027.8100000000004"
"842270,Flash Sale,2024-10-26,Inactive,Sms,9800,758,53,3310.25,8683.82,2.47,7.73469387755102,6.992084432717678,2.6233124386375652,62.45754716981132,5373.57"
"737765,Membership Drive,2024-10-26,New Users,Sms,9214,909,48,3400.97,9608.9,3.65,9.865422183633601,5.2805280528052805,2.8253410056542694,70.85354166666666,6207.93"
"521471,Category Promotion,2024-10-26,All,Sms,2315,704,100,4403.4,9400.79,3.16,30.41036717062635,14.204545454545455,2.1348934913930147,44.034,4997.390000000001"
"42263,App Push Notification,2024-10-26,Inactive,Email,1723,258,81,1558.93,8570.27,2.02,14.973882762623331,31.3953488372093,5.4975335646886005,19.246049382716052,7011.34"
"664981,Email Campaign,2024-10-26,New Users,Social Media,1002,705,63,3599.79,4311.79,4.0,70.35928143712576,8.936170212765958,1.1977893154878478,57.13952380952381,712.0"
"887586,Referral Program,2024-10-26,Inactive,Social Media,3797,149,50,3393.94,6539.92,3.45,3.924150645246247,33.557046979865774,1.9269403701892196,67.8788,3145.98"
"408371,New User Discount,2024-10-25,New Users,App,7239,579,61,4575.26,6288.51,3.88,7.998342312474099,10.535405872193436,1.3744595935531532,75.00426229508197,1713.25"
"993186,Weekend Special,2024-10-25,Premium,Email,2258,513,75,2383.71,5454.96,2.39,22.719220549158546,14.619883040935672,2.2884327372037707,31.7828,3071.25"
"762331,Festival Offer,2024-10-25,Inactive,App,5882,577,19,4474.48,4596.52,2.79,9.80958857531452,3.2928942807625647,1.027274677727915,235.49894736842103,122.04000000000087"
"209173,Flash Sale,2024-10-25,Premium,Email,8130,137,18,1715.46,9959.51,2.33,1.6851168511685117,13.138686131386862,5.805737236659555,95.30333333333334,8244.05"
"903905,Membership Drive,2024-10-25,Inactive,App,6268,973,15,3117.62,8722.31,2.13,15.523292916400766,1.5416238437821173,2.797746357798577,207.84133333333332,5604.69"
"668975,Category Promotion,2024-10-25,New Users,App,5437,972,80,4583.85,7105.69,1.59,17.877505977561157,8.23045267489712,1.5501576185957218,57.298125000000006,2521.8399999999992"
"680570,App Push Notification,2024-10-25,Inactive,Email,7010,202,34,1599.34,7806.21,2.99,2.881597717546362,16.831683168316832,4.88089461903035,47.03941176470588,6206.87"
"192501,Email Campaign,2024-10-25,Inactive,Email,4970,343,53,1947.23,9461.87,3.41,6.901408450704226,15.451895043731778,4.859143501281308,36.740188679245286,7514.640000000001"
"982430,Referral Program,2024-10-25,Premium,Email,5429,795,82,2842.37,4914.0,2.81,14.643580769939216,10.314465408805033,1.7288389618522573,34.663048780487806,2071.63"
"698056,New User Discount,2024-10-24,All,App,3144,877,18,3704.05,3732.06,2.59,27.89440203562341,2.0524515393386547,1.0075619929536588,205.78055555555557,28.009999999999764"
"941069,Weekend Special,2024-10-24,New Users,Social Media,5133,389,70,2318.95,4311.21,2.18,7.578414182739139,17.994858611825194,1.8591215852001985,33.12785714285714,1992.2600000000002"
"602540,Festival Offer,2024-10-24,Inactive,App,6569,620,64,3218.48,2901.45,2.69,9.438270665245852,10.32258064516129,0.9014969799408415,50.28875,-317.0300000000002"
"575585,Flash Sale,2024-10-24,Inactive,App,8501,258,57,2437.64,8650.4,2.45,3.034937066227503,22.093023255813954,3.5486782297632136,42.765614035087715,6212.76"
"552893,Membership Drive,2024-10-24,Inactive,Social Media,9012,259,38,1598.76,2093.56,2.33,2.873945849977807,14.671814671814673,1.309489854637344,42.072631578947366,494.79999999999995"
"882671,Category Promotion,2024-10-24,Inactive,Email,7685,540,47,2199.05,4937.69,1.83,7.026675341574496,8.703703703703704,2.2453741388326773,46.78829787234043,2738.6399999999994"
"729422,App Push Notification,2024-10-24,Inactive,Social Media,1753,984,16,4052.53,6151.03,1.59,56.13234455219624,1.6260162601626018,1.5178246675533553,253.283125,2098.4999999999995"
"315890,Email Campaign,2024-10-24,New Users,Sms,7736,953,70,2749.84,5113.71,3.28,12.319027921406411,7.345225603357817,1.8596391062752742,39.28342857142857,2363.87"
"242619,Referral Program,2024-10-24,Inactive,Social Media,3112,391,48,4882.83,3755.92,3.74,12.564267352185091,12.27621483375959,0.7692096591525817,101.725625,-1126.9099999999999"
"457841,New User Discount,2024-10-23,New Users,Sms,8261,557,54,2599.3,3748.91,1.63,6.742525118024452,9.694793536804308,1.4422767668218366,48.135185185185186,1149.6099999999997"
"334424,Weekend Special,2024-10-23,Inactive,Sms,6370,604,70,3516.78,2866.2,3.1,9.481946624803768,11.589403973509933,0.8150069097299233,50.239714285714285,-650.5800000000004"
"489132,Festival Offer,2024-10-23,New Users,Social Media,4553,469,12,2363.94,6845.16,2.18,10.300900505161433,2.55863539445629,2.8956572501840148,196.995,4481.219999999999"
"554438,Flash Sale,2024-10-23,All,Social Media,7358,367,41,2165.36,2312.68,3.34,4.987768415330253,11.1716621253406,1.068034876417778,52.81365853658537,147.3199999999997"
"204191,Membership Drive,2024-10-23,All,Social Media,9385,492,43,1921.19,9824.3,3.58,5.242408098028769,8.739837398373984,5.113653516830714,44.67883720930233,7903.109999999999"
"586930,Category Promotion,2024-10-23,Inactive,Social Media,7577,598,15,2804.3,9402.79,3.65,7.892305661871453,2.508361204013378,3.352990050993118,186.95333333333335,6598.490000000001"
"814199,App Push Notification,2024-10-23,New Users,Sms,8240,341,50,4191.03,6688.85,2.37,4.138349514563107,14.66275659824047,1.5959919160683653,83.8206,2497.8200000000006"
"871629,Email Campaign,2024-10-23,All,App,2233,547,27,4199.36,5655.15,3.56,24.496193461710703,4.93601462522852,1.3466694924940943,155.53185185185183,1455.79"
"697944,Referral Program,2024-10-23,Inactive,App,4653,188,51,2303.42,4678.46,3.09,4.040404040404041,27.127659574468083,2.03109289664933,45.165098039215685,2375.04"
"776669,New User Discount,2024-10-22,Inactive,App,6516,252,34,4332.69,7080.93,3.26,3.867403314917127,13.492063492063492,1.63430340042791,127.4320588235294,2748.2400000000007"
"845527,Weekend Special,2024-10-22,Inactive,Social Media,9587,810,77,1323.74,3364.59,1.71,8.448941274642745,9.506172839506172,2.541730249142581,17.19142857142857,2040.8500000000001"
"932133,Festival Offer,2024-10-22,All,Email,6955,317,78,3341.07,5741.39,3.73,4.5578720345075485,24.605678233438486,1.7184285273879327,42.83423076923077,2400.32"
"130164,Flash Sale,2024-10-22,Premium,Social Media,6347,665,75,3934.71,4725.54,1.63,10.477390893335434,11.278195488721805,1.2009881287312152,52.4628,790.8299999999999"
"547470,Membership Drive,2024-10-22,Premium,Sms,9964,465,33,2695.95,3392.76,3.53,4.666800481734244,7.096774193548387,1.2584654759917655,81.69545454545454,696.8100000000004"
"530361,Category Promotion,2024-10-22,Inactive,Email,8285,530,29,3909.95,5650.29,2.03,6.397103198551599,5.471698113207547,1.4451054361308968,134.8258620689655,1740.3400000000001"
"181070,App Push Notification,2024-10-22,Inactive,Sms,7265,110,22,2495.46,8618.53,1.94,1.5141087405368203,20.0,3.4536838899441387,113.43,6123.070000000001"
"27596,Email Campaign,2024-10-22,Premium,Social Media,2648,898,24,3747.0,7410.91,2.99,33.91238670694864,2.6726057906458798,1.977824926607953,156.125,3663.91"
"518109,Referral Program,2024-10-22,Premium,Sms,3803,207,42,1671.16,5232.93,3.47,5.443071259531949,20.28985507246377,3.131315972139113,39.789523809523814,3561.7700000000004"
"980545,New User Discount,2024-10-21,Premium,Sms,6378,149,31,4974.32,9771.12,1.73,2.3361555346503606,20.80536912751678,1.964312710078966,160.46193548387095,4796.800000000001"
"963463,Weekend Special,2024-10-21,New Users,Email,8974,479,39,1741.34,7019.71,2.03,5.337642077111656,8.1419624217119,4.031211595667704,44.649743589743586,5278.37"
"362162,Festival Offer,2024-10-21,Premium,Sms,4976,562,79,1855.65,2736.38,3.13,11.294212218649518,14.05693950177936,1.4746207528359334,23.489240506329114,880.73"
"837030,Flash Sale,2024-10-21,All,Sms,9348,397,30,4546.79,8518.37,3.77,4.246897732135216,7.5566750629722925,1.873490968353498,151.55966666666666,3971.580000000001"
"533144,Membership Drive,2024-10-21,Inactive,App,7432,627,23,1618.63,8290.49,3.9,8.43649085037675,3.6682615629984054,5.1219179182394985,70.37521739130435,6671.86"
"942737,Category Promotion,2024-10-21,Premium,Sms,9433,593,61,1670.95,5415.89,1.99,6.2864412170041355,10.286677908937605,3.2412041054489964,27.39262295081967,3744.9400000000005"
"8328,App Push Notification,2024-10-21,All,Email,3212,747,63,3964.61,7024.84,2.44,23.25653798256538,8.433734939759036,1.7718867681814856,62.93031746031746,3060.23"
"446559,Email Campaign,2024-10-21,All,Email,4395,786,53,1766.03,4554.83,1.68,17.8839590443686,6.743002544529262,2.579135122279916,33.32132075471698,2788.8"
"929421,Referral Program,2024-10-21,All,Social Media,7680,829,81,1652.23,2181.47,3.94,10.794270833333334,9.7708082026538,1.3203185997106939,20.3979012345679,529.2399999999998"
"415106,New User Discount,2024-10-20,All,Sms,5143,930,88,4882.61,2535.36,1.71,18.08283103247132,9.46236559139785,0.5192632628860385,55.48420454545454,-2347.2499999999995"
"38153,Weekend Special,2024-10-20,All,App,7842,559,20,1927.22,8434.35,2.15,7.128283601122162,3.5778175313059033,4.376433411857494,96.361,6507.13"
"523833,Festival Offer,2024-10-20,All,Sms,9486,347,43,1686.15,5813.55,3.61,3.658022348724436,12.39193083573487,3.447824926607953,39.21279069767442,4127.4"
"170461,Flash Sale,2024-10-20,New Users,Sms,2952,393,38,4037.84,4531.27,3.74,13.3130081300813,9.669211195928753,1.1222014740554356,106.25894736842106,493.4300000000003"
"109449,Membership Drive,2024-10-20,Premium,App,8414,748,63,2195.8,3019.02,2.4,8.889945329213216,8.422459893048128,1.3749066399489933,34.853968253968254,823.2199999999998"
"687130,Category Promotion,2024-10-20,All,Email,4330,822,31,1104.8,6592.8,2.55,18.983833718244803,3.7712895377128954,5.96741491672701,35.63870967741936,5488.0"
"479853,App Push Notification,2024-10-20,Premium,Sms,6870,227,92,4219.18,4713.09,2.5,3.304221251819505,40.52863436123348,1.1170630312051157,45.860652173913046,493.90999999999985"
"683250,Email Campaign,2024-10-20,Inactive,Email,8382,926,37,1921.49,6651.93,2.88,11.047482701026007,3.995680345572354,3.4618603271419577,51.932162162162165,4730.4400000000005"
"794159,Referral Program,2024-10-20,Inactive,Social Media,3200,998,79,1614.98,4026.68,2.57,31.1875,7.915831663326653,2.4933311867639225,20.442784810126582,2411.7"
"593428,New User Discount,2024-10-19,New Users,Sms,1554,121,97,2667.73,6000.11,3.88,7.786357786357787,80.16528925619835,2.2491444036690367,27.50237113402062,3332.3799999999997"
"579105,Weekend Special,2024-10-19,New Users,Social Media,7754,920,41,2335.89,4374.42,3.55,11.864843951508899,4.456521739130435,1.8726994849928722,56.97292682926829,2038.5300000000002"
"494867,Festival Offer,2024-10-19,New Users,Social Media,4586,977,87,2372.56,3816.48,3.11,21.303968600087224,8.904810644831116,1.6085915635431771,27.270804597701147,1443.92"
"972242,Flash Sale,2024-10-19,New Users,App,2553,551,51,4591.88,6236.89,2.52,21.582452017234626,9.25589836660617,1.3582432467747416,90.03686274509805,1645.0100000000002"
"762572,Membership Drive,2024-10-19,All,Social Media,6285,971,52,3257.45,2757.61,1.98,15.449482895783612,5.355303810504634,0.8465548204884189,62.64326923076923,-499.8399999999997"
"736483,Category Promotion,2024-10-19,Premium,Email,8086,938,23,4006.13,8109.27,3.31,11.600296809300024,2.4520255863539444,2.0242153899149553,174.1795652173913,4103.14"
"822872,App Push Notification,2024-10-19,Inactive,Sms,3595,244,72,3807.41,4183.31,2.13,6.787204450625869,29.508196721311474,1.0987285319941904,52.880694444444444,375.90000000000055"
"444700,Email Campaign,2024-10-19,New Users,App,3648,917,65,1167.11,9601.21,3.35,25.13706140350877,7.088331515812432,8.226482508075502,17.95553846153846,8434.099999999999"
"382659,Referral Program,2024-10-19,Premium,App,6139,355,77,4850.15,5703.32,3.53,5.782700765597003,21.69014084507042,1.1759058998175314,62.98896103896104,853.1700000000001"
"911817,New User Discount,2024-10-18,New Users,App,2358,459,76,3039.4,3814.89,1.78,19.46564885496183,16.55773420479303,1.2551457524511416,39.992105263157896,775.4899999999998"
"977198,Weekend Special,2024-10-18,Premium,Social Media,1311,828,21,3593.2,8054.46,1.84,63.1578947368421,2.536231884057971,2.2415841033062454,171.1047619047619,4461.26"
"338461,Festival Offer,2024-10-18,Inactive,App,8837,717,85,2017.25,6910.97,3.49,8.113613217155143,11.85495118549512,3.425936299417524,23.73235294117647,4893.72"
"490083,Flash Sale,2024-10-18,New Users,App,8394,490,95,1419.59,2756.89,3.38,5.837502978317846,19.387755102040817,1.942032558696525,14.943052631578947,1337.3"
"538898,Membership Drive,2024-10-18,New Users,App,1025,971,57,1872.13,3381.51,3.61,94.73170731707316,5.8702368692070035,1.806236746379792,32.844385964912284,1509.38"
"570365,Category Promotion,2024-10-18,Inactive,Social Media,5313,591,76,1187.93,7750.31,2.17,11.123658949745906,12.859560067681894,6.524214389736769,15.630657894736842,6562.38"
"71028,App Push Notification,2024-10-18,Inactive,App,9195,547,39,3435.03,9024.93,3.14,5.948885263730288,7.129798903107861,2.6273220321219903,88.07769230769232,5589.9"
"914119,Email Campaign,2024-10-18,New Users,Email,7683,319,37,4746.76,5034.95,3.8,4.152023948978264,11.598746081504702,1.0607129915984796,128.29081081081083,288.1899999999996"
"277306,Referral Program,2024-10-18,Premium,Social Media,2064,390,12,1312.97,4952.09,1.65,18.8953488372093,3.076923076923077,3.7716703351942544,109.41416666666667,3639.12"
"992859,New User Discount,2024-10-17,Inactive,Sms,6077,157,29,4324.59,3798.75,3.78,2.583511601118973,18.471337579617835,0.8784069703717577,149.1237931034483,-525.8400000000001"
"38680,Weekend Special,2024-10-17,Premium,App,6986,769,13,2756.39,3006.93,2.15,11.007729745204694,1.6905071521456438,1.0908942493623905,212.03,250.53999999999996"
"627466,Festival Offer,2024-10-17,Inactive,Sms,6475,330,17,3389.57,6934.82,1.94,5.096525096525097,5.151515151515151,2.0459291296536137,199.3864705882353,3545.2499999999995"
"721480,Flash Sale,2024-10-17,Premium,App,4621,846,89,2010.23,4857.76,2.62,18.30772560051937,10.520094562647754,2.4165195027434674,22.58685393258427,2847.53"
"463470,Membership Drive,2024-10-17,Premium,Email,4866,843,10,2036.43,9742.66,1.54,17.32429099876695,1.1862396204033214,4.784186051079585,203.643,7706.23"
"611505,Category Promotion,2024-10-17,Inactive,Social Media,7936,927,82,4318.97,7069.93,3.56,11.68094758064516,8.845738942826321,1.6369481612514094,52.67036585365854,2750.96"
"978930,App Push Notification,2024-10-17,New Users,Sms,1465,194,75,1536.67,6191.95,3.76,13.242320819112626,38.659793814432994,4.029459805944022,20.488933333333335,4655.28"
"408445,Email Campaign,2024-10-17,New Users,App,2312,487,68,2525.56,9208.83,2.82,21.06401384083045,13.963039014373715,3.646252712269754,37.14058823529412,6683.27"
"848590,Referral Program,2024-10-17,Inactive,Email,9067,787,93,1057.25,9577.92,3.12,8.67982794750193,11.81702668360864,9.059276424686686,11.368279569892474,8520.67"
"942963,New User Discount,2024-10-16,Inactive,Email,3217,359,12,1361.43,8734.81,1.51,11.159465340379235,3.3426183844011144,6.415908272918916,113.4525,7373.379999999999"
"94992,Weekend Special,2024-10-16,All,App,7529,547,79,4082.14,2765.4,3.46,7.2652410678709,14.442413162705666,0.6774387943578614,51.672658227848096,-1316.7399999999998"
"34191,Festival Offer,2024-10-16,Inactive,Social Media,3138,724,13,1622.33,7683.62,3.58,23.07202039515615,1.7955801104972375,4.736163419279678,124.79461538461538,6061.29"
"358462,Flash Sale,2024-10-16,Inactive,App,4765,411,60,2277.77,6766.63,3.26,8.625393494228751,14.5985401459854,2.9707257536976956,37.962833333333336,4488.860000000001"
"511991,Membership Drive,2024-10-16,All,Sms,9683,100,92,2353.78,4471.61,2.95,1.0327377878756583,92.0,1.8997569866342645,25.584565217391308,2117.8299999999995"
"234036,Category Promotion,2024-10-16,Inactive,Sms,2176,167,57,4239.19,8603.76,1.62,7.674632352941177,34.13173652694611,2.029576404926413,74.3717543859649,4364.570000000001"
"460964,App Push Notification,2024-10-16,All,Sms,5570,150,37,2175.55,2538.18,2.74,2.6929982046678633,24.666666666666668,1.1666842867320906,58.79864864864865,362.62999999999965"
"562835,Email Campaign,2024-10-16,All,Sms,3914,241,25,3267.78,3558.02,1.95,6.157383750638733,10.37344398340249,1.0888187087258014,130.71120000000002,290.2399999999998"
"569002,Referral Program,2024-10-16,Premium,Social Media,5481,759,55,4609.27,3819.5,3.26,13.84783798576902,7.246376811594203,0.8286561646421233,83.80490909090909,-789.7700000000004"
"686645,New User Discount,2024-10-15,All,Social Media,4109,649,86,2389.82,9766.72,3.23,15.794597225602336,13.251155624036981,4.0868015164322,27.788604651162792,7376.9"
"914931,Weekend Special,2024-10-15,New Users,Social Media,5724,877,67,3027.31,3345.95,2.02,15.321453529000697,7.639680729760548,1.1052551605220475,45.18373134328358,318.6399999999999"
"843274,Festival Offer,2024-10-15,Premium,Social Media,1034,968,58,4438.6,2588.21,3.86,93.61702127659575,5.991735537190083,0.5831140449691343,76.52758620689656,-1850.3900000000003"
"308911,Flash Sale,2024-10-15,New Users,Social Media,4919,661,63,4818.43,5003.95,2.67,13.437690587517789,9.531013615733738,1.0385021677185307,76.48301587301587,185.51999999999953"
"320610,Membership Drive,2024-10-15,All,Sms,5174,376,81,3036.37,4448.69,3.69,7.267104754541941,21.54255319148936,1.4651343545088378,37.48604938271605,1412.3199999999997"
"487151,Category Promotion,2024-10-15,All,Social Media,3416,685,98,4018.36,2170.94,2.3,20.052693208430913,14.306569343065693,0.5402552285011796,41.003673469387756,-1847.42"
"390634,App Push Notification,2024-10-15,Premium,Email,8930,361,94,1510.67,4795.86,3.29,4.042553191489362,26.038781163434905,3.1746576022559525,16.07095744680851,3285.1899999999996"
"411434,Email Campaign,2024-10-15,Inactive,Email,3597,149,48,4273.24,5148.84,2.75,4.142340839588546,32.21476510067114,1.2049030712059234,89.02583333333332,875.6000000000004"
"929630,Referral Program,2024-10-15,New Users,Email,3344,810,88,2786.73,7608.13,3.25,24.22248803827751,10.864197530864198,2.730128143020673,31.667386363636364,4821.4"
"786085,New User Discount,2024-10-14,New Users,Social Media,9878,792,84,1995.07,5772.9,2.48,8.017817371937639,10.606060606060606,2.893582681309428,23.750833333333333,3777.83"
"874058,Weekend Special,2024-10-14,Inactive,App,4890,929,100,3933.1,7013.19,3.75,18.99795501022495,10.76426264800861,1.783120185095726,39.330999999999996,3080.0899999999997"
"336128,Festival Offer,2024-10-14,Premium,Email,5261,475,32,1902.86,8899.39,1.82,9.028701767724767,6.7368421052631575,4.676849584309934,59.464375,6996.53"
"957007,Flash Sale,2024-10-14,Premium,Email,7155,454,51,1727.08,5407.31,2.75,6.345213137665969,11.233480176211454,3.1308972369548607,33.86431372549019,3680.2300000000005"
"148522,Membership Drive,2024-10-14,All,Social Media,7279,693,93,4386.41,9441.08,2.27,9.52053853551312,13.41991341991342,2.1523478197432526,47.16569892473118,5054.67"
"479381,Category Promotion,2024-10-14,Premium,Email,5884,689,14,2415.08,3067.78,2.57,11.709721278042148,2.0319303338171264,1.2702601984199282,172.50571428571428,652.7000000000003"
"197209,App Push Notification,2024-10-14,Premium,Sms,1558,415,49,2979.87,3609.89,2.93,26.63671373555841,11.80722891566265,1.211425330635229,60.81367346938775,630.02"
"391697,Email Campaign,2024-10-14,Inactive,Email,8221,910,13,1357.64,4046.13,2.87,11.0692129911203,1.4285714285714286,2.9802672284257974,104.43384615384616,2688.49"
"614584,Referral Program,2024-10-14,All,Sms,6749,792,24,4576.84,5500.51,3.45,11.735071862498147,3.0303030303030303,1.20181391527779,190.70166666666668,923.6700000000001"
"142389,New User Discount,2024-10-13,All,Sms,3365,963,12,3397.73,7077.5,2.86,28.618127786032687,1.2461059190031152,2.0830083614648602,283.14416666666665,3679.77"
"289397,Weekend Special,2024-10-13,All,App,8092,974,18,1253.01,4088.11,3.03,12.036579337617399,1.8480492813141685,3.26263158314778,69.61166666666666,2835.1000000000004"
"171934,Festival Offer,2024-10-13,Premium,Sms,8092,327,52,2546.42,3189.71,2.96,4.041028175976273,15.902140672782874,1.2526252542785556,48.96961538461539,643.29"
"690497,Flash Sale,2024-10-13,All,Email,9841,105,95,4278.17,7796.05,3.51,1.0669647393557566,90.47619047619048,1.822286164411419,45.033368421052636,3517.88"
"432807,Membership Drive,2024-10-13,New Users,App,7336,160,53,2485.13,3512.87,1.97,2.1810250817884405,33.125,1.4135558300772997,46.88924528301887,1027.7399999999998"
"167425,Category Promotion,2024-10-13,New Users,App,7572,763,87,2233.11,6294.83,2.14,10.076597992604333,11.402359108781127,2.8188624832632514,25.66793103448276,4061.72"
"808905,App Push Notification,2024-10-13,New Users,App,6174,472,59,2242.83,6950.51,3.39,7.644962747003563,12.5,3.0989910068975357,38.01406779661017,4707.68"
"71699,Email Campaign,2024-10-13,Premium,Sms,3743,573,68,3512.16,7812.0,3.02,15.308576008549293,11.8673647469459,2.2242722427224275,51.64941176470588,4299.84"
"652119,Referral Program,2024-10-13,New Users,App,8629,951,23,4036.51,9053.65,2.71,11.020975779348706,2.4185068349106205,2.2429400645607216,175.5004347826087,5017.139999999999"
"618967,New User Discount,2024-10-12,New Users,App,1582,975,96,1487.46,7566.78,3.96,61.63084702907712,9.846153846153847,5.087047718930257,15.494375,6079.32"
"284634,Weekend Special,2024-10-12,New Users,App,3803,465,55,1690.55,5220.23,2.0,12.22718906126742,11.827956989247312,3.087888556978498,30.737272727272728,3529.6799999999994"
"139196,Festival Offer,2024-10-12,All,Email,8047,726,47,2066.11,7037.37,3.56,9.021995774822916,6.473829201101928,3.406096480826287,43.95978723404256,4971.26"
"487782,Flash Sale,2024-10-12,New Users,Email,1732,919,93,3754.68,4181.59,2.94,53.06004618937644,10.119695321001087,1.113700768108068,40.372903225806446,426.9100000000003"
"33956,Membership Drive,2024-10-12,Inactive,Social Media,9818,161,75,3600.34,7589.85,2.57,1.639845182318191,46.58385093167702,2.1080925690351466,48.004533333333335,3989.51"
"907406,Category Promotion,2024-10-12,All,Social Media,6043,814,75,4668.71,4446.99,1.97,13.470130729769982,9.213759213759214,0.9525093655420875,62.24946666666667,-221.72000000000025"
"313154,App Push Notification,2024-10-12,New Users,Social Media,6666,106,85,4173.34,3090.57,1.84,1.5901590159015901,80.18867924528303,0.7405507339445144,49.09811764705883,-1082.77"
"719685,Email Campaign,2024-10-12,All,Sms,1248,502,17,2981.17,5981.93,3.99,40.22435897435898,3.386454183266932,2.0065712455176996,175.3629411764706,3000.76"
"584304,Referral Program,2024-10-12,New Users,Email,7619,727,53,3264.04,7285.68,3.51,9.541934637091481,7.290233837689134,2.2321049987132513,61.58566037735849,4021.6400000000003"
"14008,New User Discount,2024-10-11,Premium,Social Media,7827,694,82,4438.83,7975.61,3.6,8.866743324389931,11.815561959654179,1.7967820349055945,54.13207317073171,3536.7799999999997"
"348891,Weekend Special,2024-10-11,New Users,Social Media,9723,160,100,3776.75,5915.34,2.59,1.6455826391031576,62.5,1.566251406632687,37.7675,2138.59"
"153487,Festival Offer,2024-10-11,All,Social Media,2923,886,19,4736.19,7987.64,2.61,30.31132398221006,2.144469525959368,1.686511732003995,249.2731578947368,3251.4500000000007"
"40613,Flash Sale,2024-10-11,All,App,2551,550,64,4034.21,6741.3,2.4,21.56017248137985,11.636363636363637,1.671033486110044,63.03453125,2707.09"
"98141,Membership Drive,2024-10-11,Inactive,Email,3858,293,65,2823.22,3763.71,2.45,7.5946086054950745,22.18430034129693,1.3331267134690177,43.43415384615384,940.4900000000002"
"640280,Category Promotion,2024-10-11,New Users,Social Media,4483,987,78,4604.45,8741.95,2.39,22.016506803479814,7.90273556231003,1.8985872362605742,59.031410256410254,4137.500000000001"
"672292,App Push Notification,2024-10-11,Premium,Sms,4928,397,18,4151.88,6046.24,1.59,8.056006493506493,4.534005037783375,1.4562655953447594,230.66,1894.3599999999997"
"570197,Email Campaign,2024-10-11,Premium,App,1141,741,30,4295.89,6285.19,2.35,64.943032427695,4.048582995951417,1.463070516237613,143.19633333333334,1989.2999999999993"
"646308,Referral Program,2024-10-11,Inactive,Sms,6498,716,87,4191.4,3265.99,2.08,11.018775007694675,12.150837988826815,0.7792121964021568,48.177011494252866,-925.4099999999999"
"504773,New User Discount,2024-10-10,Premium,Social Media,1828,360,66,1481.29,9900.22,2.46,19.693654266958426,18.333333333333332,6.683512343970458,22.443787878787877,8418.93"
"581434,Weekend Special,2024-10-10,All,Social Media,4318,859,77,2539.79,3356.92,3.04,19.893469198703105,8.963911525029102,1.321731324243343,32.98428571428571,817.1300000000001"
"208884,Festival Offer,2024-10-10,Premium,Sms,8503,257,85,2417.7,7564.77,3.65,3.0224626602375633,33.07392996108949,3.128911775654548,28.443529411764704,5147.070000000001"
"44861,Flash Sale,2024-10-10,All,Sms,1281,519,64,3766.62,6098.23,3.95,40.5152224824356,12.33140655105973,1.6190191736888775,58.8534375,2331.6099999999997"
"267822,Membership Drive,2024-10-10,New Users,Social Media,2427,594,67,4812.47,9136.15,3.65,24.474660074165637,11.27946127946128,1.8984326136059029,71.8279104477612,4323.679999999999"
"880055,Category Promotion,2024-10-10,Premium,App,3864,422,77,4521.91,9190.04,2.27,10.921325051759833,18.246445497630333,2.0323358934609494,58.72610389610389,4668.130000000001"
"117014,App Push Notification,2024-10-10,Inactive,Sms,7568,537,80,4097.25,6494.2,2.81,7.0956659619450315,14.8975791433892,1.585014338885838,51.215625,2396.95"
"560243,Email Campaign,2024-10-10,All,Social Media,3191,920,54,4674.18,7121.35,2.37,28.831087433406456,5.869565217391305,1.523550654874224,86.55888888888889,2447.17"
"270705,Referral Program,2024-10-10,Premium,Social Media,3092,718,72,3281.4,7717.16,1.85,23.221216041397156,10.027855153203342,2.35178887060401,45.575,4435.76"
"991219,New User Discount,2024-10-09,Inactive,App,4131,725,70,1980.81,5404.34,2.18,17.550229968530623,9.655172413793103,2.7283485038948716,28.297285714285714,3423.53"
"360358,Weekend Special,2024-10-09,Inactive,Social Media,4112,540,56,1487.4,6296.6,2.01,13.13229571984436,10.37037037037037,4.233292994487024,26.560714285714287,4809.200000000001"
"921285,Festival Offer,2024-10-09,Premium,Sms,3891,190,12,1427.62,2167.81,2.22,4.883063479825238,6.315789473684211,1.5184783065521639,118.96833333333332,740.19"
"247209,Flash Sale,2024-10-09,Premium,App,3815,351,46,2246.88,5378.34,3.83,9.200524246395805,13.105413105413104,2.393692587054048,48.84521739130435,3131.46"
"700286,Membership Drive,2024-10-09,Inactive,Social Media,8314,462,31,4745.57,8331.49,2.53,5.556891989415444,6.70995670995671,1.7556352556173442,153.08290322580643,3585.92"
"681783,Category Promotion,2024-10-09,All,App,6641,997,13,4227.26,4278.97,3.82,15.012799277217287,1.3039117352056169,1.0122325099473417,325.17384615384617,51.710000000000036"
"99247,App Push Notification,2024-10-09,New Users,App,4091,270,72,1486.72,7910.02,2.01,6.5998533365925205,26.666666666666668,5.320450387430047,20.64888888888889,6423.3"
"506051,Email Campaign,2024-10-09,All,App,5857,564,84,3662.32,5293.72,2.91,9.629503158613625,14.893617021276595,1.4454553397846175,43.599047619047624,1631.4"
"984675,Referral Program,2024-10-09,Premium,Email,6260,630,28,2575.54,9232.77,2.43,10.063897763578275,4.444444444444445,3.584789985789388,91.98357142857142,6657.2300000000005"
"920182,New User Discount,2024-10-08,Premium,App,8521,263,97,4575.74,8327.76,1.53,3.0864921957516724,36.88212927756654,1.819981030390713,47.172577319587624,3752.0200000000004"
"410349,Weekend Special,2024-10-08,New Users,Sms,4497,774,78,3269.78,7706.28,3.38,17.211474316210808,10.077519379844961,2.3568191132125094,41.920256410256414,4436.5"
"480767,Festival Offer,2024-10-08,Premium,Sms,8249,570,76,2213.81,5793.07,2.44,6.909928476178931,13.333333333333334,2.616787348507776,29.12907894736842,3579.2599999999998"
"704550,Flash Sale,2024-10-08,Inactive,Sms,7088,438,58,2353.7,2416.62,3.01,6.179458239277652,13.24200913242009,1.0267323788078344,40.58103448275862,62.92000000000007"
"678289,Membership Drive,2024-10-08,Premium,App,4046,211,27,1630.04,9065.16,1.93,5.215027187345527,12.796208530805686,5.561311378861869,60.37185185185185,7435.12"
"227876,Category Promotion,2024-10-08,Premium,Social Media,9786,216,86,2972.28,2731.11,2.4,2.2072348252605765,39.81481481481482,0.9188602688844927,34.56139534883721,-241.17000000000007"
"981243,App Push Notification,2024-10-08,Premium,Email,2812,433,31,4413.07,8772.01,2.52,15.398293029871976,7.159353348729793,1.9877341623858222,142.35709677419354,4358.9400000000005"
"703756,Email Campaign,2024-10-08,Inactive,Sms,5291,476,10,4082.16,4658.52,3.54,8.996408996408995,2.100840336134454,1.1411899582573932,408.216,576.3600000000006"
"196871,Referral Program,2024-10-08,New Users,Email,5613,857,56,1034.9,8995.1,3.66,15.268127561019062,6.534422403733956,8.69175765774471,18.480357142857144,7960.200000000001"
"645197,New User Discount,2024-10-07,All,Email,8029,981,47,4087.75,4305.53,3.19,12.218208992402541,4.791029561671763,1.0532762522169896,86.97340425531915,217.77999999999975"
"757353,Weekend Special,2024-10-07,All,Social Media,7518,977,99,2771.88,4162.21,2.35,12.995477520617186,10.133060388945752,1.5015837626448474,27.99878787878788,1390.33"
"61497,Festival Offer,2024-10-07,All,Sms,4984,871,38,2497.43,8615.47,3.1,17.475922953451043,4.3628013777267505,3.449734326888041,65.72184210526315,6118.039999999999"
"79554,Flash Sale,2024-10-07,Premium,App,4202,102,17,2513.73,6299.72,2.53,2.4274155164207523,16.666666666666664,2.506124364987489,147.8664705882353,3785.9900000000002"
"868464,Membership Drive,2024-10-07,New Users,Email,6939,424,55,3927.86,9281.61,2.76,6.110390546188212,12.971698113207546,2.363019557723544,71.41563636363637,5353.75"
"476429,Category Promotion,2024-10-07,Premium,Sms,2581,723,33,3518.26,8412.23,2.72,28.0123982952344,4.564315352697095,2.3910199928373683,106.6139393939394,4893.969999999999"
"878025,App Push Notification,2024-10-07,All,Email,1081,889,55,1227.18,6710.8,2.55,82.23866790009251,6.186726659167604,5.4684724327319545,22.31236363636364,5483.62"
"350110,Email Campaign,2024-10-07,Inactive,Sms,7933,711,24,3857.05,3523.62,2.12,8.962561452161856,3.375527426160337,0.9135531040562087,160.71041666666667,-333.4300000000003"
"660754,Referral Program,2024-10-07,Premium,Email,5780,741,85,2377.05,4349.01,2.79,12.820069204152249,11.470985155195681,1.8295828863507289,27.965294117647062,1971.96"
"719962,New User Discount,2024-10-06,Inactive,App,2358,397,41,1189.46,7674.93,2.91,16.83630195080577,10.327455919395465,6.452449010475342,29.011219512195122,6485.47"
"880415,Weekend Special,2024-10-06,Inactive,App,9977,636,41,3025.67,7559.58,2.85,6.374661721960509,6.446540880503145,2.4984813281025358,73.79682926829268,4533.91"
"820323,Festival Offer,2024-10-06,All,Sms,2274,820,23,1102.91,7440.51,2.8,36.05980650835532,2.804878048780488,6.746253094087459,47.95260869565218,6337.6"
"178021,Flash Sale,2024-10-06,Inactive,Email,4171,561,65,4676.32,2214.84,3.12,13.450011987532964,11.58645276292335,0.47362883634995046,71.94338461538462,-2461.4799999999996"
"983547,Membership Drive,2024-10-06,All,Sms,7939,264,14,1753.8,2660.08,3.48,3.3253558382667845,5.303030303030303,1.516752195233208,125.27142857142857,906.28"
"971866,Category Promotion,2024-10-06,New Users,Sms,8760,191,78,4339.28,5537.59,2.24,2.180365296803653,40.83769633507853,1.2761541085156987,55.63179487179487,1198.3100000000004"
"452929,App Push Notification,2024-10-06,All,Email,3100,710,37,4313.18,7681.84,2.9,22.903225806451612,5.211267605633803,1.7810153993109492,116.57243243243244,3368.66"
"772590,Email Campaign,2024-10-06,All,App,7054,838,11,2847.69,4782.03,3.87,11.879784519421605,1.3126491646778042,1.6792663527280005,258.8809090909091,1934.3399999999997"
"175213,Referral Program,2024-10-06,New Users,Email,6788,454,19,4454.21,8202.7,3.54,6.688273423688863,4.185022026431718,1.8415611298075305,234.4321052631579,3748.4900000000007"
"121986,New User Discount,2024-10-05,New Users,App,5915,556,60,4173.92,6644.74,1.94,9.399830938292476,10.79136690647482,1.591966305056158,69.56533333333333,2470.8199999999997"
"591904,Weekend Special,2024-10-05,New Users,Social Media,5590,976,70,1106.09,3476.56,2.83,17.459749552772806,7.172131147540983,3.1431077037130795,15.801285714285713,2370.4700000000003"
"75541,Festival Offer,2024-10-05,Inactive,Social Media,3427,380,34,1833.76,9020.25,1.91,11.088415523781734,8.947368421052632,4.918991580141349,53.93411764705883,7186.49"
"185728,Flash Sale,2024-10-05,Inactive,Sms,2108,412,45,4877.23,2501.9,3.27,19.54459203036053,10.922330097087379,0.512975602954956,108.38288888888889,-2375.3299999999995"
"801086,Membership Drive,2024-10-05,All,Social Media,1475,859,84,2772.31,2590.49,3.23,58.237288135593225,9.778812572759023,0.9344157038715006,33.00369047619048,-181.82000000000016"
"608227,Category Promotion,2024-10-05,New Users,App,6540,801,95,1269.01,6385.74,3.17,12.24770642201835,11.860174781523096,5.032064365135026,13.358,5116.73"
"615865,App Push Notification,2024-10-05,All,Social Media,6166,558,88,3932.73,7898.49,3.1,9.049626986701265,15.770609318996415,2.00839874590933,44.690113636363634,3965.7599999999998"
"723498,Email Campaign,2024-10-05,Inactive,App,6801,104,32,2500.47,8843.86,2.5,1.5291868842817233,30.76923076923077,3.5368790667354544,78.1396875,6343.390000000001"
"702150,Referral Program,2024-10-05,New Users,Sms,9703,566,61,4213.46,3232.52,1.63,5.833247449242503,10.777385159010601,0.7671889610913596,69.07311475409836,-980.94"
"454301,New User Discount,2024-10-04,New Users,Email,5611,206,73,4129.01,7558.84,2.59,3.671359828907503,35.43689320388349,1.8306664309362293,56.561780821917814,3429.83"
"609827,Weekend Special,2024-10-04,Premium,App,2256,396,85,4797.55,4184.93,2.45,17.5531914893617,21.464646464646464,0.8723056560119228,56.441764705882356,-612.6199999999999"
"183687,Festival Offer,2024-10-04,New Users,Email,6759,534,22,2307.54,8842.15,3.35,7.9005770084332,4.119850187265917,3.8318512355148773,104.88818181818182,6534.61"
"410483,Flash Sale,2024-10-04,New Users,Sms,4886,469,46,2746.41,5753.43,2.6,9.598853868194842,9.808102345415778,2.094891148808809,59.7045652173913,3007.0200000000004"
"32579,Membership Drive,2024-10-04,Premium,Email,3616,848,27,1841.76,3599.71,2.61,23.451327433628318,3.1839622641509435,1.954494613847624,68.21333333333334,1757.95"
"592974,Category Promotion,2024-10-04,New Users,App,4701,260,75,4980.88,3506.19,1.92,5.530738140821102,28.846153846153843,0.7039298276609756,66.41173333333333,-1474.69"
"419190,App Push Notification,2024-10-04,New Users,App,9171,307,32,3036.79,8952.45,1.8,3.3475084505506487,10.423452768729643,2.9479977212780604,94.8996875,5915.660000000001"
"366900,Email Campaign,2024-10-04,Premium,App,2462,122,88,2835.74,9933.1,2.44,4.955320877335499,72.1311475409836,3.5028246595244985,32.22431818181818,7097.360000000001"
"831297,Referral Program,2024-10-04,New Users,Email,2449,354,33,1225.24,7402.01,1.75,14.45487954267048,9.322033898305085,6.0412735464072345,37.128484848484845,6176.77"
"629614,New User Discount,2024-10-03,Premium,Social Media,5380,763,43,3899.44,8589.47,2.19,14.182156133828997,5.6356487549148095,2.202744496645672,90.6846511627907,4690.029999999999"
"589617,Weekend Special,2024-10-03,All,Sms,8710,694,90,3191.69,2457.71,2.32,7.967853042479908,12.968299711815561,0.7700340571922711,35.46322222222222,-733.98"
"845251,Festival Offer,2024-10-03,Premium,Sms,3296,228,18,2676.04,4240.85,1.86,6.917475728155339,7.894736842105263,1.5847483595163003,148.6688888888889,1564.8100000000004"
"214319,Flash Sale,2024-10-03,Inactive,App,5160,547,55,4418.48,9870.04,1.6,10.60077519379845,10.054844606946983,2.2338089116619293,80.336,5451.560000000001"
"980989,Membership Drive,2024-10-03,New Users,App,9200,521,19,3255.93,3768.57,2.68,5.663043478260869,3.6468330134357005,1.1574481023854937,171.36473684210526,512.6400000000003"
"175779,Category Promotion,2024-10-03,Premium,Social Media,3255,612,10,2766.51,9581.99,3.26,18.80184331797235,1.6339869281045754,3.4635660091595546,276.651,6815.48"
"161133,App Push Notification,2024-10-03,New Users,Email,6874,869,16,1642.59,3025.99,2.88,12.641838812918243,1.8411967779056386,1.8422065153203173,102.661875,1383.3999999999999"
"282457,Email Campaign,2024-10-03,Inactive,Sms,3373,371,17,2077.07,3507.33,3.57,10.999110584049808,4.5822102425876015,1.6885949919839003,122.18058823529412,1430.2599999999998"
"310121,Referral Program,2024-10-03,All,Email,4041,178,21,3636.84,9487.96,2.4,4.404850284583024,11.797752808988763,2.608847241011427,173.18285714285716,5851.119999999999"
"304134,New User Discount,2024-10-02,New Users,Sms,4440,339,26,1426.39,2072.15,3.61,7.635135135135135,7.669616519174041,1.4527233084920674,54.86115384615385,645.76"
"884872,Weekend Special,2024-10-02,New Users,Email,5164,978,89,1058.86,4846.78,3.24,18.938807126258713,9.100204498977506,4.577356779933136,11.897303370786515,3787.92"
"408124,Festival Offer,2024-10-02,All,Email,8702,580,58,3045.76,3814.41,1.88,6.665134451850149,10.0,1.252367225257407,52.513103448275864,768.6499999999996"
"447012,Flash Sale,2024-10-02,Inactive,Sms,1064,821,98,1401.41,8632.02,2.04,77.16165413533834,11.936662606577345,6.159525049771302,14.300102040816327,7230.610000000001"
"168686,Membership Drive,2024-10-02,Premium,Email,2133,969,98,3282.05,9841.84,3.24,45.42897327707454,10.113519091847266,2.99868679636203,33.490306122448985,6559.79"
"661265,Category Promotion,2024-10-02,All,Social Media,2330,520,63,2342.55,5905.11,1.64,22.317596566523605,12.115384615384615,2.5208042517769096,37.18333333333334,3562.5599999999995"
"110650,App Push Notification,2024-10-02,Inactive,Social Media,3801,619,18,2145.8,7258.0,3.22,16.28518810839253,2.9079159935379644,3.3824214745083414,119.21111111111112,5112.2"
"438577,Email Campaign,2024-10-02,Premium,App,8940,135,68,4831.21,3563.69,1.6,1.5100671140939599,50.37037037037037,0.7376392249560669,71.04720588235294,-1267.52"
"525904,Referral Program,2024-10-02,All,Social Media,9387,352,67,1874.97,7563.84,2.55,3.7498668371151593,19.03409090909091,4.034112545800733,27.984626865671643,5688.87"
"651862,New User Discount,2024-10-01,Premium,Social Media,2586,958,85,4044.28,3524.77,2.05,37.045630317092034,8.872651356993737,0.871544502358887,47.579764705882354,-519.5100000000002"
"590741,Weekend Special,2024-10-01,All,Sms,5644,504,19,3825.87,5259.59,3.24,8.929836995038979,3.7698412698412698,1.374743522388372,201.36157894736843,1433.7200000000003"
"106256,Festival Offer,2024-10-01,All,Email,1091,717,26,2443.05,7152.13,1.59,65.71952337305224,3.626220362622036,2.927541392930967,93.96346153846154,4709.08"
"981856,Flash Sale,2024-10-01,Premium,Social Media,4923,509,99,3284.33,6276.1,2.23,10.339224050375787,19.44990176817289,1.910922471249844,33.17505050505051,2991.7700000000004"
"379072,Membership Drive,2024-10-01,All,Email,7032,876,21,2002.69,4907.77,2.9,12.457337883959044,2.3972602739726026,2.4505889578516897,95.36619047619048,2905.0800000000004"
"758578,Category Promotion,2024-10-01,Premium,Email,5986,993,71,1932.62,4548.25,3.6,16.58870698296024,7.150050352467272,2.353411431114239,27.22,2615.63"
"96258,App Push Notification,2024-10-01,New Users,Social Media,5379,565,17,3056.0,3520.12,1.65,10.50381111730805,3.0088495575221237,1.151871727748691,179.76470588235293,464.1199999999999"
"237321,Email Campaign,2024-10-01,All,Sms,8296,989,72,2633.2,4670.64,3.17,11.921407907425264,7.280080889787664,1.7737505696490965,36.57222222222222,2037.4400000000005"
"120536,Referral Program,2024-10-01,Inactive,Email,8654,642,96,2129.02,5956.14,3.27,7.418534781603883,14.953271028037381,2.797597016467671,22.177291666666665,3827.1200000000003"
"668849,New User Discount,2024-09-30,New Users,Email,8850,126,17,3664.15,5397.3,1.82,1.423728813559322,13.492063492063492,1.4730019240478693,215.53823529411764,1733.15"
"135541,Weekend Special,2024-09-30,Premium,App,8975,766,23,2462.09,3637.45,2.41,8.534818941504179,3.0026109660574414,1.4773830363634146,107.04739130434783,1175.3599999999997"
"735206,Festival Offer,2024-09-30,New Users,App,1798,191,91,4376.28,8283.13,3.26,10.622914349276973,47.64397905759162,1.8927330975166121,48.090989010989006,3906.8499999999995"
"625277,Flash Sale,2024-09-30,Inactive,Sms,2307,890,95,4844.96,2211.54,2.54,38.57824013870828,10.674157303370785,0.45646197285426504,50.99957894736842,-2633.42"
"172893,Membership Drive,2024-09-30,Inactive,Social Media,7094,972,64,3221.91,4439.82,3.88,13.701719763180154,6.584362139917696,1.3780086967047496,50.34234375,1217.9099999999999"
"968429,Category Promotion,2024-09-30,Inactive,Social Media,6993,807,80,2023.52,5974.74,2.8,11.54011154011154,9.913258983890955,2.9526468727761523,25.294,3951.22"
"436788,App Push Notification,2024-09-30,All,Social Media,2759,383,91,3820.99,5565.8,2.38,13.88184124682856,23.759791122715406,1.456638201094481,41.988901098901096,1744.8100000000004"
"97177,Email Campaign,2024-09-30,New Users,App,8317,797,72,2075.05,5413.21,3.49,9.582782253216305,9.03387703889586,2.608713043059203,28.82013888888889,3338.16"
"912532,Referral Program,2024-09-30,New Users,Sms,3033,987,66,1050.47,8408.81,2.45,32.54203758654797,6.68693009118541,8.004807371938275,15.916212121212121,7358.339999999999"
"430241,New User Discount,2024-09-29,All,Sms,8057,919,64,4241.62,9942.14,1.94,11.406230606925655,6.9640914036996735,2.3439487742890686,66.2753125,5700.5199999999995"
"750631,Weekend Special,2024-09-29,New Users,App,9566,424,50,4495.05,2810.25,3.33,4.432364624712524,11.79245283018868,0.6251877064771248,89.90100000000001,-1684.8000000000002"
"762682,Festival Offer,2024-09-29,All,App,3662,667,99,1126.11,4579.55,2.73,18.21409066084107,14.842578710644677,4.066698635124456,11.374848484848483,3453.4400000000005"
"752622,Flash Sale,2024-09-29,Premium,App,7040,775,31,2463.87,2070.71,2.22,11.008522727272728,4.0,0.8404298928109032,79.47967741935483,-393.15999999999985"
"274506,Membership Drive,2024-09-29,New Users,Social Media,3515,912,32,3594.68,7744.51,1.59,25.945945945945947,3.508771929824561,2.1544365562442276,112.33375,4149.83"
"525095,Category Promotion,2024-09-29,Premium,Social Media,5607,860,93,4829.25,6140.48,3.04,15.337970394150169,10.813953488372093,1.271518351710928,51.92741935483871,1311.2299999999996"
"182644,App Push Notification,2024-09-29,Inactive,Email,1185,780,48,3687.23,9066.61,3.54,65.82278481012658,6.153846153846154,2.4589217379984434,76.81729166666666,5379.380000000001"
"545911,Email Campaign,2024-09-29,Premium,Social Media,1981,534,95,4097.54,5047.88,3.58,26.95608278647148,17.790262172284642,1.231929401543365,43.132,950.3400000000001"
"828636,Referral Program,2024-09-29,Inactive,Email,7640,970,94,3022.77,8815.63,1.68,12.696335078534032,9.690721649484537,2.9164077981454093,32.15712765957447,5792.859999999999"
"866163,New User Discount,2024-09-28,New Users,Email,7632,497,44,1025.98,9484.1,1.93,6.512054507337527,8.853118712273641,9.243942377044387,23.31772727272727,8458.12"
"289833,Weekend Special,2024-09-28,Premium,Email,9251,645,29,4163.77,2735.37,2.61,6.972219219543834,4.496124031007752,0.6569455085175213,143.57827586206898,-1428.4000000000005"
"749333,Festival Offer,2024-09-28,Inactive,App,4121,296,47,4028.86,4825.08,3.5,7.18272264013589,15.878378378378377,1.1976291060002084,85.7204255319149,796.2199999999998"
"791619,Flash Sale,2024-09-28,All,Sms,5248,634,99,2125.76,9647.1,3.11,12.080792682926829,15.615141955835963,4.5381886948667765,21.472323232323234,7521.34"
"290649,Membership Drive,2024-09-28,Premium,Email,5127,864,93,2805.9,3852.16,1.76,16.8519602106495,10.76388888888889,1.372878577283581,30.170967741935485,1046.2599999999998"
"729407,Category Promotion,2024-09-28,Inactive,Sms,4155,940,42,2488.64,8059.82,3.57,22.623345367027678,4.468085106382979,3.238644400154301,59.25333333333333,5571.18"
"640855,App Push Notification,2024-09-28,New Users,Social Media,1108,936,93,4983.04,3228.67,2.71,84.47653429602889,9.935897435897436,0.6479317846134087,53.5810752688172,-1754.37"
"879023,Email Campaign,2024-09-28,Premium,Social Media,2275,926,25,3792.48,5671.63,3.74,40.7032967032967,2.699784017278618,1.4954937138758808,151.6992,1879.15"
"118971,Referral Program,2024-09-28,All,App,6092,533,95,2085.63,4473.29,1.73,8.749179251477347,17.823639774859288,2.144814756212751,21.954,2387.66"
"336089,New User Discount,2024-09-27,Inactive,Social Media,2220,292,39,3807.42,6822.05,2.45,13.153153153153152,13.356164383561644,1.7917776341984861,97.62615384615385,3014.63"
"522446,Weekend Special,2024-09-27,Premium,Email,7869,174,69,2433.89,4314.68,2.55,2.2112085398398778,39.6551724137931,1.77275061732453,35.273768115942026,1880.7900000000004"
"949547,Festival Offer,2024-09-27,Premium,Social Media,8779,315,100,3919.23,7389.26,2.16,3.5881079849641186,31.746031746031743,1.885385649732218,39.1923,3470.03"
"771122,Flash Sale,2024-09-27,Inactive,App,5602,685,48,2503.68,9057.48,2.94,12.227775794359157,7.007299270072993,3.6176667944785277,52.16,6553.799999999999"
"575873,Membership Drive,2024-09-27,All,Email,8842,230,14,2229.83,4809.04,2.39,2.601221443112418,6.086956521739131,2.1566845903050904,159.27357142857142,2579.21"
"390180,Category Promotion,2024-09-27,New Users,App,2419,823,77,4988.39,4884.14,1.57,34.02232327408019,9.356014580801943,0.9791014736217497,64.78428571428572,-104.25"
"518789,App Push Notification,2024-09-27,All,Sms,8299,510,34,4629.47,2617.42,3.87,6.145318713097963,6.666666666666667,0.5653822143787518,136.16088235294117,-2012.0500000000002"
"200862,Email Campaign,2024-09-27,Inactive,Email,8770,501,78,4515.94,7063.93,3.63,5.712656784492588,15.568862275449103,1.5642214024101297,57.89666666666666,2547.9900000000007"
"222562,Referral Program,2024-09-27,New Users,Sms,7188,240,77,2851.2,3571.86,2.89,3.33889816360601,32.083333333333336,1.252756734006734,37.028571428571425,720.6600000000003"
"896324,New User Discount,2024-09-26,Premium,Sms,6359,576,35,1066.47,6415.95,3.94,9.058027991822613,6.076388888888888,6.016062336493291,30.47057142857143,5349.48"
"557067,Weekend Special,2024-09-26,Premium,Social Media,8414,180,100,1825.36,5457.83,1.8,2.1392916567625386,55.55555555555556,2.9900019722137006,18.2536,3632.4700000000003"
"747205,Festival Offer,2024-09-26,All,App,2853,582,32,4012.49,6437.95,1.75,20.39957939011567,5.498281786941581,1.6044775189470877,125.3903125,2425.46"
"184157,Flash Sale,2024-09-26,All,Sms,5611,444,77,1389.35,7382.89,3.89,7.913027980752093,17.34234234234234,5.313916579695542,18.04350649350649,5993.540000000001"
"653847,Membership Drive,2024-09-26,All,Email,3422,345,92,3307.59,5044.14,2.57,10.081823495032145,26.666666666666668,1.5250197273543578,35.95206521739131,1736.5500000000002"
"689098,Category Promotion,2024-09-26,All,Sms,2079,897,37,1983.91,7661.04,2.21,43.14574314574315,4.124860646599777,3.861586463095604,53.61918918918919,5677.13"
"389968,App Push Notification,2024-09-26,Premium,Sms,1592,987,57,4579.65,8806.03,1.9,61.997487437185924,5.775075987841945,1.9228609173190094,80.34473684210526,4226.380000000001"
"67480,Email Campaign,2024-09-26,New Users,App,8019,604,76,2216.38,4921.83,3.77,7.53211123581494,12.582781456953644,2.220661619397396,29.162894736842105,2705.45"
"588555,Referral Program,2024-09-26,Inactive,App,1452,679,94,4925.58,4476.21,2.24,46.76308539944903,13.843888070692195,0.9087681044668852,52.399787234042556,-449.3699999999999"
"278074,New User Discount,2024-09-25,Inactive,Social Media,9737,732,59,2565.95,8286.33,2.04,7.517715928930882,8.060109289617486,3.2293419591184556,43.49067796610169,5720.38"
"127182,Weekend Special,2024-09-25,New Users,Sms,1452,863,44,4240.4,5750.97,1.81,59.435261707988985,5.098493626882966,1.3562329025563629,96.37272727272726,1510.5700000000006"
"721622,Festival Offer,2024-09-25,All,Email,4844,230,26,3690.93,5523.68,1.55,4.748142031379025,11.304347826086957,1.4965550687767042,141.95884615384614,1832.7500000000005"
"100487,Flash Sale,2024-09-25,New Users,Sms,8209,151,70,3104.65,4187.59,2.9,1.8394445121208431,46.35761589403973,1.3488122654727586,44.35214285714286,1082.94"
"145584,Membership Drive,2024-09-25,Inactive,App,5725,903,80,1133.26,7075.73,3.39,15.77292576419214,8.859357696566999,6.2436951802763705,14.16575,5942.469999999999"
"860225,Category Promotion,2024-09-25,Premium,App,4389,309,81,4860.67,3960.92,3.76,7.040328092959672,26.21359223300971,0.8148917741792798,60.00827160493827,-899.75"
"616821,App Push Notification,2024-09-25,Premium,App,1537,483,85,2416.66,2232.96,3.74,31.42485361093038,17.598343685300208,0.923985997202751,28.431294117647056,-183.69999999999982"
"713465,Email Campaign,2024-09-25,Inactive,Email,9053,989,42,2619.72,6716.68,2.09,10.924555396001326,4.246713852376137,2.563892324370544,62.37428571428571,4096.960000000001"
"615676,Referral Program,2024-09-25,All,Email,5649,924,100,4874.66,7073.93,2.79,16.356877323420075,10.822510822510822,1.4511637734734322,48.7466,2199.2700000000004"
"305241,New User Discount,2024-09-24,New Users,Social Media,9598,803,67,2805.32,8678.82,1.97,8.366326317982912,8.34371108343711,3.093700540401808,41.87044776119403,5873.5"
"530806,Weekend Special,2024-09-24,Premium,Email,3678,341,72,2373.92,5821.2,3.72,9.271343121261555,21.114369501466275,2.4521466603760866,32.971111111111114,3447.2799999999997"
"807153,Festival Offer,2024-09-24,Inactive,Email,8192,292,17,2976.54,5559.23,3.68,3.564453125,5.821917808219178,1.8676819394330328,175.09058823529412,2582.6899999999996"
"722916,Flash Sale,2024-09-24,New Users,App,2597,634,25,4343.88,2298.7,2.34,24.412783981517137,3.943217665615142,0.5291812849342062,173.7552,-2045.1800000000003"
"846608,Membership Drive,2024-09-24,New Users,Email,8485,181,67,3783.79,7419.36,2.96,2.133176193282263,37.01657458563536,1.9608276357831698,56.4744776119403,3635.5699999999997"
"460293,Category Promotion,2024-09-24,All,Email,4442,846,61,2295.69,5534.23,3.38,19.04547501125619,7.210401891252956,2.4107044069539003,37.63426229508197,3238.5399999999995"
"287769,App Push Notification,2024-09-24,Premium,Email,8770,206,17,2375.52,9175.23,1.81,2.3489167616875712,8.25242718446602,3.862409072539907,139.7364705882353,6799.709999999999"
"802705,Email Campaign,2024-09-24,Inactive,Sms,2672,115,26,2033.75,8010.63,2.7,4.303892215568863,22.608695652173914,3.9388469575906577,78.22115384615384,5976.88"
"789716,Referral Program,2024-09-24,New Users,Email,3941,553,63,4020.69,6541.6,1.52,14.031971580817052,11.39240506329114,1.626984423071662,63.82047619047619,2520.9100000000003"
"130943,New User Discount,2024-09-23,Inactive,Email,1870,889,13,3625.54,7280.12,1.84,47.54010695187166,1.4623172103487065,2.0080098412926075,278.8876923076923,3654.58"
"705032,Weekend Special,2024-09-23,All,Sms,6279,465,28,3383.74,4971.84,2.77,7.405637840420449,6.021505376344086,1.4693327501521987,120.84785714285714,1588.1000000000004"
"565978,Festival Offer,2024-09-23,New Users,App,1917,708,61,1361.17,4133.5,2.2,36.93270735524257,8.615819209039548,3.0367257579876132,22.314262295081967,2772.33"
"363689,Flash Sale,2024-09-23,Premium,Sms,7180,215,24,3655.57,9184.06,3.0,2.9944289693593316,11.162790697674419,2.512346911699133,152.31541666666666,5528.49"
"679443,Membership Drive,2024-09-23,Premium,App,8002,642,20,3438.57,4762.77,3.97,8.02299425143714,3.115264797507788,1.3851019464486691,171.9285,1324.2000000000003"
"670881,Category Promotion,2024-09-23,Premium,Sms,3121,753,11,2406.7,9618.34,2.13,24.12688240948414,1.4608233731739706,3.996484813229734,218.79090909090908,7211.64"
"959518,App Push Notification,2024-09-23,All,Social Media,4203,892,13,4541.76,8000.34,2.48,21.2229359980966,1.4573991031390134,1.761506552525893,349.36615384615385,3458.58"
"499486,Email Campaign,2024-09-23,Inactive,Sms,4908,153,36,4547.06,4568.42,3.11,3.117359413202934,23.52941176470588,1.0046975408285792,126.30722222222224,21.359999999999673"
"752813,Referral Program,2024-09-23,All,Sms,3882,103,83,1151.86,6691.75,1.67,2.6532715095311694,80.58252427184466,5.809516781553314,13.877831325301203,5539.89"
"851433,New User Discount,2024-09-22,All,Sms,8425,797,49,3613.06,6005.53,3.86,9.459940652818991,6.148055207026349,1.6621727842881102,73.73591836734694,2392.47"
"313691,Weekend Special,2024-09-22,All,Email,4040,966,57,2744.24,3434.18,2.51,23.910891089108908,5.900621118012422,1.2514138705069529,48.14456140350877,689.94"
"857924,Festival Offer,2024-09-22,Premium,Social Media,8964,423,44,3280.91,5890.37,2.39,4.718875502008032,10.401891252955082,1.7953464130378463,74.56613636363636,2609.46"
"539488,Flash Sale,2024-09-22,New Users,App,5322,715,21,1382.87,5066.64,3.92,13.434798947763998,2.937062937062937,3.6638584971833943,65.85095238095238,3683.7700000000004"
"33081,Membership Drive,2024-09-22,All,Sms,2897,706,56,3796.89,4450.19,2.42,24.37003797031412,7.932011331444759,1.1720618716897249,67.80160714285714,653.2999999999997"
"408472,Category Promotion,2024-09-22,Inactive,Social Media,2701,433,74,1069.15,8105.76,2.48,16.031099592743427,17.090069284064665,7.581499321891221,14.447972972972973,7036.610000000001"
"891650,App Push Notification,2024-09-22,Premium,Email,6100,472,88,1659.16,4606.2,3.09,7.737704918032787,18.64406779661017,2.776224113406784,18.85409090909091,2947.04"
"537473,Email Campaign,2024-09-22,Inactive,Social Media,7438,436,23,1325.64,3710.11,3.79,5.861790803979564,5.275229357798166,2.798731178902266,57.63652173913044,2384.4700000000003"
"361334,Referral Program,2024-09-22,New Users,Social Media,7990,308,61,1533.45,8247.88,1.73,3.8548185231539427,19.805194805194805,5.378642929342332,25.138524590163936,6714.429999999999"
"68709,New User Discount,2024-09-21,New Users,Sms,2557,317,49,2291.66,2573.36,3.51,12.397340633554947,15.457413249211358,1.1229239939607099,46.76857142857143,281.7000000000003"
"368548,Weekend Special,2024-09-21,Premium,Social Media,2556,694,73,1560.45,8116.53,2.64,27.151799687010953,10.518731988472622,5.201403441315005,21.376027397260273,6556.08"
"227727,Festival Offer,2024-09-21,Premium,Sms,3124,712,83,4212.47,6433.1,3.19,22.791293213828425,11.657303370786517,1.5271562764838682,50.752650602409645,2220.63"
"184072,Flash Sale,2024-09-21,New Users,App,2439,448,21,1263.49,9843.34,3.88,18.36818368183682,4.6875,7.79059588916414,60.16619047619048,8579.85"
"199205,Membership Drive,2024-09-21,New Users,Email,6475,665,13,2740.75,5311.0,2.54,10.27027027027027,1.954887218045113,1.9377907507069232,210.82692307692307,2570.25"
"70659,Category Promotion,2024-09-21,New Users,Social Media,1260,157,27,4991.0,7728.46,2.27,12.46031746031746,17.197452229299362,1.548479262672811,184.85185185185185,2737.46"
"407558,App Push Notification,2024-09-21,Premium,Social Media,2503,464,44,2992.57,4813.36,2.59,18.53775469436676,9.482758620689655,1.6084368953775516,68.01295454545455,1820.7899999999995"
"2552,Email Campaign,2024-09-21,All,Social Media,5937,600,98,3542.77,5648.69,1.62,10.106114199090449,16.333333333333332,1.5944275242253942,36.15071428571429,2105.9199999999996"
"119508,Referral Program,2024-09-21,All,App,8121,715,71,1336.94,8793.59,3.32,8.804334441571235,9.93006993006993,6.577400631292354,18.830140845070424,7456.65"
"651995,New User Discount,2024-09-20,All,Email,3762,378,97,1804.49,8799.76,3.01,10.047846889952153,25.66137566137566,4.876591169804211,18.60298969072165,6995.27"
"325711,Weekend Special,2024-09-20,Premium,App,1075,304,21,3712.83,8724.96,2.37,28.27906976744186,6.907894736842106,2.3499486914294483,176.80142857142857,5012.129999999999"
"916549,Festival Offer,2024-09-20,Inactive,Email,4880,989,73,1049.48,6270.24,2.78,20.266393442622952,7.381193124368049,5.974616000304913,14.376438356164384,5220.76"
"801679,Flash Sale,2024-09-20,All,Social Media,2673,338,100,4653.31,6862.3,1.89,12.644968200523756,29.585798816568047,1.4747136984211238,46.533100000000005,2208.99"
"592091,Membership Drive,2024-09-20,Premium,Sms,3717,466,66,2581.56,5992.71,3.76,12.536992198009148,14.163090128755366,2.3213522056430995,39.11454545454546,3411.15"
"713584,Category Promotion,2024-09-20,All,App,2525,366,56,4471.69,3178.72,2.18,14.495049504950494,15.300546448087433,0.7108542855162142,79.85160714285713,-1292.9699999999998"
"662773,App Push Notification,2024-09-20,Inactive,Sms,2232,775,37,1165.33,9178.63,1.9,34.72222222222222,4.774193548387097,7.876421271227892,31.495405405405403,8013.299999999999"
"166346,Email Campaign,2024-09-20,Premium,App,8471,945,28,3566.89,4468.31,2.27,11.15570770865305,2.9629629629629632,1.2527187549938463,127.38892857142856,901.4200000000005"
"973220,Referral Program,2024-09-20,Premium,App,4249,238,83,2137.97,7672.91,2.32,5.601317957166392,34.87394957983193,3.588876364027559,25.75867469879518,5534.9400000000005"
"120592,New User Discount,2024-09-19,New Users,Email,4768,353,45,4900.81,4433.55,1.99,7.403523489932885,12.747875354107649,0.9046565771780583,108.9068888888889,-467.2600000000002"
"632927,Weekend Special,2024-09-19,Inactive,Social Media,6332,575,51,2003.25,3491.13,1.56,9.080859128237524,8.869565217391303,1.7427330587794834,39.279411764705884,1487.88"
"603188,Festival Offer,2024-09-19,Premium,Social Media,5992,780,86,2239.56,2452.02,2.71,13.017356475300401,11.025641025641026,1.0948668488453088,26.04139534883721,212.46000000000004"
"264150,Flash Sale,2024-09-19,New Users,App,9980,704,10,3854.33,2221.55,3.67,7.054108216432866,1.4204545454545454,0.5763777362083683,385.433,-1632.7799999999997"
"210893,Membership Drive,2024-09-19,New Users,App,2380,701,43,3572.0,7319.34,2.18,29.453781512605044,6.134094151212553,2.049087346024636,83.06976744186046,3747.34"
"23447,Category Promotion,2024-09-19,All,App,4528,552,53,1484.54,3380.76,3.42,12.190812720848058,9.601449275362318,2.2773114904280116,28.01018867924528,1896.2200000000003"
"889374,App Push Notification,2024-09-19,Inactive,Email,3543,877,48,3446.31,8160.26,2.55,24.753034151848716,5.473204104903079,2.367825297201935,71.798125,4713.950000000001"
"905735,Email Campaign,2024-09-19,New Users,Social Media,3188,220,41,4526.22,5735.13,3.5,6.900878293601004,18.636363636363637,1.2670904198205124,110.39560975609757,1208.9099999999999"
"479724,Referral Program,2024-09-19,Premium,App,9627,720,31,3389.34,3333.86,3.57,7.47896540978498,4.305555555555555,0.9836310314102451,109.33354838709678,-55.48000000000002"
"767492,New User Discount,2024-09-18,New Users,Social Media,9268,289,50,4147.19,6358.18,3.69,3.118256365990505,17.301038062283737,1.5331296612887282,82.9438,2210.9900000000007"
"817411,Weekend Special,2024-09-18,Inactive,Email,1925,933,20,3785.26,2208.27,3.5,48.467532467532465,2.1436227224008575,0.5833866101668049,189.263,-1576.9900000000002"
"259682,Festival Offer,2024-09-18,New Users,Email,7353,660,26,1974.98,9558.45,3.46,8.97592819257446,3.939393939393939,4.839770529321816,75.96076923076923,7583.470000000001"
"225975,Flash Sale,2024-09-18,All,Social Media,6711,836,55,3546.51,5891.45,2.07,12.457159886753091,6.578947368421052,1.6611965002213442,64.482,2344.9399999999996"
"498935,Membership Drive,2024-09-18,Premium,Email,2454,525,34,2979.57,6755.31,2.58,21.39364303178484,6.476190476190475,2.2672096980436773,87.63441176470589,3775.7400000000002"
"802312,Category Promotion,2024-09-18,New Users,App,7869,531,58,4562.91,2735.78,1.64,6.747998475028593,10.922787193973635,0.5995691346092735,78.67086206896552,-1827.1299999999997"
"535244,App Push Notification,2024-09-18,Premium,Sms,2229,225,56,1037.53,9489.14,2.52,10.094212651413189,24.88888888888889,9.145894576542364,18.52732142857143,8451.609999999999"
"813034,Email Campaign,2024-09-18,All,Sms,5410,186,24,2346.65,6244.48,2.59,3.4380776340110906,12.903225806451612,2.661018899281955,97.77708333333334,3897.8299999999995"
"655512,Referral Program,2024-09-18,All,App,3646,402,82,1417.46,6289.99,1.62,11.025781678551837,20.398009950248756,4.4375079367319,17.28609756097561,4872.53"
"659493,New User Discount,2024-09-17,All,Social Media,5499,366,88,3002.92,2363.1,3.94,6.655755591925805,24.043715846994534,0.7869340508571656,34.12409090909091,-639.8200000000002"
"62233,Weekend Special,2024-09-17,Premium,App,3415,872,19,4807.34,5882.0,2.62,25.534407027818446,2.1788990825688073,1.2235456614260694,253.01789473684212,1074.6599999999999"
"855765,Festival Offer,2024-09-17,New Users,Sms,2993,898,35,1668.78,2363.95,1.71,30.003341129301702,3.8975501113585747,1.4165737844413284,47.67942857142857,695.1699999999998"
"995251,Flash Sale,2024-09-17,All,Sms,6986,873,91,3764.01,7547.08,3.69,12.496421414257085,10.423825887743414,2.005063748502262,41.362747252747255,3783.0699999999997"
"918820,Membership Drive,2024-09-17,Inactive,Sms,6311,620,14,4722.04,8203.36,1.85,9.82411662177151,2.258064516129032,1.7372491550262177,337.2885714285714,3481.3200000000006"
"353164,Category Promotion,2024-09-17,All,App,6998,283,46,3344.54,7301.58,3.92,4.044012575021435,16.25441696113074,2.1831343024750787,72.70739130434782,3957.04"
"548074,App Push Notification,2024-09-17,Premium,Social Media,1896,372,81,3476.78,6836.88,2.59,19.62025316455696,21.774193548387096,1.966440211920225,42.92320987654321,3360.1"
"230770,Email Campaign,2024-09-17,New Users,Social Media,9836,928,16,4083.69,9825.67,2.45,9.434729564863765,1.7241379310344827,2.4060763672071093,255.230625,5741.98"
"887948,Referral Program,2024-09-17,All,Social Media,6893,638,51,3961.37,8436.86,2.47,9.255766719860729,7.993730407523511,2.1297833830215307,77.67392156862745,4475.490000000001"
"953820,New User Discount,2024-09-16,Inactive,Social Media,2554,757,68,3398.43,7685.6,2.05,29.639780736100235,8.982826948480845,2.261514875986853,49.97691176470588,4287.17"
"194328,Weekend Special,2024-09-16,Premium,Sms,3032,528,44,4537.04,6317.38,2.53,17.41424802110818,8.333333333333332,1.3924012131257384,103.11454545454545,1780.3400000000001"
"526932,Festival Offer,2024-09-16,New Users,App,2966,466,74,4368.28,2078.06,1.58,15.711395819285231,15.879828326180256,0.4757158423910555,59.030810810810806,-2290.22"
"239332,Flash Sale,2024-09-16,New Users,Email,3104,439,82,3771.94,4110.53,3.89,14.143041237113401,18.678815489749432,1.0897654787721966,45.99926829268293,338.5899999999997"
"536128,Membership Drive,2024-09-16,Premium,Social Media,4651,872,72,4511.18,9387.89,2.79,18.748656202967105,8.256880733944955,2.081027580366999,62.65527777777778,4876.709999999999"
"148488,Category Promotion,2024-09-16,Inactive,Sms,8567,124,65,4114.66,7749.69,3.51,1.44741449749037,52.41935483870967,1.8834338681689373,63.302461538461536,3635.0299999999997"
"758009,App Push Notification,2024-09-16,Inactive,Sms,2287,229,55,4649.78,2292.71,2.25,10.013117621337997,24.017467248908297,0.49307924245878304,84.54145454545454,-2357.0699999999997"
"601602,Email Campaign,2024-09-16,New Users,App,5040,282,80,4494.56,5536.93,3.54,5.595238095238096,28.368794326241137,1.2319181410416147,56.182,1042.37"
"359877,Referral Program,2024-09-16,New Users,Email,3890,241,46,1096.3,6333.43,1.89,6.195372750642673,19.08713692946058,5.7770956854875495,23.832608695652173,5237.13"
"579732,New User Discount,2024-09-15,New Users,Social Media,9309,932,21,3901.76,3441.23,3.0,10.01181652164572,2.2532188841201717,0.8819686500451078,185.79809523809524,-460.5300000000002"
"770315,Weekend Special,2024-09-15,All,Sms,7745,569,80,2566.25,5070.32,1.62,7.346675274370562,14.059753954305801,1.9757700925474913,32.078125,2504.0699999999997"
"338848,Festival Offer,2024-09-15,Premium,Sms,5986,585,81,2308.55,2644.99,2.18,9.77280320748413,13.846153846153847,1.1457365012670289,28.500617283950618,336.4399999999996"
"304320,Flash Sale,2024-09-15,All,Sms,6016,507,95,1291.54,8483.77,3.19,8.42752659574468,18.73767258382643,6.568724158756214,13.595157894736841,7192.2300000000005"
"327481,Membership Drive,2024-09-15,Premium,Social Media,7171,328,89,3620.22,6344.97,3.41,4.5739785246130245,27.134146341463417,1.7526476291496098,40.676629213483146,2724.7500000000005"
"954270,Category Promotion,2024-09-15,Premium,Email,6581,142,95,4185.84,7955.12,2.12,2.157726789241756,66.90140845070422,1.9004835349655027,44.061473684210526,3769.2799999999997"
"388343,App Push Notification,2024-09-15,All,Email,7205,762,63,1052.25,7690.23,3.44,10.575988896599583,8.267716535433072,7.3083677833214535,16.702380952380953,6637.98"
"957709,Email Campaign,2024-09-15,Inactive,Social Media,4954,344,21,2423.63,7850.83,2.58,6.943883730318934,6.104651162790697,3.2392856995498485,115.41095238095238,5427.2"
"456168,Referral Program,2024-09-15,New Users,Sms,7195,293,73,1933.06,8067.77,3.65,4.072272411396803,24.914675767918087,4.173574539848738,26.48027397260274,6134.710000000001"
"187270,New User Discount,2024-09-14,New Users,App,3515,632,34,3819.45,9715.99,2.24,17.9800853485064,5.379746835443038,2.5438191362630747,112.33676470588235,5896.54"
"308542,Weekend Special,2024-09-14,New Users,Email,7732,760,68,2173.02,5551.08,3.67,9.82928091050181,8.947368421052632,2.554546207582075,31.956176470588236,3378.06"
"885829,Festival Offer,2024-09-14,New Users,Sms,9327,344,26,1184.78,6519.08,1.62,3.68821700439584,7.55813953488372,5.502354867570351,45.568461538461534,5334.3"
"268619,Flash Sale,2024-09-14,Premium,Email,3996,821,22,4662.11,3163.63,3.04,20.545545545545547,2.679658952496955,0.6785833024102821,211.9140909090909,-1498.4799999999996"
"602385,Membership Drive,2024-09-14,Inactive,Sms,5959,727,14,1930.88,5315.57,3.0,12.200033562678302,1.925722145804677,2.7529261269472984,137.92000000000002,3384.6899999999996"
"197468,Category Promotion,2024-09-14,New Users,Sms,7815,614,38,1452.62,8500.81,2.19,7.856685860524632,6.188925081433225,5.852053530861478,38.22684210526315,7048.19"
"399124,App Push Notification,2024-09-14,Inactive,App,2364,893,30,4344.97,6357.39,2.14,37.77495769881556,3.3594624860022395,1.4631608503626032,144.83233333333334,2012.42"
"252668,Email Campaign,2024-09-14,Premium,App,1955,589,72,4987.68,2722.52,3.0,30.127877237851663,12.224108658743633,0.5458489718666795,69.27333333333334,-2265.1600000000003"
"596992,Referral Program,2024-09-14,New Users,App,2446,698,56,2058.06,2017.82,3.47,28.536385936222402,8.022922636103152,0.9804476059978815,36.75107142857143,-40.24000000000001"
"335092,New User Discount,2024-09-13,Inactive,Sms,8492,339,53,2485.5,6002.71,2.04,3.991992463495054,15.634218289085547,2.415091530879099,46.89622641509434,3517.21"
"928938,Weekend Special,2024-09-13,All,Email,4954,195,86,2291.92,5622.94,3.61,3.9362131610819544,44.1025641025641,2.4533753359628605,26.650232558139535,3331.0199999999995"
"809730,Festival Offer,2024-09-13,Premium,App,3597,238,39,2493.48,2234.52,3.88,6.6166249652488185,16.386554621848738,0.896145146542182,63.93538461538461,-258.96000000000004"
"430687,Flash Sale,2024-09-13,Premium,Email,2954,495,33,2847.36,5177.1,2.61,16.756939742721734,6.666666666666667,1.8182105529332435,86.28363636363636,2329.7400000000002"
"812811,Membership Drive,2024-09-13,Inactive,Social Media,8446,209,70,3036.29,8859.44,3.86,2.4745441629173572,33.49282296650718,2.9178504029588743,43.375571428571426,5823.150000000001"
"531923,Category Promotion,2024-09-13,All,Social Media,3858,876,69,3110.86,6860.01,3.24,22.70606531881804,7.876712328767123,2.2051812039114584,45.08492753623189,3749.15"
"854027,App Push Notification,2024-09-13,Premium,Sms,7095,967,13,2503.85,6353.24,1.97,13.629316420014096,1.344364012409514,2.5373884218303813,192.60384615384615,3849.39"
"571690,Email Campaign,2024-09-13,All,App,9965,864,39,1068.06,5163.44,2.08,8.670346211741094,4.513888888888888,4.834410051869745,27.386153846153846,4095.3799999999997"
"737031,Referral Program,2024-09-13,Premium,Email,2101,511,78,1680.65,8173.7,2.87,24.321751546882435,15.264187866927593,4.863415940261208,21.546794871794873,6493.049999999999"
"280359,New User Discount,2024-09-12,All,Social Media,4909,557,44,4694.99,5262.26,2.66,11.346506416785495,7.899461400359066,1.1208245384974196,106.70431818181818,567.2700000000004"
"306683,Weekend Special,2024-09-12,Inactive,Sms,6087,695,93,1398.83,4143.99,2.7,11.417775587317234,13.381294964028779,2.9624686345016906,15.041182795698925,2745.16"
"436990,Festival Offer,2024-09-12,New Users,App,9162,484,65,4483.26,5777.11,1.93,5.282689369133377,13.429752066115702,1.288595798592988,68.97323076923077,1293.8499999999995"
"394785,Flash Sale,2024-09-12,All,App,8906,920,73,4847.74,2188.06,2.42,10.330114529530654,7.934782608695652,0.451356714675292,66.40739726027397,-2659.68"
"329029,Membership Drive,2024-09-12,New Users,Social Media,9296,410,97,4975.13,5145.89,3.32,4.410499139414802,23.65853658536585,1.034322721215325,51.29,170.76000000000022"
"450016,Category Promotion,2024-09-12,New Users,Sms,4649,616,40,1285.75,2689.6,1.76,13.250161325016133,6.493506493506493,2.09185300408322,32.14375,1403.85"
"142430,App Push Notification,2024-09-12,New Users,App,4671,904,71,2436.42,5253.8,2.69,19.353457503746522,7.853982300884955,2.1563605618078987,34.315774647887324,2817.38"
"987130,Email Campaign,2024-09-12,Premium,Sms,4020,759,16,3362.31,5961.25,3.14,18.880597014925375,2.1080368906455864,1.7729626358069304,210.144375,2598.94"
"728157,Referral Program,2024-09-12,All,Email,7376,381,93,2530.85,2270.95,2.41,5.165401301518438,24.409448818897637,0.8973072287966493,27.21344086021505,-259.9000000000001"
"803870,New User Discount,2024-09-11,All,Email,5141,160,15,4286.56,7103.62,3.37,3.1122349737405175,9.375,1.6571843156283825,285.77066666666667,2817.0599999999995"
"505467,Weekend Special,2024-09-11,Inactive,App,4480,506,38,3670.66,5352.24,2.05,11.294642857142858,7.5098814229249005,1.458113799698147,96.59631578947368,1681.58"
"20834,Festival Offer,2024-09-11,All,App,4599,595,77,3419.35,5493.47,3.3,12.93759512937595,12.941176470588237,1.6065831225232867,44.40714285714286,2074.1200000000003"
"443226,Flash Sale,2024-09-11,Inactive,Sms,5025,770,86,4178.33,5877.36,1.8,15.323383084577113,11.168831168831169,1.4066289642034018,48.58523255813953,1699.0299999999997"
"175411,Membership Drive,2024-09-11,Inactive,Sms,1032,709,23,2471.49,5235.05,2.49,68.7015503875969,3.244005641748942,2.118175675402288,107.45608695652173,2763.5600000000004"
"678790,Category Promotion,2024-09-11,Inactive,Sms,4840,528,77,1833.61,8867.29,2.65,10.909090909090908,14.583333333333334,4.835973843947187,23.813116883116884,7033.680000000001"
"101853,App Push Notification,2024-09-11,All,App,9616,787,85,4932.48,7009.97,3.83,8.184276206322796,10.800508259212197,1.4211856915790841,58.02917647058823,2077.4900000000007"
"910314,Email Campaign,2024-09-11,All,Social Media,2475,817,37,3298.03,3580.59,2.66,33.01010101010101,4.528763769889841,1.0856753880346752,89.13594594594595,282.55999999999995"
"601503,Referral Program,2024-09-11,Premium,App,6592,235,22,1113.34,4703.74,1.54,3.5649271844660193,9.361702127659575,4.224890868916953,50.60636363636363,3590.3999999999996"
"904811,New User Discount,2024-09-10,Premium,Social Media,3402,517,15,4301.06,5115.25,2.63,15.196942974720754,2.9013539651837523,1.189299847014457,286.73733333333337,814.1899999999996"
"31771,Weekend Special,2024-09-10,New Users,Sms,9549,854,81,2562.95,4020.32,2.01,8.943344852864174,9.484777517564403,1.5686298991396634,31.641358024691357,1457.3700000000003"
"608338,Festival Offer,2024-09-10,Inactive,Social Media,8906,761,15,4494.13,7443.03,3.96,8.54480125757916,1.971090670170828,1.656167044567024,299.6086666666667,2948.8999999999996"
"428511,Flash Sale,2024-09-10,Inactive,Social Media,9911,232,88,4084.51,4219.51,2.57,2.340833417414993,37.93103448275862,1.0330517002039412,46.41488636363636,135.0"
"143053,Membership Drive,2024-09-10,New Users,Sms,5021,362,19,1323.48,9333.82,3.4,7.209719179446325,5.248618784530387,7.052482848248556,69.65684210526315,8010.34"
"950893,Category Promotion,2024-09-10,Inactive,Social Media,8182,881,55,1806.74,7654.21,1.86,10.767538499144463,6.242905788876277,4.236475641210135,32.84981818181818,5847.47"
"736511,App Push Notification,2024-09-10,New Users,App,8616,111,33,1237.11,4075.84,3.52,1.2883008356545962,29.72972972972973,3.294646393610916,37.488181818181815,2838.7300000000005"
"588295,Email Campaign,2024-09-10,New Users,Social Media,4076,273,76,4004.88,9802.82,3.49,6.69774288518155,27.83882783882784,2.4477187830846368,52.695789473684215,5797.94"
"9624,Referral Program,2024-09-10,New Users,App,4172,144,57,1139.8,9098.98,2.5,3.451581975071908,39.58333333333333,7.982961923144411,19.996491228070173,7959.179999999999"
"35634,New User Discount,2024-09-09,New Users,App,7447,473,42,4306.67,4989.95,3.58,6.3515509601181686,8.879492600422834,1.158656223950291,102.5397619047619,683.2799999999997"
"523181,Weekend Special,2024-09-09,Premium,Sms,8883,279,15,2100.99,6727.19,3.85,3.1408308004052685,5.376344086021505,3.2019143356227304,140.06599999999997,4626.2"
"113406,Festival Offer,2024-09-09,All,Email,7081,122,60,4735.99,5654.34,2.04,1.7229204914560088,49.18032786885246,1.193908770922236,78.93316666666666,918.3500000000004"
"810456,Flash Sale,2024-09-09,All,Sms,6473,749,65,2685.99,5597.28,2.83,11.571141665379269,8.678237650200266,2.083879686819385,41.322923076923075,2911.29"
"309090,Membership Drive,2024-09-09,All,Email,3148,389,11,1348.31,4970.71,1.82,12.35705209656925,2.827763496143959,3.6866225126269185,122.57363636363635,3622.4"
"977629,Category Promotion,2024-09-09,Premium,Social Media,9516,197,76,3822.96,6746.74,3.04,2.070197562000841,38.578680203045685,1.7647948186745348,50.3021052631579,2923.7799999999997"
"859199,App Push Notification,2024-09-09,Inactive,Social Media,3429,887,65,3390.47,3673.82,1.77,25.867599883347914,7.328072153325817,1.083572484050884,52.16107692307692,283.35000000000036"
"212822,Email Campaign,2024-09-09,New Users,App,3669,725,21,4864.35,4546.27,3.7,19.760152630144454,2.896551724137931,0.9346099684438826,231.6357142857143,-318.0799999999999"
"512433,Referral Program,2024-09-09,All,Social Media,1825,212,69,3070.4,3746.48,1.5,11.616438356164384,32.54716981132076,1.2201928087545597,44.49855072463768,676.0799999999999"
"25450,New User Discount,2024-09-08,Premium,Sms,6787,370,16,2589.07,9052.38,2.48,5.451598644467364,4.324324324324325,3.496382871069534,161.816875,6463.3099999999995"
"652216,Weekend Special,2024-09-08,All,Email,8135,263,55,4992.36,7952.51,1.51,3.2329440688383526,20.912547528517113,1.5929360062175004,90.77018181818181,2960.1500000000005"
"819470,Festival Offer,2024-09-08,Premium,Social Media,2547,856,51,1559.86,8784.16,2.25,33.60816647035728,5.957943925233645,5.631377174874668,30.58549019607843,7224.3"
"804628,Flash Sale,2024-09-08,Inactive,Sms,2852,286,36,4869.73,5326.89,3.52,10.02805049088359,12.587412587412588,1.0938778946676717,135.27027777777778,457.16000000000076"
"525112,Membership Drive,2024-09-08,All,App,7136,603,93,1337.14,8534.88,3.88,8.450112107623319,15.422885572139302,6.382936715676742,14.377849462365592,7197.739999999999"
"71446,Category Promotion,2024-09-08,Premium,App,7445,611,36,3476.88,2079.66,2.06,8.206850235057086,5.8919803600654665,0.5981397114654518,96.58,-1397.2200000000003"
"313134,App Push Notification,2024-09-08,All,Sms,4536,282,87,1998.68,5444.3,1.71,6.216931216931217,30.851063829787233,2.723947805551664,22.973333333333333,3445.62"
"662582,Email Campaign,2024-09-08,Inactive,Sms,3673,480,72,3885.23,3226.5,1.78,13.068336509665123,15.0,0.8304527659881139,53.961527777777775,-658.73"
"8292,Referral Program,2024-09-08,All,Sms,6368,322,49,2067.0,4930.9,2.78,5.056532663316583,15.217391304347828,2.3855345911949684,42.183673469387756,2863.8999999999996"
"848267,New User Discount,2024-09-07,Inactive,Email,9978,666,88,2561.04,7416.03,2.71,6.674684305472038,13.213213213213212,2.895710336425827,29.10272727272727,4854.99"
"26262,Weekend Special,2024-09-07,New Users,Email,7764,321,79,3709.35,2761.61,2.01,4.134466769706337,24.610591900311526,0.7444997101918126,46.95379746835443,-947.7399999999998"
"291840,Festival Offer,2024-09-07,Premium,Email,1403,655,35,3885.11,5937.11,3.45,46.68567355666429,5.343511450381679,1.5281703735544165,111.00314285714286,2051.9999999999995"
"843774,Flash Sale,2024-09-07,New Users,App,8884,327,44,4028.68,8290.14,2.51,3.6807744259342643,13.455657492354739,2.05778071229286,91.56090909090909,4261.459999999999"
"107979,Membership Drive,2024-09-07,All,Email,8648,761,83,2725.14,6312.76,3.54,8.79972247918594,10.90670170827858,2.31649016197333,32.83301204819277,3587.6200000000003"
"36547,Category Promotion,2024-09-07,Inactive,App,2034,897,28,3570.22,2436.29,3.36,44.100294985250734,3.121516164994426,0.6823921214939136,127.50785714285713,-1133.9299999999998"
"616667,App Push Notification,2024-09-07,New Users,Email,7132,368,100,4210.77,4948.8,2.32,5.159842961301178,27.173913043478258,1.1752719811340917,42.1077,738.0299999999997"
"954564,Email Campaign,2024-09-07,Premium,Email,8529,188,30,3281.36,2933.9,1.84,2.2042443428303438,15.957446808510639,0.8941109783748202,109.37866666666667,-347.46000000000004"
"226055,Referral Program,2024-09-07,Premium,Sms,4411,738,46,3518.03,7883.29,2.24,16.730900022670596,6.233062330623306,2.240825120877309,76.47891304347827,4365.26"
"706963,New User Discount,2024-09-06,All,App,5308,706,56,2954.25,8117.02,3.34,13.300678221552372,7.932011331444759,2.747573834306508,52.754464285714285,5162.77"
"652341,Weekend Special,2024-09-06,Premium,Social Media,4228,203,50,3566.79,8360.63,1.53,4.801324503311259,24.63054187192118,2.3440208142335264,71.3358,4793.839999999999"
"537646,Festival Offer,2024-09-06,All,App,7582,133,65,4429.24,9654.93,3.85,1.754154576628858,48.87218045112782,2.1798164019109376,68.14215384615385,5225.6900000000005"
"900256,Flash Sale,2024-09-06,Premium,Sms,6071,246,23,1217.42,7351.02,3.78,4.052050732992917,9.34959349593496,6.038195528248263,52.93130434782609,6133.6"
"765222,Membership Drive,2024-09-06,All,App,2109,627,92,1056.46,8834.55,1.88,29.72972972972973,14.673046251993622,8.36240842057437,11.483260869565218,7778.089999999999"
"69566,Category Promotion,2024-09-06,Premium,Email,3019,413,59,3136.9,2078.48,2.34,13.680026498840675,14.285714285714285,0.6625904555452835,53.167796610169496,-1058.42"
"809453,App Push Notification,2024-09-06,New Users,App,7909,301,54,2366.84,6042.05,2.5,3.805790871159439,17.940199335548172,2.5527919081982726,43.830370370370375,3675.21"
"551324,Email Campaign,2024-09-06,All,Social Media,5661,302,21,3992.05,2040.23,1.78,5.334746511217099,6.95364238410596,0.5110732581004747,190.09761904761905,-1951.8200000000002"
"607932,Referral Program,2024-09-06,New Users,Social Media,5821,734,30,2942.04,9083.54,3.51,12.609517265074729,4.087193460490464,3.0874971108482554,98.068,6141.500000000001"
"141626,New User Discount,2024-09-05,Premium,Social Media,3107,100,79,1300.18,6920.98,3.58,3.21853878339234,79.0,5.3230937254841635,16.457974683544304,5620.799999999999"
"84838,Weekend Special,2024-09-05,Premium,Social Media,4043,608,32,2677.1,5040.88,3.55,15.038337867919862,5.263157894736842,1.8829629076239216,83.659375,2363.78"
"595586,Festival Offer,2024-09-05,Inactive,Sms,5935,215,73,4424.8,5887.69,2.47,3.6225779275484413,33.95348837209302,1.330611553064545,60.61369863013699,1462.8899999999994"
"257069,Flash Sale,2024-09-05,Premium,Email,3317,504,69,2821.14,5593.48,3.88,15.194452818812179,13.690476190476192,1.98270202825808,40.88608695652174,2772.3399999999997"
"613576,Membership Drive,2024-09-05,All,App,1228,811,97,3107.35,5219.54,1.7,66.04234527687296,11.960542540073984,1.6797399713582313,32.034536082474226,2112.19"
"92767,Category Promotion,2024-09-05,All,Social Media,6007,655,24,2240.78,3075.23,3.9,10.903945397036791,3.6641221374045805,1.3723926489882987,93.36583333333334,834.4499999999998"
"278662,App Push Notification,2024-09-05,All,Sms,7524,627,35,1359.09,6124.31,3.17,8.333333333333332,5.582137161084529,4.506184285073101,38.83114285714286,4765.22"
"42409,Email Campaign,2024-09-05,Inactive,Email,7417,555,18,1233.05,5467.16,2.01,7.482809761359039,3.2432432432432434,4.43385101982888,68.50277777777778,4234.11"
"376246,Referral Program,2024-09-05,Premium,App,1394,445,65,1608.06,4481.89,2.66,31.922525107604017,14.606741573033707,2.7871410270761046,24.739384615384616,2873.8300000000004"
"772273,New User Discount,2024-09-04,New Users,App,6459,284,64,3403.46,8555.12,1.61,4.396965474531661,22.535211267605636,2.513653752357895,53.1790625,5151.660000000001"
"474751,Weekend Special,2024-09-04,All,Email,4519,565,78,4355.17,6566.9,2.8,12.502766098694401,13.805309734513274,1.507840107274802,55.83551282051282,2211.7299999999996"
"612901,Festival Offer,2024-09-04,New Users,Social Media,7553,668,95,2622.89,5302.23,3.24,8.844167880312458,14.221556886227546,2.021522061542802,27.60936842105263,2679.3399999999997"
"559313,Flash Sale,2024-09-04,All,Social Media,1753,731,87,3222.65,3488.35,3.52,41.6999429549344,11.901504787961697,1.0824476750500365,37.041954022988506,265.6999999999998"
"750185,Membership Drive,2024-09-04,New Users,Social Media,7693,850,26,4094.6,4941.12,2.7,11.049005589496945,3.058823529411765,1.2067405851609436,157.48461538461538,846.52"
"84625,Category Promotion,2024-09-04,Premium,Sms,7618,145,62,1987.68,7711.53,3.42,1.9033867156734052,42.758620689655174,3.8796637285679787,32.05935483870968,5723.849999999999"
"160588,App Push Notification,2024-09-04,New Users,Social Media,7457,344,21,3735.31,2098.23,3.54,4.613115193777658,6.104651162790697,0.5617284776899374,177.87190476190477,-1637.08"
"375918,Email Campaign,2024-09-04,New Users,App,4655,144,10,3350.61,2679.66,3.75,3.093447905477981,6.944444444444445,0.7997528808187165,335.06100000000004,-670.9500000000003"
"393597,Referral Program,2024-09-04,Premium,Social Media,5909,924,36,4380.53,4416.73,2.76,15.637163648671518,3.896103896103896,1.0082638402202473,121.68138888888888,36.19999999999982"
"106263,New User Discount,2024-09-03,Inactive,Sms,1800,121,43,3868.25,3490.15,3.86,6.722222222222222,35.53719008264463,0.9022555419117172,89.95930232558139,-378.0999999999999"
"91797,Weekend Special,2024-09-03,Inactive,Email,8856,303,73,2097.23,6508.66,2.55,3.4214092140921406,24.09240924092409,3.1034555103636703,28.72917808219178,4411.43"
"134467,Festival Offer,2024-09-03,Inactive,App,3167,343,97,3052.4,2219.36,2.81,10.830438901168298,28.279883381924197,0.7270868824531517,31.468041237113404,-833.04"
"300089,Flash Sale,2024-09-03,New Users,Email,4667,911,64,4767.46,9527.34,3.26,19.52003428326548,7.025246981339188,1.9984100548300352,74.4915625,4759.88"
"909742,Membership Drive,2024-09-03,Premium,Email,9368,543,45,3166.02,9341.21,1.94,5.796327924850555,8.287292817679557,2.9504583041168404,70.356,6175.189999999999"
"34197,Category Promotion,2024-09-03,Inactive,Email,1801,237,39,1838.08,5871.67,1.95,13.159355913381454,16.455696202531644,3.1944583478412256,47.13025641025641,4033.59"
"942149,App Push Notification,2024-09-03,All,Sms,5199,470,79,2522.37,6793.74,3.59,9.040200038468935,16.80851063829787,2.6933954970920206,31.928734177215187,4271.37"
"235150,Email Campaign,2024-09-03,All,Social Media,8272,889,17,3752.3,5944.56,2.84,10.747098646034816,1.9122609673790776,1.5842443301441782,220.72352941176473,2192.26"
"265613,Referral Program,2024-09-03,All,Social Media,6446,821,67,2623.22,7004.42,3.49,12.736580825318027,8.160779537149818,2.670161099717142,39.15253731343283,4381.200000000001"
"699708,New User Discount,2024-09-02,New Users,App,8913,556,15,3563.71,8368.29,2.92,6.238079210142489,2.697841726618705,2.3481961214576947,237.58066666666667,4804.580000000001"
"564414,Weekend Special,2024-09-02,All,Email,3442,378,65,4869.53,9711.64,2.91,10.981987216734456,17.195767195767196,1.9943690664191411,74.91584615384615,4842.11"
"275834,Festival Offer,2024-09-02,Premium,Social Media,6944,629,48,4600.23,2410.01,1.88,9.058179723502304,7.631160572337042,0.5238890229401575,95.83812499999999,-2190.2199999999993"
"560270,Flash Sale,2024-09-02,All,Email,9286,706,39,4678.69,3740.59,1.92,7.602842989446479,5.524079320113314,0.7994951578326412,119.96641025641024,-938.0999999999995"
"698854,Membership Drive,2024-09-02,All,Social Media,4393,950,62,3692.83,8680.99,2.6,21.625312997951283,6.526315789473684,2.3507689224795074,59.56177419354839,4988.16"
"304933,Category Promotion,2024-09-02,All,Email,4702,294,82,2940.73,8030.8,1.8,6.252658443215653,27.89115646258503,2.730886548578074,35.86256097560975,5090.07"
"707038,App Push Notification,2024-09-02,All,Sms,7209,151,89,4212.55,4179.55,3.55,2.094603967263143,58.94039735099338,0.9921662650888416,47.332022471910115,-33.0"
"520794,Email Campaign,2024-09-02,All,App,4094,885,12,4519.23,7795.42,2.69,21.617000488519786,1.3559322033898304,1.7249442936075394,376.60249999999996,3276.1900000000005"
"729973,Referral Program,2024-09-02,Inactive,Email,8164,873,96,1969.59,8899.66,2.63,10.69328760411563,10.996563573883162,4.518534314248143,20.5165625,6930.07"
"736829,New User Discount,2024-09-01,New Users,Social Media,1422,302,88,4238.34,3731.53,3.05,21.237693389592124,29.13907284768212,0.880422523912664,48.16295454545455,-506.80999999999995"
"398685,Weekend Special,2024-09-01,All,Email,2164,190,93,2353.05,6828.39,2.12,8.78003696857671,48.94736842105264,2.9019315356664754,25.30161290322581,4475.34"
"41538,Festival Offer,2024-09-01,All,Social Media,8700,975,48,2673.2,4536.76,2.66,11.206896551724139,4.923076923076923,1.6971270387550503,55.69166666666666,1863.5600000000004"
"212280,Flash Sale,2024-09-01,All,App,8909,592,96,3493.19,5324.42,2.29,6.644965764956785,16.216216216216218,1.52422857044707,36.387395833333336,1831.23"
"303662,Membership Drive,2024-09-01,New Users,App,4875,593,55,2046.73,7664.79,1.83,12.164102564102564,9.27487352445194,3.744895516262526,37.21327272727273,5618.0599999999995"
"562441,Category Promotion,2024-09-01,Premium,Sms,7368,292,31,4101.73,6904.06,2.18,3.9630836047774154,10.616438356164384,1.6832068419910626,132.31387096774193,2802.330000000001"
"388717,App Push Notification,2024-09-01,Inactive,App,6810,938,95,1844.63,6778.49,2.81,13.773861967694568,10.127931769722814,3.6747152545496924,19.417157894736842,4933.86"
"418170,Email Campaign,2024-09-01,Inactive,App,5648,389,88,2432.33,2998.61,3.6,6.887393767705382,22.62210796915167,1.2328138040479706,27.640113636363637,566.2800000000002"
"965389,Referral Program,2024-09-01,New Users,Email,7053,154,98,4843.93,8791.64,3.24,2.1834680277895933,63.63636363636363,1.814980811035667,49.42785714285714,3947.709999999999"
"604783,New User Discount,2024-08-31,All,Sms,6198,250,98,3305.56,4885.0,2.64,4.033559212649242,39.2,1.477813139074771,33.73020408163265,1579.44"
"966480,Weekend Special,2024-08-31,New Users,Social Media,8359,439,65,1039.08,5569.58,1.81,5.251824380906807,14.80637813211845,5.3601070177464685,15.985846153846152,4530.5"
"668481,Festival Offer,2024-08-31,All,Email,9146,264,90,1124.49,4826.22,3.5,2.8865077629564837,34.090909090909086,4.291919003281488,12.494333333333334,3701.7300000000005"
"27202,Flash Sale,2024-08-31,Premium,Email,6510,679,47,4842.73,9894.47,3.36,10.43010752688172,6.9219440353460975,2.0431595401767186,103.0368085106383,5051.74"
"964374,Membership Drive,2024-08-31,Premium,Email,9482,767,79,4083.54,6471.88,2.63,8.089010757224214,10.29986962190352,1.5848699902535546,51.69037974683544,2388.34"
"106315,Category Promotion,2024-08-31,All,App,2915,535,40,3758.0,8693.91,3.12,18.353344768439108,7.476635514018691,2.3134406599254924,93.95,4935.91"
"490387,App Push Notification,2024-08-31,Inactive,Sms,5523,692,70,1092.09,4661.36,2.0,12.529422415353974,10.115606936416185,4.268292906262304,15.601285714285714,3569.2699999999995"
"398867,Email Campaign,2024-08-31,New Users,App,9583,168,96,4198.7,5564.01,1.54,1.7531044558071585,57.14285714285714,1.3251744587610452,43.73645833333333,1365.3100000000004"
"219517,Referral Program,2024-08-31,Inactive,Sms,2284,179,58,3494.49,9301.19,2.02,7.837127845884413,32.402234636871505,2.6616730910662216,60.24982758620689,5806.700000000001"
"458235,New User Discount,2024-08-30,New Users,App,4669,246,11,4396.4,7134.6,1.97,5.268794174341401,4.471544715447155,1.6228277681739607,399.67272727272723,2738.2000000000007"
"632559,Weekend Special,2024-08-30,New Users,Email,7983,185,12,3247.33,6025.89,3.07,2.3174245271201306,6.486486486486487,1.8556444833139842,270.61083333333335,2778.5600000000004"
"764433,Festival Offer,2024-08-30,Inactive,Sms,8965,137,73,2144.45,7048.71,3.21,1.528165086447295,53.284671532846716,3.2869546970085572,29.376027397260273,4904.26"
"515231,Flash Sale,2024-08-30,Inactive,Social Media,6432,650,24,3232.09,2763.84,3.29,10.105721393034827,3.6923076923076925,0.8551247025918214,134.67041666666668,-468.25"
"938560,Membership Drive,2024-08-30,All,Social Media,5700,262,61,4132.36,2712.71,3.89,4.5964912280701755,23.282442748091604,0.6564553911082288,67.74360655737705,-1419.6499999999996"
"134796,Category Promotion,2024-08-30,All,App,2565,110,26,4959.67,7866.39,3.98,4.28849902534113,23.636363636363637,1.5860712507082124,190.75653846153847,2906.7200000000003"
"165252,App Push Notification,2024-08-30,Premium,Social Media,5720,208,21,2380.07,2983.92,2.37,3.6363636363636362,10.096153846153847,1.2537110253059784,113.33666666666667,603.8499999999999"
"926899,Email Campaign,2024-08-30,Premium,Social Media,9463,814,40,1709.36,6276.05,3.05,8.601923280143717,4.914004914004914,3.6715788365236115,42.733999999999995,4566.6900000000005"
"89611,Referral Program,2024-08-30,New Users,Social Media,3326,180,60,1621.38,2629.63,3.32,5.411906193625978,33.33333333333333,1.6218468218431212,27.023000000000003,1008.25"
"349974,New User Discount,2024-08-29,Inactive,App,5479,267,45,2111.78,2571.64,3.61,4.8731520350428905,16.853932584269664,1.2177594256977524,46.92844444444445,459.8599999999997"
"840932,Weekend Special,2024-08-29,Inactive,Social Media,3101,981,29,2507.26,4441.74,2.04,31.634956465656238,2.9561671763506627,1.771551414691735,86.45724137931035,1934.4799999999996"
"270200,Festival Offer,2024-08-29,All,App,3533,612,80,1250.71,3949.22,3.8,17.322388904613643,13.071895424836603,3.157582493143894,15.633875,2698.5099999999998"
"541518,Flash Sale,2024-08-29,Premium,Social Media,8702,482,16,2710.84,7386.55,1.91,5.538956561709952,3.319502074688797,2.724819613108852,169.4275,4675.71"
"665101,Membership Drive,2024-08-29,All,Email,3334,778,61,3179.73,6061.9,2.34,23.335332933413316,7.840616966580977,1.9064197274611365,52.12672131147541,2882.1699999999996"
"531087,Category Promotion,2024-08-29,All,App,2945,321,74,2394.67,9955.62,3.24,10.899830220713074,23.05295950155763,4.15740791006694,32.36040540540541,7560.950000000001"
"908997,App Push Notification,2024-08-29,Premium,Email,9581,853,40,2550.54,3123.29,2.28,8.903037261246215,4.6893317702227435,1.224560289193661,63.7635,572.75"
"598433,Email Campaign,2024-08-29,Inactive,App,9065,223,11,3967.19,9624.43,3.36,2.4600110314396026,4.932735426008969,2.426006820948833,360.6536363636364,5657.24"
"261172,Referral Program,2024-08-29,Premium,Email,8368,730,70,2215.08,6530.38,3.33,8.723709369024856,9.58904109589041,2.9481463423442946,31.644,4315.3"
"106560,New User Discount,2024-08-28,Premium,Social Media,6236,987,51,1731.08,6403.47,3.15,15.82745349583066,5.167173252279635,3.699118469394829,33.94274509803921,4672.39"
"597318,Weekend Special,2024-08-28,Inactive,Sms,3845,681,63,3576.19,7355.25,1.84,17.711313394018205,9.251101321585903,2.056727970270036,56.764920634920635,3779.06"
"154974,Festival Offer,2024-08-28,Premium,Email,6260,301,55,4906.43,6597.35,2.74,4.8083067092651754,18.272425249169437,1.3446334707720278,89.20781818181818,1690.92"
"235562,Flash Sale,2024-08-28,All,Email,9389,631,93,3591.5,8002.71,2.41,6.7206305250825435,14.73851030110935,2.228236113044689,38.61827956989247,4411.21"
"746461,Membership Drive,2024-08-28,All,Email,9294,679,28,4134.06,6930.78,2.51,7.305788680869378,4.123711340206185,1.6765068721789231,147.645,2796.7199999999993"
"799372,Category Promotion,2024-08-28,Inactive,Social Media,5214,305,65,3484.05,4879.82,2.62,5.84963559647104,21.311475409836063,1.400617097917653,53.60076923076923,1395.7699999999995"
"947076,App Push Notification,2024-08-28,Inactive,Sms,6307,711,29,1798.32,5753.52,3.96,11.273188520691296,4.0787623066104075,3.199386093687442,62.01103448275862,3955.2000000000007"
"999377,Email Campaign,2024-08-28,All,App,2864,622,55,4677.7,9655.34,2.98,21.717877094972067,8.842443729903538,2.0641212561729056,85.0490909090909,4977.64"
"131812,Referral Program,2024-08-28,All,Sms,6496,848,33,2903.65,7677.6,3.63,13.054187192118228,3.891509433962264,2.644120331307148,87.98939393939395,4773.950000000001"
"530544,New User Discount,2024-08-27,All,Social Media,3093,617,72,3554.17,4852.48,2.24,19.948270287746524,11.66936790923825,1.3652920372407622,49.36347222222222,1298.3099999999995"
"523856,Weekend Special,2024-08-27,New Users,Sms,4391,161,85,1227.47,4816.83,1.96,3.6665907538146207,52.79503105590062,3.9241936666476573,14.440823529411764,3589.3599999999997"
"143504,Festival Offer,2024-08-27,New Users,Sms,1800,452,49,4981.39,3726.88,3.92,25.11111111111111,10.84070796460177,0.7481606539540169,101.66102040816327,-1254.5100000000002"
"429784,Flash Sale,2024-08-27,Inactive,App,5652,853,84,4147.33,8378.42,3.86,15.092002830856336,9.847596717467761,2.020196126182387,49.37297619047619,4231.09"
"113886,Membership Drive,2024-08-27,Inactive,Social Media,7705,260,66,2509.56,9138.94,2.93,3.3744321868916285,25.384615384615383,3.6416503291413638,38.02363636363636,6629.380000000001"
"742481,Category Promotion,2024-08-27,Premium,App,1273,428,29,2093.15,4304.91,2.76,33.62136684996072,6.775700934579438,2.0566657907937795,72.17758620689655,2211.7599999999998"
"519542,App Push Notification,2024-08-27,Inactive,Sms,3973,156,42,2188.12,2486.77,2.1,3.9265039013340046,26.923076923076923,1.1364870299617937,52.09809523809523,298.6500000000001"
"399975,Email Campaign,2024-08-27,New Users,Email,3972,780,27,4831.74,3627.61,1.85,19.637462235649547,3.4615384615384617,0.7507875009830828,178.95333333333332,-1204.1299999999997"
"793282,Referral Program,2024-08-27,New Users,Social Media,5858,798,37,2687.45,2933.79,3.12,13.622396722430864,4.636591478696742,1.0916631007088504,72.63378378378378,246.34000000000015"
"915778,New User Discount,2024-08-26,All,App,5146,654,23,2536.68,6382.49,3.81,12.708900116595414,3.5168195718654434,2.516080073166501,110.29043478260868,3845.81"
"233466,Weekend Special,2024-08-26,New Users,App,4273,385,60,3909.24,8375.42,1.64,9.01006318745612,15.584415584415584,2.1424675896082106,65.154,4466.18"
"930068,Festival Offer,2024-08-26,All,App,4551,784,97,2272.7,8028.78,2.13,17.226983080641617,12.372448979591837,3.5327055924671096,23.42989690721649,5756.08"
"694681,Flash Sale,2024-08-26,All,Social Media,3665,203,78,1299.03,3399.25,3.97,5.538881309686221,38.42364532019704,2.6167601979938877,16.654230769230768,2100.2200000000003"
"157009,Membership Drive,2024-08-26,Premium,Sms,2895,674,92,4700.08,3078.73,2.33,23.281519861830745,13.649851632047477,0.6550377865908665,51.08782608695652,-1621.35"
"196230,Category Promotion,2024-08-26,Inactive,Social Media,1081,341,64,2083.5,8567.09,2.59,31.54486586493987,18.7683284457478,4.111874250059995,32.5546875,6483.59"
"654429,App Push Notification,2024-08-26,Premium,Social Media,9492,448,85,2228.51,2847.47,2.32,4.71976401179941,18.973214285714285,1.277746117360927,26.217764705882356,618.9599999999996"
"132669,Email Campaign,2024-08-26,Premium,Sms,1673,1000,60,2285.82,2338.4,3.72,59.77286312014346,6.0,1.0230026861257666,38.097,52.57999999999993"
"145503,Referral Program,2024-08-26,Premium,Email,4754,206,55,2813.13,7425.56,3.36,4.333193100546908,26.699029126213592,2.639607838955185,51.14781818181818,4612.43"
"22459,New User Discount,2024-08-25,All,App,7793,427,30,4221.53,6827.3,3.93,5.4792762735788525,7.02576112412178,1.6172572503334102,140.71766666666664,2605.7700000000004"
"261354,Weekend Special,2024-08-25,New Users,Social Media,4303,543,42,3544.24,6050.64,2.83,12.619102951429234,7.734806629834254,1.7071755863034108,84.38666666666666,2506.4000000000005"
"258273,Festival Offer,2024-08-25,Inactive,Email,6169,549,37,3100.54,2341.72,3.56,8.89933538661047,6.739526411657559,0.7552619866216852,83.79837837837837,-758.8200000000002"
"32575,Flash Sale,2024-08-25,Inactive,Social Media,2083,323,26,3018.5,5970.93,3.32,15.506481036965914,8.04953560371517,1.978111644856717,116.09615384615384,2952.4300000000003"
"176026,Membership Drive,2024-08-25,Premium,Email,3563,833,82,2371.45,9832.7,2.44,23.37917485265226,9.843937575030012,4.1462818107065305,28.92012195121951,7461.250000000001"
"192426,Category Promotion,2024-08-25,Inactive,App,1189,735,46,2554.76,2730.5,3.18,61.81665264928511,6.258503401360545,1.0687892404766004,55.53826086956522,175.73999999999978"
"868612,App Push Notification,2024-08-25,New Users,Email,9760,825,80,1543.32,9270.58,2.5,8.452868852459016,9.696969696969697,6.0069071871031285,19.2915,7727.26"
"91435,Email Campaign,2024-08-25,Premium,Email,8094,411,13,1047.19,6583.72,2.43,5.077835433654559,3.1630170316301705,6.287034826535777,80.55307692307693,5536.530000000001"
"243,Referral Program,2024-08-25,Premium,Email,2480,639,53,3641.18,5970.43,3.99,25.766129032258068,8.294209702660407,1.639696472022806,68.70150943396226,2329.2500000000005"
"571654,New User Discount,2024-08-24,All,Sms,8814,389,79,4948.12,9950.16,1.86,4.413433174495121,20.308483290488432,2.010897067977333,62.63443037974683,5002.04"
"481541,Weekend Special,2024-08-24,New Users,Email,6351,682,51,1795.71,6040.66,3.6,10.738466383246733,7.47800586510264,3.3639396116299403,35.21,4244.95"
"795336,Festival Offer,2024-08-24,All,Email,2624,178,38,2470.27,9543.06,3.71,6.783536585365854,21.34831460674157,3.8631647552696666,65.0071052631579,7072.789999999999"
"964221,Flash Sale,2024-08-24,All,App,2780,224,43,2319.67,3148.2,1.98,8.057553956834532,19.196428571428573,1.357175805179185,53.945813953488376,828.5299999999997"
"540439,Membership Drive,2024-08-24,All,App,5242,223,99,1680.27,3440.57,2.65,4.2541014879816865,44.39461883408072,2.0476292500610023,16.972424242424243,1760.3000000000002"
"128968,Category Promotion,2024-08-24,Premium,App,7657,302,38,1678.27,6093.93,2.47,3.944103434765574,12.582781456953644,3.6310784319567175,44.165,4415.66"
"861794,App Push Notification,2024-08-24,Premium,Email,3989,167,46,1339.93,9062.97,2.43,4.186512910503885,27.54491017964072,6.763763778704857,29.128913043478263,7723.039999999999"
"334651,Email Campaign,2024-08-24,New Users,Social Media,9209,463,21,4637.81,4297.99,1.53,5.027690302964491,4.535637149028078,0.9267283480780798,220.84809523809525,-339.8200000000006"
"544173,Referral Program,2024-08-24,Premium,App,1403,661,93,3792.42,6555.98,3.21,47.11332858161084,14.069591527987896,1.728706208700513,40.77870967741936,2763.5599999999995"
"995734,New User Discount,2024-08-23,Premium,Email,9044,924,55,2419.76,2716.64,2.36,10.21671826625387,5.952380952380952,1.1226898535391938,43.995636363636365,296.87999999999965"
"685200,Weekend Special,2024-08-23,New Users,Social Media,6738,567,18,2683.84,2645.4,4.0,8.414959928762244,3.1746031746031744,0.9856772385835221,149.10222222222222,-38.440000000000055"
"18141,Festival Offer,2024-08-23,Premium,Social Media,7323,298,93,2738.0,4515.64,3.0,4.069370476580636,31.20805369127517,1.649247626004383,29.440860215053764,1777.6400000000003"
"367221,Flash Sale,2024-08-23,New Users,Social Media,7196,315,53,3064.54,3459.03,1.78,4.3774319066147855,16.825396825396826,1.1287273130714561,57.82150943396226,394.49000000000024"
"658145,Membership Drive,2024-08-23,New Users,Email,7801,320,62,4400.05,9731.72,2.25,4.10203820023074,19.375,2.2117294121657705,70.96854838709677,5331.669999999999"
"917306,Category Promotion,2024-08-23,New Users,App,6000,247,89,1802.4,3175.08,3.26,4.116666666666666,36.032388663967616,1.7615845539280957,20.251685393258427,1372.6799999999998"
"609687,App Push Notification,2024-08-23,Inactive,Social Media,3042,220,35,4897.47,6835.03,1.92,7.232084155161078,15.909090909090908,1.3956246796815497,139.9277142857143,1937.5599999999995"
"552004,Email Campaign,2024-08-23,All,Email,2911,559,95,3573.55,4533.25,2.02,19.203023016145654,16.99463327370304,1.2685564774523932,37.61631578947369,959.6999999999998"
"391939,Referral Program,2024-08-23,Premium,Email,6262,694,32,4026.13,7182.83,3.29,11.082721175343341,4.610951008645533,1.784053172649666,125.8165625,3156.7"
"664533,New User Discount,2024-08-22,Inactive,Social Media,6188,610,73,2648.08,5985.68,2.19,9.857789269553976,11.967213114754099,2.260384882631945,36.275068493150684,3337.6000000000004"
"926570,Weekend Special,2024-08-22,Premium,Social Media,5255,988,71,3283.04,3220.0,1.8,18.8011417697431,7.186234817813765,0.9807982845167893,46.24,-63.039999999999964"
"913744,Festival Offer,2024-08-22,All,Social Media,5031,698,92,3439.36,3706.15,3.5,13.87398131584178,13.18051575931232,1.077569664123558,37.38434782608696,266.78999999999996"
"681774,Flash Sale,2024-08-22,New Users,Email,8711,282,96,2239.55,3545.06,2.28,3.237286189874871,34.04255319148936,1.5829340715768792,23.328645833333336,1305.5099999999998"
"863138,Membership Drive,2024-08-22,New Users,Email,4617,718,38,1529.18,5291.55,3.72,15.55122373835824,5.2924791086350975,3.4603839966518004,40.241578947368424,3762.37"
"641708,Category Promotion,2024-08-22,Premium,Email,1587,657,50,3963.66,8755.82,2.38,41.39886578449906,7.610350076103501,2.2090239828845055,79.2732,4792.16"
"10707,App Push Notification,2024-08-22,New Users,Social Media,3887,279,83,2882.64,3331.15,1.89,7.1777720607152045,29.749103942652326,1.1555900147087392,34.73060240963855,448.5100000000002"
"167036,Email Campaign,2024-08-22,Inactive,Email,4812,637,95,1151.52,6441.58,3.6,13.23773898586866,14.91365777080063,5.593980130609976,12.121263157894736,5290.0599999999995"
"414240,Referral Program,2024-08-22,New Users,App,9760,904,67,1993.79,9612.58,3.38,9.262295081967213,7.411504424778761,4.8212600123383105,29.758059701492538,7618.79"
"655591,New User Discount,2024-08-21,Premium,Social Media,3997,175,46,4506.06,9413.23,3.37,4.378283712784588,26.285714285714285,2.0890156811050007,97.95782608695653,4907.169999999999"
"214126,Weekend Special,2024-08-21,New Users,Social Media,1911,322,20,3355.16,4343.0,1.88,16.84981684981685,6.211180124223603,1.294424110921685,167.75799999999998,987.8400000000001"
"849043,Festival Offer,2024-08-21,Premium,Sms,1017,555,75,1097.9,3816.51,3.58,54.572271386430685,13.513513513513514,3.476190909918936,14.638666666666667,2718.61"
"758649,Flash Sale,2024-08-21,Premium,Social Media,6952,600,81,2882.36,3146.54,3.76,8.63060989643268,13.5,1.09165406125536,35.58469135802469,264.17999999999984"
"643133,Membership Drive,2024-08-21,Inactive,Sms,9138,616,30,4831.86,2630.68,1.63,6.741081199387175,4.870129870129871,0.5444445824175369,161.06199999999998,-2201.18"
"364794,Category Promotion,2024-08-21,Premium,Email,3456,840,64,2940.5,6315.99,2.94,24.305555555555554,7.6190476190476195,2.14793062404353,45.9453125,3375.49"
"763730,App Push Notification,2024-08-21,All,App,1254,536,83,1877.51,2421.68,1.97,42.74322169059011,15.485074626865671,1.2898360061997005,22.620602409638554,544.1699999999998"
"479615,Email Campaign,2024-08-21,All,Social Media,3825,833,42,2206.95,8674.76,2.92,21.777777777777775,5.042016806722689,3.9306554294388185,52.546428571428564,6467.81"
"674595,Referral Program,2024-08-21,All,Email,6929,386,81,2279.44,3972.66,1.53,5.570789435705008,20.984455958549223,1.7428227985821079,28.141234567901236,1693.2199999999998"
"26843,New User Discount,2024-08-20,Inactive,Email,2314,983,72,3316.6,4068.95,2.09,42.48055315471046,7.3245167853509665,1.22684375565338,46.06388888888889,752.3499999999999"
"910163,Weekend Special,2024-08-20,All,Sms,4131,888,48,3114.93,8649.78,2.37,21.4960058097313,5.405405405405405,2.776877811058355,64.894375,5534.85"
"705483,Festival Offer,2024-08-20,Inactive,Social Media,3478,436,46,1245.46,2706.45,3.05,12.535940195514664,10.550458715596331,2.173052526777255,27.07521739130435,1460.9899999999998"
"710085,Flash Sale,2024-08-20,Premium,App,5250,778,70,3036.32,7028.45,1.57,14.819047619047618,8.997429305912597,2.3147922485113557,43.376000000000005,3992.1299999999997"
"195392,Membership Drive,2024-08-20,Inactive,App,2018,621,31,1872.63,7240.22,3.34,30.773042616451935,4.99194847020934,3.866337717541639,60.407419354838716,5367.59"
"10907,Category Promotion,2024-08-20,All,Sms,8100,606,19,1790.86,3124.92,3.68,7.481481481481482,3.1353135313531353,1.7449270183040553,94.2557894736842,1334.0600000000002"
"536852,App Push Notification,2024-08-20,New Users,Sms,6864,496,28,3701.18,7088.25,1.94,7.226107226107226,5.64516129032258,1.9151324712659208,132.185,3387.07"
"342908,Email Campaign,2024-08-20,All,Social Media,9847,686,92,2377.72,6406.71,2.4,6.9665888087742465,13.411078717201166,2.694476220917518,25.84478260869565,4028.9900000000002"
"456999,Referral Program,2024-08-20,Inactive,Social Media,4991,167,76,2636.96,2751.97,2.73,3.3460228411140056,45.50898203592814,1.0436146168315028,34.69684210526316,115.00999999999976"
"112950,New User Discount,2024-08-19,Premium,Email,1695,476,40,4890.05,9414.42,3.72,28.08259587020649,8.403361344537815,1.9252195785319168,122.25125,4524.37"
"728495,Weekend Special,2024-08-19,New Users,Sms,4649,110,53,3637.97,7024.83,2.43,2.366100236610024,48.18181818181818,1.9309752416869848,68.6409433962264,3386.86"
"566356,Festival Offer,2024-08-19,Premium,Social Media,3235,909,65,2047.7,4206.84,2.07,28.09891808346213,7.15071507150715,2.0544220344777067,31.503076923076925,2159.1400000000003"
"252419,Flash Sale,2024-08-19,Inactive,Social Media,9745,879,39,1245.98,3051.63,2.52,9.020010261672653,4.436860068259386,2.4491805646960625,31.948205128205128,1805.65"
"563651,Membership Drive,2024-08-19,Inactive,Social Media,7031,316,10,1850.67,4712.77,3.03,4.49438202247191,3.1645569620253164,2.546520989695624,185.067,2862.1000000000004"
"363017,Category Promotion,2024-08-19,Inactive,Email,5109,564,10,1921.9,4834.74,1.98,11.039342337052261,1.773049645390071,2.5156043498621155,192.19,2912.8399999999997"
"66048,App Push Notification,2024-08-19,New Users,Sms,2693,566,24,2435.35,9907.63,2.76,21.017452655031562,4.240282685512367,4.068257129365389,101.47291666666666,7472.279999999999"
"197525,Email Campaign,2024-08-19,All,Sms,8042,852,99,3420.16,2019.53,3.4,10.594379507585177,11.619718309859154,0.590478223241018,34.5470707070707,-1400.6299999999999"
"76048,Referral Program,2024-08-19,All,Email,6442,145,100,3211.44,4547.59,2.33,2.2508537721204593,68.96551724137932,1.4160594624218419,32.1144,1336.15"
"52679,New User Discount,2024-08-18,Inactive,Email,8630,536,76,4773.79,2879.94,3.77,6.210892236384705,14.17910447761194,0.60328166928164,62.81302631578947,-1893.85"
"176733,Weekend Special,2024-08-18,Inactive,Email,2270,735,37,3626.83,9659.02,3.16,32.378854625550666,5.034013605442176,2.6632127781009864,98.02243243243242,6032.1900000000005"
"476080,Festival Offer,2024-08-18,Premium,Email,9612,745,92,2067.79,8478.72,2.33,7.7507282563462345,12.348993288590604,4.100377697928706,22.475978260869564,6410.929999999999"
"118821,Flash Sale,2024-08-18,All,Sms,6409,219,26,2019.68,3815.11,3.89,3.4170697456701515,11.87214611872146,1.8889675592173019,77.68,1795.43"
"731878,Membership Drive,2024-08-18,Inactive,Sms,7769,532,22,2417.86,2882.53,2.96,6.8477281503411,4.135338345864661,1.192182343063701,109.90272727272728,464.6700000000001"
"978000,Category Promotion,2024-08-18,All,Social Media,2526,517,16,2633.52,7624.27,1.99,20.46714172604909,3.0947775628626695,2.895087183693308,164.595,4990.75"
"3883,App Push Notification,2024-08-18,All,Social Media,3225,571,60,2012.46,3227.28,3.41,17.705426356589147,10.507880910683012,1.6036492650785605,33.541000000000004,1214.8200000000002"
"500802,Email Campaign,2024-08-18,All,Sms,2333,319,17,4899.52,8858.98,2.86,13.673381911701671,5.329153605015674,1.8081322251975702,288.20705882352945,3959.459999999999"
"557237,Referral Program,2024-08-18,New Users,Sms,7890,835,100,3761.84,2919.05,2.5,10.583016476552597,11.976047904191617,0.775963358356549,37.6184,-842.79"
"252304,New User Discount,2024-08-17,New Users,Sms,7746,731,89,4497.43,8535.3,3.85,9.43712884069197,12.175102599179207,1.897817197821867,50.53292134831461,4037.869999999999"
"594455,Weekend Special,2024-08-17,New Users,Sms,3752,188,36,2833.54,6982.23,1.91,5.0106609808102345,19.148936170212767,2.4641367335559052,78.70944444444444,4148.69"
"772069,Festival Offer,2024-08-17,Inactive,Email,1785,472,25,4548.31,7995.06,3.45,26.442577030812327,5.296610169491525,1.7578089444211147,181.93240000000003,3446.75"
"908122,Flash Sale,2024-08-17,Premium,Sms,8772,850,42,1110.2,6051.24,3.13,9.689922480620156,4.941176470588235,5.450585480093676,26.433333333333334,4941.04"
"414315,Membership Drive,2024-08-17,Premium,Social Media,1484,995,86,3474.26,3391.55,2.85,67.04851752021564,8.64321608040201,0.9761934915636711,40.398372093023255,-82.71000000000004"
"192038,Category Promotion,2024-08-17,All,Sms,3954,561,21,2906.44,2124.2,3.85,14.188163884673749,3.7433155080213902,0.7308597459434909,138.40190476190477,-782.2400000000002"
"232926,App Push Notification,2024-08-17,Premium,Sms,8650,911,26,1391.03,8788.92,2.01,10.531791907514451,2.8540065861690453,6.318282136258744,53.50115384615385,7397.89"
"335810,Email Campaign,2024-08-17,Inactive,Social Media,8492,815,31,3799.69,9221.25,3.76,9.597268016957136,3.8036809815950923,2.426842716116315,122.57064516129033,5421.5599999999995"
"113620,Referral Program,2024-08-17,Inactive,App,8545,119,61,3006.08,7090.68,3.6,1.3926272674078408,51.26050420168067,2.3587795401319993,49.28,4084.6000000000004"
"497133,New User Discount,2024-08-16,Inactive,App,2300,864,68,3960.94,7090.09,2.52,37.565217391304344,7.87037037037037,1.7900018682433967,58.249117647058824,3129.15"
"180434,Weekend Special,2024-08-16,All,Email,8695,565,51,1619.3,7207.55,2.57,6.497987349051179,9.026548672566372,4.451028222071265,31.750980392156862,5588.25"
"941443,Festival Offer,2024-08-16,Premium,App,4664,962,90,4788.16,7782.72,2.61,20.62607204116638,9.355509355509357,1.6254093430461807,53.20177777777778,2994.5600000000004"
"490074,Flash Sale,2024-08-16,Premium,Email,2510,849,67,2284.0,6449.76,2.13,33.82470119521913,7.891637220259129,2.823887915936953,34.08955223880597,4165.76"
"395559,Membership Drive,2024-08-16,Inactive,Sms,1633,897,61,4643.51,9680.75,3.89,54.929577464788736,6.800445930880714,2.084791461631395,76.12311475409837,5037.24"
"468357,Category Promotion,2024-08-16,Premium,Sms,3870,540,26,1014.91,3603.29,1.58,13.953488372093023,4.814814814814815,3.5503542186006642,39.035,2588.38"
"169017,App Push Notification,2024-08-16,Premium,Social Media,4044,852,48,4957.13,5282.71,3.64,21.068249258160236,5.633802816901409,1.065679132885359,103.27354166666667,325.5799999999999"
"810545,Email Campaign,2024-08-16,Premium,App,8605,163,71,1401.29,2220.55,3.93,1.89424753050552,43.558282208588956,1.5846470038321834,19.736478873239435,819.2600000000002"
"69822,Referral Program,2024-08-16,Premium,Email,4976,380,59,1090.23,8581.79,3.24,7.636655948553055,15.526315789473685,7.871540867523367,18.478474576271186,7491.560000000001"
"880536,New User Discount,2024-08-15,Inactive,App,3083,405,97,1672.44,6980.73,2.21,13.13655530327603,23.950617283950617,4.173979335581545,17.241649484536083,5308.289999999999"
"870316,Weekend Special,2024-08-15,All,App,6731,431,65,4181.21,3822.0,2.56,6.40320903283316,15.081206496519723,0.9140894621413419,64.3263076923077,-359.21000000000004"
"821052,Festival Offer,2024-08-15,New Users,Social Media,4762,783,76,4042.22,5864.52,3.13,16.442671146577066,9.70625798212005,1.4508166304654375,53.18710526315789,1822.3000000000006"
"658634,Flash Sale,2024-08-15,New Users,Social Media,5152,532,54,1398.81,5169.91,2.74,10.326086956521738,10.150375939849624,3.6959344013840334,25.903888888888886,3771.1"
"514491,Membership Drive,2024-08-15,Premium,Email,5792,873,95,1508.71,2499.39,3.7,15.072513812154694,10.882016036655212,1.6566404411715967,15.881157894736843,990.6799999999998"
"751261,Category Promotion,2024-08-15,Inactive,Sms,2604,504,85,3993.12,9754.05,1.92,19.35483870967742,16.865079365079367,2.4427139680250027,46.97788235294117,5760.929999999999"
"130406,App Push Notification,2024-08-15,New Users,App,2357,728,76,2693.79,5133.79,2.54,30.886720407297414,10.43956043956044,1.9057870138355255,35.4446052631579,2440.0"
"100662,Email Campaign,2024-08-15,Premium,Email,6964,666,78,2175.87,3727.82,2.2,9.563469270534176,11.711711711711711,1.713254927913892,27.89576923076923,1551.9500000000003"
"317552,Referral Program,2024-08-15,Premium,Social Media,6094,947,84,3780.03,4986.89,1.9,15.539875287167707,8.870116156282998,1.3192725983656215,45.00035714285715,1206.8600000000001"
"514027,New User Discount,2024-08-14,New Users,Email,3562,965,10,2188.31,5898.28,3.77,27.091521617069063,1.0362694300518136,2.695358518674228,218.831,3709.97"
"30737,Weekend Special,2024-08-14,Inactive,Email,6818,180,62,3922.65,8681.94,1.54,2.6400704018773835,34.44444444444444,2.2132843868303316,63.26854838709678,4759.290000000001"
"558207,Festival Offer,2024-08-14,Premium,App,8104,522,92,1024.47,4315.84,3.17,6.441263573543929,17.624521072796934,4.212753911778774,11.13554347826087,3291.37"
"270439,Flash Sale,2024-08-14,Inactive,Social Media,5163,985,90,4990.83,9226.6,1.8,19.078055394150688,9.137055837563452,1.8487105351214128,55.45366666666666,4235.77"
"823839,Membership Drive,2024-08-14,Premium,Sms,1287,428,19,1630.81,7926.1,3.57,33.255633255633256,4.439252336448598,4.860222834051791,85.83210526315789,6295.290000000001"
"921253,Category Promotion,2024-08-14,All,Social Media,1556,768,89,2359.71,6934.27,3.76,49.3573264781491,11.588541666666668,2.938611100516589,26.513595505617978,4574.56"
"580558,App Push Notification,2024-08-14,Inactive,Email,6278,150,38,1668.33,6084.29,3.85,2.389295954125518,25.333333333333336,3.64693435950921,43.90342105263158,4415.96"
"131786,Email Campaign,2024-08-14,All,App,6510,979,75,3836.38,6042.58,1.56,15.038402457757297,7.6608784473953015,1.575073376464271,51.15173333333333,2206.2"
"212925,Referral Program,2024-08-14,All,App,8953,646,28,3978.77,9632.0,2.2,7.215458505528873,4.3343653250774,2.420848654232338,142.09892857142856,5653.23"
"740409,New User Discount,2024-08-13,New Users,Sms,5636,723,15,4337.02,6030.66,1.7,12.828246983676367,2.0746887966804977,1.3905077680066034,289.1346666666667,1693.6399999999994"
"601671,Weekend Special,2024-08-13,New Users,App,6912,692,44,2465.16,5176.52,3.72,10.011574074074074,6.358381502890173,2.0998718135942496,56.026363636363634,2711.3600000000006"
"142246,Festival Offer,2024-08-13,New Users,Social Media,4322,323,26,1001.85,9085.03,3.92,7.473391948172142,8.04953560371517,9.068253730598393,38.53269230769231,8083.18"
"985363,Flash Sale,2024-08-13,New Users,Sms,9681,427,46,1231.93,7599.83,3.36,4.4107013738250185,10.772833723653395,6.169043695664526,26.78108695652174,6367.9"
"993235,Membership Drive,2024-08-13,Inactive,Social Media,7419,570,45,1333.99,7418.99,2.88,7.682976142337242,7.894736842105263,5.561503459546174,29.644222222222222,6085.0"
"790173,Category Promotion,2024-08-13,New Users,Social Media,6503,617,12,4344.13,9416.52,2.83,9.487928648316162,1.9448946515397085,2.167642312730052,362.0108333333333,5072.39"
"822459,App Push Notification,2024-08-13,New Users,App,4705,934,47,3029.71,6220.46,3.58,19.85122210414453,5.032119914346895,2.053153602159943,64.46191489361702,3190.75"
"441866,Email Campaign,2024-08-13,All,Sms,2088,923,77,4932.54,8966.39,3.8,44.20498084291188,8.342361863488625,1.8178038089909052,64.05896103896104,4033.8499999999995"
"681546,Referral Program,2024-08-13,New Users,Sms,7803,287,48,1408.86,9274.86,3.39,3.6780725362040236,16.72473867595819,6.583237511179252,29.351249999999997,7866.000000000001"
"702423,New User Discount,2024-08-12,Inactive,Social Media,6709,153,100,2831.24,9694.16,1.97,2.280518706215531,65.359477124183,3.4239979655557287,28.312399999999997,6862.92"
"784022,Weekend Special,2024-08-12,Inactive,Email,7626,863,47,4048.88,3729.9,2.12,11.316548649357461,5.44611819235226,0.9212177194680998,86.14638297872341,-318.98"
"194212,Festival Offer,2024-08-12,Inactive,Social Media,5986,968,70,2878.81,8007.86,1.9,16.171065820247243,7.231404958677685,2.781656309377833,41.12585714285714,5129.049999999999"
"432274,Flash Sale,2024-08-12,Premium,Social Media,7845,928,29,3726.48,7618.08,3.91,11.82919056724028,3.125,2.0443099117666,128.4993103448276,3891.6"
"322036,Membership Drive,2024-08-12,All,Sms,6489,337,45,1853.35,7939.58,3.07,5.193404222530436,13.353115727002967,4.283907518817277,41.18555555555555,6086.23"
"407656,Category Promotion,2024-08-12,All,Social Media,4831,230,86,3639.17,4216.04,2.21,4.760919064375906,37.391304347826086,1.1585169145711796,42.31593023255814,576.8699999999999"
"992418,App Push Notification,2024-08-12,Inactive,App,2399,747,41,2068.79,8433.09,3.89,31.13797415589829,5.4886211512717535,4.076339309451418,50.45829268292683,6364.3"
"749336,Email Campaign,2024-08-12,Premium,Social Media,2256,452,75,1360.78,7033.73,3.72,20.0354609929078,16.5929203539823,5.168895780361263,18.143733333333333,5672.95"
"78129,Referral Program,2024-08-12,New Users,App,6191,486,51,2833.88,2014.46,2.8,7.850104991116136,10.493827160493826,0.7108487303626124,55.566274509803925,-819.4200000000001"
"795641,New User Discount,2024-08-11,All,Email,8953,306,21,3183.75,2988.69,2.37,3.4178487657768346,6.862745098039216,0.9387326266195525,151.60714285714286,-195.05999999999995"
"396373,Weekend Special,2024-08-11,New Users,Social Media,4742,102,79,3817.42,9179.8,3.34,2.1509911429776465,77.45098039215686,2.404713130858014,48.321772151898735,5362.379999999999"
"180390,Festival Offer,2024-08-11,All,App,7727,508,76,2957.52,4549.55,1.85,6.574349682929986,14.960629921259844,1.5382989802266764,38.91473684210526,1592.0300000000002"
"514528,Flash Sale,2024-08-11,New Users,App,2460,611,21,4485.09,5364.8,2.59,24.837398373983742,3.436988543371522,1.1961409915966013,213.5757142857143,879.71"
"709720,Membership Drive,2024-08-11,Inactive,Social Media,4972,150,85,4745.79,9073.17,2.45,3.0168946098149636,56.666666666666664,1.9118355426599154,55.83282352941176,4327.38"
"953779,Category Promotion,2024-08-11,Inactive,Email,1149,577,80,3747.77,9049.95,3.76,50.217580504786774,13.864818024263432,2.414755974886399,46.847125,5302.18"
"711295,App Push Notification,2024-08-11,Premium,Social Media,5954,424,71,4162.18,4796.18,3.25,7.1212630164595225,16.745283018867923,1.152324022507436,58.622253521126765,634.0"
"136965,Email Campaign,2024-08-11,Inactive,App,2916,467,68,2963.32,6983.76,3.18,16.015089163237313,14.5610278372591,2.3567350134308813,43.57823529411765,4020.44"
"978129,Referral Program,2024-08-11,Inactive,Email,7715,849,30,1562.14,6412.07,2.59,11.004536616979909,3.53356890459364,4.104670516086906,52.071333333333335,4849.929999999999"
"203187,New User Discount,2024-08-10,Inactive,App,3978,941,67,4658.08,2872.11,2.19,23.65510306686777,7.1200850159404885,0.616586662315804,69.52358208955224,-1785.9699999999998"
"653448,Weekend Special,2024-08-10,Premium,Social Media,9035,399,58,3491.99,5785.67,2.04,4.416159380188158,14.536340852130325,1.6568403689586741,60.20672413793103,2293.6800000000003"
"523526,Festival Offer,2024-08-10,Premium,App,5593,813,74,1420.1,8602.45,2.26,14.536027176828178,9.10209102091021,6.057636786141822,19.19054054054054,7182.35"
"388700,Flash Sale,2024-08-10,Inactive,Email,7399,319,53,3045.31,5622.31,3.65,4.311393431544803,16.614420062695924,1.8462192683175114,57.458679245283015,2577.0000000000005"
"796593,Membership Drive,2024-08-10,New Users,Sms,6359,967,91,1743.04,5445.9,2.44,15.206793520993866,9.410548086866598,3.124368918670828,19.154285714285713,3702.8599999999997"
"899116,Category Promotion,2024-08-10,All,App,8372,479,24,2906.11,4989.33,2.68,5.721452460582896,5.010438413361169,1.7168414134358299,121.08791666666667,2083.22"
"453389,App Push Notification,2024-08-10,Inactive,Social Media,6273,892,64,3483.92,2110.23,2.62,14.219671608480791,7.174887892376682,0.6057056419205952,54.43625,-1373.69"
"968824,Email Campaign,2024-08-10,Premium,Email,4086,749,42,2136.35,7400.54,2.66,18.330885952031327,5.607476635514018,3.464104664497859,50.86547619047619,5264.1900000000005"
"129388,Referral Program,2024-08-10,All,Social Media,5066,252,97,4515.12,4460.76,3.08,4.974338728780102,38.492063492063494,0.9879604528783289,46.547628865979384,-54.35999999999967"
"260074,New User Discount,2024-08-09,All,App,8282,621,84,3813.19,3202.13,3.82,7.498188843274571,13.526570048309178,0.8397509696605729,45.39511904761905,-611.06"
"963173,Weekend Special,2024-08-09,All,App,3672,241,31,1484.63,2577.67,1.73,6.563180827886709,12.863070539419086,1.7362373116534084,47.89129032258065,1093.04"
"977799,Festival Offer,2024-08-09,Premium,Sms,1594,289,55,4377.58,8269.59,2.4,18.130489335006274,19.031141868512112,1.8890779837261684,79.59236363636363,3892.01"
"884280,Flash Sale,2024-08-09,All,Email,8045,829,92,3368.75,5542.24,3.28,10.304536979490367,11.097708082026537,1.6451918367346938,36.61684782608695,2173.49"
"816320,Membership Drive,2024-08-09,Inactive,Email,6129,389,27,3852.56,5183.14,3.9,6.346875509871104,6.940874035989718,1.345375542496418,142.6874074074074,1330.5800000000004"
"669170,Category Promotion,2024-08-09,Inactive,Email,8144,848,11,2249.31,2250.44,2.3,10.412573673870334,1.2971698113207548,1.0005023762842828,204.48272727272726,1.1300000000001091"
"772988,App Push Notification,2024-08-09,Premium,Social Media,1861,698,39,2007.9,7919.96,2.84,37.50671681891456,5.587392550143266,3.9443996214950943,51.48461538461539,5912.0599999999995"
"460602,Email Campaign,2024-08-09,All,Sms,6683,736,69,2693.65,8936.06,3.32,11.013018105641178,9.375,3.31745401221391,39.03840579710145,6242.41"
"3131,Referral Program,2024-08-09,Inactive,Email,8623,201,11,3056.1,6057.81,2.94,2.3309752986199697,5.472636815920398,1.9822028074997549,277.8272727272727,3001.7100000000005"
"420987,New User Discount,2024-08-08,New Users,Email,8301,204,35,4919.38,8932.29,3.4,2.4575352367184675,17.15686274509804,1.8157349096837407,140.55371428571428,4012.9100000000008"
"77548,Weekend Special,2024-08-08,All,App,2425,467,25,2054.77,5294.5,1.68,19.257731958762886,5.353319057815846,2.576687415136487,82.1908,3239.73"
"473121,Festival Offer,2024-08-08,Premium,Social Media,9020,801,60,1907.55,9281.62,1.56,8.880266075388027,7.490636704119851,4.865728290215198,31.7925,7374.070000000001"
"486618,Flash Sale,2024-08-08,Premium,App,4476,180,94,3607.25,3592.43,3.09,4.021447721179625,52.22222222222223,0.9958916071799847,38.375,-14.820000000000164"
"569092,Membership Drive,2024-08-08,All,Social Media,7919,171,55,4968.16,9645.78,3.61,2.1593635560045463,32.16374269005848,1.941519596792374,90.33018181818181,4677.620000000001"
"190944,Category Promotion,2024-08-08,Inactive,Sms,7803,155,85,1334.53,4418.33,3.71,1.9864154812251698,54.83870967741935,3.3107760784695737,15.70035294117647,3083.8"
"101610,App Push Notification,2024-08-08,Inactive,Sms,3940,237,20,4125.25,7838.27,1.68,6.015228426395939,8.438818565400844,1.9000715108175263,206.2625,3713.0200000000004"
"774901,Email Campaign,2024-08-08,New Users,Social Media,8759,124,77,3080.45,3572.36,2.2,1.4156867222285647,62.096774193548384,1.1596877079647456,40.00584415584415,491.9100000000003"
"66041,Referral Program,2024-08-08,All,Sms,1399,832,69,1082.23,5046.91,1.52,59.471050750536094,8.29326923076923,4.663435683727119,15.68449275362319,3964.68"
"972346,New User Discount,2024-08-07,New Users,Sms,7668,510,89,1153.13,9303.02,2.01,6.651017214397497,17.45098039215686,8.067624639025954,12.956516853932586,8149.89"
"942743,Weekend Special,2024-08-07,All,App,2092,629,24,4006.46,2166.0,3.56,30.066921606118548,3.815580286168521,0.5406268875765639,166.93583333333333,-1840.46"
"695111,Festival Offer,2024-08-07,Inactive,Email,5291,635,89,3569.21,5271.05,3.81,12.001512001512001,14.015748031496065,1.4768113952387223,40.10348314606742,1701.8400000000001"
"490223,Flash Sale,2024-08-07,All,App,4722,950,88,3983.59,7305.4,2.95,20.118593816179587,9.263157894736842,1.8338734658938294,45.26806818181819,3321.8099999999995"
"442998,Membership Drive,2024-08-07,Premium,Social Media,2737,966,69,4578.32,7339.79,2.04,35.294117647058826,7.142857142857142,1.6031622953397753,66.35246376811594,2761.4700000000003"
"921974,Category Promotion,2024-08-07,All,Sms,7735,690,21,2624.67,3051.7,2.34,8.92049127343245,3.0434782608695654,1.1626985487699406,124.98428571428572,427.02999999999975"
"727319,App Push Notification,2024-08-07,New Users,Social Media,3448,954,30,3566.2,3713.43,3.18,27.66821345707657,3.1446540880503147,1.0412848410072346,118.87333333333332,147.23000000000002"
"607753,Email Campaign,2024-08-07,Inactive,Sms,5122,943,95,2021.6,2466.25,1.62,18.410777040218665,10.07423117709438,1.219949544914919,21.279999999999998,444.6500000000001"
"444297,Referral Program,2024-08-07,New Users,Sms,2404,405,45,4884.8,9128.89,3.46,16.846921797004992,11.11111111111111,1.8688359810022925,108.55111111111111,4244.089999999999"
"84366,New User Discount,2024-08-06,New Users,App,5984,845,72,2315.12,2505.97,3.32,14.120989304812834,8.520710059171597,1.0824363315940426,32.154444444444444,190.8499999999999"
"331475,Weekend Special,2024-08-06,New Users,App,7023,147,68,2509.2,7199.28,2.82,2.093122597180692,46.25850340136054,2.8691535150645624,36.9,4690.08"
"268405,Festival Offer,2024-08-06,New Users,Sms,9632,877,84,1135.33,3363.73,3.79,9.105066445182725,9.578107183580387,2.9627773422705297,13.515833333333333,2228.4"
"392316,Flash Sale,2024-08-06,All,Email,2122,919,60,4893.49,4503.05,1.69,43.30819981149859,6.528835690968444,0.9202123637730946,81.55816666666666,-390.4399999999996"
"115391,Membership Drive,2024-08-06,New Users,Email,5692,875,46,1273.09,8242.12,2.95,15.372452565003513,5.257142857142857,6.474106308273572,27.67586956521739,6969.030000000001"
"534512,Category Promotion,2024-08-06,Inactive,App,5280,577,19,2628.52,2588.43,2.17,10.928030303030303,3.2928942807625647,0.9847480711579139,138.34315789473683,-40.090000000000146"
"284422,App Push Notification,2024-08-06,All,Social Media,8614,940,92,1622.92,2155.43,2.91,10.912468075226375,9.787234042553191,1.3281184531585042,17.640434782608697,532.5099999999998"
"84657,Email Campaign,2024-08-06,Premium,Email,9689,690,61,1109.75,9731.21,3.42,7.12147796470224,8.840579710144928,8.768830817751745,18.192622950819672,8621.46"
"414231,Referral Program,2024-08-06,Inactive,Social Media,5401,155,43,3789.27,6740.85,3.35,2.869838918718756,27.741935483870968,1.7789310342097555,88.12255813953489,2951.5800000000004"
"898960,New User Discount,2024-08-05,Premium,Sms,7816,305,48,4930.14,7573.68,2.87,3.902251791197543,15.737704918032788,1.5361997833732917,102.71125,2643.54"
"530108,Weekend Special,2024-08-05,Inactive,App,8418,204,19,2287.14,3345.72,1.72,2.4233784746970777,9.313725490196079,1.462840053516619,120.37578947368421,1058.58"
"902344,Festival Offer,2024-08-05,All,Sms,5055,429,19,4026.88,9790.27,2.45,8.486646884272997,4.428904428904429,2.4312296368404325,211.94105263157894,5763.39"
"134935,Flash Sale,2024-08-05,Inactive,App,5860,917,28,4159.03,3535.02,1.8,15.648464163822526,3.0534351145038165,0.8499626114743102,148.5367857142857,-624.0099999999998"
"836752,Membership Drive,2024-08-05,Premium,Sms,4816,684,20,2506.86,9535.46,1.7,14.202657807308968,2.923976608187134,3.8037465195503533,125.343,7028.5999999999985"
"446966,Category Promotion,2024-08-05,New Users,Sms,6672,150,26,1561.05,7916.23,2.84,2.2482014388489207,17.333333333333336,5.071093174465904,60.04038461538461,6355.179999999999"
"389548,App Push Notification,2024-08-05,New Users,App,6365,520,52,3270.32,7771.18,2.06,8.16967792615868,10.0,2.376275104576922,62.89076923076924,4500.860000000001"
"71868,Email Campaign,2024-08-05,All,App,7001,419,74,1305.55,4501.37,3.34,5.984859305813455,17.66109785202864,3.4478725441384857,17.642567567567568,3195.8199999999997"
"784176,Referral Program,2024-08-05,Inactive,App,9981,910,43,4447.77,4125.35,1.91,9.117322913535718,4.725274725274725,0.9275097408364191,103.43651162790698,-322.4200000000001"
"326841,New User Discount,2024-08-04,Inactive,Social Media,2363,319,97,4907.75,8855.37,3.72,13.499788404570461,30.407523510971785,1.8043645254953902,50.595360824742265,3947.620000000001"
"211547,Weekend Special,2024-08-04,Inactive,App,3930,552,84,1732.79,3963.4,1.84,14.045801526717558,15.217391304347828,2.287293901742277,20.628452380952382,2230.61"
"655175,Festival Offer,2024-08-04,New Users,Email,4295,535,28,1058.01,4651.7,2.29,12.456344586728754,5.233644859813085,4.396650315214412,37.786071428571425,3593.6899999999996"
"222815,Flash Sale,2024-08-04,Inactive,Social Media,4353,444,26,1196.97,8951.53,2.38,10.199862164024811,5.8558558558558556,7.478491524432526,46.03730769230769,7754.56"
"280981,Membership Drive,2024-08-04,Inactive,Social Media,4014,677,76,3735.8,4863.25,3.26,16.865969108121575,11.225997045790251,1.3017961346967182,49.15526315789474,1127.4499999999998"
"699556,Category Promotion,2024-08-04,Premium,Sms,4640,853,29,3244.16,6105.04,3.24,18.38362068965517,3.399765533411489,1.881855395541527,111.86758620689655,2860.88"
"944188,App Push Notification,2024-08-04,New Users,Sms,7130,519,95,1483.22,3850.61,3.4,7.279102384291725,18.304431599229286,2.59611520880247,15.612842105263159,2367.3900000000003"
"270788,Email Campaign,2024-08-04,Inactive,Social Media,1621,925,26,4151.92,3437.08,2.67,57.06354102405923,2.810810810810811,0.8278290525829014,159.68923076923076,-714.8400000000001"
"314889,Referral Program,2024-08-04,Premium,Email,9251,377,38,1936.51,8825.13,2.72,4.075235109717868,10.079575596816976,4.557234406225632,50.96078947368421,6888.619999999999"
"368664,New User Discount,2024-08-03,All,App,2235,829,96,3767.67,4371.71,2.13,37.0917225950783,11.58021712907117,1.1603218965567579,39.2465625,604.04"
"53822,Weekend Special,2024-08-03,New Users,Social Media,6996,639,53,3547.23,5476.86,3.46,9.133790737564322,8.294209702660407,1.5439822058338477,66.9288679245283,1929.6299999999997"
"160294,Festival Offer,2024-08-03,Inactive,Email,7950,734,32,2475.23,4891.68,3.09,9.232704402515724,4.35967302452316,1.9762527118692002,77.3509375,2416.4500000000003"
"601326,Flash Sale,2024-08-03,Premium,Social Media,4432,564,81,1978.23,9513.38,2.48,12.725631768953068,14.361702127659576,4.809036360787168,24.422592592592594,7535.15"
"699828,Membership Drive,2024-08-03,Inactive,Social Media,3427,537,43,2792.0,5367.86,1.85,15.669681937554714,8.007448789571695,1.9225859598853867,64.93023255813954,2575.8599999999997"
"960855,Category Promotion,2024-08-03,Premium,App,8400,425,25,2598.39,5006.07,3.79,5.059523809523809,5.88235294117647,1.9266045512798309,103.9356,2407.68"
"477556,App Push Notification,2024-08-03,All,App,1805,555,98,1845.04,4581.49,2.06,30.747922437673132,17.65765765765766,2.483138576941421,18.826938775510204,2736.45"
"238827,Email Campaign,2024-08-03,New Users,Sms,3578,957,26,4530.04,6562.59,2.62,26.74678591391839,2.7168234064785786,1.448682572339317,174.2323076923077,2032.5500000000002"
"361838,Referral Program,2024-08-03,Inactive,Email,4809,870,78,2671.33,9372.2,2.18,18.091079226450404,8.96551724137931,3.5084396162211338,34.24782051282051,6700.870000000001"
"720320,New User Discount,2024-08-02,Inactive,Email,5281,129,75,1257.77,2499.86,1.91,2.442719181973111,58.139534883720934,1.9875334918148788,16.770266666666668,1242.0900000000001"
"993475,Weekend Special,2024-08-02,Premium,Social Media,6835,313,70,2130.65,8548.17,2.16,4.579370885149964,22.364217252396166,4.012001032548753,30.437857142857144,6417.52"
"488960,Festival Offer,2024-08-02,Premium,Social Media,8330,595,34,1881.66,2127.85,2.01,7.142857142857142,5.714285714285714,1.1308366017240095,55.34294117647059,246.18999999999983"
"569878,Flash Sale,2024-08-02,All,Social Media,5863,717,76,2455.64,7618.35,3.95,12.229234180453693,10.599721059972106,3.1023887866299624,32.311052631578946,5162.710000000001"
"72423,Membership Drive,2024-08-02,New Users,Social Media,2965,192,90,3434.13,4274.34,2.58,6.475548060708262,46.875,1.244664587537455,38.157000000000004,840.21"
"146183,Category Promotion,2024-08-02,New Users,Social Media,9354,631,84,3645.69,4325.89,1.71,6.745777207611717,13.312202852614895,1.1865764779781056,43.40107142857143,680.2000000000003"
"930544,App Push Notification,2024-08-02,New Users,App,8787,708,93,2127.63,5739.27,2.76,8.057357459883919,13.135593220338984,2.697494395172093,22.877741935483872,3611.6400000000003"
"601456,Email Campaign,2024-08-02,New Users,Sms,7986,652,31,2397.68,3807.98,3.62,8.164287503130478,4.754601226993866,1.5881935871342299,77.34451612903226,1410.3000000000002"
"512678,Referral Program,2024-08-02,All,App,2223,807,29,4597.94,3086.32,3.32,36.30229419703104,3.593556381660471,0.6712397290960735,158.5496551724138,-1511.6199999999994"
"403225,New User Discount,2024-08-01,Premium,Sms,2764,773,72,2397.18,8629.49,2.94,27.966714905933433,9.314359637774903,3.5998506578563148,33.29416666666666,6232.3099999999995"
"408769,Weekend Special,2024-08-01,New Users,Sms,4684,355,88,2953.01,7374.36,2.1,7.578992314261315,24.788732394366196,2.497235024602016,33.55693181818182,4421.349999999999"
"355606,Festival Offer,2024-08-01,All,Social Media,7733,447,28,1522.84,2176.16,1.51,5.780421569895254,6.263982102908278,1.4290142102912977,54.387142857142855,653.3199999999999"
"92672,Flash Sale,2024-08-01,New Users,Social Media,6245,628,19,4210.78,7077.95,2.0,10.056044835868695,3.0254777070063694,1.6809118500610338,221.61999999999998,2867.17"
"412881,Membership Drive,2024-08-01,Inactive,Sms,1133,579,60,2998.96,3848.06,3.33,51.103265666372465,10.362694300518134,1.2831314855816682,49.98266666666667,849.0999999999999"
"725462,Category Promotion,2024-08-01,New Users,App,7644,178,60,4100.43,2725.65,3.55,2.328623757195186,33.70786516853933,0.6647229680789576,68.3405,-1374.7800000000002"
"260331,App Push Notification,2024-08-01,Premium,Sms,7251,903,94,4266.24,3160.04,3.63,12.453454695904014,10.409745293466225,0.7407084458445845,45.38553191489361,-1106.1999999999998"
"717340,Email Campaign,2024-08-01,Inactive,App,7310,470,19,3829.59,3534.49,2.52,6.429548563611491,4.042553191489362,0.9229421426314566,201.55736842105264,-295.10000000000036"
"873714,Referral Program,2024-08-01,All,App,6886,480,25,1619.51,3855.57,3.7,6.970665117629974,5.208333333333334,2.380701570228032,64.7804,2236.0600000000004"
"356016,New User Discount,2024-07-31,Inactive,Social Media,8868,328,17,4429.06,9854.82,2.94,3.6986919260261617,5.182926829268292,2.2250364637191637,260.5329411764706,5425.759999999999"
"149417,Weekend Special,2024-07-31,Inactive,Email,5019,880,77,3090.85,6876.06,1.56,17.533373181908747,8.75,2.2246501771357394,40.14090909090909,3785.2100000000005"
"118980,Festival Offer,2024-07-31,Inactive,App,1314,893,45,1159.56,9456.48,2.71,67.96042617960426,5.039193729003359,8.155231294628997,25.767999999999997,8296.92"
"382542,Flash Sale,2024-07-31,Inactive,App,9314,386,42,4727.77,8348.7,3.65,4.144298904874383,10.880829015544041,1.7658853962861984,112.5659523809524,3620.9300000000003"
"356470,Membership Drive,2024-07-31,All,Sms,7067,389,75,3237.15,5791.96,3.42,5.50445733691807,19.28020565552699,1.789215822559968,43.162,2554.81"
"800174,Category Promotion,2024-07-31,All,App,7638,347,47,2074.27,8603.47,3.08,4.543074103168369,13.544668587896252,4.147709796699561,44.13340425531915,6529.199999999999"
"571624,App Push Notification,2024-07-31,Inactive,Sms,7047,190,17,4017.57,5145.17,2.47,2.696182772811125,8.947368421052632,1.280667169458155,236.32764705882354,1127.6"
"884284,Email Campaign,2024-07-31,Inactive,Social Media,5415,268,78,2993.74,6379.18,2.97,4.94921514312096,29.1044776119403,2.130839685477029,38.38128205128205,3385.4400000000005"
"329114,Referral Program,2024-07-31,Inactive,Email,7028,515,87,2941.82,8874.55,3.82,7.327831531018782,16.893203883495143,3.016686948895581,33.81402298850575,5932.73"
"142379,New User Discount,2024-07-30,Premium,Email,2371,641,51,1902.77,7149.5,3.57,27.035006326444538,7.956318252730108,3.7574168186380907,37.30921568627451,5246.73"
"237279,Weekend Special,2024-07-30,Premium,Email,4151,128,54,4898.4,5129.08,1.54,3.0835943146229825,42.1875,1.0470929283031194,90.71111111111111,230.6800000000003"
"178296,Festival Offer,2024-07-30,New Users,Social Media,5309,948,14,4401.24,3702.92,3.15,17.85647014503673,1.4767932489451476,0.8413356235969863,314.3742857142857,-698.3199999999997"
"591305,Flash Sale,2024-07-30,Inactive,App,7295,895,32,4479.89,7130.71,3.17,12.268677176148046,3.5754189944134076,1.591715421584012,139.9965625,2650.8199999999997"
"346157,Membership Drive,2024-07-30,All,Social Media,3830,763,100,1368.8,5774.52,2.88,19.92167101827676,13.106159895150721,4.218673290473408,13.687999999999999,4405.72"
"204245,Category Promotion,2024-07-30,Inactive,Email,9848,699,21,4603.37,3010.65,2.44,7.097887896019496,3.004291845493562,0.6540099970239195,219.20809523809524,-1592.7199999999998"
"521777,App Push Notification,2024-07-30,Premium,Email,8573,486,31,4756.98,2925.47,3.44,5.668960690540067,6.378600823045268,0.6149847171945226,153.45096774193547,-1831.5099999999998"
"444130,Email Campaign,2024-07-30,New Users,Social Media,8942,304,58,2716.61,8999.77,3.68,3.399686870946097,19.078947368421055,3.3128678757716417,46.83810344827587,6283.16"
"806520,Referral Program,2024-07-30,Premium,Email,5607,811,32,2873.15,4774.69,3.81,14.46406277866952,3.945745992601726,1.6618310913109304,89.7859375,1901.5399999999995"
"524893,New User Discount,2024-07-29,All,Social Media,9909,504,90,4711.83,6194.97,2.56,5.086285195277021,17.857142857142858,1.3147694207982887,52.35366666666667,1483.1400000000003"
"829968,Weekend Special,2024-07-29,Inactive,App,7655,209,57,1404.95,9112.94,1.88,2.7302416721097322,27.27272727272727,6.486309121321043,24.648245614035087,7707.990000000001"
"611183,Festival Offer,2024-07-29,All,Sms,1335,386,18,1515.91,8280.68,3.97,28.91385767790262,4.66321243523316,5.462514265358761,84.21722222222223,6764.77"
"293118,Flash Sale,2024-07-29,Inactive,Sms,6888,880,74,3094.1,6538.3,1.81,12.775842044134727,8.409090909090908,2.1131508354610387,41.81216216216216,3444.2000000000003"
"836270,Membership Drive,2024-07-29,All,Sms,5244,222,70,2402.28,6322.27,2.19,4.233409610983982,31.53153153153153,2.6317789766388597,34.318285714285715,3919.9900000000002"
"218735,Category Promotion,2024-07-29,Premium,App,5193,757,62,1634.45,3697.08,3.61,14.57731561717697,8.190224570673713,2.261971917158677,26.36209677419355,2062.63"
"953953,App Push Notification,2024-07-29,Premium,App,4868,616,79,3763.68,7692.36,3.03,12.65406737880033,12.824675324675324,2.043840071419462,47.64151898734177,3928.68"
"552589,Email Campaign,2024-07-29,Premium,Social Media,2806,711,76,3935.06,2373.59,1.83,25.33856022808268,10.68917018284107,0.6031902944300722,51.77710526315789,-1561.4699999999998"
"355376,Referral Program,2024-07-29,Premium,Social Media,1023,865,19,1838.54,6334.89,3.07,84.55522971652005,2.1965317919075145,3.445609015849533,96.76526315789474,4496.35"
"267952,New User Discount,2024-07-28,Inactive,App,9629,944,55,4231.35,2816.73,2.0,9.80371793540347,5.826271186440677,0.6656811655854514,76.93363636363637,-1414.6200000000003"
"748049,Weekend Special,2024-07-28,New Users,App,7744,555,45,1815.25,4867.69,2.49,7.166838842975206,8.108108108108109,2.6815535050268555,40.33888888888889,3052.4399999999996"
"515034,Festival Offer,2024-07-28,All,Social Media,7775,139,59,4752.07,6710.99,3.64,1.7877813504823152,42.44604316546763,1.4122245673990492,80.5435593220339,1958.92"
"512596,Flash Sale,2024-07-28,Inactive,Sms,2664,955,34,4917.87,3579.62,2.52,35.848348348348345,3.56020942408377,0.7278801594999461,144.64323529411763,-1338.25"
"153844,Membership Drive,2024-07-28,New Users,Email,5116,620,85,2532.77,7188.76,3.4,12.118842845973417,13.709677419354838,2.8382995692463195,29.79729411764706,4655.99"
"826255,Category Promotion,2024-07-28,Inactive,Sms,9631,878,48,4635.93,5455.65,3.82,9.116394974561311,5.466970387243736,1.176818890708013,96.58187500000001,819.7199999999993"
"605877,App Push Notification,2024-07-28,All,Sms,9360,898,38,3771.86,9100.76,3.37,9.594017094017095,4.231625835189309,2.4128042928422584,99.25947368421053,5328.9"
"854241,Email Campaign,2024-07-28,Premium,App,2215,253,96,4222.07,7119.83,3.62,11.422121896162528,37.94466403162055,1.6863363231779673,43.97989583333333,2897.76"
"149503,Referral Program,2024-07-28,New Users,App,5145,523,93,3626.15,6438.12,2.11,10.165208940719145,17.78202676864245,1.7754698509438385,38.990860215053765,2811.97"
"437168,New User Discount,2024-07-27,New Users,App,7840,383,34,4855.14,9860.4,3.71,4.885204081632653,8.87728459530026,2.030919808697586,142.79823529411766,5005.259999999999"
"547870,Weekend Special,2024-07-27,All,Email,7155,115,100,3814.87,4210.84,3.4,1.6072676450034942,86.95652173913044,1.103796459643448,38.1487,395.97000000000025"
"819189,Festival Offer,2024-07-27,All,Email,8251,220,23,1421.1,4288.71,1.78,2.6663434735183613,10.454545454545453,3.0178805150939416,61.78695652173913,2867.61"
"822731,Flash Sale,2024-07-27,New Users,Social Media,1300,520,76,1927.42,4111.59,2.31,40.0,14.615384615384617,2.13320916043208,25.36078947368421,2184.17"
"74683,Membership Drive,2024-07-27,Inactive,Email,7439,576,44,3917.82,9072.29,2.57,7.742976206479366,7.638888888888889,2.3156474774236693,89.04136363636364,5154.470000000001"
"516485,Category Promotion,2024-07-27,All,Social Media,4477,626,86,2516.4,2420.69,2.13,13.982577618941255,13.738019169329075,0.961965506278811,29.26046511627907,-95.71000000000004"
"27041,App Push Notification,2024-07-27,Premium,Email,2523,957,12,3603.22,9873.97,3.37,37.93103448275862,1.2539184952978055,2.7403183818917523,300.2683333333333,6270.75"
"480113,Email Campaign,2024-07-27,New Users,Email,3254,974,82,1366.9,8439.56,2.74,29.932390903503382,8.41889117043121,6.174233667422635,16.669512195121953,7072.66"
"794439,Referral Program,2024-07-27,Premium,Sms,9255,214,66,1734.4,9492.11,1.83,2.3122636412749866,30.8411214953271,5.472849400369004,26.27878787878788,7757.710000000001"
"841866,New User Discount,2024-07-26,Premium,App,8624,846,32,2783.61,2399.08,3.35,9.809833024118738,3.7825059101654848,0.8618592403389842,86.9878125,-384.5300000000002"
"263078,Weekend Special,2024-07-26,Premium,App,8803,940,60,4284.84,4882.68,2.55,10.678177893899807,6.382978723404255,1.1395244629904502,71.414,597.8400000000001"
"483473,Festival Offer,2024-07-26,Inactive,Social Media,4114,604,61,4844.62,4186.86,1.53,14.681575109382598,10.099337748344372,0.8642287733609653,79.42,-657.7600000000002"
"251399,Flash Sale,2024-07-26,New Users,Email,9276,726,51,4401.47,9390.46,2.17,7.826649417852523,7.024793388429752,2.133482677378239,86.30333333333334,4988.989999999999"
"126783,Membership Drive,2024-07-26,All,Sms,7159,166,48,3918.23,3986.86,3.49,2.31875960329655,28.915662650602407,1.0175155618736011,81.62979166666666,68.63000000000011"
"576289,Category Promotion,2024-07-26,All,Sms,8268,127,96,4544.8,7695.17,3.58,1.536042573778423,75.59055118110236,1.6931812180954058,47.34166666666667,3150.37"
"999216,App Push Notification,2024-07-26,Premium,Social Media,6504,442,46,3885.79,5767.99,3.03,6.7958179581795815,10.407239819004525,1.4843802675903741,84.47369565217392,1882.1999999999998"
"701672,Email Campaign,2024-07-26,Premium,App,3547,165,87,1393.64,8702.52,3.59,4.6518184381167185,52.72727272727272,6.244453373898567,16.018850574712644,7308.88"
"471493,Referral Program,2024-07-26,Inactive,Email,6334,113,22,3399.33,9732.13,2.47,1.7840227344490054,19.469026548672566,2.8629553470831013,154.515,6332.799999999999"
"307715,New User Discount,2024-07-25,Inactive,Social Media,1129,691,71,3574.55,4019.62,2.84,61.20460584588131,10.274963820549928,1.1245107775803946,50.345774647887325,445.0699999999997"
"492367,Weekend Special,2024-07-25,Inactive,Sms,2707,193,92,4107.16,3062.0,2.21,7.12966383450314,47.66839378238342,0.7455273230163909,44.64304347826087,-1045.1599999999999"
"985046,Festival Offer,2024-07-25,Premium,Social Media,3835,847,87,3629.31,4203.62,2.26,22.086049543676662,10.271546635182998,1.1582422003080475,41.716206896551725,574.31"
"915785,Flash Sale,2024-07-25,Premium,Email,2094,314,96,2866.56,7832.03,1.6,14.995224450811842,30.573248407643312,2.7322051518196027,29.86,4965.469999999999"
"808285,Membership Drive,2024-07-25,New Users,Social Media,1483,654,25,1631.96,4492.13,3.31,44.099797707349964,3.82262996941896,2.752598102894679,65.2784,2860.17"
"209815,Category Promotion,2024-07-25,Inactive,Social Media,5775,339,31,1338.81,5303.28,2.08,5.87012987012987,9.144542772861357,3.9611894144800233,43.18741935483871,3964.47"
"538814,App Push Notification,2024-07-25,New Users,Email,3384,288,94,3041.61,6123.9,3.63,8.51063829787234,32.63888888888889,2.01337449574403,32.357553191489366,3082.2899999999995"
"691665,Email Campaign,2024-07-25,Premium,App,5437,765,89,3726.36,6169.71,1.78,14.07025933419165,11.633986928104575,1.6556934917721315,41.86921348314607,2443.35"
"897533,Referral Program,2024-07-25,Premium,Email,6458,727,77,1682.87,5269.8,2.17,11.25735521833385,10.591471801925723,3.1314361774825152,21.855454545454545,3586.9300000000003"
"335328,New User Discount,2024-07-24,Inactive,Email,8230,570,98,4491.39,5311.63,2.15,6.925880923450791,17.192982456140353,1.1826249780134879,45.830510204081634,820.2399999999998"
"234930,Weekend Special,2024-07-24,All,Social Media,3135,830,25,3881.66,2497.19,3.91,26.475279106858054,3.0120481927710845,0.6433304307950722,155.2664,-1384.4699999999998"
"979341,Festival Offer,2024-07-24,All,App,8090,553,56,4419.59,6470.58,3.14,6.835599505562423,10.126582278481013,1.464067933903371,78.92125,2050.99"
"878275,Flash Sale,2024-07-24,All,Email,5494,582,63,1753.58,5892.87,3.4,10.593374590462322,10.824742268041238,3.3604797043761905,27.834603174603174,4139.29"
"258348,Membership Drive,2024-07-24,New Users,Sms,3169,172,33,3977.27,9975.81,3.73,5.427579678131903,19.186046511627907,2.5082053770551154,120.52333333333333,5998.539999999999"
"454374,Category Promotion,2024-07-24,New Users,Social Media,7356,656,68,3513.48,9177.68,1.95,8.9178901576944,10.365853658536585,2.612133838815078,51.66882352941177,5664.200000000001"
"656922,App Push Notification,2024-07-24,Inactive,App,3666,343,74,4496.52,2109.29,1.83,9.356246590289144,21.574344023323615,0.46909387704269073,60.763783783783786,-2387.2300000000005"
"400959,Email Campaign,2024-07-24,Premium,Email,9453,385,33,3914.18,7660.34,1.71,4.072781127684333,8.571428571428571,1.9570740231670491,118.61151515151515,3746.1600000000003"
"558809,Referral Program,2024-07-24,All,Social Media,3826,852,83,2081.05,9199.43,2.45,22.268687924725562,9.741784037558686,4.42057134619543,25.072891566265064,7118.38"
"149455,New User Discount,2024-07-23,All,Sms,5385,858,55,1721.38,7136.35,3.82,15.933147632311979,6.41025641025641,4.14571448489003,31.297818181818183,5414.97"
"179090,Weekend Special,2024-07-23,Inactive,Social Media,7563,388,33,3823.92,3005.46,3.15,5.130239323019966,8.505154639175258,0.7859630954622482,115.87636363636364,-818.46"
"641032,Festival Offer,2024-07-23,Premium,Email,7685,956,17,3082.14,8221.14,1.89,12.439817826935588,1.778242677824268,2.667348011446592,181.30235294117645,5139.0"
"906585,Flash Sale,2024-07-23,Inactive,Sms,9114,987,18,1571.3,9061.27,3.75,10.829493087557603,1.82370820668693,5.766734551008719,87.29444444444444,7489.97"
"605995,Membership Drive,2024-07-23,Premium,Email,3932,797,23,3481.37,7664.15,3.16,20.269582909460834,2.8858218318695106,2.201475281282943,151.36391304347825,4182.78"
"837216,Category Promotion,2024-07-23,All,Social Media,8545,196,11,2185.45,4568.82,3.5,2.293739028671738,5.612244897959184,2.0905625843647764,198.6772727272727,2383.37"
"220469,App Push Notification,2024-07-23,Premium,App,3611,373,63,1134.99,4552.32,3.89,10.32954860149543,16.890080428954423,4.010889963788227,18.015714285714285,3417.33"
"451486,Email Campaign,2024-07-23,Inactive,App,8047,645,63,1257.39,8013.88,3.81,8.015409469367466,9.767441860465116,6.373424315447076,19.95857142857143,6756.49"
"591766,Referral Program,2024-07-23,New Users,App,2318,798,90,4113.87,9547.25,2.28,34.42622950819672,11.278195488721805,2.3207466448866882,45.709666666666664,5433.38"
"174479,New User Discount,2024-07-22,All,Social Media,3799,998,24,3398.23,7590.79,2.84,26.27007107133456,2.404809619238477,2.233748157128858,141.59291666666667,4192.5599999999995"
"306822,Weekend Special,2024-07-22,New Users,Email,4804,438,74,2015.84,3411.08,3.17,9.117402164862614,16.894977168949772,1.692138264941662,27.24108108108108,1395.24"
"915788,Festival Offer,2024-07-22,New Users,Social Media,4050,654,19,4875.93,9495.08,2.9,16.14814814814815,2.90519877675841,1.94733722592408,256.6278947368421,4619.15"
"596227,Flash Sale,2024-07-22,New Users,Email,4091,282,27,3719.26,9449.68,3.34,6.893180151552188,9.574468085106384,2.540741975554277,137.75037037037038,5730.42"
"23552,Membership Drive,2024-07-22,All,Sms,8825,282,16,1657.29,3088.76,2.66,3.1954674220963173,5.673758865248227,1.8637414091679791,103.580625,1431.4700000000003"
"109358,Category Promotion,2024-07-22,Inactive,Sms,2484,817,88,3937.89,7277.89,1.98,32.890499194847024,10.771113831089352,1.848169959038978,44.74875,3340.0000000000005"
"751406,App Push Notification,2024-07-22,New Users,Sms,4209,381,89,1582.35,5557.25,1.94,9.052031361368496,23.35958005249344,3.512023256548804,17.779213483146066,3974.9"
"408608,Email Campaign,2024-07-22,Inactive,Email,1846,753,15,2876.16,2056.14,3.89,40.79089924160347,1.9920318725099602,0.7148906875834445,191.744,-820.02"
"282735,Referral Program,2024-07-22,All,Email,5297,669,95,2929.05,9928.88,3.16,12.629790447423069,14.200298953662182,3.389795326129632,30.832105263157896,6999.829999999999"
"371941,New User Discount,2024-07-21,New Users,App,1347,547,74,1024.0,3800.89,3.1,40.60876020786934,13.528336380255942,3.711806640625,13.837837837837839,2776.89"
"436061,Weekend Special,2024-07-21,All,App,4015,632,87,4323.49,2193.03,2.94,15.740971357409714,13.765822784810128,0.5072360523558515,49.695287356321835,-2130.4599999999996"
"246987,Festival Offer,2024-07-21,Premium,Sms,1768,256,64,2270.07,3531.3,2.74,14.479638009049776,25.0,1.5555907967595712,35.46984375,1261.23"
"951363,Flash Sale,2024-07-21,Inactive,Sms,5110,298,54,4827.04,9804.36,2.96,5.8317025440313115,18.120805369127517,2.0311329510424607,89.38962962962962,4977.320000000001"
"2988,Membership Drive,2024-07-21,Inactive,App,8472,701,51,3923.89,3691.64,1.51,8.274315391879131,7.275320970042796,0.9408112867588031,76.93901960784314,-232.25"
"415707,Category Promotion,2024-07-21,New Users,Email,6666,405,92,2106.13,3481.58,3.41,6.075607560756076,22.71604938271605,1.6530698484898843,22.89271739130435,1375.4499999999998"
"208932,App Push Notification,2024-07-21,New Users,Social Media,9557,611,12,3257.03,3076.44,3.66,6.393219629590876,1.9639934533551555,0.9445537805915205,271.4191666666667,-180.59000000000015"
"702383,Email Campaign,2024-07-21,Inactive,Email,3976,687,29,3378.54,3248.42,2.41,17.27867203219316,4.2212518195050945,0.9614863224943319,116.50137931034483,-130.1199999999999"
"789166,Referral Program,2024-07-21,Inactive,App,2361,173,93,2182.0,2309.55,2.71,7.327403642524353,53.75722543352601,1.0584555453712192,23.462365591397848,127.55000000000018"
"733320,New User Discount,2024-07-20,New Users,Social Media,5217,673,97,2226.61,3176.98,2.27,12.900134176729921,14.413075780089152,1.4268237365322172,22.954742268041237,950.3699999999999"
"664577,Weekend Special,2024-07-20,New Users,Sms,8025,874,11,3169.96,5378.85,3.26,10.890965732087228,1.2585812356979404,1.6968195182273593,288.1781818181818,2208.8900000000003"
"50715,Festival Offer,2024-07-20,Inactive,Email,9611,902,63,1329.49,7553.54,1.96,9.385079596295911,6.984478935698448,5.681532016036225,21.103015873015874,6224.05"
"573344,Flash Sale,2024-07-20,Premium,Email,3379,865,85,1213.41,7983.76,3.86,25.599289730689552,9.826589595375722,6.579606233672048,14.275411764705883,6770.35"
"978121,Membership Drive,2024-07-20,All,Social Media,2073,565,60,1486.24,5993.41,2.26,27.25518572117704,10.619469026548673,4.032599041877489,24.770666666666667,4507.17"
"317794,Category Promotion,2024-07-20,All,Email,3314,382,82,3278.02,5656.04,2.38,11.526855763427882,21.465968586387437,1.7254440180352775,39.975853658536586,2378.02"
"110614,App Push Notification,2024-07-20,Inactive,Email,4130,959,66,3815.76,7480.82,2.5,23.220338983050848,6.882168925964546,1.96050590183869,57.81454545454546,3665.0599999999995"
"913714,Email Campaign,2024-07-20,Premium,Sms,3892,530,33,4972.08,9082.47,3.32,13.617677286742037,6.226415094339623,1.8266942607520393,150.6690909090909,4110.389999999999"
"379833,Referral Program,2024-07-20,Inactive,App,9875,527,90,4312.88,6111.33,2.96,5.336708860759494,17.077798861480076,1.4169951401383762,47.92088888888889,1798.4499999999998"
"502855,New User Discount,2024-07-19,All,App,1082,480,34,1650.2,7354.26,3.91,44.36229205175601,7.083333333333333,4.456587080353897,48.53529411764706,5704.06"
"234616,Weekend Special,2024-07-19,New Users,Email,3551,739,59,4340.54,5844.89,3.99,20.811039143903127,7.983761840324763,1.3465813009441223,73.56847457627119,1504.3500000000004"
"97633,Festival Offer,2024-07-19,Premium,Social Media,2598,326,10,4043.62,4715.53,3.09,12.548113933795227,3.067484662576687,1.1661654655976574,404.36199999999997,671.9099999999999"
"464736,Flash Sale,2024-07-19,All,Social Media,7155,158,92,1324.52,4773.46,3.83,2.2082459818308875,58.22784810126582,3.603916890647178,14.39695652173913,3448.94"
"353262,Membership Drive,2024-07-19,All,Social Media,9944,551,87,3411.38,8506.09,3.38,5.541029766693484,15.789473684210526,2.493445467816543,39.21126436781609,5094.71"
"943724,Category Promotion,2024-07-19,Inactive,App,8474,678,65,4335.04,5372.35,2.55,8.000944064196364,9.587020648967552,1.2392849892965234,66.69292307692308,1037.3100000000004"
"975447,App Push Notification,2024-07-19,Premium,App,2217,390,79,3183.66,8925.23,2.25,17.591339648173207,20.256410256410255,2.803449488952966,40.29949367088607,5741.57"
"964738,Email Campaign,2024-07-19,New Users,App,4415,931,26,2594.55,2915.95,3.61,21.087202718006797,2.7926960257787328,1.1238750457690156,99.79038461538462,321.39999999999964"
"88024,Referral Program,2024-07-19,Premium,Email,1201,866,11,1443.96,5404.69,3.82,72.10657785179018,1.2702078521939952,3.742963794010914,131.26909090909092,3960.7299999999996"
"760467,New User Discount,2024-07-18,Inactive,App,5229,638,18,4087.39,6210.84,2.74,12.201185695161598,2.8213166144200628,1.5195124517112388,227.07722222222222,2123.4500000000003"
"834572,Weekend Special,2024-07-18,Inactive,Email,4796,572,19,1237.44,3298.31,3.46,11.926605504587156,3.3216783216783217,2.6654302430824925,65.12842105263158,2060.87"
"342113,Festival Offer,2024-07-18,New Users,Sms,3407,705,39,3489.26,8606.84,3.13,20.692691517464045,5.531914893617021,2.466666284541708,89.46820512820513,5117.58"
"882119,Flash Sale,2024-07-18,All,Social Media,2364,872,50,2932.34,3092.27,3.9,36.88663282571912,5.73394495412844,1.0545400601567347,58.646800000000006,159.92999999999984"
"752217,Membership Drive,2024-07-18,Premium,Email,9073,750,65,1530.69,8440.89,3.34,8.266284580623829,8.666666666666668,5.51443466671893,23.549076923076925,6910.199999999999"
"783705,Category Promotion,2024-07-18,New Users,App,7715,851,18,3437.52,2328.8,1.91,11.03046014257939,2.1151586368977675,0.6774651492936768,190.97333333333333,-1108.7199999999998"
"183782,App Push Notification,2024-07-18,All,Email,2867,918,86,4764.01,8747.87,1.52,32.01953261248692,9.368191721132897,1.836240897899039,55.39546511627907,3983.8600000000006"
"757777,Email Campaign,2024-07-18,New Users,Email,2090,447,25,4475.46,2201.66,2.25,21.38755980861244,5.592841163310962,0.4919404932677311,179.0184,-2273.8"
"744292,Referral Program,2024-07-18,All,Social Media,4068,258,61,3514.21,4806.66,2.82,6.342182890855458,23.643410852713178,1.3677782488809718,57.61,1292.4499999999998"
"655671,New User Discount,2024-07-17,Inactive,Social Media,3976,190,77,1307.47,5541.21,3.55,4.778672032193159,40.526315789473685,4.238116362134504,16.980129870129872,4233.74"
"920261,Weekend Special,2024-07-17,Inactive,Sms,2029,989,50,1849.29,8274.93,2.56,48.74322326269098,5.055611729019211,4.474652434177441,36.9858,6425.64"
"799160,Festival Offer,2024-07-17,New Users,App,6115,862,99,1592.4,7968.14,2.42,14.09648405560098,11.48491879350348,5.003855815121828,16.084848484848486,6375.74"
"12627,Flash Sale,2024-07-17,All,Social Media,7320,541,31,4870.47,4779.9,1.93,7.390710382513661,5.730129390018484,0.9814042587265704,157.11193548387098,-90.57000000000062"
"714528,Membership Drive,2024-07-17,Premium,App,5213,944,100,1844.61,7292.98,2.07,18.108574717053518,10.59322033898305,3.9536704235583673,18.446099999999998,5448.37"
"333795,Category Promotion,2024-07-17,Premium,App,8353,186,59,3201.53,8200.55,2.75,2.226744882078295,31.72043010752688,2.5614471830655963,54.263220338983054,4999.019999999999"
"70917,App Push Notification,2024-07-17,All,Sms,3656,800,80,1558.91,4051.96,3.92,21.88183807439825,10.0,2.5992263825365156,19.486375000000002,2493.05"
"455642,Email Campaign,2024-07-17,Inactive,App,7149,608,38,3935.11,5006.09,1.6,8.504685970065744,6.25,1.2721601175062451,103.55552631578948,1070.98"
"290168,Referral Program,2024-07-17,Premium,Social Media,4761,595,54,3427.23,3819.1,3.53,12.49737450115522,9.07563025210084,1.1143401522512348,63.467222222222226,391.8699999999999"
"242571,New User Discount,2024-07-16,New Users,Sms,7831,1000,38,1512.16,8012.07,2.33,12.769761205465457,3.8,5.29842741508835,39.793684210526315,6499.91"
"121944,Weekend Special,2024-07-16,All,App,5323,494,61,2856.75,8592.7,2.67,9.280480931805373,12.348178137651821,3.0078585805548266,46.83196721311475,5735.950000000001"
"314278,Festival Offer,2024-07-16,Inactive,Sms,9082,730,71,1612.43,7169.62,3.99,8.037877119577185,9.726027397260275,4.44646899400284,22.710281690140846,5557.19"
"787238,Flash Sale,2024-07-16,All,App,4129,192,66,3110.73,5430.74,2.48,4.650036328408816,34.375,1.745808861585544,47.13227272727273,2320.0099999999998"
"89310,Membership Drive,2024-07-16,All,Social Media,3977,907,35,4993.77,9253.01,3.6,22.806135277847623,3.8588754134509373,1.8529107267655498,142.67914285714286,4259.24"
"160488,Category Promotion,2024-07-16,Premium,Email,1050,667,56,2106.81,8591.4,2.92,63.523809523809526,8.395802098950526,4.077918749199026,37.621607142857144,6484.59"
"307740,App Push Notification,2024-07-16,Premium,Email,6777,187,44,3262.53,3007.54,3.12,2.7593330382175,23.52941176470588,0.9218428642801751,74.1484090909091,-254.99000000000024"
"751465,Email Campaign,2024-07-16,New Users,Sms,4932,879,75,1460.37,9193.41,1.53,17.822384428223845,8.532423208191126,6.2952607900737485,19.4716,7733.04"
"733710,Referral Program,2024-07-16,All,Sms,7580,194,60,2869.34,5679.95,3.87,2.559366754617414,30.927835051546392,1.979531878411063,47.82233333333333,2810.6099999999997"
"651888,New User Discount,2024-07-15,All,App,9603,621,86,3817.59,4776.77,2.03,6.4667291471415185,13.848631239935589,1.2512527537006333,44.39058139534884,959.1800000000003"
"453227,Weekend Special,2024-07-15,Premium,Sms,8831,989,48,1549.72,9329.4,3.07,11.19918469029555,4.853387259858443,6.020055235784528,32.285833333333336,7779.679999999999"
"375783,Festival Offer,2024-07-15,All,Social Media,5484,383,79,3964.89,6711.24,3.63,6.983953318745441,20.626631853785902,1.6926673879981537,50.18848101265823,2746.35"
"439764,Flash Sale,2024-07-15,New Users,Sms,5733,258,53,3768.62,4817.59,3.55,4.500261643118786,20.54263565891473,1.278343266235386,71.10603773584906,1048.9700000000003"
"790767,Membership Drive,2024-07-15,Premium,Email,7372,480,96,1825.52,3816.4,1.76,6.511123168746609,20.0,2.090582409395679,19.015833333333333,1990.88"
"162998,Category Promotion,2024-07-15,All,Email,4763,830,13,4454.17,4550.4,3.5,17.425992021834976,1.566265060240964,1.021604474009748,342.6284615384615,96.22999999999956"
"219890,App Push Notification,2024-07-15,Inactive,Email,9552,484,23,3512.99,5463.66,3.41,5.067001675041876,4.75206611570248,1.5552734280484717,152.7386956521739,1950.67"
"114097,Email Campaign,2024-07-15,New Users,App,6379,602,97,2273.47,6322.59,3.04,9.437215864555574,16.11295681063123,2.7810307591479106,23.43783505154639,4049.1200000000003"
"940058,Referral Program,2024-07-15,New Users,Sms,2413,167,56,3895.68,3198.49,1.99,6.9208454206382095,33.532934131736525,0.8210350952850337,69.56571428571428,-697.19"
"101172,New User Discount,2024-07-14,Premium,Social Media,8804,837,91,1266.85,6277.53,2.81,9.507042253521126,10.87216248506571,4.955227532857086,13.92142857142857,5010.68"
"53177,Weekend Special,2024-07-14,Premium,Sms,7285,952,17,2561.42,7341.9,1.71,13.067947838023336,1.7857142857142856,2.866339764661789,150.67176470588237,4780.48"
"614094,Festival Offer,2024-07-14,New Users,Social Media,1395,534,97,3869.44,8474.09,1.91,38.27956989247312,18.164794007490638,2.190004238339398,39.89113402061856,4604.65"
"351761,Flash Sale,2024-07-14,Premium,Sms,8777,709,18,4383.07,6731.98,1.63,8.077930955907485,2.538787023977433,1.5359051988674606,243.50388888888887,2348.91"
"195184,Membership Drive,2024-07-14,Premium,Email,2588,348,10,2145.09,3088.18,2.57,13.446676970633694,2.8735632183908044,1.4396505507927404,214.50900000000001,943.0899999999997"
"628944,Category Promotion,2024-07-14,New Users,Social Media,3131,925,43,3146.68,9853.52,3.35,29.543276908335997,4.648648648648648,3.131401985584807,73.17860465116279,6706.84"
"726827,App Push Notification,2024-07-14,Inactive,Email,8767,637,46,2575.69,5082.43,2.12,7.265883426485685,7.221350078492936,1.9732304741642046,55.99326086956522,2506.7400000000002"
"175775,Email Campaign,2024-07-14,Premium,Email,3092,584,82,1450.67,6823.36,1.88,18.88745148771022,14.04109589041096,4.703592133290134,17.69109756097561,5372.69"
"405734,Referral Program,2024-07-14,Inactive,Social Media,2353,620,72,4657.85,5976.87,3.63,26.34934126646834,11.612903225806452,1.2831821548568545,64.69236111111111,1319.0199999999995"
"366652,New User Discount,2024-07-13,New Users,App,5165,880,93,2768.65,4764.24,2.15,17.037754114230395,10.568181818181818,1.7207808859913676,29.770430107526884,1995.5899999999997"
"189306,Weekend Special,2024-07-13,New Users,App,5057,538,49,3384.48,3133.76,2.56,10.63871860787028,9.107806691449815,0.925920673190564,69.07102040816326,-250.7199999999998"
"15528,Festival Offer,2024-07-13,Premium,Sms,9050,710,50,3218.71,5250.64,3.82,7.845303867403315,7.042253521126761,1.6312870684218213,64.3742,2031.9300000000003"
"826247,Flash Sale,2024-07-13,Inactive,Sms,7954,854,79,4169.44,9343.86,2.61,10.736736233341714,9.250585480093678,2.241034767258913,52.777721518987335,5174.420000000001"
"486236,Membership Drive,2024-07-13,Inactive,App,8939,623,57,4589.37,5138.87,3.05,6.9694596711041505,9.149277688603531,1.1197332095690693,80.51526315789474,549.5"
"858374,Category Promotion,2024-07-13,All,App,6372,286,54,4214.35,5341.12,3.5,4.488386691776522,18.88111888111888,1.26736507409209,78.04351851851852,1126.7699999999995"
"856974,App Push Notification,2024-07-13,New Users,Sms,3773,748,66,3245.65,4944.02,2.64,19.825072886297377,8.823529411764707,1.5232757691063423,49.176515151515154,1698.3700000000003"
"66358,Email Campaign,2024-07-13,Inactive,App,7532,786,17,1880.92,5275.79,3.53,10.43547530536378,2.1628498727735366,2.8048986666099567,110.64235294117647,3394.87"
"166886,Referral Program,2024-07-13,Premium,Sms,2629,756,26,3574.08,7522.36,1.98,28.756181057436287,3.439153439153439,2.104698272002865,137.46461538461537,3948.2799999999997"
"81080,New User Discount,2024-07-12,All,Sms,7792,784,90,1798.8,3943.84,2.86,10.061601642710473,11.479591836734695,2.1924838781409832,19.986666666666665,2145.04"
"467373,Weekend Special,2024-07-12,Inactive,Social Media,5335,693,76,3427.39,8500.54,2.83,12.989690721649486,10.966810966810966,2.4801787949430913,45.09723684210526,5073.1500000000015"
"556175,Festival Offer,2024-07-12,Inactive,Email,5224,377,11,2967.36,5461.8,2.02,7.216692189892802,2.9177718832891246,1.8406260109996764,269.76,2494.44"
"184133,Flash Sale,2024-07-12,All,Sms,4938,556,52,1232.91,2892.73,1.58,11.259619279060349,9.352517985611511,2.3462620953678694,23.709807692307695,1659.82"
"862372,Membership Drive,2024-07-12,Inactive,App,3247,282,70,1865.25,8709.17,3.05,8.684939944564213,24.822695035460992,4.669170352499665,26.646428571428572,6843.92"
"54772,Category Promotion,2024-07-12,All,App,9679,725,83,3628.95,5918.21,1.59,7.490443227606159,11.448275862068966,1.6308326099836041,43.7222891566265,2289.26"
"169545,App Push Notification,2024-07-12,All,App,4042,249,56,2741.56,7066.93,3.12,6.160316674913409,22.48995983935743,2.5777039349859208,48.95642857142857,4325.370000000001"
"124610,Email Campaign,2024-07-12,Premium,Social Media,9464,848,32,2229.1,5642.77,3.03,8.960270498732037,3.7735849056603774,2.5314117805392313,69.659375,3413.6700000000005"
"723700,Referral Program,2024-07-12,All,App,7223,529,10,4659.41,7791.85,3.13,7.323826664820711,1.890359168241966,1.67228254221028,465.941,3132.4400000000005"
"54604,New User Discount,2024-07-11,Premium,Social Media,3850,149,74,1265.22,4637.3,3.12,3.8701298701298703,49.664429530201346,3.665212374132562,17.09756756756757,3372.08"
"567737,Weekend Special,2024-07-11,Inactive,Email,3093,262,78,2924.72,4521.23,3.84,8.470740381506628,29.770992366412212,1.5458676386115593,37.49641025641025,1596.5099999999998"
"376369,Festival Offer,2024-07-11,All,Sms,9931,889,28,3276.54,6644.46,3.48,8.951767193636089,3.149606299212598,2.0278891757768864,117.01928571428572,3367.92"
"772462,Flash Sale,2024-07-11,All,App,3842,180,25,3638.26,6281.78,2.1,4.685059864653826,13.88888888888889,1.726589083792802,145.53040000000001,2643.5199999999995"
"846900,Membership Drive,2024-07-11,Premium,Email,4760,422,56,3286.36,9180.9,3.0,8.865546218487395,13.270142180094787,2.793637945934103,58.685,5894.539999999999"
"809480,Category Promotion,2024-07-11,Premium,Sms,7565,915,23,3489.52,7052.61,2.74,12.095175148711169,2.5136612021857925,2.021083128911713,151.71826086956523,3563.0899999999997"
"888464,App Push Notification,2024-07-11,New Users,Sms,2956,141,43,4048.42,5658.82,2.2,4.769959404600812,30.49645390070922,1.3977848148166445,94.1493023255814,1610.3999999999996"
"213728,Email Campaign,2024-07-11,Premium,Email,8210,935,58,2795.2,6047.38,2.31,11.38855054811206,6.2032085561497325,2.1634874069834003,48.193103448275856,3252.1800000000003"
"127966,Referral Program,2024-07-11,Premium,Email,4956,584,75,3771.9,6463.44,2.97,11.78369652945924,12.842465753424658,1.7135767120019088,50.292,2691.5399999999995"
"69938,New User Discount,2024-07-10,Inactive,App,4510,809,96,3110.1,6764.98,2.06,17.93791574279379,11.866501854140916,2.175164785698209,32.396875,3654.8799999999997"
"628694,Weekend Special,2024-07-10,Inactive,App,7696,740,30,4977.55,4373.22,1.74,9.615384615384617,4.054054054054054,0.8785888639993571,165.91833333333335,-604.3299999999999"
"969239,Festival Offer,2024-07-10,All,App,7977,149,37,4514.95,5177.34,2.63,1.8678701266140154,24.832214765100673,1.1467103733153192,122.02567567567567,662.3900000000003"
"274150,Flash Sale,2024-07-10,Premium,Sms,3703,115,43,2486.13,3557.85,3.34,3.1055900621118013,37.391304347826086,1.4310796297860529,57.81697674418605,1071.7199999999998"
"692762,Membership Drive,2024-07-10,Inactive,Social Media,7660,129,10,2003.11,2964.52,3.13,1.6840731070496082,7.751937984496124,1.4799586642770493,200.31099999999998,961.4100000000001"
"705971,Category Promotion,2024-07-10,Inactive,Sms,9304,336,36,2194.51,9169.32,2.53,3.611349957007739,10.714285714285714,4.178299483711625,60.95861111111112,6974.8099999999995"
"253036,App Push Notification,2024-07-10,Inactive,App,1209,216,25,2752.45,8394.96,2.29,17.866004962779154,11.574074074074074,3.0499954585914364,110.098,5642.509999999999"
"182648,Email Campaign,2024-07-10,Premium,Social Media,8244,433,63,2518.04,7213.87,2.65,5.252304706453178,14.549653579676674,2.8648750615558134,39.96888888888889,4695.83"
"288525,Referral Program,2024-07-10,New Users,App,2875,845,50,1552.18,9404.18,3.04,29.391304347826086,5.9171597633136095,6.058691646587381,31.0436,7852.0"
"817895,New User Discount,2024-07-09,All,Email,1355,296,82,3472.55,8513.25,1.75,21.845018450184504,27.7027027027027,2.4515845704165526,42.34817073170732,5040.7"
"782906,Weekend Special,2024-07-09,All,Email,4620,643,61,1129.88,9626.29,2.44,13.917748917748918,9.486780715396579,8.519745459694835,18.522622950819674,8496.41"
"715842,Festival Offer,2024-07-09,New Users,Social Media,3036,616,22,2107.4,8586.18,3.71,20.28985507246377,3.571428571428571,4.074300085413306,95.7909090909091,6478.780000000001"
"436135,Flash Sale,2024-07-09,New Users,Sms,6498,327,62,4013.69,3495.04,1.89,5.032317636195752,18.960244648318042,0.8707797562841176,64.73693548387097,-518.6500000000001"
"720481,Membership Drive,2024-07-09,Premium,Email,5610,684,11,3656.24,8520.82,2.53,12.192513368983956,1.608187134502924,2.3304870577423804,332.38545454545454,4864.58"
"796370,Category Promotion,2024-07-09,All,Sms,9355,721,35,4009.72,7498.45,3.45,7.707108498129342,4.854368932038835,1.870068234190916,114.56342857142856,3488.73"
"921510,App Push Notification,2024-07-09,Premium,Social Media,1406,747,45,3243.81,2431.46,2.02,53.12944523470839,6.024096385542169,0.7495691794525574,72.08466666666666,-812.3499999999999"
"336324,Email Campaign,2024-07-09,Premium,Sms,7441,940,20,4885.9,9464.14,3.08,12.632710657169735,2.127659574468085,1.9370310485273952,244.295,4578.24"
"227674,Referral Program,2024-07-09,Inactive,Email,6464,990,56,2653.22,8806.88,3.38,15.31559405940594,5.656565656565657,3.3193176592970053,47.37892857142857,6153.66"
"779698,New User Discount,2024-07-08,Inactive,Social Media,6314,968,20,2430.17,3313.77,2.28,15.33101045296167,2.066115702479339,1.363595962422382,121.5085,883.5999999999999"
"27136,Weekend Special,2024-07-08,Inactive,Social Media,3081,663,98,4462.35,5634.3,3.03,21.518987341772153,14.781297134238311,1.2626306766614004,45.53418367346939,1171.9499999999998"
"367050,Festival Offer,2024-07-08,All,App,2827,368,70,1859.92,7222.11,1.64,13.01733286169084,19.021739130434785,3.8830218504021676,26.570285714285717,5362.19"
"884549,Flash Sale,2024-07-08,All,Email,3824,512,18,1011.12,4223.28,3.7,13.389121338912133,3.515625,4.176833610253976,56.17333333333333,3212.16"
"986752,Membership Drive,2024-07-08,Premium,Email,3575,737,47,3896.84,4303.13,3.83,20.615384615384617,6.377204884667571,1.1042614015458678,82.91148936170212,406.28999999999996"
"69862,Category Promotion,2024-07-08,All,Social Media,7266,643,72,2974.19,9085.9,2.78,8.849435728048444,11.19751166407465,3.054915792198884,41.308194444444446,6111.709999999999"
"575066,App Push Notification,2024-07-08,Inactive,App,7977,302,56,3983.37,9691.47,1.82,3.78588441770089,18.543046357615893,2.432982625264537,71.13160714285713,5708.099999999999"
"867631,Email Campaign,2024-07-08,Inactive,Email,1298,897,19,4730.77,3047.53,2.42,69.10631741140215,2.118171683389075,0.6441932285864669,248.98789473684212,-1683.2400000000002"
"992548,Referral Program,2024-07-08,All,Sms,2955,130,69,3239.74,7024.88,2.4,4.39932318104907,53.07692307692308,2.168346842647867,46.9527536231884,3785.1400000000003"
"370831,New User Discount,2024-07-07,All,Sms,3971,252,53,4938.28,9863.18,2.43,6.346008562075044,21.03174603174603,1.9972905546060573,93.17509433962263,4924.900000000001"
"972938,Weekend Special,2024-07-07,Premium,Sms,8867,168,29,4295.72,7068.8,1.52,1.8946656140746587,17.261904761904763,1.645544867915041,148.12827586206896,2773.08"
"666778,Festival Offer,2024-07-07,All,App,9556,312,30,3153.14,7350.63,2.32,3.264964420259523,9.615384615384617,2.3312095244740165,105.10466666666666,4197.49"
"709437,Flash Sale,2024-07-07,Inactive,Email,6563,173,55,4805.06,2820.35,2.2,2.635989638884656,31.79190751445087,0.5869541691466911,87.36472727272728,-1984.7100000000005"
"89439,Membership Drive,2024-07-07,Inactive,Social Media,3764,559,78,3072.25,5487.27,1.52,14.851222104144526,13.953488372093023,1.7860753519407602,39.38782051282051,2415.0200000000004"
"687834,Category Promotion,2024-07-07,All,Email,3896,881,13,1827.35,7296.21,3.1,22.6129363449692,1.4755959137343928,3.992781897282951,140.5653846153846,5468.860000000001"
"497519,App Push Notification,2024-07-07,Inactive,App,3319,572,50,2778.66,5632.85,3.65,17.23410665863212,8.741258741258742,2.027182166943779,55.5732,2854.1900000000005"
"338168,Email Campaign,2024-07-07,All,Email,1945,665,47,4974.13,5464.2,1.59,34.19023136246786,7.067669172932331,1.0985237619442998,105.83255319148937,490.0699999999997"
"804688,Referral Program,2024-07-07,New Users,Email,7284,154,16,2848.33,8076.66,3.34,2.114222954420648,10.38961038961039,2.8355773382999865,178.020625,5228.33"
"780485,New User Discount,2024-07-06,All,App,1819,995,78,4986.38,7138.51,2.13,54.70038482682793,7.839195979899498,1.4316016829844496,63.927948717948716,2152.13"
"547115,Weekend Special,2024-07-06,Inactive,Sms,4656,535,29,3311.28,7686.73,2.14,11.490549828178693,5.420560747663552,2.3213772317653594,114.18206896551725,4375.449999999999"
"227016,Festival Offer,2024-07-06,New Users,Social Media,4233,297,86,3920.5,5730.42,3.24,7.016300496102056,28.95622895622896,1.4616554010967988,45.58720930232558,1809.92"
"425704,Flash Sale,2024-07-06,Premium,Email,3559,724,58,4851.57,3589.65,1.69,20.342792919359372,8.011049723756907,0.7398945083756393,83.64775862068964,-1261.9199999999996"
"731367,Membership Drive,2024-07-06,All,App,2501,541,43,1026.38,4163.05,1.55,21.631347461015594,7.948243992606285,4.056051364991523,23.869302325581398,3136.67"
"614126,Category Promotion,2024-07-06,All,Social Media,8922,765,75,1243.83,6716.25,2.51,8.574310692669805,9.803921568627452,5.399652685656401,16.5844,5472.42"
"751624,App Push Notification,2024-07-06,Inactive,Sms,7284,596,50,2584.0,5175.76,1.56,8.182317408017573,8.389261744966444,2.0030030959752323,51.68,2591.76"
"962131,Email Campaign,2024-07-06,Inactive,Email,5284,969,68,2809.88,7560.78,3.34,18.338380015140046,7.017543859649122,2.6907839480689564,41.32176470588235,4750.9"
"590925,Referral Program,2024-07-06,Premium,Email,8234,914,29,1899.6,8064.61,1.7,11.100315763905757,3.1728665207877462,4.2454253527058325,65.50344827586207,6165.01"
"377293,New User Discount,2024-07-05,Inactive,Social Media,7771,575,49,4311.66,2839.56,2.15,7.399305108737614,8.521739130434783,0.6585769749933901,87.9930612244898,-1472.1"
"102043,Weekend Special,2024-07-05,Inactive,App,7307,390,42,2870.92,8166.53,2.53,5.337347748734091,10.76923076923077,2.844568988338233,68.3552380952381,5295.61"
"682120,Festival Offer,2024-07-05,New Users,App,9806,804,91,4579.07,2116.41,1.69,8.199061798898635,11.318407960199005,0.4621921045103045,50.31945054945054,-2462.66"
"556237,Flash Sale,2024-07-05,Inactive,App,8061,906,83,4928.0,2849.73,3.36,11.239300334946037,9.161147902869757,0.5782731331168831,59.373493975903614,-2078.27"
"536075,Membership Drive,2024-07-05,All,Email,3374,447,72,3431.27,7819.18,1.79,13.248369887374038,16.10738255033557,2.278800560725329,47.656527777777775,4387.91"
"799187,Category Promotion,2024-07-05,Inactive,Sms,8219,111,29,4629.74,3194.92,1.96,1.3505292614673319,26.126126126126124,0.6900862683433627,159.64620689655172,-1434.8199999999997"
"660547,App Push Notification,2024-07-05,Inactive,App,5188,873,40,2262.6,8709.88,3.41,16.82729375481881,4.581901489117984,3.84950057456024,56.565,6447.279999999999"
"548705,Email Campaign,2024-07-05,All,Sms,3026,884,51,1266.83,5419.23,3.63,29.213483146067414,5.769230769230769,4.277787864196458,24.839803921568627,4152.4"
"461527,Referral Program,2024-07-05,Inactive,App,7153,641,98,4563.68,8629.79,2.59,8.961274989514889,15.288611544461778,1.8909717596325772,46.568163265306126,4066.1100000000006"
"303557,New User Discount,2024-07-04,New Users,Sms,2155,682,89,2401.05,7405.77,3.08,31.647331786542924,13.049853372434017,3.084388080214906,26.97808988764045,5004.72"
"698668,Weekend Special,2024-07-04,Premium,App,1929,563,56,3292.83,4768.12,2.98,29.18610679108346,9.946714031971581,1.4480310249845878,58.800535714285715,1475.29"
"184088,Festival Offer,2024-07-04,New Users,Email,3280,568,86,1233.29,5501.87,3.61,17.317073170731707,15.140845070422534,4.461132418166044,14.340581395348837,4268.58"
"895095,Flash Sale,2024-07-04,Inactive,App,1306,440,66,3135.58,7797.98,2.86,33.6906584992343,15.0,2.4869338368021228,47.50878787878788,4662.4"
"635618,Membership Drive,2024-07-04,New Users,App,7959,389,63,4901.15,2434.26,3.56,4.887548687020982,16.195372750642672,0.49667118941472926,77.79603174603174,-2466.8899999999994"
"133861,Category Promotion,2024-07-04,All,App,3083,637,99,3039.8,6757.26,3.04,20.661693156016867,15.541601255886969,2.222929140075005,30.705050505050508,3717.46"
"273112,App Push Notification,2024-07-04,New Users,Sms,4825,890,60,4971.96,6051.97,3.51,18.44559585492228,6.741573033707865,1.217220170717383,82.866,1080.0100000000002"
"429218,Email Campaign,2024-07-04,Premium,Social Media,4915,743,68,2927.68,7764.72,3.39,15.116988809766022,9.152086137281291,2.652175101103946,43.054117647058824,4837.040000000001"
"299733,Referral Program,2024-07-04,Inactive,App,7883,566,69,4658.57,4550.79,3.09,7.18000761131549,12.190812720848058,0.9768641450058709,67.51550724637681,-107.77999999999975"
"814579,New User Discount,2024-07-03,Premium,Sms,4921,712,97,3667.84,2493.24,3.34,14.468603942288153,13.623595505617978,0.6797570232071191,37.81278350515464,-1174.6000000000004"
"703493,Weekend Special,2024-07-03,Premium,App,7636,748,93,4831.1,8736.93,3.7,9.795704557359874,12.433155080213904,1.8084763304423424,51.947311827956995,3905.83"
"304163,Festival Offer,2024-07-03,New Users,Sms,9383,716,99,4343.35,3781.41,3.86,7.63082169881701,13.8268156424581,0.870620603911727,43.87222222222223,-561.9400000000005"
"5891,Flash Sale,2024-07-03,Premium,Sms,2333,976,96,4851.75,2280.15,1.77,41.83454779254179,9.836065573770492,0.4699644458185191,50.5390625,-2571.6"
"521813,Membership Drive,2024-07-03,All,App,2775,654,34,4022.17,3607.6,2.77,23.56756756756757,5.198776758409786,0.8969287722796401,118.29911764705882,-414.57000000000016"
"630300,Category Promotion,2024-07-03,Inactive,Social Media,7652,490,50,4462.33,3602.84,1.74,6.403554626241506,10.204081632653061,0.8073898613504604,89.2466,-859.4899999999998"
"222013,App Push Notification,2024-07-03,All,App,5590,525,65,4865.84,8038.75,3.45,9.391771019677996,12.380952380952381,1.6520785722506288,74.85907692307693,3172.91"
"162388,Email Campaign,2024-07-03,Inactive,Social Media,1465,213,61,2476.41,7904.47,2.89,14.53924914675768,28.638497652582164,3.191906832875009,40.59688524590164,5428.06"
"1966,Referral Program,2024-07-03,All,App,1515,924,96,3621.59,5330.49,3.92,60.99009900990099,10.38961038961039,1.4718645677727185,37.724895833333335,1708.8999999999996"
"55594,New User Discount,2024-07-02,Premium,Email,4990,531,26,2983.34,6924.21,2.7,10.641282565130261,4.8964218455743875,2.3209590593093647,114.74384615384616,3940.87"
"922544,Weekend Special,2024-07-02,New Users,Email,2546,293,25,1171.18,2739.18,2.96,11.508248232521602,8.532423208191126,2.338820676582592,46.8472,1567.9999999999998"
"758868,Festival Offer,2024-07-02,All,Email,3963,196,12,1571.37,8652.94,3.17,4.945748170577845,6.122448979591836,5.506621610441845,130.9475,7081.570000000001"
"221516,Flash Sale,2024-07-02,New Users,Social Media,5859,658,41,1160.27,4796.48,3.75,11.230585424133812,6.231003039513678,4.13393434286847,28.299268292682925,3636.2099999999996"
"423614,Membership Drive,2024-07-02,All,Social Media,4714,852,37,2305.05,8529.82,2.15,18.07382265591854,4.342723004694836,3.7004923971280443,62.29864864864865,6224.7699999999995"
"119485,Category Promotion,2024-07-02,All,Sms,4253,931,40,4987.84,5521.58,2.18,21.890430284505054,4.296455424274973,1.1070082440495284,124.696,533.7399999999998"
"186094,App Push Notification,2024-07-02,Inactive,Sms,5915,402,50,2214.75,2233.47,2.87,6.796280642434488,12.437810945273633,1.0084524212665085,44.295,18.7199999999998"
"304479,Email Campaign,2024-07-02,Premium,App,7675,417,88,2789.71,9339.14,2.54,5.4332247557003255,21.103117505995204,3.347709977022701,31.70125,6549.429999999999"
"130880,Referral Program,2024-07-02,Premium,Sms,7911,867,72,2811.38,2963.7,3.16,10.959423587409937,8.304498269896193,1.0541797978217102,39.04694444444445,152.3199999999997"
"244611,New User Discount,2024-07-01,New Users,Social Media,6321,187,84,4371.65,8343.1,3.89,2.9583926593893373,44.919786096256686,1.9084556174442147,52.043452380952374,3971.4500000000007"
"88954,Weekend Special,2024-07-01,All,Sms,7738,665,43,3656.55,9710.03,3.09,8.59395192556216,6.466165413533835,2.655516812295743,85.03604651162792,6053.4800000000005"
"403916,Festival Offer,2024-07-01,Premium,App,6960,997,25,1658.6,2594.59,2.83,14.324712643678161,2.507522567703109,1.564325334619559,66.344,935.9900000000002"
"759311,Flash Sale,2024-07-01,New Users,Social Media,7954,845,83,1246.38,7315.92,2.84,10.623585617299472,9.822485207100591,5.869734751841332,15.016626506024098,6069.54"
"571275,Membership Drive,2024-07-01,Inactive,Email,4154,845,58,3219.98,7299.54,2.91,20.34183919114107,6.8639053254437865,2.2669519686457678,55.51689655172414,4079.56"
"51824,Category Promotion,2024-07-01,Premium,Social Media,1672,432,17,4330.69,6671.78,2.37,25.837320574162682,3.935185185185185,1.5405812930502993,254.74647058823527,2341.09"
"943235,App Push Notification,2024-07-01,Inactive,Social Media,6764,228,49,4512.66,4955.98,1.87,3.3707865168539324,21.49122807017544,1.0982391760070556,92.09510204081633,443.3199999999997"
"275526,Email Campaign,2024-07-01,All,App,4561,692,18,3934.35,3673.46,3.12,15.172111379083534,2.601156069364162,0.9336891735610711,218.575,-260.8899999999999"
"912695,Referral Program,2024-07-01,Inactive,Email,1111,233,34,4448.72,6160.27,2.96,20.97209720972097,14.592274678111588,1.3847286410473125,130.84470588235294,1711.5500000000002"
"251216,New User Discount,2024-06-30,Premium,Email,2114,546,46,1765.54,7031.51,3.82,25.82781456953642,8.424908424908425,3.9826398722203975,38.38130434782609,5265.97"
"762137,Weekend Special,2024-06-30,New Users,Sms,6175,682,79,1510.5,4191.05,1.64,11.044534412955466,11.58357771260997,2.774611055941741,19.120253164556964,2680.55"
"594632,Festival Offer,2024-06-30,All,App,6917,204,13,4736.98,6076.13,3.95,2.94925545756831,6.372549019607843,1.2827012146979722,364.3830769230769,1339.1500000000005"
"23520,Flash Sale,2024-06-30,New Users,App,2732,634,48,1120.18,7095.81,3.02,23.206442166910687,7.570977917981073,6.33452659394026,23.337083333333336,5975.63"
"465937,Membership Drive,2024-06-30,New Users,Sms,7461,762,17,3075.9,4295.43,2.01,10.213108162444714,2.2309711286089238,1.3964790792938653,180.93529411764706,1219.5300000000002"
"677909,Category Promotion,2024-06-30,Inactive,App,6879,281,67,1482.59,8928.52,3.67,4.084896060473906,23.843416370106763,6.022244855287032,22.12820895522388,7445.93"
"316186,App Push Notification,2024-06-30,New Users,App,7950,768,37,4374.78,4830.83,3.2,9.660377358490566,4.817708333333334,1.1042452420464572,118.23729729729729,456.0500000000002"
"720847,Email Campaign,2024-06-30,Premium,App,3938,998,77,4701.87,6442.54,3.86,25.342813610970033,7.715430861723446,1.3702080236161358,61.06324675324675,1740.67"
"403077,Referral Program,2024-06-30,All,Social Media,7565,420,76,4381.73,8518.67,2.99,5.551883674818242,18.095238095238095,1.944133937965142,57.654342105263154,4136.9400000000005"
"606513,New User Discount,2024-06-29,Inactive,Email,3160,477,90,3344.65,6653.97,3.14,15.094936708860759,18.867924528301888,1.9894368618540057,37.16277777777778,3309.32"
"456050,Weekend Special,2024-06-29,New Users,Email,1044,882,94,4013.88,6635.48,1.65,84.48275862068965,10.657596371882086,1.653133626316681,42.70085106382979,2621.5999999999995"
"436310,Festival Offer,2024-06-29,New Users,Email,6525,988,58,3159.26,3091.38,3.81,15.14176245210728,5.870445344129554,0.9785139557997758,54.470000000000006,-67.88000000000011"
"669182,Flash Sale,2024-06-29,Premium,Sms,7621,643,26,1998.75,9531.89,2.95,8.43721296417793,4.043545878693624,4.768925578486554,76.875,7533.139999999999"
"594914,Membership Drive,2024-06-29,Premium,Email,6930,939,70,2594.55,4301.0,3.7,13.54978354978355,7.454739084132056,1.6577055751479062,37.065000000000005,1706.4499999999998"
"424670,Category Promotion,2024-06-29,Premium,App,1444,152,71,2805.14,9714.68,2.36,10.526315789473683,46.71052631578947,3.463171178622101,39.509014084507044,6909.540000000001"
"65645,App Push Notification,2024-06-29,New Users,Social Media,7384,986,65,4132.36,3756.11,2.97,13.353196099674971,6.592292089249494,0.9089503334656227,63.57476923076923,-376.24999999999955"
"33915,Email Campaign,2024-06-29,Inactive,App,5404,569,80,3626.89,3659.99,2.8,10.529237601776462,14.059753954305801,1.0091262762311513,45.336124999999996,33.09999999999991"
"803902,Referral Program,2024-06-29,Premium,Sms,5077,473,41,2580.18,2398.48,1.99,9.316525507189285,8.668076109936575,0.9295785565348155,62.93121951219512,-181.69999999999982"
"131270,New User Discount,2024-06-28,New Users,Email,7761,945,68,1487.79,3090.76,1.83,12.176265945110167,7.195767195767195,2.077416839742168,21.879264705882353,1602.9700000000003"
"331187,Weekend Special,2024-06-28,New Users,Sms,2132,512,46,4171.41,3832.22,2.93,24.015009380863038,8.984375,0.9186869667570438,90.68282608695652,-339.19000000000005"
"290631,Festival Offer,2024-06-28,New Users,Email,5334,360,22,1139.89,8894.52,3.05,6.749156355455568,6.111111111111111,7.802963443841072,51.813181818181825,7754.63"
"38412,Flash Sale,2024-06-28,Inactive,App,3952,731,54,3131.76,7342.56,1.53,18.496963562753034,7.387140902872777,2.344547474902291,57.99555555555556,4210.8"
"832797,Membership Drive,2024-06-28,Inactive,Sms,7466,103,38,3591.2,2103.74,2.01,1.379587463166354,36.89320388349515,0.5858041880151481,94.50526315789473,-1487.46"
"193101,Category Promotion,2024-06-28,Premium,Email,1897,860,94,3452.59,2721.55,1.52,45.33473906167633,10.930232558139535,0.78826330378064,36.72968085106383,-731.04"
"818942,App Push Notification,2024-06-28,New Users,Email,1498,220,59,4045.16,3284.97,3.29,14.686248331108146,26.81818181818182,0.812074182479803,68.56203389830509,-760.19"
"282366,Email Campaign,2024-06-28,Premium,Email,5310,774,44,1266.95,6411.71,3.85,14.576271186440678,5.684754521963824,5.060744307194443,28.794318181818184,5144.76"
"975633,Referral Program,2024-06-28,Inactive,Email,1204,498,56,3227.61,2448.78,3.64,41.36212624584717,11.244979919678714,0.7586976121650385,57.635892857142856,-778.8299999999999"
"203140,New User Discount,2024-06-27,Premium,Email,4338,488,35,4529.84,5374.49,1.73,11.249423697556479,7.172131147540983,1.1864635395510656,129.424,844.6499999999996"
"813083,Weekend Special,2024-06-27,All,Email,8328,580,55,4854.84,9204.49,2.23,6.964457252641691,9.482758620689655,1.8959409578894464,88.26981818181818,4349.65"
"628968,Festival Offer,2024-06-27,Inactive,Sms,5139,514,42,2816.39,3514.78,2.65,10.001945903872349,8.171206225680933,1.247973469583403,67.05690476190476,698.3900000000003"
"104067,Flash Sale,2024-06-27,Inactive,Social Media,8835,929,89,1586.68,7113.0,3.07,10.514997170345218,9.580193756727665,4.482945521466206,17.827865168539326,5526.32"
"997019,Membership Drive,2024-06-27,Premium,Social Media,4463,248,12,2672.66,6233.93,2.69,5.556800358503249,4.838709677419355,2.3324814978336192,222.72166666666666,3561.2700000000004"
"549440,Category Promotion,2024-06-27,Premium,App,8080,427,26,4881.88,9391.55,1.58,5.284653465346534,6.0889929742388755,1.9237568313846303,187.76461538461538,4509.669999999999"
"691873,App Push Notification,2024-06-27,All,Social Media,5652,128,43,3702.41,8025.93,3.98,2.264685067232838,33.59375,2.1677582979734824,86.10255813953488,4323.52"
"107594,Email Campaign,2024-06-27,All,Email,3925,618,39,1791.31,6558.83,1.78,15.745222929936306,6.310679611650485,3.6614712138044228,45.93102564102564,4767.52"
"558647,Referral Program,2024-06-27,Premium,App,7824,283,77,1351.43,9797.02,1.89,3.6170756646216766,27.208480565371023,7.249372886498006,17.551038961038962,8445.59"
"675663,New User Discount,2024-06-26,Premium,Social Media,2017,666,58,4614.46,2352.58,2.61,33.019335647000496,8.708708708708707,0.5098278021697014,79.5596551724138,-2261.88"
"780455,Weekend Special,2024-06-26,All,App,9298,184,82,4161.56,9147.46,2.42,1.9789201978920197,44.565217391304344,2.198084372206576,50.75073170731708,4985.899999999999"
"562182,Festival Offer,2024-06-26,All,Email,7412,685,17,1043.7,5438.85,1.94,9.241770102536426,2.4817518248175183,5.211123886174188,61.39411764705883,4395.150000000001"
"319024,Flash Sale,2024-06-26,Premium,App,4392,130,56,1103.91,8439.46,1.79,2.959927140255009,43.07692307692308,7.645061644518121,19.712678571428572,7335.549999999999"
"539170,Membership Drive,2024-06-26,New Users,Email,2867,348,36,3892.36,3876.93,2.13,12.138123474014648,10.344827586206897,0.9960358240244992,108.12111111111112,-15.430000000000291"
"579100,Category Promotion,2024-06-26,Premium,Email,9588,472,23,2439.33,2489.44,1.53,4.92282019190655,4.872881355932203,1.0205425260214895,106.05782608695652,50.11000000000013"
"695056,App Push Notification,2024-06-26,New Users,Social Media,6103,748,86,2302.33,7127.26,3.27,12.256267409470752,11.497326203208557,3.095672644668662,26.77127906976744,4824.93"
"509838,Email Campaign,2024-06-26,Inactive,Social Media,2310,333,46,1001.64,5810.57,1.69,14.415584415584416,13.813813813813812,5.801056267720938,21.774782608695652,4808.929999999999"
"917018,Referral Program,2024-06-26,Inactive,Social Media,1152,690,99,1005.0,4625.85,2.33,59.895833333333336,14.347826086956522,4.602835820895523,10.151515151515152,3620.8500000000004"
"709741,New User Discount,2024-06-25,All,App,4332,460,65,3744.78,7675.11,2.7,10.61865189289012,14.130434782608695,2.0495489721692595,57.612,3930.3299999999995"
"147381,Weekend Special,2024-06-25,New Users,Email,8409,376,72,3483.01,6200.81,3.99,4.471399690807468,19.148936170212767,1.7803020950270025,48.37513888888889,2717.8"
"268193,Festival Offer,2024-06-25,Premium,Sms,5799,673,24,1759.2,7800.62,2.28,11.605449215381961,3.566121842496285,4.43418599363347,73.3,6041.42"
"874292,Flash Sale,2024-06-25,All,Sms,9338,718,51,3121.12,6324.27,1.87,7.689012636538874,7.103064066852367,2.0262822320192755,61.19843137254902,3203.1500000000005"
"666231,Membership Drive,2024-06-25,Inactive,Social Media,3335,363,43,2568.98,9083.77,1.64,10.88455772113943,11.84573002754821,3.535944226891607,59.743720930232556,6514.790000000001"
"854434,Category Promotion,2024-06-25,Premium,Social Media,8922,341,36,1539.19,4216.18,2.34,3.822013001569155,10.557184750733137,2.739219979339783,42.75527777777778,2676.9900000000002"
"937934,App Push Notification,2024-06-25,Inactive,App,2142,297,17,4271.51,5178.49,1.96,13.865546218487395,5.723905723905724,1.2123324070410697,251.26529411764707,906.9799999999996"
"160804,Email Campaign,2024-06-25,New Users,Social Media,5862,627,50,3294.6,2783.4,2.36,10.696008188331628,7.974481658692185,0.8448370060098344,65.892,-511.1999999999998"
"263743,Referral Program,2024-06-25,Inactive,App,1915,755,93,3763.84,4407.4,2.1,39.425587467362924,12.317880794701987,1.1709849515388537,40.47139784946237,643.5599999999995"
"608413,New User Discount,2024-06-24,All,Social Media,8190,822,75,4622.25,8360.96,3.9,10.036630036630036,9.124087591240876,1.8088506679647356,61.63,3738.709999999999"
"296374,Weekend Special,2024-06-24,Premium,Email,5930,860,69,4851.63,7365.3,3.64,14.502529510961216,8.023255813953488,1.518108347091596,70.31347826086957,2513.67"
"551476,Festival Offer,2024-06-24,Inactive,App,7483,531,79,2613.74,6458.45,2.2,7.096084458105039,14.87758945386064,2.470961151453473,33.0853164556962,3844.71"
"335027,Flash Sale,2024-06-24,All,Email,8302,559,53,3655.67,8143.15,3.42,6.733317272946278,9.481216457960643,2.227539684927797,68.97490566037736,4487.48"
"907176,Membership Drive,2024-06-24,Premium,Sms,4824,255,75,1681.34,3927.97,3.6,5.286069651741294,29.411764705882355,2.3362139721888493,22.417866666666665,2246.63"
"481432,Category Promotion,2024-06-24,Premium,Email,5516,566,67,4108.23,6037.21,3.84,10.261058738216098,11.837455830388691,1.4695404103470353,61.316865671641786,1928.9800000000005"
"7847,App Push Notification,2024-06-24,All,Sms,4556,955,78,1163.12,3696.71,3.11,20.961369622475857,8.167539267015707,3.178270513790495,14.91179487179487,2533.59"
"800383,Email Campaign,2024-06-24,Inactive,Social Media,3913,588,33,3438.17,8343.04,3.23,15.026833631484795,5.612244897959184,2.426593216740301,104.1869696969697,4904.870000000001"
"125844,Referral Program,2024-06-24,Inactive,App,4513,176,31,2615.18,5040.28,2.67,3.899844892532683,17.613636363636363,1.9273166665392056,84.36064516129032,2425.1"
"634113,New User Discount,2024-06-23,New Users,App,8484,946,53,2318.47,5748.4,2.06,11.15040075436115,5.602536997885835,2.479393738111772,43.74471698113207,3429.93"
"614117,Weekend Special,2024-06-23,Premium,Sms,1972,385,13,4477.51,8058.4,2.02,19.523326572008113,3.3766233766233764,1.7997503076486707,344.42384615384617,3580.8899999999994"
"728034,Festival Offer,2024-06-23,New Users,App,6781,797,72,4823.82,7398.63,2.02,11.75342869783218,9.03387703889586,1.53376991678794,66.9975,2574.8100000000004"
"261225,Flash Sale,2024-06-23,All,App,9883,691,100,2077.51,6378.87,2.26,6.991804108064353,14.47178002894356,3.070440094151171,20.775100000000002,4301.36"
"337094,Membership Drive,2024-06-23,New Users,Sms,8815,872,10,2548.59,9641.1,2.66,9.892229154849689,1.146788990825688,3.782915259025579,254.859,7092.51"
"286120,Category Promotion,2024-06-23,New Users,Social Media,6234,938,69,3395.14,6242.52,2.21,15.046519088867502,7.356076759061833,1.8386635013578234,49.204927536231885,2847.3800000000006"
"758184,App Push Notification,2024-06-23,All,Social Media,1736,662,44,1487.89,2878.17,3.69,38.13364055299539,6.646525679758309,1.9343970320386588,33.81568181818182,1390.28"
"465005,Email Campaign,2024-06-23,Premium,Sms,3781,785,17,1003.74,2537.58,3.54,20.761703253107644,2.1656050955414012,2.528124813198637,59.04352941176471,1533.84"
"974675,Referral Program,2024-06-23,Premium,App,2911,748,77,4334.34,9047.32,2.55,25.695637238062524,10.294117647058822,2.08735816756415,56.290129870129874,4712.98"
"323930,New User Discount,2024-06-22,Inactive,App,6643,911,98,4653.49,8463.58,3.81,13.713683576697274,10.757409440175632,1.8187596835923145,47.484591836734694,3810.09"
"414375,Weekend Special,2024-06-22,All,Sms,2920,756,38,2289.65,8191.09,1.8,25.89041095890411,5.026455026455026,3.5774419671128777,60.25394736842105,5901.4400000000005"
"208480,Festival Offer,2024-06-22,Premium,Sms,7569,635,35,1637.0,8332.56,2.45,8.389483419209935,5.511811023622047,5.09014050091631,46.77142857142857,6695.5599999999995"
"901057,Flash Sale,2024-06-22,All,Social Media,6447,190,14,1781.82,5566.88,3.29,2.947107181634869,7.368421052631578,3.1242661997283676,127.27285714285713,3785.0600000000004"
"929469,Membership Drive,2024-06-22,Premium,Sms,6249,835,29,1468.29,8753.86,1.63,13.362137942070731,3.473053892215569,5.96194212315006,50.63068965517241,7285.570000000001"
"572560,Category Promotion,2024-06-22,Premium,Email,3292,232,49,1464.95,9553.86,2.09,7.047387606318348,21.120689655172413,6.521628724529847,29.896938775510204,8088.910000000001"
"754004,App Push Notification,2024-06-22,Premium,Sms,2490,917,27,4603.79,6266.45,2.03,36.82730923694779,2.9443838604143946,1.3611502696691204,170.51074074074074,1662.6599999999999"
"516036,Email Campaign,2024-06-22,New Users,App,5904,693,79,3829.55,3327.78,3.33,11.73780487804878,11.3997113997114,0.8689741614550013,48.4753164556962,-501.77"
"345842,Referral Program,2024-06-22,Premium,App,4740,589,34,4973.04,2934.5,2.08,12.426160337552743,5.772495755517826,0.5900817206376784,146.26588235294116,-2038.54"
"503189,New User Discount,2024-06-21,All,Email,7381,175,34,4470.77,7587.44,1.9,2.370952445468094,19.428571428571427,1.6971215249274731,131.49323529411765,3116.669999999999"
"733405,Weekend Special,2024-06-21,New Users,Email,8045,437,66,2813.81,6769.39,2.8,5.4319453076445,15.102974828375288,2.4057736663100924,42.63348484848485,3955.5800000000004"
"637524,Festival Offer,2024-06-21,Inactive,Email,8059,298,81,3677.63,8321.77,2.69,3.697729246804814,27.181208053691275,2.2628078409192875,45.40283950617284,4644.14"
"821373,Flash Sale,2024-06-21,Inactive,Email,3211,412,46,1645.04,7723.1,2.0,12.830893802553723,11.165048543689322,4.694779458250256,35.76173913043478,6078.06"
"567412,Membership Drive,2024-06-21,All,Social Media,7170,312,25,3692.45,4329.54,3.67,4.351464435146443,8.012820512820513,1.172538558409728,147.69799999999998,637.0900000000001"
"372223,Category Promotion,2024-06-21,Inactive,Email,3986,492,50,3888.91,4894.63,2.39,12.343201204214752,10.16260162601626,1.258612310390315,77.7782,1005.7200000000003"
"402032,App Push Notification,2024-06-21,All,Sms,5473,334,91,3286.49,8320.97,2.87,6.10268591266216,27.245508982035926,2.531871388624338,36.11527472527472,5034.48"
"544562,Email Campaign,2024-06-21,Inactive,App,3626,517,26,4898.32,2826.17,2.29,14.258135686707115,5.029013539651837,0.5769672050825589,188.39692307692306,-2072.1499999999996"
"688809,Referral Program,2024-06-21,All,Social Media,1939,166,15,3686.11,9021.3,2.58,8.561113976276431,9.036144578313253,2.4473767738890047,245.74066666666667,5335.189999999999"
"482783,New User Discount,2024-06-20,New Users,Sms,8120,243,37,4961.69,7083.77,3.66,2.9926108374384235,15.22633744855967,1.427692983640655,134.09972972972972,2122.080000000001"
"100438,Weekend Special,2024-06-20,Premium,Email,7651,575,30,1819.94,8889.88,3.55,7.515357469611815,5.217391304347826,4.884710484961042,60.66466666666667,7069.939999999999"
"156818,Festival Offer,2024-06-20,Premium,Sms,8842,731,49,2006.5,5537.53,1.73,8.267360325718164,6.703146374829001,2.7597956640917016,40.94897959183673,3531.0299999999997"
"992276,Flash Sale,2024-06-20,All,Social Media,2292,975,71,2306.65,7002.08,2.42,42.539267015706805,7.282051282051281,3.035605748596449,32.488028169014086,4695.43"
"791007,Membership Drive,2024-06-20,Premium,Social Media,8837,613,80,4690.93,8167.9,2.31,6.936743238655653,13.050570962479608,1.7412112310352104,58.636625,3476.9699999999993"
"856955,Category Promotion,2024-06-20,New Users,App,9042,228,54,4882.17,6162.55,2.7,2.52156602521566,23.684210526315788,1.2622563327372869,90.41055555555556,1280.38"
"502211,App Push Notification,2024-06-20,Inactive,Social Media,8187,627,31,2061.34,3802.35,1.85,7.658482960791499,4.944178628389154,1.844601084731291,66.49483870967742,1741.0099999999998"
"244847,Email Campaign,2024-06-20,New Users,Social Media,7058,534,72,1964.28,5347.66,3.1,7.565882686313404,13.48314606741573,2.7224530107723948,27.281666666666666,3383.38"
"404966,Referral Program,2024-06-20,All,Email,8314,748,68,4915.11,6474.87,2.26,8.996872744767861,9.090909090909092,1.3173397950401924,72.2810294117647,1559.7600000000002"
"696282,New User Discount,2024-06-19,All,App,4809,452,56,4390.68,3236.03,3.65,9.39904346017883,12.389380530973451,0.7370225113194312,78.405,-1154.65"
"424370,Weekend Special,2024-06-19,Premium,App,5015,384,33,2029.69,8689.53,3.2,7.657028913260219,8.59375,4.281210431149584,61.50575757575758,6659.84"
"705062,Festival Offer,2024-06-19,Inactive,Email,2525,981,90,3110.52,9400.26,2.27,38.851485148514854,9.174311926605505,3.0220863392616026,34.56133333333333,6289.74"
"546510,Flash Sale,2024-06-19,New Users,Sms,8521,853,57,1430.37,7319.07,2.39,10.010562140593828,6.682297772567409,5.11690681432077,25.094210526315788,5888.7"
"633588,Membership Drive,2024-06-19,New Users,Social Media,3967,491,14,1227.33,6454.6,2.79,12.377111167128813,2.8513238289205702,5.2590582809839255,87.66642857142857,5227.27"
"399272,Category Promotion,2024-06-19,Inactive,Social Media,6403,402,95,2811.47,3664.74,2.22,6.278307043573325,23.6318407960199,1.303496035881585,29.594421052631578,853.27"
"233151,App Push Notification,2024-06-19,Inactive,App,6735,722,99,3116.17,7836.34,2.66,10.720118782479584,13.71191135734072,2.514734433615624,31.47646464646465,4720.17"
"584545,Email Campaign,2024-06-19,Premium,Email,9595,219,76,3139.81,7330.31,2.5,2.2824387701928086,34.70319634703196,2.334634898290024,41.31328947368421,4190.5"
"397862,Referral Program,2024-06-19,Premium,Social Media,4450,581,60,3597.88,2802.28,2.95,13.0561797752809,10.327022375215146,0.7788697788697789,59.964666666666666,-795.5999999999999"
"362364,New User Discount,2024-06-18,Premium,Social Media,6232,943,24,3811.42,7948.0,2.08,15.131578947368421,2.545068928950159,2.085312035934114,158.80916666666667,4136.58"
"539033,Weekend Special,2024-06-18,Inactive,App,2741,419,62,3911.23,2955.67,2.4,15.286391827800072,14.797136038186157,0.7556881083444339,63.08435483870968,-955.56"
"676015,Festival Offer,2024-06-18,Inactive,Social Media,7727,610,94,4262.46,3880.45,2.83,7.894396272809629,15.40983606557377,0.910378044603351,45.34531914893617,-382.0100000000002"
"226154,Flash Sale,2024-06-18,Inactive,Sms,7178,474,58,1539.4,4674.56,3.2,6.6035107272220674,12.236286919831224,3.0366116668832013,26.54137931034483,3135.1600000000003"
"108908,Membership Drive,2024-06-18,Inactive,Social Media,7143,707,48,2205.06,4584.15,2.8,9.897802043959121,6.789250353606789,2.078923022502789,45.93875,2379.0899999999997"
"272500,Category Promotion,2024-06-18,All,App,9834,124,50,1448.38,5272.86,1.83,1.2609314622737442,40.32258064516129,3.640522514809649,28.9676,3824.4799999999996"
"83441,App Push Notification,2024-06-18,New Users,Social Media,6234,216,14,4251.45,3850.69,1.52,3.4648700673724733,6.481481481481481,0.9057356901762929,303.675,-400.75999999999976"
"596814,Email Campaign,2024-06-18,Inactive,Email,2352,804,36,4421.23,6058.77,3.14,34.183673469387756,4.477611940298507,1.3703810930442435,122.81194444444444,1637.5400000000009"
"956713,Referral Program,2024-06-18,All,Email,5320,418,54,2313.02,9477.86,2.32,7.857142857142857,12.918660287081341,4.097612644940381,42.833703703703705,7164.84"
"96443,New User Discount,2024-06-17,Premium,Sms,8087,288,23,3386.38,6585.01,2.59,3.5612711759614197,7.986111111111111,1.9445573148908273,147.23391304347825,3198.63"
"46328,Weekend Special,2024-06-17,Inactive,Social Media,9716,876,77,2058.48,3654.76,1.81,9.01605599011939,8.789954337899543,1.7754653919396837,26.733506493506493,1596.2800000000002"
"853731,Festival Offer,2024-06-17,Inactive,App,5178,218,20,4346.45,8248.94,2.5,4.210119737350328,9.174311926605505,1.8978568716998931,217.3225,3902.4900000000007"
"306730,Flash Sale,2024-06-17,Inactive,Email,2520,281,63,3634.05,8481.23,2.51,11.150793650793652,22.419928825622776,2.3338231449759905,57.68333333333334,4847.179999999999"
"709860,Membership Drive,2024-06-17,New Users,App,4777,165,18,1347.85,3956.09,3.27,3.4540506594096714,10.909090909090908,2.9351114738286905,74.88055555555555,2608.2400000000002"
"958569,Category Promotion,2024-06-17,New Users,Email,6554,262,54,2766.46,7891.14,3.67,3.9975587427525174,20.610687022900763,2.852432350368341,51.23074074074074,5124.68"
"704835,App Push Notification,2024-06-17,Inactive,Email,5758,563,32,1431.46,5825.97,1.69,9.777700590482805,5.683836589698046,4.069949561985665,44.733125,4394.51"
"952949,Email Campaign,2024-06-17,All,Sms,1867,252,32,3601.37,6013.29,2.84,13.497589716122121,12.698412698412698,1.6697229110033127,112.5428125,2411.92"
"66920,Referral Program,2024-06-17,Inactive,Social Media,1844,424,66,3701.77,9927.17,3.33,22.99349240780911,15.566037735849056,2.681736034383552,56.08742424242424,6225.4"
"502555,New User Discount,2024-06-16,New Users,App,9249,700,12,1593.91,8503.44,1.96,7.568385771434749,1.7142857142857144,5.33495617694851,132.82583333333335,6909.530000000001"
"596296,Weekend Special,2024-06-16,All,App,1334,902,90,2481.0,6132.47,1.97,67.61619190404798,9.977827050997783,2.4717734784361145,27.566666666666666,3651.4700000000003"
"366737,Festival Offer,2024-06-16,Inactive,Email,9644,459,76,4939.87,9933.28,1.55,4.759435918705931,16.55773420479303,2.0108383418996856,64.99828947368421,4993.410000000001"
"342656,Flash Sale,2024-06-16,All,Sms,3372,116,81,2118.14,5915.73,2.49,3.4400948991696323,69.82758620689656,2.7928890441613867,26.149876543209874,3797.5899999999997"
"40100,Membership Drive,2024-06-16,All,Sms,7337,294,16,1919.72,8444.14,1.9,4.007087365408205,5.442176870748299,4.3986310503615105,119.9825,6524.419999999999"
"87706,Category Promotion,2024-06-16,All,Sms,5168,446,96,1129.17,9219.79,1.77,8.630030959752322,21.524663677130047,8.165103571649974,11.762187500000001,8090.620000000001"
"308000,App Push Notification,2024-06-16,New Users,Social Media,4400,401,40,1804.59,3354.44,2.75,9.113636363636363,9.975062344139651,1.8588377415368589,45.11475,1549.8500000000001"
"428184,Email Campaign,2024-06-16,All,App,2536,230,81,4318.81,5181.51,3.6,9.069400630914828,35.21739130434783,1.1997540989300293,53.318641975308644,862.6999999999998"
"373268,Referral Program,2024-06-16,New Users,Email,6134,546,10,2054.83,2564.13,1.8,8.901206390609715,1.8315018315018317,1.2478550537027395,205.483,509.3000000000002"
"122101,New User Discount,2024-06-15,All,App,3479,954,57,3021.8,4040.04,3.2,27.421672894509918,5.9748427672955975,1.3369647230127737,53.0140350877193,1018.2399999999998"
"618357,Weekend Special,2024-06-15,Premium,App,5190,593,77,1721.69,4378.18,2.31,11.425818882466281,12.984822934232715,2.542954887349058,22.359610389610392,2656.4900000000002"
"589864,Festival Offer,2024-06-15,New Users,Sms,2172,426,94,3879.69,4710.66,2.3,19.613259668508288,22.065727699530516,1.2141846384633823,41.27329787234043,830.9699999999998"
"925095,Flash Sale,2024-06-15,New Users,App,4406,329,92,1816.05,6484.66,3.59,7.467090331366319,27.96352583586626,3.570749704027973,19.73967391304348,4668.61"
"289839,Membership Drive,2024-06-15,Premium,Email,8135,506,24,2226.15,3841.39,3.29,6.220036877688998,4.743083003952568,1.7255755452238168,92.75625000000001,1615.2399999999998"
"56268,Category Promotion,2024-06-15,All,Sms,2829,908,95,1635.16,2569.2,2.15,32.09614704842701,10.462555066079295,1.5712223880231901,17.21221052631579,934.0399999999997"
"254950,App Push Notification,2024-06-15,Inactive,Sms,3649,709,99,4749.37,7122.19,1.64,19.4299808166621,13.963328631875882,1.4996073163387986,47.97343434343434,2372.8199999999997"
"727821,Email Campaign,2024-06-15,Premium,Email,2701,978,20,1421.95,7018.42,2.39,36.2088115512773,2.044989775051125,4.935771299975386,71.0975,5596.47"
"409984,Referral Program,2024-06-15,New Users,Email,7777,948,28,4731.42,7969.46,1.5,12.18979040761219,2.9535864978902953,1.6843695972879178,168.9792857142857,3238.04"
"382434,New User Discount,2024-06-14,All,Sms,5051,126,55,1804.81,4267.67,2.59,2.4945555335577114,43.65079365079365,2.3646090170156415,32.814727272727275,2462.86"
"616474,Weekend Special,2024-06-14,All,Email,8476,616,96,2359.49,8603.51,1.99,7.26757904672015,15.584415584415584,3.6463430656624953,24.57802083333333,6244.02"
"941075,Festival Offer,2024-06-14,Inactive,Social Media,7447,134,88,4941.09,4202.73,3.99,1.7993823015979589,65.67164179104478,0.8505673849292361,56.14875,-738.3600000000006"
"814469,Flash Sale,2024-06-14,New Users,Sms,5349,124,70,2643.77,5842.61,1.74,2.318190315946906,56.451612903225815,2.2099539672513115,37.768142857142855,3198.8399999999997"
"761712,Membership Drive,2024-06-14,New Users,Social Media,4335,449,51,2927.23,2265.16,2.73,10.35755478662053,11.358574610244988,0.7738237173027059,57.39666666666667,-662.0700000000002"
"480269,Category Promotion,2024-06-14,All,Social Media,8583,248,87,4772.71,9982.95,1.93,2.8894325993242456,35.08064516129033,2.091673284150933,54.85873563218391,5210.240000000001"
"886789,App Push Notification,2024-06-14,Inactive,Social Media,2073,179,46,3028.51,2627.73,3.14,8.63482875060299,25.69832402234637,0.8676642969645139,65.83717391304349,-400.7800000000002"
"974288,Email Campaign,2024-06-14,New Users,Sms,7432,278,59,4961.52,4296.48,3.46,3.7405812701829926,21.223021582733814,0.8659604314806751,84.09355932203391,-665.0400000000009"
"60550,Referral Program,2024-06-14,Premium,Email,9811,210,12,3460.17,2660.14,2.3,2.140454591784731,5.714285714285714,0.7687888167344379,288.3475,-800.0300000000002"
"165799,New User Discount,2024-06-13,All,App,5023,244,34,1671.9,4680.2,3.85,4.857654787975314,13.934426229508196,2.799330103475088,49.17352941176471,3008.2999999999997"
"340263,Weekend Special,2024-06-13,Premium,Social Media,8305,328,33,1803.95,4342.73,2.87,3.9494280553883203,10.060975609756099,2.407344992932176,54.665151515151514,2538.7799999999997"
"351998,Festival Offer,2024-06-13,Inactive,Email,9923,616,20,2271.38,9558.91,2.12,6.207800060465585,3.2467532467532463,4.2084151485000305,113.569,7287.53"
"677124,Flash Sale,2024-06-13,Premium,App,7560,408,28,1445.97,9099.79,1.86,5.396825396825397,6.862745098039216,6.293208019530143,51.64178571428572,7653.820000000001"
"661716,Membership Drive,2024-06-13,Premium,Sms,8754,128,75,2729.67,2025.61,3.65,1.462188713730866,58.59375,0.7420713859184443,36.3956,-704.0600000000002"
"327527,Category Promotion,2024-06-13,All,App,9436,309,73,2501.44,9452.52,2.63,3.274692666384061,23.624595469255663,3.7788313931175646,34.266301369863015,6951.08"
"684140,App Push Notification,2024-06-13,New Users,Email,3071,941,61,1588.88,4070.75,3.47,30.64148485835233,6.482465462274177,2.562024822516489,26.0472131147541,2481.87"
"638621,Email Campaign,2024-06-13,Inactive,App,3096,404,15,1909.56,8978.79,3.44,13.049095607235142,3.7128712871287126,4.702020360711368,127.304,7069.230000000001"
"33189,Referral Program,2024-06-13,Inactive,Sms,9405,260,35,3337.63,6089.44,2.42,2.7644869750132908,13.461538461538462,1.824480244964241,95.36085714285714,2751.8099999999995"
"479531,New User Discount,2024-06-12,All,App,8723,937,16,1465.37,7069.76,1.67,10.741717299094349,1.7075773745997866,4.824556255416721,91.585625,5604.39"
"517589,Weekend Special,2024-06-12,Inactive,Social Media,3505,650,15,1373.24,8840.4,2.08,18.544935805991443,2.307692307692308,6.437621974308933,91.54933333333334,7467.16"
"949012,Festival Offer,2024-06-12,All,Sms,5302,834,32,3486.68,3409.51,2.15,15.729913240286683,3.8369304556354913,0.9778671974485759,108.95875,-77.16999999999962"
"329803,Flash Sale,2024-06-12,All,Social Media,1307,711,10,3105.23,9568.06,2.43,54.39938791124713,1.4064697609001406,3.081272562740924,310.523,6462.83"
"884946,Membership Drive,2024-06-12,All,Email,6403,619,15,1731.81,4547.21,2.55,9.667343432765891,2.4232633279483036,2.6256979691767572,115.454,2815.4"
"534939,Category Promotion,2024-06-12,All,Email,1197,908,67,4173.14,9028.71,2.53,75.8563074352548,7.3788546255506615,2.1635291411263458,62.28567164179105,4855.569999999999"
"366772,App Push Notification,2024-06-12,All,Social Media,5046,811,27,1418.9,3627.07,2.74,16.072136345620294,3.3292231812577064,2.5562548453026994,52.55185185185186,2208.17"
"533021,Email Campaign,2024-06-12,Inactive,Social Media,4953,582,82,2190.85,9890.89,1.94,11.75045427013931,14.0893470790378,4.514635871921857,26.717682926829266,7700.039999999999"
"454551,Referral Program,2024-06-12,Inactive,Email,5645,397,20,3046.6,7455.61,3.2,7.032772364924712,5.037783375314862,2.4471903105100767,152.32999999999998,4409.01"
"593053,New User Discount,2024-06-11,New Users,App,8235,271,52,3295.3,9339.1,3.72,3.2908318154219796,19.18819188191882,2.834066701059084,63.37115384615385,6043.8"
"305542,Weekend Special,2024-06-11,Inactive,Sms,1790,506,78,2694.62,5617.12,2.62,28.268156424581004,15.41501976284585,2.0845685105877636,34.546410256410255,2922.5"
"35694,Festival Offer,2024-06-11,Inactive,App,2368,640,93,3856.19,7217.4,3.34,27.027027027027028,14.531250000000002,1.8716401422129094,41.46440860215054,3361.2099999999996"
"925543,Flash Sale,2024-06-11,New Users,Email,5049,180,66,1154.8,3635.85,2.59,3.5650623885918007,36.666666666666664,3.1484672670592313,17.496969696969696,2481.05"
"420800,Membership Drive,2024-06-11,New Users,Email,6732,959,29,4145.05,6497.65,3.99,14.24539512774807,3.023983315954119,1.5675685456146486,142.93275862068967,2352.5999999999995"
"559123,Category Promotion,2024-06-11,Inactive,Sms,8081,836,72,4176.09,6158.94,2.96,10.34525430021037,8.61244019138756,1.4748101693210633,58.00125,1982.8499999999995"
"269055,App Push Notification,2024-06-11,New Users,Social Media,3849,480,79,3021.42,4742.55,3.02,12.470771628994544,16.458333333333332,1.5696427507595767,38.24582278481013,1721.13"
"738777,Email Campaign,2024-06-11,All,Sms,2682,833,45,3854.34,4134.43,2.07,31.05891126025354,5.402160864345738,1.0726687318710857,85.652,280.09000000000015"
"997672,Referral Program,2024-06-11,Inactive,App,8949,778,48,1557.76,5176.91,2.95,8.69370879427869,6.169665809768637,3.323303974938373,32.45333333333333,3619.1499999999996"
"387569,New User Discount,2024-06-10,All,App,3541,479,33,2858.44,6749.31,2.89,13.527252188647273,6.8893528183716075,2.361186521319321,86.61939393939394,3890.8700000000003"
"725889,Weekend Special,2024-06-10,All,Sms,5476,321,34,3391.98,9478.39,3.06,5.861943024105186,10.59190031152648,2.794353150667162,99.76411764705882,6086.41"
"102220,Festival Offer,2024-06-10,New Users,Social Media,8134,542,72,4827.8,2122.7,2.75,6.663388246865011,13.284132841328415,0.43968267119598986,67.05277777777778,-2705.1000000000004"
"972880,Flash Sale,2024-06-10,Premium,App,2686,573,21,3764.41,2938.68,2.4,21.33283693224125,3.664921465968586,0.7806482290717536,179.25761904761904,-825.73"
"966908,Membership Drive,2024-06-10,All,App,4621,828,30,2344.47,4609.71,3.04,17.918199523912573,3.6231884057971016,1.9662055816453188,78.14899999999999,2265.2400000000002"
"780511,Category Promotion,2024-06-10,Premium,Sms,6298,478,23,3960.47,5612.42,2.59,7.5897110193712285,4.811715481171548,1.4171095854784912,172.19434782608695,1651.9500000000003"
"344444,App Push Notification,2024-06-10,All,App,8820,813,20,3961.21,5302.11,2.2,9.217687074829932,2.4600246002460024,1.3385076782094358,198.0605,1340.8999999999996"
"807142,Email Campaign,2024-06-10,New Users,Social Media,9263,753,24,3493.33,8458.35,3.97,8.129115837201772,3.187250996015936,2.4212857073336904,145.55541666666667,4965.02"
"654809,Referral Program,2024-06-10,New Users,Sms,6756,673,20,4965.22,7409.79,2.08,9.961515689757253,2.9717682020802374,1.492338708053218,248.26100000000002,2444.5699999999997"
"808327,New User Discount,2024-06-09,Premium,Social Media,7819,101,18,3540.78,5825.03,2.04,1.2917252845632434,17.82178217821782,1.6451262151277402,196.71,2284.2499999999995"
"384485,Weekend Special,2024-06-09,All,App,1650,113,25,4786.99,2548.86,2.87,6.848484848484848,22.123893805309734,0.5324556767404988,191.4796,-2238.1299999999997"
"308132,Festival Offer,2024-06-09,All,App,1550,180,66,1681.47,8836.41,3.04,11.612903225806452,36.666666666666664,5.25516958375707,25.47681818181818,7154.94"
"348245,Flash Sale,2024-06-09,New Users,Email,3667,764,44,2934.13,4935.82,3.91,20.8344695936733,5.7591623036649215,1.6822090364094295,66.68477272727273,2001.6899999999996"
"25291,Membership Drive,2024-06-09,New Users,Email,1432,983,90,2871.1,3458.28,1.88,68.64525139664805,9.155645981688707,1.2045139493573893,31.90111111111111,587.1800000000003"
"976693,Category Promotion,2024-06-09,Premium,Sms,5669,240,49,2458.19,7492.08,2.68,4.233550890809667,20.416666666666668,3.0478034651511883,50.167142857142856,5033.889999999999"
"375231,App Push Notification,2024-06-09,All,Sms,2454,768,36,2924.82,5370.16,1.51,31.295843520782395,4.6875,1.8360651253752367,81.245,2445.3399999999997"
"65236,Email Campaign,2024-06-09,Premium,Sms,7079,890,63,2827.12,7304.56,2.16,12.57239723124735,7.078651685393258,2.5837460029995194,44.874920634920635,4477.4400000000005"
"969401,Referral Program,2024-06-09,Inactive,Email,7518,415,25,1221.96,6326.84,1.66,5.520085129023677,6.024096385542169,5.1776162885855515,48.8784,5104.88"
"676008,New User Discount,2024-06-08,Inactive,Email,7222,122,84,1816.73,5457.83,1.57,1.689282747161451,68.85245901639344,3.0042053579783454,21.627738095238094,3641.1"
"641598,Weekend Special,2024-06-08,Inactive,Email,4746,124,68,4014.48,7456.39,3.12,2.6127265065318164,54.83870967741935,1.8573738068193142,59.0364705882353,3441.9100000000003"
"565487,Festival Offer,2024-06-08,New Users,App,7525,121,22,2225.67,5581.15,2.38,1.6079734219269104,18.181818181818183,2.507626916838525,101.16681818181819,3355.4799999999996"
"878794,Flash Sale,2024-06-08,Inactive,Sms,3860,988,53,4893.48,5807.62,2.33,25.59585492227979,5.364372469635628,1.1868077523561964,92.32981132075471,914.1400000000003"
"784473,Membership Drive,2024-06-08,Inactive,App,7019,613,99,4591.25,9426.05,3.58,8.733437811654083,16.150081566068515,2.0530465559488156,46.37626262626262,4834.799999999999"
"594934,Category Promotion,2024-06-08,Premium,Sms,8582,345,95,4085.63,6226.65,2.37,4.020041948263808,27.536231884057973,1.5240366846728655,43.00663157894737,2141.0199999999995"
"933590,App Push Notification,2024-06-08,New Users,App,1037,811,60,2507.04,4518.31,3.51,78.20636451301833,7.398273736128237,1.8022488671899932,41.784,2011.2700000000004"
"929968,Email Campaign,2024-06-08,Inactive,Social Media,6472,687,30,4714.39,8678.56,3.23,10.61495673671199,4.366812227074235,1.840865944480622,157.14633333333333,3964.169999999999"
"890988,Referral Program,2024-06-08,Premium,Social Media,1098,722,39,1919.2,6066.41,3.43,65.7559198542805,5.401662049861495,3.160905585660692,49.21025641025641,4147.21"
"704329,New User Discount,2024-06-07,Inactive,Sms,7018,497,30,3185.37,2718.84,1.87,7.081789683670562,6.036217303822937,0.8535397771687434,106.179,-466.52999999999975"
"981287,Weekend Special,2024-06-07,Premium,Social Media,6495,456,28,2681.53,9586.18,2.57,7.020785219399538,6.140350877192982,3.5748919460158937,95.76892857142857,6904.65"
"146905,Festival Offer,2024-06-07,New Users,Social Media,9781,554,59,2921.25,4715.48,3.0,5.664042531438503,10.649819494584838,1.6141994009413776,49.51271186440678,1794.2299999999996"
"235115,Flash Sale,2024-06-07,Inactive,Email,6167,804,100,3259.39,8399.93,3.02,13.037133127939029,12.437810945273633,2.5771478712274383,32.5939,5140.540000000001"
"128851,Membership Drive,2024-06-07,Premium,Social Media,2570,866,91,1388.23,5569.03,2.42,33.69649805447471,10.508083140877599,4.011604705272181,15.255274725274726,4180.799999999999"
"320418,Category Promotion,2024-06-07,Premium,Sms,7590,953,68,3132.26,7771.38,2.83,12.555994729907773,7.135362014690451,2.481077560611188,46.06264705882353,4639.12"
"919298,App Push Notification,2024-06-07,Premium,Sms,4261,377,16,2117.69,4160.18,3.36,8.847688336071345,4.244031830238726,1.9644896089607073,132.355625,2042.4900000000002"
"707155,Email Campaign,2024-06-07,Premium,Sms,9062,682,29,1547.79,8395.27,3.87,7.525932465239461,4.252199413489736,5.424036852544596,53.372068965517244,6847.4800000000005"
"754781,Referral Program,2024-06-07,Inactive,Email,2194,139,35,1335.58,9851.91,2.84,6.3354603463992705,25.179856115107913,7.376503092289492,38.15942857142857,8516.33"
"744858,New User Discount,2024-06-06,Premium,App,6332,989,37,3657.88,8777.23,2.79,15.619077700568539,3.741152679474216,2.399540170809321,98.86162162162162,5119.349999999999"
"375841,Weekend Special,2024-06-06,New Users,App,4981,727,47,1713.11,2545.72,1.92,14.595462758482233,6.464924346629987,1.4860224970959248,36.44914893617021,832.6099999999999"
"624823,Festival Offer,2024-06-06,Inactive,App,6728,159,26,3038.14,7181.02,1.63,2.363258026159334,16.352201257861633,2.363623796138427,116.85153846153845,4142.880000000001"
"508505,Flash Sale,2024-06-06,All,App,2977,907,10,2944.7,6826.89,3.46,30.466912999664093,1.1025358324145533,2.3183651984922067,294.46999999999997,3882.1900000000005"
"281824,Membership Drive,2024-06-06,New Users,Sms,1890,576,79,1548.34,3110.04,1.54,30.476190476190478,13.715277777777779,2.008628595786455,19.599240506329114,1561.7"
"405953,Category Promotion,2024-06-06,Inactive,Sms,2474,293,48,4888.58,4937.64,2.4,11.843168957154406,16.38225255972696,1.0100356340696073,101.84541666666667,49.0600000000004"
"672603,App Push Notification,2024-06-06,New Users,Email,7179,543,92,2799.67,5515.45,1.7,7.563727538654409,16.94290976058932,1.9700357542138893,30.431195652173916,2715.7799999999997"
"18694,Email Campaign,2024-06-06,All,Email,1630,984,12,2678.92,3340.67,2.68,60.368098159509195,1.2195121951219512,1.2470211876427815,223.24333333333334,661.75"
"339441,Referral Program,2024-06-06,Inactive,Sms,3926,697,20,3245.81,8853.3,3.17,17.753438614365766,2.8694404591104736,2.7276088249158144,162.2905,5607.49"
"481626,New User Discount,2024-06-05,New Users,Social Media,3978,259,96,1085.61,8925.35,3.98,6.510809451985923,37.06563706563706,8.221506802627095,11.308437499999998,7839.740000000001"
"297626,Weekend Special,2024-06-05,Premium,Social Media,1366,905,62,4880.16,4900.71,3.97,66.25183016105417,6.850828729281767,1.0042109275105735,78.71225806451612,20.550000000000182"
"412097,Festival Offer,2024-06-05,All,Sms,1967,628,91,3008.33,5466.2,2.26,31.926792069140824,14.490445859872612,1.8170214039018326,33.058571428571426,2457.87"
"687063,Flash Sale,2024-06-05,Inactive,Social Media,4071,519,17,3692.65,8849.1,2.77,12.748710390567428,3.275529865125241,2.396409082907939,217.21470588235294,5156.450000000001"
"718667,Membership Drive,2024-06-05,All,Social Media,6928,614,51,2853.89,7300.29,3.41,8.862586605080832,8.306188925081432,2.558013798709831,55.95862745098039,4446.4"
"363025,Category Promotion,2024-06-05,All,App,1036,346,25,4369.75,4444.4,2.21,33.397683397683394,7.225433526011561,1.0170833571714628,174.79,74.64999999999964"
"211677,App Push Notification,2024-06-05,All,App,3290,634,44,4335.94,3974.74,2.54,19.27051671732523,6.940063091482649,0.9166962642471991,98.5440909090909,-361.1999999999998"
"348287,Email Campaign,2024-06-05,Premium,Social Media,1287,273,19,4745.85,4524.7,3.38,21.21212121212121,6.95970695970696,0.9534013927958109,249.78157894736844,-221.15000000000055"
"432669,Referral Program,2024-06-05,Inactive,Sms,7687,956,100,2724.67,5754.35,2.55,12.436581241056329,10.460251046025103,2.111943831730081,27.2467,3029.6800000000003"
"234550,New User Discount,2024-06-04,Inactive,Sms,2592,184,73,2469.58,2234.18,1.82,7.098765432098765,39.67391304347826,0.9046801480413673,33.82986301369863,-235.4000000000001"
"722587,Weekend Special,2024-06-04,All,App,8171,533,30,2917.86,7377.55,3.89,6.523069391751315,5.628517823639775,2.528411232889858,97.262,4459.6900000000005"
"918271,Festival Offer,2024-06-04,Inactive,Sms,7037,880,44,4910.55,2034.19,2.16,12.505328975415662,5.0,0.4142489130545458,111.6034090909091,-2876.36"
"195122,Flash Sale,2024-06-04,All,Sms,4763,343,68,2407.11,3641.06,3.99,7.201343690951082,19.825072886297377,1.5126271753264287,35.398676470588235,1233.9499999999998"
"973637,Membership Drive,2024-06-04,All,Email,2282,998,82,3833.86,4764.6,2.14,43.73356704645048,8.216432865731463,1.2427683848653837,46.75439024390244,930.7400000000002"
"152034,Category Promotion,2024-06-04,All,App,5838,260,14,4527.48,3310.02,3.54,4.453579993148338,5.384615384615385,0.7310954438230539,323.39142857142855,-1217.4599999999996"
"5729,App Push Notification,2024-06-04,Inactive,Email,8765,129,26,3726.59,9818.5,1.91,1.4717626925270964,20.155038759689923,2.6347143098650507,143.33038461538462,6091.91"
"830680,Email Campaign,2024-06-04,Inactive,Social Media,7306,399,10,3053.81,6673.01,3.01,5.461264713933753,2.506265664160401,2.1851424941302833,305.381,3619.2000000000003"
"354764,Referral Program,2024-06-04,Premium,Email,2233,388,63,4997.04,3859.06,3.9,17.375727720555307,16.237113402061855,0.772269183356547,79.31809523809524,-1137.98"
"49547,New User Discount,2024-06-03,Premium,App,3026,753,38,1095.88,9553.84,3.02,24.884335756774618,5.046480743691899,8.717961820637296,28.838947368421056,8457.96"
"124508,Weekend Special,2024-06-03,Premium,Social Media,4152,824,35,1928.86,5590.53,2.94,19.845857418111752,4.247572815533981,2.8983596528519437,55.11028571428571,3661.67"
"702001,Festival Offer,2024-06-03,New Users,App,9906,746,98,3766.66,9983.15,3.35,7.5307894205532,13.136729222520108,2.6503984962805243,38.43530612244898,6216.49"
"488006,Flash Sale,2024-06-03,New Users,App,3201,653,75,3663.37,9926.03,2.17,20.399875039050297,11.485451761102604,2.7095352093837097,48.84493333333333,6262.660000000001"
"603959,Membership Drive,2024-06-03,New Users,Email,8271,752,40,1525.76,4664.93,2.21,9.092008221496796,5.319148936170213,3.0574467806208054,38.144,3139.17"
"745651,Category Promotion,2024-06-03,Inactive,Email,3741,826,92,1071.88,6597.82,1.99,22.079657845495856,11.138014527845035,6.155371869985445,11.650869565217393,5525.94"
"172480,App Push Notification,2024-06-03,All,Social Media,5433,351,40,4331.18,3667.32,2.96,6.460519050248481,11.396011396011396,0.8467253727621572,108.27950000000001,-663.8600000000001"
"33724,Email Campaign,2024-06-03,All,Sms,8430,407,94,3823.75,8414.96,2.96,4.827995255041519,23.095823095823096,2.2007087283425952,40.6781914893617,4591.209999999999"
"943447,Referral Program,2024-06-03,Inactive,Sms,9746,242,33,2643.68,5576.64,2.18,2.4830699774266365,13.636363636363635,2.1094232282273198,80.11151515151515,2932.9600000000005"
"420285,New User Discount,2024-06-02,New Users,Email,2184,105,80,2927.73,3922.66,1.86,4.807692307692308,76.19047619047619,1.3398298340352424,36.596625,994.9299999999998"
"858509,Weekend Special,2024-06-02,Inactive,App,4746,737,68,4369.56,8198.02,2.78,15.528866413822165,9.226594301221166,1.8761660212927618,64.25823529411765,3828.46"
"952449,Festival Offer,2024-06-02,New Users,App,1685,135,50,3684.59,9597.45,3.24,8.011869436201781,37.03703703703704,2.604753853210262,73.6918,5912.860000000001"
"769859,Flash Sale,2024-06-02,Inactive,Social Media,4619,486,91,2900.85,3778.16,1.86,10.52175795626759,18.72427983539095,1.3024320457796852,31.877472527472527,877.31"
"204496,Membership Drive,2024-06-02,All,App,4808,813,38,4662.18,5822.25,1.51,16.909317803660564,4.674046740467404,1.2488256566670526,122.68894736842105,1160.0699999999997"
"649620,Category Promotion,2024-06-02,New Users,Sms,9293,599,62,1378.69,3965.39,1.7,6.445711826105671,10.35058430717863,2.8762013215443645,22.23693548387097,2586.7"
"111747,App Push Notification,2024-06-02,New Users,App,5559,183,94,3507.19,2744.81,2.35,3.291958985429034,51.36612021857923,0.7826236958932935,37.310531914893616,-762.3800000000001"
"563343,Email Campaign,2024-06-02,All,Email,1949,409,63,1500.05,7895.21,3.29,20.985120574653667,15.403422982885084,5.263297890070331,23.81031746031746,6395.16"
"118663,Referral Program,2024-06-02,Premium,Sms,3415,711,10,2963.69,5601.87,2.18,20.8199121522694,1.4064697609001406,1.8901673251925808,296.369,2638.18"
"271495,New User Discount,2024-06-01,New Users,Sms,6942,305,100,2047.84,3509.55,2.97,4.393546528377989,32.78688524590164,1.713781350105477,20.4784,1461.7100000000003"
"824636,Weekend Special,2024-06-01,New Users,Email,5422,139,89,1173.15,6427.89,3.43,2.563629656953154,64.02877697841727,5.479171461449942,13.181460674157304,5254.74"
"812857,Festival Offer,2024-06-01,Premium,App,7733,620,89,2661.21,6946.81,3.47,8.017586964955386,14.35483870967742,2.610395271323947,29.90123595505618,4285.6"
"673246,Flash Sale,2024-06-01,New Users,Social Media,2545,655,11,1180.0,9174.31,3.21,25.736738703339885,1.6793893129770994,7.774838983050847,107.27272727272727,7994.3099999999995"
"884572,Membership Drive,2024-06-01,Inactive,App,6228,252,85,1703.76,6520.52,1.82,4.046242774566474,33.730158730158735,3.8271352772690994,20.044235294117648,4816.76"
"431185,Category Promotion,2024-06-01,All,Email,2060,811,74,2139.41,9822.99,3.86,39.368932038834956,9.124537607891492,4.5914481095255235,28.910945945945944,7683.58"
"219845,App Push Notification,2024-06-01,Inactive,Email,4208,623,41,3648.4,7627.63,3.58,14.80513307984791,6.5810593900481535,2.090678105470891,88.98536585365854,3979.23"
"132038,Email Campaign,2024-06-01,All,Sms,7918,900,53,3043.36,4177.74,2.28,11.366506693609498,5.888888888888888,1.372739340728668,57.42188679245283,1134.3799999999997"
"541547,Referral Program,2024-06-01,Premium,Email,5673,981,67,3117.59,3188.92,1.99,17.292437863564253,6.829765545361875,1.0228798527067382,46.531194029850745,71.32999999999993"
"775730,New User Discount,2024-05-31,Premium,Social Media,4731,211,73,4532.65,7797.87,2.69,4.45994504333122,34.59715639810427,1.720377703992146,62.091095890410955,3265.2200000000003"
"664086,Weekend Special,2024-05-31,New Users,Email,1839,275,78,3678.48,7503.51,2.6,14.953779227841219,28.363636363636363,2.039839825145169,47.160000000000004,3825.03"
"681561,Festival Offer,2024-05-31,All,Email,1005,965,36,1889.78,9872.14,2.26,96.01990049751244,3.730569948186528,5.223962577654541,52.49388888888889,7982.36"
"655452,Flash Sale,2024-05-31,All,Email,8106,947,65,3846.49,9915.58,1.74,11.682704169750801,6.863780359028511,2.5778254980514705,59.176769230769224,6069.09"
"804483,Membership Drive,2024-05-31,New Users,Email,2394,956,38,3105.31,3706.84,3.52,39.93316624895572,3.9748953974895396,1.1937101287794134,81.71868421052632,601.5300000000002"
"911776,Category Promotion,2024-05-31,New Users,Sms,9390,550,69,2436.13,6675.19,3.9,5.857294994675186,12.545454545454545,2.7400795524048385,35.30623188405797,4239.0599999999995"
"999008,App Push Notification,2024-05-31,Inactive,Social Media,9416,275,95,3133.47,4146.24,2.76,2.9205607476635516,34.54545454545455,1.3232103706114946,32.9838947368421,1012.77"
"617674,Email Campaign,2024-05-31,Premium,Sms,4049,906,40,4336.37,2714.01,3.79,22.375895282785873,4.415011037527594,0.6258714085744529,108.40925,-1622.3599999999997"
"180547,Referral Program,2024-05-31,Inactive,App,4350,223,75,2835.05,7092.4,2.01,5.126436781609196,33.6322869955157,2.5016842736459672,37.80066666666667,4257.349999999999"
"484910,New User Discount,2024-05-30,Inactive,Social Media,7822,146,69,3143.17,5513.92,1.82,1.866530299156226,47.26027397260274,1.754254462851198,45.5531884057971,2370.75"
"139432,Weekend Special,2024-05-30,Premium,Social Media,3725,539,83,3265.29,4586.61,2.49,14.469798657718123,15.398886827458256,1.4046562479902243,39.340843373493975,1321.3199999999997"
"916073,Festival Offer,2024-05-30,New Users,Social Media,6976,999,97,1802.42,5517.86,3.59,14.32052752293578,9.70970970970971,3.0613619467160813,18.581649484536083,3715.4399999999996"
"696401,Flash Sale,2024-05-30,Premium,Email,5937,413,68,3664.01,2980.37,3.51,6.956375273707259,16.46489104116223,0.8134175397992909,53.8825,-683.6400000000003"
"694431,Membership Drive,2024-05-30,Inactive,App,2235,766,24,4290.47,5220.15,2.05,34.272930648769574,3.1331592689295036,1.216684885338902,178.76958333333334,929.6799999999994"
"580451,Category Promotion,2024-05-30,New Users,Social Media,5317,577,13,3816.91,6395.96,2.02,10.851984201617453,2.2530329289428077,1.6756905454936062,293.60846153846154,2579.05"
"489018,App Push Notification,2024-05-30,New Users,Email,7706,570,81,3652.09,7212.39,2.45,7.396833636127692,14.210526315789473,1.9748664463362076,45.08753086419753,3560.3"
"344638,Email Campaign,2024-05-30,Inactive,Email,3995,650,87,3227.51,9128.77,2.55,16.270337922403,13.384615384615383,2.8284250087528777,37.09781609195402,5901.26"
"323250,Referral Program,2024-05-30,New Users,App,8369,527,70,2306.91,6267.08,1.56,6.297048631855658,13.282732447817835,2.7166556129194466,32.95585714285714,3960.17"
"273062,New User Discount,2024-05-29,All,Email,9985,117,16,3230.73,2233.02,2.85,1.171757636454682,13.675213675213676,0.6911812500580364,201.920625,-997.71"
"16093,Weekend Special,2024-05-29,Inactive,Social Media,3736,419,54,2562.77,5829.56,1.62,11.215203426124196,12.887828162291171,2.2747105670817125,47.458703703703705,3266.7900000000004"
"269827,Festival Offer,2024-05-29,All,Email,6147,368,67,2499.88,9309.53,3.52,5.9866601594273625,18.206521739130434,3.723990751556075,37.31164179104478,6809.650000000001"
"627356,Flash Sale,2024-05-29,All,App,3096,460,32,4239.04,5571.6,1.58,14.857881136950905,6.956521739130435,1.3143541934022798,132.47,1332.5600000000004"
"386172,Membership Drive,2024-05-29,Inactive,Email,9309,442,54,1722.77,3993.35,2.33,4.748093243098077,12.217194570135746,2.3179820869878163,31.903148148148148,2270.58"
"573841,Category Promotion,2024-05-29,All,Social Media,4863,475,26,4923.46,9663.19,1.75,9.767633148262389,5.473684210526316,1.9626827474987103,189.36384615384617,4739.7300000000005"
"3645,App Push Notification,2024-05-29,All,App,2629,264,34,4888.62,7441.19,3.93,10.0418410041841,12.878787878787879,1.5221453089010804,143.7829411764706,2552.5699999999997"
"557702,Email Campaign,2024-05-29,Inactive,Social Media,7270,807,83,4689.12,6369.69,3.95,11.10041265474553,10.285006195786865,1.3583977377418364,56.49542168674699,1680.5699999999997"
"120282,Referral Program,2024-05-29,Inactive,Email,7974,581,16,2079.43,8487.78,3.43,7.286180085277151,2.753872633390706,4.081782026805423,129.964375,6408.35"
"829717,New User Discount,2024-05-28,All,App,2151,804,80,2462.83,3762.8,2.14,37.37796373779637,9.950248756218906,1.5278358636203069,30.785375,1299.9700000000003"
"971055,Weekend Special,2024-05-28,Inactive,Email,2396,133,30,1595.61,9937.91,3.65,5.550918196994992,22.55639097744361,6.228282600384806,53.187,8342.3"
"379543,Festival Offer,2024-05-28,Inactive,App,8203,349,39,1592.96,9765.37,2.74,4.254541021577472,11.174785100286533,6.1303297006830055,40.845128205128205,8172.410000000001"
"971881,Flash Sale,2024-05-28,New Users,Social Media,9986,102,70,1033.75,5378.34,3.98,1.021430002002804,68.62745098039215,5.202747279322854,14.767857142857142,4344.59"
"715825,Membership Drive,2024-05-28,All,App,7300,277,73,3040.87,2648.77,3.24,3.7945205479452055,26.353790613718413,0.8710566383962485,41.65575342465753,-392.0999999999999"
"339915,Category Promotion,2024-05-28,Premium,Social Media,7977,197,65,2422.6,6155.28,3.09,2.469600100288329,32.99492385786802,2.5407743746388176,37.27076923076923,3732.68"
"452767,App Push Notification,2024-05-28,New Users,Social Media,3867,922,11,1472.07,4442.87,2.93,23.842772174812517,1.193058568329718,3.0181105518079985,133.82454545454544,2970.8"
"810883,Email Campaign,2024-05-28,New Users,App,2925,405,51,3047.29,9304.89,3.33,13.846153846153847,12.592592592592592,3.0534967134732827,59.75078431372549,6257.599999999999"
"782119,Referral Program,2024-05-28,All,Sms,1274,928,86,1761.91,7911.94,1.7,72.8414442700157,9.267241379310345,4.49054719026511,20.48732558139535,6150.03"
"44404,New User Discount,2024-05-27,New Users,Email,7325,645,72,3234.22,8283.14,1.72,8.805460750853241,11.162790697674419,2.561093555787794,44.91972222222222,5048.92"
"749872,Weekend Special,2024-05-27,Inactive,App,1662,751,22,4568.29,3605.13,1.96,45.18652226233454,2.929427430093209,0.7891639979073133,207.64954545454546,-963.1599999999999"
"549357,Festival Offer,2024-05-27,New Users,Social Media,5315,211,82,3458.17,4736.48,3.58,3.9698965192850424,38.862559241706165,1.369649265362894,42.17280487804878,1278.3099999999995"
"950816,Flash Sale,2024-05-27,All,Email,2764,755,85,1218.6,4121.19,1.83,27.31548480463097,11.258278145695364,3.3819054652880354,14.336470588235294,2902.5899999999997"
"61742,Membership Drive,2024-05-27,All,Email,6045,237,24,3696.9,7584.04,3.15,3.9205955334987594,10.126582278481013,2.0514593307906623,154.0375,3887.14"
"7791,Category Promotion,2024-05-27,Inactive,App,6379,914,32,1669.01,5909.45,2.17,14.328264618278727,3.50109409190372,3.54069178734699,52.1565625,4240.44"
"693503,App Push Notification,2024-05-27,Premium,Sms,7196,704,26,1291.65,8579.35,2.73,9.783212896053364,3.6931818181818183,6.64216312468548,49.67884615384616,7287.700000000001"
"410635,Email Campaign,2024-05-27,Premium,App,9418,250,60,1144.67,8763.74,3.54,2.654491399447866,24.0,7.656127967012326,19.077833333333334,7619.07"
"358868,Referral Program,2024-05-27,All,Email,3435,643,39,1429.25,8011.51,3.67,18.719068413391557,6.065318818040436,5.60539443764212,36.6474358974359,6582.26"
"608814,New User Discount,2024-05-26,Premium,Email,1823,778,36,4264.61,9634.91,1.94,42.676906198573775,4.627249357326478,2.259271070508206,118.46138888888888,5370.3"
"608980,Weekend Special,2024-05-26,New Users,Social Media,6551,809,30,4525.56,6718.52,3.93,12.349259655014503,3.7082818294190356,1.4845720750581144,150.852,2192.96"
"657945,Festival Offer,2024-05-26,New Users,App,5502,747,71,2875.67,7928.05,2.63,13.576881134133043,9.504685408299867,2.7569401217803153,40.50239436619719,5052.38"
"808540,Flash Sale,2024-05-26,Premium,App,5146,274,42,3665.72,8329.97,3.79,5.324523902059852,15.328467153284672,2.272396691509444,87.27904761904762,4664.25"
"160290,Membership Drive,2024-05-26,New Users,Email,6523,891,84,4306.26,7850.85,1.91,13.659359190556492,9.427609427609427,1.8231249390422315,51.265,3544.59"
"320050,Category Promotion,2024-05-26,Inactive,Sms,4542,836,56,3737.8,8891.49,2.43,18.40598855129899,6.698564593301436,2.378803039220932,66.74642857142858,5153.69"
"329703,App Push Notification,2024-05-26,New Users,Sms,5943,137,48,1714.06,4778.36,3.1,2.3052330472825173,35.03649635036496,2.787743719589746,35.709583333333335,3064.2999999999997"
"275505,Email Campaign,2024-05-26,Inactive,App,6710,147,70,3825.87,6963.08,3.04,2.1907600596125185,47.61904761904761,1.8199991113132439,54.65528571428571,3137.21"
"213026,Referral Program,2024-05-26,New Users,App,2354,494,54,3595.07,8444.42,2.64,20.985556499575193,10.931174089068826,2.348888895070193,66.57537037037038,4849.35"
"988913,New User Discount,2024-05-25,All,Social Media,8337,788,85,2498.77,4983.59,2.26,9.451841189876454,10.786802030456853,1.994417253288618,29.397294117647057,2484.82"
"790470,Weekend Special,2024-05-25,Premium,App,5801,774,80,2445.35,2687.3,1.56,13.342527150491296,10.335917312661499,1.098942891610608,30.566875,241.95000000000027"
"472,Festival Offer,2024-05-25,New Users,Social Media,4729,128,95,1542.65,4316.4,3.29,2.706703319940791,74.21875,2.7980423297572354,16.23842105263158,2773.7499999999995"
"131361,Flash Sale,2024-05-25,New Users,Email,2736,929,58,2490.17,7904.75,2.82,33.9546783625731,6.243272335844995,3.1743816687214124,42.93396551724138,5414.58"
"843277,Membership Drive,2024-05-25,All,App,4582,844,78,4810.79,7872.62,2.24,18.4199039720646,9.24170616113744,1.6364505621737802,61.67679487179487,3061.83"
"744948,Category Promotion,2024-05-25,Inactive,Email,3437,198,84,3443.8,6996.61,2.18,5.760837940064009,42.42424242424242,2.0316539868749635,40.99761904761905,3552.8099999999995"
"892639,App Push Notification,2024-05-25,New Users,App,1064,628,45,1946.69,9885.29,2.54,59.02255639097744,7.165605095541401,5.0779990650797,43.25977777777778,7938.6"
"991446,Email Campaign,2024-05-25,New Users,Email,8227,780,75,1220.27,4263.89,2.55,9.48097726996475,9.615384615384617,3.494218492628681,16.270266666666668,3043.6200000000003"
"373538,Referral Program,2024-05-25,Premium,Social Media,7124,366,47,4783.58,9384.1,3.0,5.1375631667602475,12.841530054644808,1.9617315901479646,101.77829787234042,4600.52"
"925116,New User Discount,2024-05-24,All,Social Media,9333,842,70,4076.17,9622.29,2.69,9.021750776813457,8.31353919239905,2.3606203862939967,58.231,5546.120000000001"
"613250,Weekend Special,2024-05-24,Inactive,Email,2785,856,14,4829.15,7696.86,2.75,30.73608617594255,1.6355140186915886,1.59383328329002,344.9392857142857,2867.71"
"199117,Festival Offer,2024-05-24,Premium,App,1938,312,17,1452.15,7388.71,3.9,16.09907120743034,5.448717948717949,5.0881176187033015,85.42058823529412,5936.5599999999995"
"645069,Flash Sale,2024-05-24,New Users,Email,8439,857,88,3198.98,2743.41,2.4,10.155231662519256,10.268378063010502,0.8575889814878492,36.352045454545454,-455.57000000000016"
"552392,Membership Drive,2024-05-24,Premium,Sms,8596,911,78,4247.28,7032.0,3.48,10.597952536063286,8.562019758507136,1.6556478499180654,54.45230769230769,2784.7200000000003"
"949753,Category Promotion,2024-05-24,Premium,Email,5628,519,27,3937.98,3494.56,3.51,9.22174840085288,5.202312138728324,0.887399123408448,145.85111111111112,-443.4200000000001"
"548790,App Push Notification,2024-05-24,Inactive,Email,2602,933,51,3340.26,4627.14,2.44,35.857033051498846,5.466237942122187,1.3852634226078209,65.49529411764706,1286.88"
"489885,Email Campaign,2024-05-24,Inactive,Sms,1874,759,60,2766.37,8482.11,3.61,40.50160085378869,7.905138339920949,3.0661516716852772,46.10616666666667,5715.740000000001"
"911007,Referral Program,2024-05-24,New Users,Social Media,1715,356,95,3492.91,7487.3,2.54,20.75801749271137,26.685393258426966,2.1435708334884094,36.76747368421052,3994.3900000000003"
"65480,New User Discount,2024-05-23,Inactive,Email,3026,283,65,3422.84,9159.2,3.23,9.35228023793787,22.968197879858657,2.675906557127999,52.659076923076924,5736.360000000001"
"958949,Weekend Special,2024-05-23,Premium,Email,8060,565,97,2289.46,8452.7,1.79,7.009925558312655,17.168141592920357,3.692005975208128,23.602680412371136,6163.240000000001"
"738594,Festival Offer,2024-05-23,All,Social Media,7438,381,19,3214.33,5308.32,3.74,5.122344716321592,4.986876640419948,1.6514545799591205,169.17526315789473,2093.99"
"649710,Flash Sale,2024-05-23,All,Email,9855,643,62,4593.58,6699.8,1.88,6.5246067985794,9.642301710730948,1.4585138388794796,74.09,2106.2200000000003"
"33374,Membership Drive,2024-05-23,Premium,App,3337,552,91,3872.99,5162.94,3.3,16.54180401558286,16.485507246376812,1.3330630856263506,42.560329670329665,1289.9499999999998"
"209876,Category Promotion,2024-05-23,Premium,Sms,1954,225,20,1610.39,3579.8,2.01,11.514841351074718,8.88888888888889,2.222939784772633,80.51950000000001,1969.41"
"886732,App Push Notification,2024-05-23,Premium,Social Media,3556,507,66,1106.28,9955.44,3.83,14.257592800899888,13.017751479289942,8.999023755287993,16.76181818181818,8849.16"
"879576,Email Campaign,2024-05-23,Inactive,App,9516,321,83,4457.59,2799.69,2.38,3.373266078184111,25.85669781931464,0.6280725683609304,53.70590361445783,-1657.9"
"794687,Referral Program,2024-05-23,All,Sms,3102,924,26,4011.77,3489.08,1.73,29.78723404255319,2.813852813852814,0.8697108757481111,154.29884615384614,-522.69"
"933658,New User Discount,2024-05-22,Premium,Email,8018,568,43,1772.38,9892.51,3.58,7.08406086305812,7.570422535211267,5.581483654746725,41.218139534883726,8120.13"
"721244,Weekend Special,2024-05-22,Premium,Sms,8217,523,24,2910.79,8144.76,2.66,6.364853352805159,4.588910133843212,2.7981269689671877,121.28291666666667,5233.97"
"680731,Festival Offer,2024-05-22,New Users,App,2465,379,16,3727.22,9602.36,3.26,15.375253549695742,4.221635883905013,2.5762793717569665,232.95125,5875.140000000001"
"218750,Flash Sale,2024-05-22,Inactive,Email,5213,779,36,2564.76,4318.59,3.58,14.943410704009208,4.621309370988447,1.683818368970196,71.24333333333334,1753.83"
"798121,Membership Drive,2024-05-22,All,Sms,4163,603,87,3682.54,7164.34,1.76,14.48474657698775,14.427860696517413,1.9454887115958008,42.32804597701149,3481.8"
"508628,Category Promotion,2024-05-22,Premium,Email,4137,617,47,2503.06,6237.3,2.94,14.914189025864152,7.6175040518638575,2.491869951179756,53.25659574468085,3734.2400000000002"
"936816,App Push Notification,2024-05-22,New Users,App,6688,118,13,2756.57,8694.93,3.11,1.7643540669856457,11.016949152542372,3.1542569207384537,212.04384615384618,5938.360000000001"
"884609,Email Campaign,2024-05-22,Premium,Email,9791,536,60,2933.89,7914.72,3.42,5.474415279338167,11.194029850746269,2.6976880523809688,48.89816666666666,4980.83"
"417952,Referral Program,2024-05-22,Premium,Social Media,9493,342,25,3781.73,9391.76,2.61,3.602654587590856,7.309941520467836,2.4834559844304063,151.2692,5610.030000000001"
"338782,New User Discount,2024-05-21,Premium,Social Media,6236,811,78,3271.61,8214.63,2.0,13.005131494547786,9.617755856966708,2.510883020897967,41.94371794871795,4943.019999999999"
"80427,Weekend Special,2024-05-21,Premium,App,8669,575,99,1518.55,8652.12,3.51,6.632829622793864,17.217391304347824,5.697619439596985,15.338888888888889,7133.570000000001"
"522615,Festival Offer,2024-05-21,Inactive,Email,6886,563,25,1602.69,6427.92,3.32,8.176009294220158,4.440497335701599,4.010706998858169,64.1076,4825.23"
"45555,Flash Sale,2024-05-21,All,Sms,5272,299,77,3058.7,2446.48,2.74,5.671471927162367,25.75250836120401,0.7998430705855429,39.72337662337662,-612.2199999999998"
"795684,Membership Drive,2024-05-21,New Users,Email,1520,549,11,2950.59,4998.41,3.35,36.118421052631575,2.0036429872495445,1.694037463693702,268.23545454545456,2047.8199999999997"
"445847,Category Promotion,2024-05-21,Inactive,Email,8107,996,87,2741.34,8685.97,2.04,12.285679042802517,8.734939759036145,3.1685124792984447,31.509655172413794,5944.629999999999"
"666328,App Push Notification,2024-05-21,New Users,Social Media,8350,668,15,4723.86,6597.46,3.95,8.0,2.245508982035928,1.3966247941302241,314.924,1873.6000000000004"
"780719,Email Campaign,2024-05-21,All,Email,3001,973,16,2827.72,7230.19,2.95,32.42252582472509,1.644398766700925,2.556897429731374,176.7325,4402.469999999999"
"781833,Referral Program,2024-05-21,Premium,Social Media,7567,118,89,3009.1,5028.1,3.65,1.5594026694859258,75.42372881355932,1.6709647402877938,33.81011235955056,2019.0000000000005"
"183130,New User Discount,2024-05-20,Premium,Email,2783,871,19,1889.25,9407.35,2.45,31.29716133668703,2.1814006888633752,4.979409818711129,99.4342105263158,7518.1"
"374512,Weekend Special,2024-05-20,New Users,Sms,1193,917,95,2289.5,3875.24,1.59,76.86504610226321,10.359869138495092,1.6926141078838173,24.1,1585.7399999999998"
"822897,Festival Offer,2024-05-20,Inactive,App,4781,422,78,3691.04,8905.87,2.31,8.826605312696088,18.48341232227488,2.4128348649703066,47.32102564102564,5214.830000000001"
"32912,Flash Sale,2024-05-20,All,Social Media,8487,605,18,3082.51,2968.77,2.3,7.128549546365029,2.975206611570248,0.9631014984541817,171.25055555555556,-113.74000000000024"
"517115,Membership Drive,2024-05-20,Premium,Sms,5599,116,38,1673.58,3286.24,1.92,2.0717985354527593,32.758620689655174,1.9635989913837402,44.04157894736842,1612.6599999999999"
"221171,Category Promotion,2024-05-20,Premium,Email,8422,944,74,4922.14,2067.33,1.53,11.208739016860603,7.838983050847458,0.420006338706335,66.5154054054054,-2854.8100000000004"
"351815,App Push Notification,2024-05-20,Premium,Email,8078,491,55,2980.42,8602.8,1.6,6.078237187422629,11.201629327902241,2.886438824058354,54.189454545454545,5622.379999999999"
"606624,Email Campaign,2024-05-20,New Users,Email,1427,498,33,4947.46,3416.68,2.92,34.89838822704975,6.626506024096386,0.6905927486023131,149.92303030303032,-1530.7800000000002"
"694211,Referral Program,2024-05-20,Premium,Sms,5837,666,23,1340.98,7832.65,3.39,11.409970875449718,3.453453453453453,5.840989425643932,58.30347826086957,6491.67"
"717298,New User Discount,2024-05-19,New Users,Email,2785,537,13,2416.87,7211.83,2.91,19.281867145421902,2.4208566108007448,2.9839544534873617,185.91307692307691,4794.96"
"718252,Weekend Special,2024-05-19,All,Sms,7027,784,95,1766.0,9367.79,1.81,11.156965988330725,12.11734693877551,5.304524348810872,18.589473684210525,7601.790000000001"
"49798,Festival Offer,2024-05-19,Premium,Sms,6100,207,23,3806.35,7093.69,3.28,3.393442622950819,11.11111111111111,1.8636462753031118,165.49347826086955,3287.3399999999997"
"623568,Flash Sale,2024-05-19,New Users,Email,9669,301,64,2766.78,9193.8,1.62,3.1130416795945806,21.262458471760798,3.3229241211805776,43.2309375,6427.019999999999"
"292697,Membership Drive,2024-05-19,New Users,Sms,2158,981,62,2123.16,6862.45,1.9,45.45875810936052,6.320081549439347,3.232186928917274,34.244516129032256,4739.29"
"514496,Category Promotion,2024-05-19,Inactive,Sms,9160,673,49,2078.95,4469.6,3.38,7.347161572052402,7.280832095096583,2.149931455782968,42.42755102040816,2390.6500000000005"
"185421,App Push Notification,2024-05-19,Inactive,App,5199,168,11,4365.19,8912.6,1.86,3.2313906520484705,6.547619047619048,2.041743887436744,396.8354545454545,4547.410000000001"
"376984,Email Campaign,2024-05-19,All,Email,7267,542,68,4496.15,6865.99,2.78,7.458373469106921,12.546125461254611,1.5270820590950036,66.11985294117646,2369.84"
"984432,Referral Program,2024-05-19,New Users,Social Media,4686,672,33,1243.06,7553.23,3.57,14.340588988476313,4.910714285714286,6.076319727124998,37.668484848484844,6310.17"
"313063,New User Discount,2024-05-18,New Users,Sms,6579,576,78,3856.16,3678.96,3.98,8.755129958960328,13.541666666666666,0.9540475498941953,49.437948717948714,-177.19999999999982"
"418594,Weekend Special,2024-05-18,All,Sms,2274,118,32,1407.95,4758.64,2.07,5.189094107299912,27.11864406779661,3.37983593167371,43.9984375,3350.6900000000005"
"914451,Festival Offer,2024-05-18,All,Social Media,1973,243,39,4295.73,7166.15,2.15,12.316269640141916,16.049382716049383,1.6682030760778728,110.14692307692306,2870.42"
"487105,Flash Sale,2024-05-18,Inactive,Social Media,6341,455,67,4827.38,6339.97,1.73,7.175524365242075,14.725274725274726,1.3133355981919799,72.05044776119404,1512.5900000000001"
"149671,Membership Drive,2024-05-18,New Users,App,4394,878,81,2795.66,4236.71,1.92,19.98179335457442,9.225512528473805,1.5154596767847308,34.51432098765432,1441.0500000000002"
"930503,Category Promotion,2024-05-18,Premium,Email,8519,788,24,2984.84,7466.85,3.56,9.249911961497828,3.0456852791878175,2.5015913750820813,124.36833333333334,4482.01"
"688730,App Push Notification,2024-05-18,All,Social Media,7417,479,27,4260.38,9406.21,2.19,6.458136712956721,5.6367432150313155,2.2078335735309995,157.79185185185185,5145.829999999999"
"518904,Email Campaign,2024-05-18,New Users,Social Media,2314,489,29,2673.92,9730.27,2.62,21.132238547968885,5.930470347648262,3.638953297032073,92.20413793103448,7056.35"
"613185,Referral Program,2024-05-18,All,Social Media,5478,868,96,3121.0,9462.12,1.5,15.845198977729098,11.059907834101383,3.03175905158603,32.510416666666664,6341.120000000001"
"645779,New User Discount,2024-05-17,New Users,Email,1198,145,46,4213.0,2912.51,1.61,12.103505843071787,31.724137931034484,0.6913149774507478,91.58695652173913,-1300.4899999999998"
"633802,Weekend Special,2024-05-17,Inactive,Email,1023,337,26,2816.21,8762.34,2.23,32.94232649071358,7.71513353115727,3.111394391753456,108.31576923076923,5946.13"
"833782,Festival Offer,2024-05-17,New Users,App,4998,560,22,1281.09,8631.46,2.97,11.204481792717088,3.9285714285714284,6.73759064546597,58.23136363636363,7350.369999999999"
"880265,Flash Sale,2024-05-17,Premium,Social Media,5925,603,45,3907.02,4782.3,1.95,10.177215189873417,7.462686567164178,1.2240275196953176,86.82266666666666,875.2800000000002"
"930624,Membership Drive,2024-05-17,Inactive,App,8441,298,55,4332.1,4105.22,3.59,3.5303873948584292,18.456375838926174,0.9476281710948501,78.76545454545455,-226.8800000000001"
"108743,Category Promotion,2024-05-17,Inactive,Email,6500,477,31,4956.83,7196.46,1.51,7.338461538461538,6.498951781970649,1.45182707496525,159.89774193548388,2239.63"
"776354,App Push Notification,2024-05-17,Premium,App,7971,135,59,1804.32,3916.74,3.74,1.6936394429808055,43.7037037037037,2.170756850226124,30.581694915254236,2112.42"
"203881,Email Campaign,2024-05-17,Premium,Sms,4119,786,44,2539.56,2814.12,2.74,19.08230152949745,5.597964376590331,1.1081132164626943,57.71727272727273,274.55999999999995"
"932003,Referral Program,2024-05-17,New Users,Email,7796,217,21,2286.16,6587.17,3.44,2.783478707029246,9.67741935483871,2.881325016621759,108.86476190476189,4301.01"
"989817,New User Discount,2024-05-16,New Users,Sms,2873,871,82,2721.56,3248.23,3.41,30.316742081447963,9.414466130884042,1.193517688384603,33.189756097560974,526.6700000000001"
"195211,Weekend Special,2024-05-16,Premium,Email,1901,986,46,3353.97,6360.19,2.55,51.8674381904261,4.665314401622718,1.8963169020593507,72.91239130434782,3006.22"
"412947,Festival Offer,2024-05-16,Inactive,Email,6828,639,89,1785.55,7382.44,3.91,9.358523725834798,13.928012519561817,4.134546778303604,20.062359550561798,5596.889999999999"
"106405,Flash Sale,2024-05-16,Premium,App,8780,633,26,2425.6,4750.77,3.84,7.209567198177677,4.107424960505529,1.9585958113456468,93.29230769230769,2325.1700000000005"
"246119,Membership Drive,2024-05-16,Premium,Social Media,7154,738,32,3189.75,9783.08,3.07,10.315907184791726,4.336043360433604,3.0670366016145465,99.6796875,6593.33"
"8105,Category Promotion,2024-05-16,Premium,App,1680,950,83,3277.2,9286.64,2.6,56.547619047619044,8.736842105263158,2.833711705114122,39.484337349397585,6009.44"
"831418,App Push Notification,2024-05-16,All,Social Media,5965,670,13,4087.14,4109.14,3.07,11.232187761944678,1.9402985074626864,1.0053827370728676,314.3953846153846,22.000000000000455"
"173726,Email Campaign,2024-05-16,New Users,Sms,9909,460,66,2206.92,5477.36,2.64,4.642244424260773,14.347826086956522,2.4819023797872144,33.43818181818182,3270.4399999999996"
"752226,Referral Program,2024-05-16,All,Social Media,5011,590,65,2763.16,8207.03,3.61,11.774096986629415,11.016949152542372,2.970160975115448,42.51015384615384,5443.870000000001"
"46844,New User Discount,2024-05-15,New Users,Email,9978,399,72,2185.91,3110.04,3.16,3.998797354179194,18.045112781954884,1.4227667195813185,30.35986111111111,924.1300000000001"
"8162,Weekend Special,2024-05-15,Premium,App,7758,355,69,3383.19,6928.02,2.51,4.575921629285898,19.43661971830986,2.047777393525046,49.03173913043479,3544.8300000000004"
"707644,Festival Offer,2024-05-15,New Users,App,5029,675,81,2515.56,4695.21,2.14,13.422151521177172,12.0,1.8664671087153557,31.056296296296296,2179.65"
"927607,Flash Sale,2024-05-15,All,Email,1517,661,51,3102.36,8895.97,2.88,43.572841133816745,7.715582450832073,2.867484753542464,60.83058823529412,5793.609999999999"
"447921,Membership Drive,2024-05-15,New Users,Email,8150,682,11,1794.54,6159.26,2.93,8.368098159509202,1.6129032258064515,3.432222185072498,163.14,4364.72"
"768402,Category Promotion,2024-05-15,All,Email,9696,849,48,1679.06,9244.4,2.34,8.756188118811881,5.6537102473498235,5.505699617643205,34.98041666666666,7565.34"
"106316,App Push Notification,2024-05-15,New Users,Sms,6028,426,18,1037.23,8739.17,2.12,7.067020570670206,4.225352112676056,8.425489042931654,57.62388888888889,7701.9400000000005"
"381531,Email Campaign,2024-05-15,Inactive,App,1113,472,98,1612.32,8259.65,2.17,42.40790655884996,20.76271186440678,5.122835417286891,16.452244897959183,6647.33"
"406361,Referral Program,2024-05-15,Inactive,Sms,9175,313,89,1455.83,2503.48,1.88,3.411444141689373,28.434504792332266,1.719623857181127,16.3576404494382,1047.65"
"363182,New User Discount,2024-05-14,All,Social Media,4898,709,37,4894.32,9670.09,3.28,14.475296039199673,5.218617771509168,1.975778044753919,132.27891891891892,4775.77"
"280150,Weekend Special,2024-05-14,New Users,Social Media,9505,724,45,4833.67,3853.36,1.59,7.617043661230931,6.2154696132596685,0.7971913680495358,107.4148888888889,-980.31"
"276123,Festival Offer,2024-05-14,Premium,Social Media,2190,495,44,3546.51,5822.77,1.95,22.602739726027394,8.88888888888889,1.6418309831355333,80.6025,2276.26"
"869237,Flash Sale,2024-05-14,Premium,Email,6207,956,86,2270.96,6258.52,3.85,15.401965522796843,8.99581589958159,2.755891781449255,26.406511627906976,3987.5600000000004"
"964903,Membership Drive,2024-05-14,All,Social Media,3841,339,53,4063.44,6371.91,2.64,8.825826607654257,15.634218289085547,1.5681073179375111,76.66867924528302,2308.47"
"429549,Category Promotion,2024-05-14,Inactive,Email,7542,595,33,3920.16,6872.61,2.27,7.88915407053832,5.546218487394958,1.7531452797844986,118.79272727272726,2952.45"
"324787,App Push Notification,2024-05-14,New Users,Email,3820,595,26,1486.86,9624.45,2.23,15.575916230366493,4.369747899159663,6.473003510754208,57.18692307692307,8137.590000000001"
"855064,Email Campaign,2024-05-14,Inactive,App,6033,728,52,4793.07,2393.32,3.38,12.066965025692026,7.142857142857142,0.4993292399234729,92.17442307692308,-2399.7499999999995"
"371629,Referral Program,2024-05-14,New Users,Social Media,2156,984,78,3272.31,9215.23,3.21,45.640074211502785,7.926829268292683,2.8161237780039174,41.95269230769231,5942.92"
"892912,New User Discount,2024-05-13,Inactive,Social Media,7442,809,90,4674.92,2294.04,2.55,10.870733673743617,11.124845488257108,0.49071214052860795,51.943555555555555,-2380.88"
"367975,Weekend Special,2024-05-13,All,Sms,2277,851,21,4653.63,3575.12,2.89,37.37373737373738,2.4676850763807283,0.7682432853492864,221.60142857142858,-1078.5100000000002"
"783240,Festival Offer,2024-05-13,Premium,Email,1738,408,50,2593.18,5126.23,3.43,23.475258918296895,12.254901960784313,1.9768122536808088,51.8636,2533.0499999999997"
"664489,Flash Sale,2024-05-13,New Users,App,7384,840,38,1694.97,2945.88,2.66,11.375947995666305,4.523809523809524,1.7380130621780916,44.604473684210525,1250.91"
"155149,Membership Drive,2024-05-13,All,Email,7015,705,51,4011.58,3535.33,1.79,10.049893086243763,7.234042553191489,0.8812811909521934,78.65843137254902,-476.25"
"967044,Category Promotion,2024-05-13,New Users,Sms,7716,298,85,4001.2,4474.49,3.12,3.8621047174701917,28.523489932885905,1.1182870138958312,47.072941176470586,473.28999999999996"
"129322,App Push Notification,2024-05-13,Premium,Email,9677,697,41,3052.87,2131.59,3.64,7.202645447969412,5.88235294117647,0.698224948982433,74.46024390243902,-921.2799999999997"
"551380,Email Campaign,2024-05-13,Inactive,Sms,5145,520,13,4473.62,2207.32,2.71,10.10689990281827,2.5,0.49340802303280124,344.12461538461537,-2266.2999999999997"
"231866,Referral Program,2024-05-13,New Users,Sms,9202,653,13,2189.76,8146.73,2.97,7.096283416648555,1.9908116385911179,3.7203757489405227,168.44307692307694,5956.969999999999"
"228459,New User Discount,2024-05-12,New Users,Email,5016,102,56,3885.63,7064.75,3.67,2.0334928229665072,54.90196078431373,1.8181736295015223,69.38625,3179.12"
"726479,Weekend Special,2024-05-12,New Users,Sms,9974,948,35,2569.02,5344.41,2.17,9.504712251854823,3.691983122362869,2.0803302426606254,73.40057142857142,2775.39"
"434449,Festival Offer,2024-05-12,All,Social Media,9225,944,87,4030.94,6254.95,2.3,10.233062330623307,9.216101694915254,1.551734831081584,46.33264367816092,2224.0099999999998"
"66738,Flash Sale,2024-05-12,Premium,App,9952,614,21,3998.43,4392.53,3.5,6.169614147909968,3.420195439739414,1.098563686246852,190.40142857142857,394.0999999999999"
"821359,Membership Drive,2024-05-12,Inactive,Email,6991,176,70,3908.03,3549.53,3.36,2.5175225289658134,39.77272727272727,0.9082658014396,55.829,-358.5"
"565445,Category Promotion,2024-05-12,New Users,Social Media,3609,722,100,4367.89,4572.39,3.44,20.0055417013023,13.850415512465375,1.0468189446162792,43.678900000000006,204.5"
"800636,App Push Notification,2024-05-12,New Users,Email,1931,811,38,4948.62,8229.91,2.02,41.99896426721906,4.68557336621455,1.6630717250465787,130.22684210526316,3281.29"
"431165,Email Campaign,2024-05-12,New Users,Email,2904,658,28,1422.53,4919.18,2.69,22.65840220385675,4.25531914893617,3.458050093846879,50.80464285714286,3496.6500000000005"
"92735,Referral Program,2024-05-12,All,App,9980,135,74,3000.88,5665.49,1.68,1.3527054108216432,54.81481481481482,1.8879428700914398,40.55243243243243,2664.6099999999997"
"969592,New User Discount,2024-05-11,All,App,7947,311,92,1585.33,6687.52,1.91,3.9134264502327922,29.581993569131832,4.2183772463777265,17.231847826086955,5102.1900000000005"
"660087,Weekend Special,2024-05-11,New Users,Email,1655,536,57,4948.68,7736.11,3.3,32.38670694864048,10.634328358208956,1.563267376350865,86.81894736842106,2787.4299999999994"
"179157,Festival Offer,2024-05-11,Inactive,App,2347,522,74,2792.6,5769.82,3.47,22.24115892628888,14.17624521072797,2.0661104347203323,37.73783783783784,2977.22"
"883118,Flash Sale,2024-05-11,Premium,Sms,6213,465,78,2132.39,4495.25,3.49,7.48430709802028,16.7741935483871,2.1080806043922546,27.33833333333333,2362.86"
"888709,Membership Drive,2024-05-11,Premium,App,5619,496,34,2621.46,2126.96,2.65,8.827193450791956,6.854838709677419,0.8113646593882798,77.10176470588236,-494.5"
"328453,Category Promotion,2024-05-11,Premium,App,9264,642,64,3546.45,9105.04,1.68,6.930051813471502,9.968847352024921,2.5673673673673676,55.41328125,5558.590000000001"
"277648,App Push Notification,2024-05-11,New Users,Sms,6731,842,20,4499.04,9866.11,2.28,12.509285395929282,2.375296912114014,2.192936715388172,224.952,5367.070000000001"
"158408,Email Campaign,2024-05-11,Premium,Sms,5113,588,97,2891.97,8877.06,1.74,11.500097789947192,16.49659863945578,3.0695546634301185,29.814123711340205,5985.09"
"889390,Referral Program,2024-05-11,Inactive,Email,3159,225,95,4582.42,9372.71,3.71,7.122507122507122,42.22222222222222,2.0453624940533603,48.236000000000004,4790.289999999999"
"981273,New User Discount,2024-05-10,Premium,App,7820,685,12,1833.5,7603.79,3.99,8.759590792838875,1.7518248175182483,4.147144805017725,152.79166666666666,5770.29"
"908643,Weekend Special,2024-05-10,Premium,App,2355,421,66,4566.66,9352.59,3.98,17.876857749469213,15.676959619952493,2.048015398562626,69.19181818181818,4785.93"
"307396,Festival Offer,2024-05-10,New Users,Email,2994,776,87,4696.38,6383.52,1.58,25.918503674014698,11.211340206185568,1.3592426507224713,53.98137931034483,1687.1400000000003"
"531634,Flash Sale,2024-05-10,Premium,Social Media,6247,559,17,2682.82,6156.99,3.63,8.948295181687211,3.041144901610018,2.2949694724208105,157.8129411764706,3474.1699999999996"
"488693,Membership Drive,2024-05-10,New Users,Sms,5446,382,84,3587.56,7863.76,2.62,7.014322438486962,21.98952879581152,2.1919521903466426,42.70904761904762,4276.200000000001"
"749135,Category Promotion,2024-05-10,Inactive,App,5381,711,52,3890.82,8095.53,2.82,13.213157405686676,7.313642756680731,2.0806745107715083,74.82346153846154,4204.709999999999"
"993421,App Push Notification,2024-05-10,Inactive,Social Media,4392,407,51,1199.37,6366.79,3.97,9.266848816029144,12.530712530712531,5.308445267098561,23.51705882352941,5167.42"
"867267,Email Campaign,2024-05-10,Inactive,Sms,4440,769,50,3874.02,9449.99,1.93,17.31981981981982,6.501950585175553,2.43932400968503,77.4804,5575.969999999999"
"838148,Referral Program,2024-05-10,Inactive,Sms,6262,424,10,3098.76,6177.8,2.25,6.770999680613222,2.358490566037736,1.9936361641430764,309.87600000000003,3079.04"
"726641,New User Discount,2024-05-09,Premium,Sms,2383,556,23,2624.59,7396.3,3.06,23.331934536298782,4.136690647482014,2.818078252222252,114.11260869565218,4771.71"
"344028,Weekend Special,2024-05-09,All,Sms,7817,367,59,3066.1,4377.37,3.9,4.694895740053729,16.076294277929154,1.4276670689149082,51.96779661016949,1311.27"
"425851,Festival Offer,2024-05-09,All,Sms,8807,963,19,1372.58,2123.42,3.86,10.934483933234928,1.9730010384215992,1.5470282242200821,72.24105263157894,750.8400000000001"
"809949,Flash Sale,2024-05-09,Premium,App,6005,401,98,3242.6,8134.15,3.8,6.677768526228143,24.438902743142144,2.5085271078763953,33.087755102040816,4891.549999999999"
"356614,Membership Drive,2024-05-09,New Users,Sms,3142,155,21,3490.29,4287.76,3.69,4.933163590070019,13.548387096774196,1.2284824470172966,166.2042857142857,797.4700000000003"
"391766,Category Promotion,2024-05-09,Inactive,Social Media,9308,296,91,3012.24,6660.58,1.51,3.180060163300387,30.743243243243246,2.211171752582796,33.10153846153846,3648.34"
"657561,App Push Notification,2024-05-09,Premium,Social Media,2429,183,37,2990.74,9491.19,2.82,7.533964594483327,20.21857923497268,3.173525615733899,80.8308108108108,6500.450000000001"
"510224,Email Campaign,2024-05-09,All,Email,3470,387,44,2573.48,8936.86,3.97,11.152737752161384,11.369509043927648,3.4726751325054015,58.48818181818182,6363.380000000001"
"23172,Referral Program,2024-05-09,Inactive,Email,4780,407,56,4593.9,5955.91,2.24,8.514644351464435,13.75921375921376,1.2964822917346916,82.03392857142856,1362.0100000000002"
"752632,New User Discount,2024-05-08,All,Email,2039,945,47,1690.12,2253.98,2.81,46.34624816086317,4.973544973544974,1.3336212813291366,35.96,563.8600000000001"
"713740,Weekend Special,2024-05-08,All,App,2440,486,20,1385.38,6073.69,3.84,19.918032786885245,4.11522633744856,4.384132873291082,69.269,4688.3099999999995"
"624296,Festival Offer,2024-05-08,Premium,Sms,5556,698,74,3576.55,6908.13,3.76,12.562994960403168,10.601719197707736,1.931506619507626,48.33175675675676,3331.58"
"459051,Flash Sale,2024-05-08,Premium,Sms,3156,516,92,1828.73,3397.56,2.47,16.34980988593156,17.829457364341085,1.8578795120110678,19.8775,1568.83"
"475354,Membership Drive,2024-05-08,Inactive,Email,1204,780,66,1048.49,6226.58,3.38,64.78405315614619,8.461538461538462,5.938616486566396,15.886212121212122,5178.09"
"200353,Category Promotion,2024-05-08,New Users,Social Media,1546,523,61,4545.58,9823.07,2.11,33.82923673997413,11.663479923518166,2.1610157559651353,74.51770491803279,5277.49"
"745023,App Push Notification,2024-05-08,New Users,App,6919,474,88,3246.22,3097.33,3.75,6.850700968348026,18.565400843881857,0.9541343470251554,36.88886363636363,-148.88999999999987"
"937553,Email Campaign,2024-05-08,All,Email,5719,626,31,1298.75,2730.31,1.94,10.945969575100541,4.952076677316294,2.102259865255053,41.895161290322584,1431.56"
"333794,Referral Program,2024-05-08,Inactive,App,5819,565,50,1766.21,4372.36,3.59,9.709572091424644,8.849557522123893,2.475560663794226,35.3242,2606.1499999999996"
"836685,New User Discount,2024-05-07,Inactive,Email,4705,541,58,1367.34,3902.0,2.66,11.498405951115833,10.720887245841034,2.8537159740810627,23.574827586206894,2534.66"
"250155,Weekend Special,2024-05-07,New Users,App,7207,685,61,3068.68,5364.98,1.97,9.504648258637435,8.905109489051096,1.7483022015980811,50.30622950819672,2296.2999999999997"
"489503,Festival Offer,2024-05-07,Inactive,App,6590,431,86,2450.5,5163.35,1.96,6.5402124430956,19.953596287703014,2.1070597837176086,28.49418604651163,2712.8500000000004"
"695157,Flash Sale,2024-05-07,All,Email,6508,586,51,4083.1,9686.0,2.06,9.004302397049784,8.70307167235495,2.3722171879209424,80.06078431372549,5602.9"
"587224,Membership Drive,2024-05-07,Premium,Email,9305,572,81,1290.72,3506.35,2.41,6.147232670607201,14.160839160839162,2.7165845419610757,15.934814814814816,2215.63"
"77524,Category Promotion,2024-05-07,Inactive,App,6654,453,94,2484.5,3835.14,2.32,6.807935076645627,20.750551876379692,1.5436264842020526,26.430851063829788,1350.6399999999999"
"740172,App Push Notification,2024-05-07,All,Sms,9543,748,21,4855.95,3226.27,2.24,7.838206014880017,2.807486631016043,0.6643952264747371,231.23571428571427,-1629.6799999999998"
"99102,Email Campaign,2024-05-07,New Users,App,2291,464,63,3622.89,3242.82,1.94,20.253164556962027,13.577586206896552,0.8950920397803964,57.506190476190476,-380.0699999999997"
"285480,Referral Program,2024-05-07,Premium,Sms,9181,467,58,1191.65,3256.6,2.94,5.086591874523473,12.419700214132762,2.7328494104812653,20.545689655172417,2064.95"
"17745,New User Discount,2024-05-06,Premium,Email,7898,1000,95,4112.95,6845.6,3.14,12.661433274246644,9.5,1.664401463669629,43.29421052631579,2732.6500000000005"
"648081,Weekend Special,2024-05-06,All,Sms,6287,369,72,4312.12,7722.03,2.06,5.869254016223954,19.51219512195122,1.790773447863232,59.89055555555555,3409.91"
"49074,Festival Offer,2024-05-06,Premium,App,2765,104,31,3793.29,6954.05,3.72,3.7613019891500907,29.807692307692307,1.8332502919629134,122.36419354838709,3160.76"
"432381,Flash Sale,2024-05-06,Premium,Social Media,7640,151,18,1904.3,9054.74,1.83,1.9764397905759161,11.920529801324504,4.754891561203592,105.79444444444444,7150.44"
"673868,Membership Drive,2024-05-06,Inactive,App,6320,237,96,1971.0,7683.01,2.49,3.75,40.50632911392405,3.898026382546931,20.53125,5712.01"
"832240,Category Promotion,2024-05-06,Premium,App,8598,670,32,3103.54,3798.91,3.67,7.792509886020005,4.776119402985075,1.2240570445362393,96.985625,695.3699999999999"
"967603,App Push Notification,2024-05-06,All,Social Media,2349,973,94,2366.16,9187.75,3.61,41.421881651766704,9.660842754367934,3.8829791730060523,25.17191489361702,6821.59"
"519439,Email Campaign,2024-05-06,Inactive,Social Media,2883,544,100,4013.81,7227.33,3.67,18.869233437391607,18.38235294117647,1.8006158736960642,40.1381,3213.52"
"42773,Referral Program,2024-05-06,All,Social Media,5068,235,41,3758.25,8305.39,2.66,4.636937647987372,17.4468085106383,2.209908867158917,91.66463414634147,4547.139999999999"
"641016,New User Discount,2024-05-05,Premium,Email,4000,874,47,2933.53,8801.33,2.42,21.85,5.377574370709382,3.000252255814667,62.41553191489362,5867.799999999999"
"289721,Weekend Special,2024-05-05,Inactive,Social Media,3153,181,35,1781.14,3313.47,3.31,5.740564541706311,19.337016574585636,1.8603085664237509,50.88971428571429,1532.3299999999997"
"673107,Festival Offer,2024-05-05,Premium,Email,5916,708,91,4405.48,9774.33,3.08,11.967545638945234,12.85310734463277,2.218675377030426,48.411868131868125,5368.85"
"873144,Flash Sale,2024-05-05,Inactive,Social Media,2564,390,62,2129.83,6759.51,2.19,15.210608424336975,15.897435897435896,3.173732175807459,34.35209677419355,4629.68"
"709736,Membership Drive,2024-05-05,All,Email,9470,924,10,2377.14,2214.91,3.25,9.757127771911298,1.0822510822510822,0.9317541247044768,237.714,-162.23000000000002"
"332518,Category Promotion,2024-05-05,New Users,App,8743,536,18,3808.7,7359.54,1.68,6.130618780738876,3.3582089552238807,1.9322971092498753,211.59444444444443,3550.84"
"950610,App Push Notification,2024-05-05,All,Sms,3566,285,73,2932.0,3002.92,3.71,7.992148065058889,25.6140350877193,1.0241882673942702,40.16438356164384,70.92000000000007"
"536747,Email Campaign,2024-05-05,All,Email,5634,388,13,4396.36,3780.21,2.86,6.886758963436279,3.350515463917526,0.8598499667907088,338.1815384615384,-616.1499999999996"
"88083,Referral Program,2024-05-05,All,Sms,4270,745,13,4930.79,5009.44,2.54,17.447306791569087,1.74496644295302,1.0159507908469028,379.29153846153844,78.64999999999964"
"867821,New User Discount,2024-05-04,All,Email,2186,688,29,4677.36,4763.96,1.85,31.473010064043915,4.215116279069767,1.0185147177040041,161.28827586206896,86.60000000000036"
"792848,Weekend Special,2024-05-04,All,Social Media,2196,772,75,2026.36,8056.64,2.37,35.154826958105645,9.71502590673575,3.9759174085552424,27.01813333333333,6030.280000000001"
"885029,Festival Offer,2024-05-04,All,Sms,1663,672,30,2106.78,2349.74,2.85,40.40889957907397,4.464285714285714,1.1153229098434576,70.22600000000001,242.95999999999958"
"982853,Flash Sale,2024-05-04,New Users,Social Media,7904,279,79,4233.7,2297.14,3.74,3.5298582995951415,28.31541218637993,0.54258450055507,53.59113924050633,-1936.56"
"60066,Membership Drive,2024-05-04,New Users,Sms,5712,944,34,2190.42,3599.22,2.63,16.5266106442577,3.6016949152542375,1.643164324650067,64.42411764705882,1408.7999999999997"
"867731,Category Promotion,2024-05-04,New Users,Email,7974,790,99,1208.07,4094.01,3.86,9.907198394783045,12.531645569620252,3.3888847500558748,12.202727272727271,2885.9400000000005"
"109552,App Push Notification,2024-05-04,Inactive,Sms,2653,905,53,2109.34,9851.67,1.7,34.1123256690539,5.856353591160221,4.670498829017607,39.7988679245283,7742.33"
"332189,Email Campaign,2024-05-04,New Users,App,4344,857,86,2154.5,7312.28,1.76,19.728360957642728,10.035005834305718,3.393956834532374,25.052325581395348,5157.78"
"645061,Referral Program,2024-05-04,Inactive,App,4733,453,26,1682.03,9614.03,2.99,9.5710965560955,5.739514348785872,5.715730397198624,64.69346153846153,7932.000000000001"
"710929,New User Discount,2024-05-03,Inactive,App,3713,921,98,4677.57,5273.95,2.29,24.804740102343118,10.640608034744844,1.1274978247252312,47.73030612244898,596.3800000000001"
"621330,Weekend Special,2024-05-03,Premium,Sms,7703,967,44,1439.61,4310.91,3.5,12.553550564715046,4.550155118924509,2.9944985100131287,32.71840909090909,2871.3"
"397113,Festival Offer,2024-05-03,Premium,Sms,4601,232,29,4184.08,3620.19,3.94,5.042382090849816,12.5,0.8652296323206058,144.27862068965516,-563.8899999999999"
"637332,Flash Sale,2024-05-03,Inactive,Sms,3622,859,67,3733.88,8295.8,3.0,23.716178906681392,7.799767171129219,2.221763955992158,55.72955223880597,4561.919999999999"
"777061,Membership Drive,2024-05-03,All,Social Media,6795,524,61,2343.29,2332.14,1.75,7.711552612214864,11.641221374045802,0.9952417327774198,38.41459016393443,-11.150000000000091"
"530489,Category Promotion,2024-05-03,Premium,Social Media,6630,171,77,4692.49,4003.21,2.91,2.5791855203619907,45.02923976608187,0.8531099693339784,60.94142857142857,-689.2799999999997"
"64362,App Push Notification,2024-05-03,All,App,5559,276,58,4143.46,6518.69,3.92,4.96492174851592,21.014492753623188,1.5732479618483102,71.43896551724139,2375.2299999999996"
"240599,Email Campaign,2024-05-03,All,App,6881,523,88,4412.3,9164.4,3.02,7.600639441941579,16.826003824091778,2.0770119892119756,50.13977272727273,4752.099999999999"
"138074,Referral Program,2024-05-03,Premium,Email,4332,600,46,1225.59,3413.9,2.0,13.850415512465375,7.666666666666666,2.7855155476138025,26.643260869565214,2188.3100000000004"
"395882,New User Discount,2024-05-02,Inactive,App,5448,481,56,4829.0,9925.57,3.74,8.828928046989722,11.642411642411643,2.055408987367985,86.23214285714286,5096.57"
"167452,Weekend Special,2024-05-02,All,Email,2790,301,20,2553.75,6047.59,3.18,10.78853046594982,6.64451827242525,2.3681213901125795,127.6875,3493.84"
"576154,Festival Offer,2024-05-02,Inactive,Email,2521,214,65,3102.32,3626.8,1.81,8.488694962316542,30.373831775700932,1.1690605740220221,47.728,524.48"
"507734,Flash Sale,2024-05-02,Inactive,Email,4140,462,48,2292.37,3003.05,2.68,11.159420289855072,10.38961038961039,1.310019761207833,47.75770833333333,710.6800000000003"
"967889,Membership Drive,2024-05-02,New Users,App,7122,430,68,4670.71,2192.18,3.34,6.037629879247403,15.813953488372093,0.4693462021833939,68.68691176470588,-2478.53"
"306936,Category Promotion,2024-05-02,All,Sms,8559,568,34,2477.91,9712.97,1.57,6.636289286131558,5.985915492957746,3.919823560984862,72.87970588235294,7235.0599999999995"
"55823,App Push Notification,2024-05-02,Premium,Email,9047,817,57,1084.64,9928.87,2.22,9.030617884381563,6.976744186046512,9.154069553031421,19.028771929824565,8844.230000000001"
"266273,Email Campaign,2024-05-02,Premium,Sms,4306,883,36,3256.59,2954.32,3.81,20.506270320483047,4.077010192525481,0.9071820523922263,90.46083333333334,-302.27"
"479664,Referral Program,2024-05-02,All,Social Media,5145,841,84,3655.35,6967.58,2.54,16.345966958211854,9.988109393579073,1.9061321077325017,43.51607142857143,3312.23"
"400126,New User Discount,2024-05-01,New Users,App,8142,399,33,4227.27,3449.14,2.3,4.900515843773029,8.270676691729323,0.8159261178017964,128.09909090909093,-778.1300000000006"
"933345,Weekend Special,2024-05-01,Inactive,Sms,2182,940,20,3262.98,5655.72,2.1,43.07974335472044,2.127659574468085,1.733299008881452,163.149,2392.7400000000002"
"586093,Festival Offer,2024-05-01,New Users,App,7260,722,25,3191.74,3663.54,2.97,9.944903581267218,3.4626038781163437,1.1478190579433163,127.66959999999999,471.8000000000002"
"967854,Flash Sale,2024-05-01,New Users,Email,7685,709,60,4888.37,2157.85,2.21,9.22576447625244,8.46262341325811,0.4414252603628612,81.47283333333333,-2730.52"
"680773,Membership Drive,2024-05-01,New Users,Sms,4077,156,28,4215.31,8802.75,2.73,3.8263428991905815,17.94871794871795,2.0882805772291952,150.54678571428573,4587.44"
"51357,Category Promotion,2024-05-01,All,Email,2017,921,19,2454.62,2987.01,2.5,45.66187407040159,2.0629750271444083,1.216893042507598,129.19052631578947,532.3900000000003"
"576805,App Push Notification,2024-05-01,Inactive,Sms,2965,268,85,1216.59,2030.94,3.09,9.038785834738619,31.716417910447763,1.6693709466623925,14.312823529411764,814.3500000000001"
"557719,Email Campaign,2024-05-01,All,Social Media,5123,532,36,4442.26,3539.8,2.39,10.384540308413039,6.7669172932330826,0.7968466501285382,123.39611111111111,-902.46"
"740664,Referral Program,2024-05-01,New Users,App,3710,425,34,4547.69,2635.02,3.5,11.455525606469003,8.0,0.5794194415186612,133.7555882352941,-1912.6699999999996"
"576271,New User Discount,2024-04-30,Premium,Email,6379,670,81,3853.97,8603.64,3.34,10.50321366985421,12.08955223880597,2.2324096970137286,47.57987654320988,4749.67"
"417147,Weekend Special,2024-04-30,Inactive,Email,2808,176,45,4139.19,2173.3,2.33,6.267806267806268,25.568181818181817,0.5250544188597287,91.98199999999999,-1965.8899999999994"
"862116,Festival Offer,2024-04-30,All,Email,1277,951,44,3783.83,7756.57,1.92,74.47141738449491,4.6267087276550996,2.0499256044801166,85.99613636363637,3972.74"
"309247,Flash Sale,2024-04-30,Inactive,App,5947,362,33,2061.57,6748.64,3.68,6.087102740877754,9.116022099447514,3.273543949514205,62.471818181818186,4687.07"
"738391,Membership Drive,2024-04-30,Inactive,Sms,2764,662,25,1978.51,7094.7,3.04,23.950795947901593,3.7764350453172204,3.5858802836477954,79.1404,5116.19"
"282850,Category Promotion,2024-04-30,Premium,Sms,6750,431,85,3242.3,4771.73,2.07,6.385185185185185,19.721577726218097,1.471711439410295,38.144705882352945,1529.4299999999994"
"421723,App Push Notification,2024-04-30,Inactive,Email,5537,697,76,4286.01,2134.64,2.23,12.588044067184395,10.9038737446198,0.49804830133387457,56.394868421052635,-2151.3700000000003"
"146669,Email Campaign,2024-04-30,All,App,6204,743,46,1712.03,3625.3,3.33,11.976144422952933,6.191117092866756,2.1175446691938813,37.21804347826087,1913.2700000000002"
"522202,Referral Program,2024-04-30,All,Email,2290,715,76,3431.33,9891.28,3.57,31.222707423580786,10.62937062937063,2.8826373447030744,45.14907894736842,6459.950000000001"
"174414,New User Discount,2024-04-29,All,Social Media,2991,426,80,1600.34,2589.69,2.7,14.24272818455366,18.779342723004692,1.6182123798692778,20.00425,989.3500000000001"
"631708,Weekend Special,2024-04-29,All,Social Media,2359,753,55,3990.72,2839.09,2.8,31.920305214073757,7.3041168658698545,0.7114230013631626,72.55854545454545,-1151.6299999999997"
"785360,Festival Offer,2024-04-29,New Users,App,2945,670,21,1701.86,6398.28,3.98,22.75042444821732,3.134328358208955,3.759580694064142,81.04095238095238,4696.42"
"953303,Flash Sale,2024-04-29,Inactive,Social Media,1576,838,18,4039.49,4204.84,2.1,53.172588832487314,2.1479713603818613,1.0409333851550568,224.4161111111111,165.35000000000036"
"440723,Membership Drive,2024-04-29,New Users,Sms,9351,752,69,3405.99,4121.16,3.99,8.04192065019784,9.175531914893616,1.2099741925255212,49.36217391304348,715.1700000000001"
"598149,Category Promotion,2024-04-29,Premium,Email,2882,170,45,1754.14,4294.09,1.93,5.898681471200555,26.47058823529412,2.4479745060257447,38.98088888888889,2539.95"
"547717,App Push Notification,2024-04-29,Premium,Social Media,7162,968,32,3082.67,3364.09,3.47,13.515777715721866,3.3057851239669422,1.0912909912510909,96.3334375,281.4200000000001"
"745105,Email Campaign,2024-04-29,New Users,Email,6602,666,73,3269.02,4724.26,3.25,10.0878521660103,10.96096096096096,1.4451609350814618,44.78109589041096,1455.2400000000002"
"910471,Referral Program,2024-04-29,Premium,App,9131,887,70,2941.51,5744.38,2.52,9.714160551965831,7.891770011273957,1.9528677447977398,42.021571428571434,2802.87"
"999683,New User Discount,2024-04-28,All,App,9867,690,27,2386.45,4623.96,2.79,6.993006993006993,3.91304347826087,1.9375893062917724,88.38703703703703,2237.51"
"104811,Weekend Special,2024-04-28,Inactive,Sms,8639,718,24,4387.39,5292.53,2.84,8.311147123509667,3.3426183844011144,1.2063048874159807,182.80791666666667,905.1399999999994"
"585110,Festival Offer,2024-04-28,All,App,1329,343,90,1361.1,5076.93,3.67,25.80887885628292,26.239067055393583,3.730019836896628,15.123333333333333,3715.8300000000004"
"314259,Flash Sale,2024-04-28,Premium,App,4176,230,47,2515.35,5267.94,3.37,5.507662835249042,20.434782608695652,2.094316894269187,53.518085106382976,2752.5899999999997"
"387534,Membership Drive,2024-04-28,All,App,5545,192,47,2287.97,5424.81,1.56,3.4625788999098286,24.479166666666664,2.3710144800849666,48.68021276595744,3136.8400000000006"
"54305,Category Promotion,2024-04-28,Premium,Social Media,1319,967,46,2704.68,3320.39,2.56,73.3131159969674,4.756980351602896,1.2276461540736798,58.79739130434782,615.71"
"128692,App Push Notification,2024-04-28,All,Sms,5521,449,25,3762.9,3844.97,3.98,8.132584676689007,5.56792873051225,1.0218103058811023,150.516,82.06999999999971"
"626312,Email Campaign,2024-04-28,Inactive,Social Media,3931,691,34,3362.64,4540.16,3.32,17.578224370389215,4.92040520984081,1.3501772416910522,98.90117647058823,1177.52"
"791839,Referral Program,2024-04-28,New Users,Email,4602,579,64,2120.95,3253.72,2.96,12.58148631029987,11.053540587219343,1.5340861406445225,33.13984375,1132.77"
"299494,New User Discount,2024-04-27,Premium,Email,2136,576,15,3653.29,3135.41,3.23,26.96629213483146,2.604166666666667,0.8582428441213262,243.55266666666665,-517.8800000000001"
"523855,Weekend Special,2024-04-27,All,Email,2035,799,49,4969.57,8494.26,2.58,39.26289926289927,6.132665832290362,1.7092545230271434,101.41979591836734,3524.6900000000005"
"988951,Festival Offer,2024-04-27,All,Email,6499,915,32,2694.79,7183.66,3.64,14.079089090629326,3.4972677595628414,2.6657587418685686,84.2121875,4488.87"
"25586,Flash Sale,2024-04-27,Inactive,App,1213,936,17,4561.49,7794.53,2.92,77.16405605935697,1.8162393162393164,1.70876840681444,268.3229411764706,3233.04"
"536328,Membership Drive,2024-04-27,Inactive,Social Media,9231,400,82,4567.94,9622.12,2.91,4.333225002708266,20.5,2.106446231780628,55.706585365853655,5054.180000000001"
"141194,Category Promotion,2024-04-27,Inactive,Email,4433,240,98,2962.64,2056.62,2.16,5.413940897811866,40.833333333333336,0.694184916155861,30.231020408163264,-906.02"
"524798,App Push Notification,2024-04-27,Inactive,Email,9949,716,32,1419.18,7935.94,3.18,7.196703186249874,4.4692737430167595,5.591919277329161,44.349375,6516.759999999999"
"209190,Email Campaign,2024-04-27,New Users,Social Media,3198,796,77,2148.08,6097.88,2.91,24.89055659787367,9.673366834170855,2.838758333022979,27.897142857142857,3949.8"
"695652,Referral Program,2024-04-27,Inactive,Sms,7745,193,48,4453.89,9142.1,2.03,2.491930277598451,24.870466321243523,2.052610190193292,92.789375,4688.21"
"195538,New User Discount,2024-04-26,Premium,App,5285,357,46,1904.93,4379.56,2.55,6.754966887417218,12.885154061624648,2.299066107416021,41.411521739130436,2474.63"
"109153,Weekend Special,2024-04-26,New Users,Social Media,9827,195,91,1545.18,9459.01,3.92,1.9843288897934261,46.666666666666664,6.121623370739979,16.98,7913.83"
"906499,Festival Offer,2024-04-26,Inactive,App,7352,695,70,1938.09,2009.07,2.7,9.453210010881392,10.071942446043165,1.036623686206523,27.686999999999998,70.98000000000002"
"464790,Flash Sale,2024-04-26,All,Sms,1293,256,67,3884.89,9946.6,3.3,19.79891724671307,26.171875,2.5603298935104983,57.98343283582089,6061.710000000001"
"210315,Membership Drive,2024-04-26,Premium,App,9104,356,72,1704.88,3964.45,2.67,3.910369068541301,20.224719101123593,2.3253542771338744,23.678888888888892,2259.5699999999997"
"755032,Category Promotion,2024-04-26,All,Social Media,1669,291,75,2509.9,5951.57,3.03,17.43559017375674,25.773195876288657,2.3712378979242197,33.465333333333334,3441.6699999999996"
"739866,App Push Notification,2024-04-26,Premium,Sms,9578,926,75,2591.9,5337.7,3.84,9.667989141783254,8.099352051835854,2.0593772907905397,34.55866666666667,2745.7999999999997"
"581482,Email Campaign,2024-04-26,New Users,Sms,3965,463,79,2730.34,6282.89,3.12,11.67717528373266,17.062634989200866,2.301138319769699,34.56126582278481,3552.55"
"270063,Referral Program,2024-04-26,Inactive,Social Media,7143,937,28,4386.68,5935.49,2.86,13.117737645247097,2.9882604055496262,1.3530711152853638,156.66714285714286,1548.8099999999995"
"613714,New User Discount,2024-04-25,Premium,Sms,7897,108,51,4358.06,4297.98,3.25,1.3676079523869824,47.22222222222222,0.9862140493705913,85.4521568627451,-60.08000000000084"
"362939,Weekend Special,2024-04-25,New Users,App,9982,889,14,1133.34,9160.54,2.9,8.906030855539973,1.574803149606299,8.082781865989025,80.95285714285714,8027.200000000001"
"851624,Festival Offer,2024-04-25,All,App,7800,696,71,3207.71,5792.97,2.08,8.923076923076923,10.201149425287356,1.8059519096177648,45.179014084507045,2585.26"
"95641,Flash Sale,2024-04-25,All,App,5483,935,35,1205.57,4051.59,1.68,17.052708371329565,3.7433155080213902,3.3607256318587893,34.44485714285714,2846.0200000000004"
"809776,Membership Drive,2024-04-25,Premium,Email,3371,561,23,3007.85,7155.07,1.54,16.641946010086027,4.09982174688057,2.378798809781073,130.77608695652174,4147.219999999999"
"785334,Category Promotion,2024-04-25,New Users,Email,8640,820,32,2411.16,9706.69,3.64,9.49074074074074,3.902439024390244,4.02573450123592,75.34875,7295.530000000001"
"7705,App Push Notification,2024-04-25,Premium,Sms,8726,504,56,2248.38,3033.39,1.87,5.775842310336924,11.11111111111111,1.3491447175299547,40.14964285714286,785.0099999999998"
"450969,Email Campaign,2024-04-25,Inactive,Email,1083,329,30,1365.32,5193.67,2.91,30.378578024007385,9.118541033434651,3.803994667916679,45.510666666666665,3828.3500000000004"
"206025,Referral Program,2024-04-25,New Users,App,8808,719,77,2020.59,8455.88,2.57,8.163033605812897,10.70931849791377,4.184856898232694,26.24142857142857,6435.289999999999"
"155153,New User Discount,2024-04-24,New Users,Social Media,7616,904,34,4997.55,2220.57,3.82,11.869747899159663,3.761061946902655,0.4443317225440466,146.98676470588236,-2776.98"
"192818,Weekend Special,2024-04-24,All,Social Media,1263,204,45,2886.58,3010.34,3.4,16.152019002375297,22.058823529411764,1.0428742664329416,64.14622222222222,123.76000000000022"
"996450,Festival Offer,2024-04-24,All,Social Media,5619,789,32,4110.78,4045.17,1.65,14.04164442071543,4.055766793409378,0.9840395253455549,128.461875,-65.60999999999967"
"145107,Flash Sale,2024-04-24,Inactive,Email,5591,118,54,4438.04,2320.89,1.58,2.1105347880522265,45.76271186440678,0.5229538264639345,82.18592592592593,-2117.15"
"359337,Membership Drive,2024-04-24,New Users,Email,5187,609,42,1394.82,7812.67,3.73,11.740890688259109,6.896551724137931,5.601203022612237,33.21,6417.85"
"355742,Category Promotion,2024-04-24,Premium,Sms,9494,174,79,4096.65,5262.99,1.94,1.8327364651358753,45.40229885057471,1.2847057961993336,51.85632911392405,1166.3400000000001"
"273880,App Push Notification,2024-04-24,Premium,Email,7276,865,25,1085.78,3128.73,3.76,11.888400219901046,2.8901734104046244,2.8815505903590046,43.4312,2042.95"
"505252,Email Campaign,2024-04-24,Inactive,Social Media,6813,911,54,3981.42,3483.49,2.53,13.371495670042567,5.92755214050494,0.8749365804160324,73.73,-497.9300000000003"
"913397,Referral Program,2024-04-24,All,Sms,5054,271,46,3860.49,5079.09,1.5,5.362089434111595,16.974169741697416,1.315659411111025,83.9236956521739,1218.6000000000004"
"485822,New User Discount,2024-04-23,All,Email,3056,418,20,1141.03,5844.08,2.04,13.678010471204189,4.784688995215311,5.121758411260002,57.0515,4703.05"
"362667,Weekend Special,2024-04-23,New Users,Sms,5651,575,83,2640.38,4112.44,2.54,10.175190231817377,14.43478260869565,1.557518236011483,31.811807228915665,1472.0599999999995"
"948031,Festival Offer,2024-04-23,Inactive,Sms,7348,450,62,2338.22,2677.35,2.94,6.124115405552531,13.777777777777779,1.1450376782338703,37.71322580645161,339.1300000000001"
"506171,Flash Sale,2024-04-23,Inactive,Social Media,7202,649,76,1693.78,8798.24,2.96,9.01138572618717,11.710323574730355,5.194440836472269,22.286578947368422,7104.46"
"461382,Membership Drive,2024-04-23,Premium,Social Media,4577,189,94,4650.11,6711.99,2.2,4.129342363993882,49.735449735449734,1.4434045646232025,49.469255319148935,2061.88"
"78977,Category Promotion,2024-04-23,All,Social Media,2012,134,66,3816.32,3377.54,3.35,6.6600397614314115,49.25373134328358,0.8850253647492872,57.82303030303031,-438.7800000000002"
"295825,App Push Notification,2024-04-23,New Users,Social Media,3964,152,53,3177.05,9479.93,2.78,3.834510595358224,34.868421052631575,2.983878125934436,59.944339622641515,6302.88"
"261232,Email Campaign,2024-04-23,All,Sms,4905,873,31,1779.18,9278.28,1.94,17.79816513761468,3.5509736540664374,5.214919232455401,57.39290322580646,7499.1"
"729173,Referral Program,2024-04-23,Premium,Sms,1097,641,50,1825.16,8366.95,3.52,58.43208751139471,7.800312012480499,4.58422823204541,36.5032,6541.790000000001"
"410617,New User Discount,2024-04-22,All,App,1405,705,29,4776.95,3776.58,3.37,50.177935943060504,4.113475177304964,0.7905839500099436,164.72241379310344,-1000.3699999999999"
"772322,Weekend Special,2024-04-22,New Users,Social Media,8377,415,63,1927.78,6380.8,3.84,4.954040826071386,15.180722891566264,3.3099212565749205,30.59968253968254,4453.02"
"391738,Festival Offer,2024-04-22,All,Sms,7949,267,24,1712.81,3324.72,3.62,3.358913070826519,8.98876404494382,1.9410909557977825,71.36708333333333,1611.9099999999999"
"348825,Flash Sale,2024-04-22,All,Email,9601,383,40,1717.05,3936.95,3.49,3.989167795021352,10.443864229765012,2.292856934859206,42.926249999999996,2219.8999999999996"
"474151,Membership Drive,2024-04-22,All,Social Media,9824,901,18,2241.4,7013.97,1.98,9.171416938110749,1.9977802441731412,3.129280806638708,124.52222222222223,4772.57"
"742464,Category Promotion,2024-04-22,New Users,App,6464,604,82,3711.89,8032.84,2.53,9.344059405940595,13.57615894039735,2.16408352618208,45.266951219512194,4320.950000000001"
"165997,App Push Notification,2024-04-22,Premium,App,8725,540,59,4920.08,3229.58,2.8,6.189111747851003,10.925925925925926,0.656408025885758,83.39118644067797,-1690.5"
"695850,Email Campaign,2024-04-22,Premium,Sms,9580,911,48,4621.81,4166.76,2.71,9.509394572025052,5.26893523600439,0.9015429020232333,96.28770833333334,-455.0500000000002"
"338999,Referral Program,2024-04-22,Premium,Sms,3733,463,36,1661.24,4129.94,1.65,12.402893115456736,7.775377969762419,2.486058606823818,46.14555555555555,2468.7"
"128751,New User Discount,2024-04-21,All,Sms,7065,641,89,4170.42,5416.33,2.06,9.072894550601557,13.884555382215288,1.2987492866425923,46.85865168539326,1245.9099999999999"
"350721,Weekend Special,2024-04-21,All,Email,9752,159,25,1635.95,6564.98,3.59,1.6304347826086956,15.723270440251572,4.012946605947614,65.438,4929.03"
"947165,Festival Offer,2024-04-21,Premium,Social Media,3566,604,36,2225.29,8515.17,2.73,16.93774537296691,5.960264900662252,3.8265439560686474,61.81361111111111,6289.88"
"914178,Flash Sale,2024-04-21,New Users,Email,5034,176,39,4869.02,2472.44,3.8,3.4962256654747716,22.15909090909091,0.5077900686380421,124.84666666666668,-2396.5800000000004"
"928278,Membership Drive,2024-04-21,New Users,Sms,1644,311,34,2973.73,5955.16,2.43,18.91727493917275,10.932475884244374,2.00258934065971,87.46264705882353,2981.43"
"196569,Category Promotion,2024-04-21,Premium,Sms,4686,868,82,2732.5,4297.1,1.67,18.523260776781903,9.44700460829493,1.5725892040256177,33.323170731707314,1564.6000000000004"
"676429,App Push Notification,2024-04-21,New Users,App,6308,302,67,2253.58,5178.12,3.8,4.787571337983513,22.185430463576157,2.2977307217848932,33.6355223880597,2924.54"
"459974,Email Campaign,2024-04-21,Inactive,App,3660,771,29,3543.53,3912.56,3.02,21.065573770491802,3.761348897535668,1.1041419149830818,122.19068965517242,369.02999999999975"
"917074,Referral Program,2024-04-21,All,Email,1607,168,40,3750.79,6904.27,2.79,10.4542626011201,23.809523809523807,1.8407508818142313,93.76975,3153.4800000000005"
"574033,New User Discount,2024-04-20,Inactive,Social Media,7382,242,69,4197.23,2007.02,3.17,3.2782443782172854,28.512396694214875,0.47817727405932015,60.829420289855065,-2190.2099999999996"
"911703,Weekend Special,2024-04-20,New Users,Social Media,8408,658,61,4201.03,8428.51,1.95,7.825880114176973,9.270516717325227,2.006296075010176,68.86934426229507,4227.4800000000005"
"2793,Festival Offer,2024-04-20,All,Social Media,5617,410,72,3287.67,9873.5,2.3,7.2992700729927,17.560975609756095,3.003190709529849,45.662083333333335,6585.83"
"931901,Flash Sale,2024-04-20,New Users,Sms,5502,266,71,4818.39,2252.0,1.57,4.8346055979643765,26.691729323308273,0.4673760322431351,67.86464788732395,-2566.3900000000003"
"639047,Membership Drive,2024-04-20,All,App,8930,466,43,4274.4,8473.7,3.84,5.218365061590145,9.2274678111588,1.9824302826127647,99.40465116279069,4199.300000000001"
"488877,Category Promotion,2024-04-20,New Users,Sms,7456,249,83,1989.67,4492.69,2.93,3.339592274678112,33.33333333333333,2.258007609302045,23.971927710843374,2503.0199999999995"
"341092,App Push Notification,2024-04-20,Premium,App,2650,703,80,4798.71,5767.89,1.68,26.528301886792455,11.379800853485063,1.2019667785717412,59.983875,969.1800000000003"
"472731,Email Campaign,2024-04-20,Premium,App,1297,538,70,4118.8,6117.89,2.65,41.480339244410175,13.011152416356877,1.4853573856463047,58.84,1999.0900000000001"
"537972,Referral Program,2024-04-20,Inactive,Email,5560,816,79,3484.35,7811.52,2.02,14.676258992805755,9.681372549019608,2.2418872960523486,44.10569620253165,4327.17"
"963788,New User Discount,2024-04-19,New Users,Sms,2157,193,53,3195.16,2635.49,2.65,8.947612424663886,27.461139896373055,0.8248381927665593,60.28603773584906,-559.6700000000001"
"872057,Weekend Special,2024-04-19,Inactive,Social Media,8776,830,56,3550.26,2814.38,3.93,9.457611668185962,6.746987951807229,0.7927250398562359,63.3975,-735.8800000000001"
"692733,Festival Offer,2024-04-19,New Users,App,1070,743,38,1747.31,6837.64,2.39,69.4392523364486,5.114401076716016,3.9132380630798203,45.981842105263155,5090.33"
"849257,Flash Sale,2024-04-19,Inactive,App,3679,663,93,3039.83,2069.32,3.87,18.021201413427562,14.027149321266968,0.6807354358631897,32.686344086021506,-970.5099999999998"
"947666,Membership Drive,2024-04-19,Premium,Sms,1944,259,56,2143.73,7308.57,2.38,13.32304526748971,21.62162162162162,3.409277287718136,38.28089285714286,5164.84"
"281411,Category Promotion,2024-04-19,Premium,Social Media,7086,264,84,2394.64,2646.76,3.76,3.725656223539373,31.818181818181817,1.1052851368055325,28.507619047619045,252.12000000000035"
"499174,App Push Notification,2024-04-19,Premium,Email,7361,629,95,2327.28,7119.06,3.03,8.545034642032332,15.103338632750399,3.0589615344952046,24.49768421052632,4791.780000000001"
"125913,Email Campaign,2024-04-19,All,Sms,3154,485,90,1180.27,5645.51,3.29,15.377298668357643,18.556701030927837,4.783236039211367,13.11411111111111,4465.24"
"458083,Referral Program,2024-04-19,Premium,Social Media,5168,298,13,1762.77,4785.67,3.32,5.76625386996904,4.3624161073825505,2.7148578657453895,135.5976923076923,3022.9"
"610621,New User Discount,2024-04-18,Premium,Email,5109,762,44,3233.06,5854.56,2.84,14.914856136230181,5.774278215223097,1.8108417412606015,73.47863636363637,2621.5000000000005"
"538435,Weekend Special,2024-04-18,All,App,1998,425,25,4237.44,9893.98,3.78,21.27127127127127,5.88235294117647,2.3348955973417915,169.49759999999998,5656.54"
"54300,Festival Offer,2024-04-18,Premium,Sms,6453,576,34,1773.13,2714.8,2.24,8.92608089260809,5.902777777777778,1.5310778115535804,52.15088235294118,941.6700000000001"
"336758,Flash Sale,2024-04-18,All,App,2347,318,21,2564.6,2262.19,3.76,13.549211759693225,6.60377358490566,0.8820829759026749,122.12380952380951,-302.40999999999985"
"699873,Membership Drive,2024-04-18,New Users,Sms,1795,261,42,3699.09,2292.58,3.34,14.540389972144846,16.091954022988507,0.6197686458020756,88.07357142857143,-1406.5100000000002"
"179095,Category Promotion,2024-04-18,Inactive,App,2118,138,75,2907.29,3537.4,2.3,6.515580736543909,54.347826086956516,1.2167344846919297,38.763866666666665,630.1100000000001"
"170727,App Push Notification,2024-04-18,All,App,5875,536,79,3839.61,9104.3,2.2,9.12340425531915,14.738805970149254,2.371152278486617,48.6026582278481,5264.689999999999"
"640006,Email Campaign,2024-04-18,Inactive,Email,1684,487,46,3772.34,6487.5,3.53,28.919239904988125,9.44558521560575,1.7197548471240662,82.00739130434783,2715.16"
"609856,Referral Program,2024-04-18,Premium,Sms,1885,313,86,4200.98,7616.73,2.3,16.60477453580902,27.47603833865815,1.8130840899028322,48.84860465116279,3415.75"
"907380,New User Discount,2024-04-17,Premium,App,6029,981,45,1841.5,2434.98,3.33,16.271355116934817,4.587155963302752,1.322280749389085,40.922222222222224,593.48"
"536629,Weekend Special,2024-04-17,All,Social Media,9775,698,75,4222.13,3916.38,2.44,7.140664961636829,10.744985673352435,0.9275839445966846,56.29506666666667,-305.75"
"617379,Festival Offer,2024-04-17,All,Email,7501,518,74,2991.03,8763.88,3.13,6.905745900546593,14.285714285714285,2.9300541953775117,40.41932432432433,5772.8499999999985"
"813829,Flash Sale,2024-04-17,New Users,Social Media,2135,174,74,3299.6,9666.45,2.37,8.149882903981265,42.5287356321839,2.929582373621045,44.589189189189185,6366.85"
"71878,Membership Drive,2024-04-17,All,Sms,4423,933,38,2250.37,5591.61,2.92,21.094279900520007,4.072883172561629,2.4847513964370305,59.220263157894735,3341.24"
"318106,Category Promotion,2024-04-17,All,App,1436,145,97,4140.79,6807.94,2.38,10.097493036211699,66.89655172413794,1.6441162193687677,42.688556701030926,2667.1499999999996"
"76348,App Push Notification,2024-04-17,All,Email,2373,841,33,3580.03,3312.83,3.61,35.44037083860093,3.9239001189060643,0.9253637539350228,108.48575757575759,-267.2000000000003"
"494504,Email Campaign,2024-04-17,New Users,Social Media,4872,378,58,3927.04,4799.35,3.85,7.758620689655173,15.343915343915343,1.222129135430248,67.70758620689655,872.3100000000004"
"354914,Referral Program,2024-04-17,All,Sms,6450,894,86,2633.28,5433.36,2.47,13.86046511627907,9.619686800894854,2.063343055049216,30.61953488372093,2800.0799999999995"
"639650,New User Discount,2024-04-16,Premium,App,8837,156,14,4483.44,6521.1,3.37,1.765304967749236,8.974358974358974,1.4544858412290564,320.24571428571426,2037.6600000000008"
"117716,Weekend Special,2024-04-16,New Users,Social Media,7651,759,62,2265.65,8144.28,2.34,9.920271859887595,8.168642951251647,3.5946770242535253,36.542741935483875,5878.629999999999"
"755669,Festival Offer,2024-04-16,Inactive,App,8683,177,99,3769.05,3899.14,3.56,2.0384659679834156,55.932203389830505,1.0345153287963809,38.07121212121212,130.0899999999997"
"123123,Flash Sale,2024-04-16,All,Email,8428,851,67,2546.46,2484.18,2.95,10.097294731846226,7.873090481786134,0.975542517848307,38.00686567164179,-62.2800000000002"
"724487,Membership Drive,2024-04-16,All,Sms,6663,869,96,2773.97,2575.08,2.6,13.042173195257392,11.047180667433832,0.9283013154432096,28.895520833333332,-198.88999999999987"
"45874,Category Promotion,2024-04-16,All,App,7757,544,42,3514.07,2952.19,3.03,7.013020497615058,7.720588235294118,0.8401056325002063,83.66833333333334,-561.8800000000001"
"305567,App Push Notification,2024-04-16,New Users,Social Media,6345,630,25,4617.6,5542.81,3.65,9.929078014184398,3.968253968253968,1.200365990990991,184.704,925.21"
"998934,Email Campaign,2024-04-16,All,Email,2519,487,56,1972.22,4217.21,3.08,19.333068678046843,11.498973305954825,2.1383060713307844,35.21821428571429,2244.99"
"340926,Referral Program,2024-04-16,New Users,Sms,2432,814,73,3996.11,4723.57,3.17,33.47039473684211,8.968058968058969,1.182042035879893,54.74123287671233,727.4599999999996"
"292228,New User Discount,2024-04-15,All,Email,1328,418,61,4139.28,6454.85,2.19,31.475903614457827,14.5933014354067,1.5594137144624187,67.85704918032786,2315.5700000000006"
"411026,Weekend Special,2024-04-15,All,Social Media,6629,158,82,2833.15,4014.36,1.58,2.3834665862120983,51.89873417721519,1.4169246245345286,34.550609756097565,1181.21"
"698387,Festival Offer,2024-04-15,Premium,Sms,2225,210,86,1752.05,3821.54,3.84,9.438202247191011,40.95238095238095,2.1811820438914413,20.37267441860465,2069.49"
"941626,Flash Sale,2024-04-15,New Users,Sms,1799,459,50,3855.35,5988.39,2.79,25.514174541411894,10.893246187363834,1.553267537318272,77.107,2133.0400000000004"
"697870,Membership Drive,2024-04-15,Inactive,App,2582,698,11,1780.42,6449.37,1.9,27.033307513555382,1.5759312320916905,3.6223868525404117,161.85636363636365,4668.95"
"119823,Category Promotion,2024-04-15,New Users,App,9699,943,14,3149.37,7402.6,1.69,9.722651819775233,1.4846235418875928,2.3505018464010266,224.95499999999998,4253.2300000000005"
"505473,App Push Notification,2024-04-15,Inactive,Sms,3673,950,46,1104.18,6788.63,3.47,25.864416008712226,4.842105263157895,6.148118966110598,24.003913043478263,5684.45"
"134824,Email Campaign,2024-04-15,New Users,App,9719,407,64,2733.76,8036.93,3.7,4.187673628974174,15.724815724815725,2.9398813355963944,42.715,5303.17"
"204110,Referral Program,2024-04-15,All,Email,7271,922,16,4941.54,3971.22,2.45,12.68051162151011,1.735357917570499,0.8036401607596012,308.84625,-970.3200000000002"
"837590,New User Discount,2024-04-14,New Users,App,6605,118,90,2908.83,5403.49,3.78,1.7865253595760788,76.27118644067797,1.85761629246123,32.32033333333333,2494.66"
"671919,Weekend Special,2024-04-14,All,Email,9961,805,20,3111.4,3742.69,3.49,8.081517919887562,2.484472049689441,1.202895802532622,155.57,631.29"
"982147,Festival Offer,2024-04-14,All,App,5449,649,91,3855.63,3562.97,2.68,11.910442282987704,14.021571648690292,0.9240954137196774,42.36956043956044,-292.6600000000003"
"231491,Flash Sale,2024-04-14,New Users,Email,8672,407,30,2822.22,6823.41,2.23,4.693265682656826,7.371007371007371,2.4177456045240984,94.074,4001.19"
"465849,Membership Drive,2024-04-14,Inactive,App,3801,453,33,4754.59,3831.33,1.84,11.91791633780584,7.28476821192053,0.8058171156713828,144.07848484848486,-923.2600000000002"
"382929,Category Promotion,2024-04-14,New Users,Sms,9801,803,22,2844.73,2470.84,1.81,8.19304152637486,2.73972602739726,0.868567491466677,129.3059090909091,-373.8899999999999"
"799959,App Push Notification,2024-04-14,New Users,Email,4145,694,49,1612.43,9047.55,2.89,16.743063932448734,7.060518731988473,5.611127304751213,32.90673469387755,7435.119999999999"
"38835,Email Campaign,2024-04-14,Premium,Social Media,5413,695,47,1257.43,7720.25,3.61,12.839460557916127,6.762589928057554,6.139705589973199,26.753829787234043,6462.82"
"811741,Referral Program,2024-04-14,Premium,Sms,5516,275,89,1424.12,6969.97,3.19,4.985496736765772,32.36363636363636,4.894229418869197,16.00134831460674,5545.85"
"659631,New User Discount,2024-04-13,Premium,Sms,9228,558,29,2016.76,2042.67,3.17,6.046814044213264,5.197132616487455,1.0128473392966937,69.54344827586206,25.910000000000082"
"747757,Weekend Special,2024-04-13,Premium,Sms,6525,702,51,2938.15,5066.37,3.56,10.758620689655173,7.264957264957266,1.7243401460102445,57.61078431372549,2128.22"
"709852,Festival Offer,2024-04-13,New Users,Email,5904,743,92,3338.33,9198.56,2.88,12.58468834688347,12.382234185733513,2.7554375990390403,36.28619565217391,5860.23"
"383424,Flash Sale,2024-04-13,Inactive,Sms,7504,304,80,3046.85,5965.67,3.28,4.051172707889126,26.31578947368421,1.9579795526527397,38.085625,2918.82"
"367617,Membership Drive,2024-04-13,All,App,3432,782,93,1219.99,4972.37,2.76,22.785547785547784,11.892583120204604,4.075746522512479,13.118172043010754,3752.38"
"797353,Category Promotion,2024-04-13,New Users,Social Media,3048,836,98,1194.42,8101.18,1.64,27.42782152230971,11.722488038277511,6.7825220609165955,12.18795918367347,6906.76"
"849197,App Push Notification,2024-04-13,Inactive,Email,2576,712,90,4775.11,9242.51,1.98,27.639751552795033,12.640449438202248,1.9355595996741437,53.056777777777775,4467.400000000001"
"634464,Email Campaign,2024-04-13,All,App,6125,911,39,4517.04,4755.12,3.52,14.873469387755103,4.281009879253568,1.0527070825142129,115.82153846153847,238.07999999999993"
"109155,Referral Program,2024-04-13,Premium,App,3426,523,57,2953.35,8349.84,2.56,15.265615878575597,10.89866156787763,2.827243638579918,51.81315789473684,5396.49"
"704017,New User Discount,2024-04-12,Inactive,Email,5459,852,51,2061.32,7967.31,3.86,15.607254075838064,5.985915492957746,3.8651495158442164,40.41803921568628,5905.99"
"868777,Weekend Special,2024-04-12,Premium,Social Media,7017,507,25,1255.24,6367.69,3.05,7.225309961522018,4.930966469428008,5.0728864599598475,50.2096,5112.45"
"414655,Festival Offer,2024-04-12,Premium,Sms,4674,782,87,2923.6,7112.3,3.74,16.730851519041508,11.12531969309463,2.4327199343275416,33.60459770114942,4188.700000000001"
"548732,Flash Sale,2024-04-12,New Users,App,6437,986,28,4845.58,4183.92,3.67,15.317694578219667,2.839756592292089,0.8634508149695186,173.05642857142857,-661.6599999999999"
"217662,Membership Drive,2024-04-12,All,App,5570,735,51,1177.04,2236.59,2.8,13.195691202872531,6.938775510204081,1.9001818120029907,23.07921568627451,1059.5500000000002"
"341199,Category Promotion,2024-04-12,Inactive,Social Media,3681,271,32,3771.22,8224.87,3.03,7.362129856017387,11.808118081180812,2.1809573559749897,117.850625,4453.6500000000015"
"505899,App Push Notification,2024-04-12,Premium,Email,7458,680,75,4594.28,9039.48,3.02,9.117725931885223,11.029411764705882,1.9675509546653664,61.25706666666667,4445.2"
"302555,Email Campaign,2024-04-12,All,Sms,6994,490,75,2335.24,4461.11,3.32,7.0060051472690885,15.306122448979592,1.910343262362755,31.13653333333333,2125.87"
"170475,Referral Program,2024-04-12,Inactive,Sms,5026,362,26,2732.96,5233.55,2.28,7.202546756864306,7.18232044198895,1.9149749721913238,105.11384615384615,2500.59"
"533057,New User Discount,2024-04-11,Inactive,Sms,2124,291,55,2190.09,4548.86,2.99,13.700564971751412,18.900343642611684,2.0770196658584803,39.819818181818185,2358.7699999999995"
"191408,Weekend Special,2024-04-11,Premium,Email,3099,505,40,1887.86,4771.28,2.88,16.295579219102937,7.920792079207921,2.527348426260422,47.1965,2883.42"
"232867,Festival Offer,2024-04-11,New Users,Email,6912,542,44,3856.94,7520.15,2.43,7.841435185185184,8.118081180811808,1.9497710620336328,87.65772727272727,3663.2099999999996"
"224500,Flash Sale,2024-04-11,All,App,1986,985,85,3456.43,8559.69,1.56,49.59718026183283,8.629441624365482,2.476454029157252,40.66388235294117,5103.26"
"826051,Membership Drive,2024-04-11,Inactive,Social Media,7544,457,49,4403.04,5397.69,2.61,6.05779427359491,10.722100656455142,1.2259007413060066,89.85795918367347,994.6499999999996"
"892996,Category Promotion,2024-04-11,Premium,Sms,6325,639,37,3648.81,2985.66,2.71,10.102766798418973,5.790297339593114,0.8182558149095184,98.61648648648648,-663.1500000000001"
"47386,App Push Notification,2024-04-11,All,App,9049,285,95,1967.28,7385.59,2.32,3.149519283898773,33.33333333333333,3.7542139400593713,20.70821052631579,5418.31"
"368536,Email Campaign,2024-04-11,New Users,Email,1939,885,71,1461.25,8034.35,3.31,45.64208354822073,8.022598870056497,5.498272027373824,20.580985915492956,6573.1"
"596969,Referral Program,2024-04-11,All,Social Media,5776,692,61,1027.21,9771.28,1.75,11.980609418282548,8.815028901734104,9.5124463352187,16.83950819672131,8744.07"
"663434,New User Discount,2024-04-10,Inactive,Sms,3243,768,41,3514.97,9725.51,3.5,23.681776133209993,5.338541666666666,2.7668827898957886,85.73097560975609,6210.540000000001"
"370180,Weekend Special,2024-04-10,New Users,Email,7602,128,24,3014.51,3523.73,3.38,1.6837674296237832,18.75,1.168922975873359,125.60458333333334,509.2199999999998"
"201550,Festival Offer,2024-04-10,Inactive,App,9206,436,19,3288.75,7071.4,2.4,4.736041711927004,4.3577981651376145,2.150178639300646,173.0921052631579,3782.6499999999996"
"441693,Flash Sale,2024-04-10,New Users,Sms,4370,807,38,2897.25,8231.88,2.54,18.466819221967963,4.708798017348203,2.8412736215376646,76.24342105263158,5334.629999999999"
"408889,Membership Drive,2024-04-10,Inactive,Email,9489,331,16,2624.81,4563.91,2.89,3.488249552112973,4.833836858006042,1.738758233929313,164.050625,1939.1"
"732023,Category Promotion,2024-04-10,Inactive,Sms,6010,117,86,1060.48,6281.67,3.28,1.9467554076539102,73.50427350427351,5.923421469523235,12.331162790697675,5221.1900000000005"
"911833,App Push Notification,2024-04-10,All,App,2596,628,38,1991.56,5270.89,3.62,24.19106317411402,6.050955414012739,2.6466137098555906,52.409473684210525,3279.3300000000004"
"579796,Email Campaign,2024-04-10,Premium,App,6528,532,96,2528.62,2365.46,2.43,8.14950980392157,18.045112781954884,0.935474685796996,26.339791666666667,-163.15999999999985"
"575716,Referral Program,2024-04-10,All,Sms,5896,556,99,4290.81,9271.76,2.83,9.430122116689281,17.805755395683455,2.1608414262109017,43.34151515151515,4980.95"
"826902,New User Discount,2024-04-09,Premium,Email,3397,607,26,1547.67,6327.21,1.52,17.868707683249927,4.2833607907743,4.088216480257419,59.525769230769235,4779.54"
"233637,Weekend Special,2024-04-09,All,App,3401,165,95,3893.39,4224.71,1.91,4.851514260511614,57.57575757575758,1.085098076483476,40.98305263157894,331.32000000000016"
"355744,Festival Offer,2024-04-09,New Users,Email,7341,178,67,1668.83,4774.38,1.66,2.424737774145212,37.640449438202246,2.860914532936249,24.907910447761193,3105.55"
"168643,Flash Sale,2024-04-09,Inactive,App,7579,926,15,4530.05,4918.83,3.79,12.217970708536747,1.6198704103671708,1.0858224522908135,302.00333333333333,388.77999999999975"
"706383,Membership Drive,2024-04-09,All,Sms,5721,653,80,4507.42,7378.33,3.48,11.41408844607586,12.251148545176111,1.6369297735733523,56.34275,2870.91"
"908052,Category Promotion,2024-04-09,Premium,App,4392,623,98,1293.64,5943.4,3.04,14.18488160291439,15.730337078651685,4.594322995578367,13.200408163265307,4649.759999999999"
"794753,App Push Notification,2024-04-09,New Users,Sms,6692,360,79,4736.48,5215.26,2.53,5.379557680812911,21.944444444444443,1.101083505050164,59.955443037974675,478.78000000000065"
"716412,Email Campaign,2024-04-09,New Users,App,5355,314,46,2782.53,3425.08,2.03,5.863678804855275,14.64968152866242,1.230922937039313,60.489782608695656,642.5499999999997"
"903555,Referral Program,2024-04-09,Premium,App,3834,774,60,4530.61,2035.46,2.6,20.187793427230048,7.751937984496124,0.449268420808677,75.51016666666666,-2495.1499999999996"
"121794,New User Discount,2024-04-08,New Users,Social Media,8776,614,37,3177.01,8400.49,1.57,6.996353691886964,6.026058631921824,2.6441496879141075,85.86513513513515,5223.48"
"64474,Weekend Special,2024-04-08,Premium,Email,2844,936,92,4336.07,2814.73,3.97,32.91139240506329,9.82905982905983,0.6491431180769683,47.13119565217391,-1521.3399999999997"
"376382,Festival Offer,2024-04-08,Premium,Email,2316,223,95,3337.13,7620.7,1.9,9.6286701208981,42.600896860986545,2.2836089693838715,35.12768421052632,4283.57"
"149632,Flash Sale,2024-04-08,Premium,App,9739,446,40,3871.81,2270.68,2.29,4.579525618646678,8.968609865470851,0.5864647283828494,96.79525,-1601.13"
"731872,Membership Drive,2024-04-08,New Users,Email,4530,246,54,1544.38,8379.51,3.99,5.430463576158941,21.951219512195124,5.425808415027389,28.599629629629632,6835.13"
"829120,Category Promotion,2024-04-08,New Users,Social Media,4721,946,83,3425.57,9447.22,2.51,20.038127515356916,8.773784355179703,2.757853437530104,41.27192771084338,6021.65"
"657226,App Push Notification,2024-04-08,New Users,Sms,1012,843,87,3657.33,2150.85,1.84,83.300395256917,10.320284697508896,0.5880929530559178,42.038275862068964,-1506.48"
"604482,Email Campaign,2024-04-08,All,Social Media,6801,741,35,2634.23,4265.15,2.71,10.895456550507278,4.723346828609987,1.619125892575819,75.26371428571429,1630.9199999999996"
"933051,Referral Program,2024-04-08,New Users,Sms,3376,760,31,3633.35,7568.34,2.06,22.511848341232227,4.078947368421053,2.0830198026614557,117.20483870967742,3934.9900000000002"
"937331,New User Discount,2024-04-07,Inactive,Social Media,3300,951,15,2750.4,2657.46,1.61,28.81818181818182,1.5772870662460567,0.9662085514834206,183.36,-92.94000000000005"
"868790,Weekend Special,2024-04-07,Premium,Sms,5387,572,13,1426.22,9566.19,2.1,10.618154817152405,2.272727272727273,6.707373336511899,109.70923076923077,8139.97"
"95306,Festival Offer,2024-04-07,New Users,Social Media,7803,979,23,2415.44,9470.83,3.09,12.546456491093169,2.3493360572012256,3.9209543602821846,105.01913043478261,7055.389999999999"
"673837,Flash Sale,2024-04-07,All,App,1110,352,15,4567.37,4036.37,2.98,31.71171171171171,4.261363636363636,0.8837405333923023,304.49133333333333,-531.0"
"739087,Membership Drive,2024-04-07,All,Social Media,6217,225,69,2492.47,3520.59,2.53,3.619108894965417,30.666666666666664,1.4124904211484994,36.1227536231884,1028.1200000000003"
"422346,Category Promotion,2024-04-07,Premium,Email,7096,258,53,3735.67,2461.03,2.52,3.6358511837655016,20.54263565891473,0.6587921309965816,70.48433962264151,-1274.6399999999999"
"137535,App Push Notification,2024-04-07,Premium,App,3385,493,27,4849.52,3742.89,3.99,14.564254062038403,5.476673427991886,0.771806281858823,179.61185185185187,-1106.6300000000006"
"134790,Email Campaign,2024-04-07,All,Social Media,2066,165,27,4086.14,7750.12,2.51,7.986447241045498,16.363636363636363,1.8966848908750067,151.33851851851853,3663.98"
"955022,Referral Program,2024-04-07,All,App,9832,609,72,3547.41,7729.93,3.68,6.194060211554109,11.822660098522167,2.1790348451405395,49.26958333333333,4182.52"
"589887,New User Discount,2024-04-06,Premium,Sms,7911,196,93,3161.79,5291.11,2.51,2.477562887119201,47.44897959183674,1.6734539612055195,33.99774193548387,2129.3199999999997"
"533259,Weekend Special,2024-04-06,All,Social Media,3581,763,44,4729.09,9727.71,3.08,21.306897514660708,5.766710353866317,2.056994051709737,107.47931818181819,4998.619999999999"
"612895,Festival Offer,2024-04-06,All,Email,3650,413,74,1958.79,6726.12,2.61,11.315068493150685,17.91767554479419,3.433813731946763,26.470135135135134,4767.33"
"312305,Flash Sale,2024-04-06,New Users,Sms,7628,796,46,3483.54,4648.03,2.04,10.435238594651285,5.778894472361809,1.3342835161932975,75.7291304347826,1164.4899999999998"
"136787,Membership Drive,2024-04-06,New Users,Sms,4166,465,18,3962.9,4849.16,2.08,11.16178588574172,3.870967741935484,1.2236392540816068,220.16111111111113,886.2599999999998"
"209823,Category Promotion,2024-04-06,Inactive,Social Media,4001,486,70,4533.51,7492.06,3.77,12.146963259185203,14.40329218106996,1.6525958914836407,64.76442857142858,2958.55"
"696799,App Push Notification,2024-04-06,Premium,App,7898,237,50,1219.35,9493.29,3.3,3.0007596859964547,21.09704641350211,7.785533275925699,24.386999999999997,8273.94"
"860333,Email Campaign,2024-04-06,Premium,Social Media,7445,398,24,3145.0,9862.35,3.31,5.345869711215581,6.030150753768844,3.135882352941177,131.04166666666666,6717.35"
"834005,Referral Program,2024-04-06,New Users,Email,2046,927,50,2443.69,3535.34,3.41,45.30791788856305,5.393743257820928,1.4467219655520955,48.8738,1091.65"
"899996,New User Discount,2024-04-05,New Users,Social Media,9485,867,70,1912.12,8669.81,1.78,9.140748550342646,8.073817762399077,4.534134886931782,27.316,6757.69"
"27552,Weekend Special,2024-04-05,Premium,Email,9813,247,98,2585.08,7930.87,1.95,2.517069193926424,39.67611336032389,3.067939870332833,26.378367346938774,5345.79"
"861325,Festival Offer,2024-04-05,New Users,Sms,4256,830,13,1237.22,8994.03,3.87,19.50187969924812,1.566265060240964,7.269547857292964,95.17076923076924,7756.81"
"60737,Flash Sale,2024-04-05,All,App,6464,663,64,2382.59,5045.79,3.13,10.256806930693068,9.653092006033184,2.1177751942214145,37.22796875,2663.2"
"333454,Membership Drive,2024-04-05,All,Sms,2023,165,48,2565.72,5305.89,1.95,8.156203657933762,29.09090909090909,2.0679926102614474,53.45249999999999,2740.1700000000005"
"464900,Category Promotion,2024-04-05,All,Email,4353,369,99,1819.47,4778.97,2.61,8.476912474155755,26.82926829268293,2.6265725733317944,18.37848484848485,2959.5"
"794762,App Push Notification,2024-04-05,Inactive,Sms,8010,472,32,2231.01,7477.24,3.36,5.892634207240949,6.779661016949152,3.3515044755514314,69.7190625,5246.23"
"541891,Email Campaign,2024-04-05,All,App,4421,102,17,3748.53,9671.29,3.23,2.3071703234562317,16.666666666666664,2.580022035304506,220.50176470588235,5922.76"
"75143,Referral Program,2024-04-05,Premium,Sms,5406,539,37,1770.23,9639.69,3.65,9.97040325564188,6.8645640074211505,5.445444942182655,47.844054054054055,7869.460000000001"
"955916,New User Discount,2024-04-04,Premium,Social Media,9572,507,84,1203.73,7550.79,1.71,5.296698704554952,16.56804733727811,6.272826962857119,14.330119047619048,6347.0599999999995"
"16465,Weekend Special,2024-04-04,All,Sms,4012,638,50,4597.52,6344.82,1.99,15.902293120638086,7.836990595611286,1.3800527240773284,91.9504,1747.2999999999993"
"876921,Festival Offer,2024-04-04,Inactive,Social Media,9132,825,35,4947.34,9713.09,2.1,9.034165571616294,4.242424242424243,1.9632954274418173,141.35257142857142,4765.75"
"550740,Flash Sale,2024-04-04,New Users,Email,5781,960,65,4065.02,5566.58,3.18,16.60612350804359,6.770833333333333,1.3693856364790333,62.53876923076923,1501.56"
"486159,Membership Drive,2024-04-04,All,App,8942,658,66,4048.53,5065.57,3.57,7.358532766718855,10.030395136778116,1.2512121683672839,61.34136363636364,1017.0399999999995"
"499278,Category Promotion,2024-04-04,Inactive,Sms,4172,424,45,1212.57,8568.42,1.51,10.162991371045061,10.61320754716981,7.066330191246691,26.945999999999998,7355.85"
"422021,App Push Notification,2024-04-04,New Users,Email,7822,756,76,4910.53,9120.96,1.63,9.665047302480184,10.052910052910052,1.8574288315110588,64.61223684210526,4210.429999999999"
"705845,Email Campaign,2024-04-04,New Users,Sms,8817,110,32,1144.54,4206.95,1.99,1.2475898831802201,29.09090909090909,3.6756688276512834,35.766875,3062.41"
"385434,Referral Program,2024-04-04,New Users,Sms,9237,266,90,3779.96,6235.64,1.94,2.879722853740392,33.83458646616541,1.6496576683351147,41.99955555555555,2455.6800000000003"
"738308,New User Discount,2024-04-03,New Users,Social Media,9925,901,99,1248.5,5705.73,3.09,9.078085642317381,10.987791342952276,4.570068081698038,12.61111111111111,4457.23"
"92221,Weekend Special,2024-04-03,Inactive,Email,8972,640,92,1349.36,4183.07,3.93,7.133303611234954,14.374999999999998,3.1000400189719572,14.66695652173913,2833.71"
"391571,Festival Offer,2024-04-03,New Users,Social Media,1297,809,32,3562.59,3371.07,3.19,62.37471087124133,3.955500618046971,0.9462413581130582,111.3309375,-191.51999999999998"
"23436,Flash Sale,2024-04-03,Inactive,App,6051,681,29,4343.26,2970.99,3.33,11.254338125929598,4.258443465491924,0.6840460851986756,149.76758620689657,-1372.2700000000004"
"870977,Membership Drive,2024-04-03,Inactive,Social Media,5367,520,96,2238.53,7094.1,2.2,9.688839202534004,18.461538461538463,3.1690886429933927,23.318020833333335,4855.57"
"678701,Category Promotion,2024-04-03,Premium,Sms,5135,259,94,2016.82,7663.97,2.26,5.04381694255112,36.293436293436294,3.8000267748237326,21.455531914893616,5647.150000000001"
"366815,App Push Notification,2024-04-03,Premium,Email,1849,932,48,1603.23,2501.33,1.82,50.40562466197945,5.150214592274678,1.5601816333277196,33.400625,898.0999999999999"
"397676,Email Campaign,2024-04-03,Inactive,App,9474,980,12,4056.38,8935.6,1.68,10.344099641123075,1.2244897959183674,2.202850817724178,338.0316666666667,4879.22"
"336113,Referral Program,2024-04-03,New Users,App,1496,746,74,1486.49,9735.5,3.57,49.86631016042781,9.919571045576408,6.549320883423366,20.087702702702703,8249.01"
"615906,New User Discount,2024-04-02,Inactive,App,3358,868,22,3054.66,2341.67,1.73,25.8487194758785,2.5345622119815667,0.7665894076591176,138.8481818181818,-712.9899999999998"
"110083,Weekend Special,2024-04-02,All,Email,2599,434,96,1356.61,4632.28,2.98,16.69873028087726,22.119815668202765,3.4145996270114476,14.131354166666666,3275.67"
"513293,Festival Offer,2024-04-02,Inactive,Email,1097,782,76,4737.75,4077.31,2.01,71.28532360984504,9.718670076726342,0.8606004960160414,62.338815789473685,-660.44"
"691779,Flash Sale,2024-04-02,New Users,Email,4914,206,45,2554.32,7878.57,2.86,4.192104192104193,21.844660194174757,3.084409940806163,56.76266666666667,5324.25"
"811323,Membership Drive,2024-04-02,All,App,3228,841,10,3511.84,5095.48,3.85,26.053283767038415,1.1890606420927468,1.4509430953574194,351.184,1583.6399999999994"
"819722,Category Promotion,2024-04-02,Inactive,Email,6910,142,96,2289.85,2726.12,3.96,2.0549927641099854,67.6056338028169,1.1905233967290434,23.852604166666666,436.27"
"277194,App Push Notification,2024-04-02,Premium,Sms,3588,877,32,4670.88,8361.12,3.28,24.442586399108137,3.6488027366020526,1.7900524098242732,145.965,3690.2400000000007"
"881510,Email Campaign,2024-04-02,Premium,Sms,1722,461,55,4814.66,9892.36,2.46,26.771196283391408,11.930585683297181,2.0546331412810046,87.53927272727273,5077.700000000001"
"268310,Referral Program,2024-04-02,Inactive,Sms,7418,880,62,4582.89,6820.65,3.13,11.863035858722029,7.045454545454545,1.4882857760059698,73.9175806451613,2237.7599999999993"
"214474,New User Discount,2024-04-01,All,Email,2477,780,69,4311.04,6496.72,3.7,31.489705288655635,8.846153846153847,1.5069959916864608,62.478840579710145,2185.6800000000003"
"139591,Weekend Special,2024-04-01,Premium,Sms,2424,211,55,3123.32,4895.99,3.99,8.704620462046204,26.066350710900476,1.5675595199979508,56.787636363636366,1772.6699999999996"
"775189,Festival Offer,2024-04-01,All,Sms,6711,284,13,2779.99,2585.09,3.18,4.231858143346744,4.577464788732395,0.9298918341432885,213.8453846153846,-194.89999999999964"
"93783,Flash Sale,2024-04-01,All,Sms,1868,574,34,1958.7,8191.12,1.5,30.728051391862955,5.923344947735192,4.181916577321693,57.608823529411765,6232.42"
"558128,Membership Drive,2024-04-01,All,Email,4595,322,29,3952.09,2691.11,1.6,7.007616974972796,9.006211180124224,0.6809333795536033,136.27896551724137,-1260.98"
"971565,Category Promotion,2024-04-01,All,Email,1252,731,77,2608.76,9164.83,3.45,58.386581469648554,10.533515731874145,3.513098176911636,33.88,6556.07"
"85799,App Push Notification,2024-04-01,Inactive,App,4730,869,30,4878.43,8407.82,1.6,18.372093023255815,3.452243958573072,1.7234684109436846,162.61433333333335,3529.3899999999994"
"419331,Email Campaign,2024-04-01,Inactive,Email,5502,894,97,3347.33,6657.33,1.8,16.24863685932388,10.850111856823267,1.9888478279703525,34.508556701030926,3310.0"
"493997,Referral Program,2024-04-01,Premium,Social Media,8154,116,79,1874.29,7789.98,3.17,1.4226146676477802,68.10344827586206,4.156229825693996,23.725189873417722,5915.69"
"355295,New User Discount,2024-03-31,All,App,2937,852,89,3872.53,7741.22,3.52,29.009193054136873,10.44600938967136,1.9990084001931554,43.51157303370787,3868.69"
"46335,Weekend Special,2024-03-31,Premium,App,4376,118,88,2452.93,3756.15,3.59,2.696526508226691,74.57627118644068,1.5312911497678288,27.874204545454543,1303.2200000000003"
"831926,Festival Offer,2024-03-31,Inactive,Email,6489,966,16,4405.44,5865.16,3.96,14.886731391585762,1.6563146997929608,1.331344882690492,275.34,1459.7200000000003"
"548235,Flash Sale,2024-03-31,New Users,Sms,3845,362,33,3910.98,6008.41,2.09,9.4148244473342,9.116022099447514,1.536292693902807,118.51454545454546,2097.43"
"616611,Membership Drive,2024-03-31,All,Email,7664,764,85,2883.9,7410.05,2.68,9.968684759916492,11.12565445026178,2.569454558063733,33.92823529411765,4526.15"
"172828,Category Promotion,2024-03-31,Inactive,Email,8250,932,89,1849.9,7766.43,3.6,11.296969696969697,9.549356223175966,4.198297205254338,20.785393258426968,5916.530000000001"
"591365,App Push Notification,2024-03-31,Inactive,Social Media,9219,708,60,3166.69,4103.08,2.78,7.679791734461439,8.47457627118644,1.2956999264215947,52.77816666666667,936.3899999999999"
"1604,Email Campaign,2024-03-31,Premium,App,6379,502,89,3522.99,6315.41,3.53,7.86957203323405,17.729083665338646,1.7926278530452826,39.58415730337079,2792.42"
"481412,Referral Program,2024-03-31,Premium,App,8858,135,12,1032.94,8122.27,3.28,1.524046060058704,8.88888888888889,7.863254400061959,86.07833333333333,7089.33"
"918979,New User Discount,2024-03-30,All,Sms,6749,615,64,2142.89,6912.39,1.59,9.11246110534894,10.40650406504065,3.225732538767739,33.48265625,4769.5"
"975017,Weekend Special,2024-03-30,All,App,3734,221,62,3750.76,8216.2,2.78,5.918585966791644,28.054298642533936,2.190542716676087,60.49612903225807,4465.4400000000005"
"240482,Festival Offer,2024-03-30,All,Email,7488,773,20,3308.74,2197.59,2.82,10.32318376068376,2.58732212160414,0.6641773001202875,165.43699999999998,-1111.1499999999996"
"312796,Flash Sale,2024-03-30,Premium,Email,6977,413,73,1302.75,4966.35,2.08,5.919449620180593,17.675544794188863,3.812204951065055,17.845890410958905,3663.6000000000004"
"888861,Membership Drive,2024-03-30,Premium,Email,8539,997,73,1448.16,3747.96,1.89,11.6758402623258,7.3219658976930795,2.58808418959231,19.837808219178083,2299.8"
"207330,Category Promotion,2024-03-30,All,Email,7177,345,80,1291.92,8301.93,1.7,4.807022432771353,23.18840579710145,6.426040312093628,16.149,7010.01"
"837665,App Push Notification,2024-03-30,Premium,Social Media,8887,165,74,4383.41,8230.54,3.86,1.8566445369641047,44.84848484848485,1.8776568926931319,59.23527027027027,3847.130000000001"
"232119,Email Campaign,2024-03-30,Premium,Email,1699,666,25,3099.95,6431.8,3.24,39.199529134785166,3.7537537537537538,2.0748076581880355,123.99799999999999,3331.8500000000004"
"431898,Referral Program,2024-03-30,All,Email,1185,800,59,1789.62,3237.07,2.65,67.51054852320675,7.375,1.808802986108783,30.332542372881353,1447.4500000000003"
"540343,New User Discount,2024-03-29,New Users,Sms,3745,768,22,4035.3,6452.21,2.28,20.50734312416555,2.864583333333333,1.5989418382772036,183.4227272727273,2416.91"
"17641,Weekend Special,2024-03-29,New Users,Sms,8099,674,64,4597.61,5540.33,3.68,8.322015063588099,9.495548961424333,1.2050456650303092,71.83765625,942.7200000000003"
"629145,Festival Offer,2024-03-29,Premium,Email,5988,879,50,1284.69,7807.86,2.86,14.679358717434871,5.688282138794084,6.077621838731522,25.6938,6523.17"
"923842,Flash Sale,2024-03-29,Premium,App,7604,793,48,3017.08,4874.88,3.74,10.42872172540768,6.0529634300126105,1.6157609344134065,62.85583333333333,1857.8000000000002"
"262063,Membership Drive,2024-03-29,Inactive,Sms,7850,664,65,1152.04,2894.01,2.62,8.45859872611465,9.789156626506024,2.512074233533558,17.723692307692307,1741.9700000000003"
"506700,Category Promotion,2024-03-29,Inactive,Social Media,1789,653,15,4707.06,6662.8,3.4,36.500838457238686,2.2970903522205206,1.4154907734339481,313.80400000000003,1955.7399999999998"
"413373,App Push Notification,2024-03-29,Inactive,App,6929,268,82,1970.09,5730.36,3.74,3.867801991629384,30.597014925373134,2.908679298915278,24.025487804878047,3760.2699999999995"
"963433,Email Campaign,2024-03-29,Premium,Social Media,7464,734,57,2036.31,3866.16,2.74,9.833869239013932,7.7656675749318795,1.89861072233599,35.724736842105266,1829.85"
"849917,Referral Program,2024-03-29,All,App,8627,194,29,1822.32,5144.43,2.92,2.2487539121363165,14.948453608247423,2.82301132622152,62.83862068965517,3322.1100000000006"
"111010,New User Discount,2024-03-28,New Users,Sms,5893,262,80,3923.61,6947.31,3.23,4.445952825386051,30.53435114503817,1.770642342128805,49.045125,3023.7000000000003"
"233488,Weekend Special,2024-03-28,Inactive,App,6198,152,26,1013.03,3583.59,1.96,2.452404001290739,17.105263157894736,3.537496421626211,38.96269230769231,2570.5600000000004"
"876984,Festival Offer,2024-03-28,New Users,App,7149,431,31,4194.82,4228.99,2.88,6.028815218911736,7.192575406032482,1.0081457607239406,135.31677419354838,34.17000000000007"
"300232,Flash Sale,2024-03-28,New Users,Email,9717,296,15,1078.82,9747.82,2.89,3.0462076772666458,5.0675675675675675,9.035631523331046,71.92133333333332,8669.0"
"985659,Membership Drive,2024-03-28,Inactive,Sms,9434,762,31,3524.13,9767.11,1.83,8.077167691329235,4.0682414698162725,2.7714953761637626,113.68161290322581,6242.9800000000005"
"842494,Category Promotion,2024-03-28,New Users,Social Media,9687,749,16,2233.04,9962.06,1.61,7.732011974811604,2.1361815754339117,4.461209830544907,139.565,7729.0199999999995"
"23162,App Push Notification,2024-03-28,Inactive,Social Media,1821,631,88,2508.33,7230.66,1.85,34.65129049972543,13.946117274167987,2.8826589802777147,28.50375,4722.33"
"394528,Email Campaign,2024-03-28,Premium,Social Media,7379,563,80,4417.7,9426.92,3.49,7.62976013009893,14.209591474245114,2.133897729587795,55.22125,5009.22"
"362901,Referral Program,2024-03-28,Inactive,App,4875,444,23,1196.79,4615.81,2.7,9.107692307692309,5.18018018018018,3.856825341120832,52.03434782608696,3419.0200000000004"
"328730,New User Discount,2024-03-27,All,Social Media,1193,482,55,1959.62,9576.12,1.75,40.40234702430847,11.410788381742739,4.886722936079445,35.62945454545454,7616.500000000001"
"171571,Weekend Special,2024-03-27,Premium,Sms,3972,699,62,3848.47,4772.15,2.66,17.598187311178247,8.869814020028613,1.2400122646142493,62.07209677419355,923.6799999999998"
"51281,Festival Offer,2024-03-27,New Users,Email,8387,732,92,4988.66,4619.99,1.99,8.727793012996305,12.568306010928962,0.9260983911511308,54.2245652173913,-368.6700000000001"
"57219,Flash Sale,2024-03-27,Premium,Email,9351,445,74,3158.94,8779.02,3.4,4.758849320928243,16.629213483146067,2.7791031168683165,42.68837837837838,5620.08"
"933572,Membership Drive,2024-03-27,New Users,Sms,5668,833,89,4846.54,3920.06,2.64,14.696541990119972,10.684273709483794,0.8088368196692899,54.45550561797753,-926.48"
"730069,Category Promotion,2024-03-27,All,Email,5941,799,20,3699.9,3821.61,2.26,13.448914324187847,2.5031289111389237,1.0328954836617206,184.995,121.71000000000004"
"662344,App Push Notification,2024-03-27,All,Sms,5036,388,73,1793.06,4621.48,2.19,7.704527402700556,18.814432989690722,2.5774262991757104,24.562465753424657,2828.4199999999996"
"36917,Email Campaign,2024-03-27,All,App,9733,246,44,1675.77,2682.32,3.72,2.5274838179389705,17.88617886178862,1.6006492537758763,38.08568181818182,1006.5500000000002"
"165491,Referral Program,2024-03-27,All,Social Media,7600,252,34,4675.36,5647.83,2.09,3.3157894736842106,13.492063492063492,1.2079989562301086,137.5105882352941,972.4700000000003"
"409294,New User Discount,2024-03-26,All,Social Media,8049,180,56,1652.06,6398.53,1.7,2.236302646291465,31.11111111111111,3.8730615110831326,29.50107142857143,4746.469999999999"
"26622,Weekend Special,2024-03-26,Inactive,Social Media,2245,819,88,3905.88,9876.04,1.62,36.481069042316264,10.744810744810746,2.5285057400636988,44.385,5970.160000000001"
"411777,Festival Offer,2024-03-26,All,Sms,5113,250,67,1410.51,5775.58,3.38,4.8894973596714255,26.8,4.094674975718003,21.052388059701492,4365.07"
"417415,Flash Sale,2024-03-26,New Users,Email,6483,502,24,1161.23,2350.27,3.38,7.743328705846059,4.780876494023905,2.0239487440042025,48.38458333333333,1189.04"
"830348,Membership Drive,2024-03-26,Inactive,Email,1442,398,61,4396.0,7176.23,2.18,27.600554785020805,15.326633165829145,1.6324454049135577,72.06557377049181,2780.2299999999996"
"550041,Category Promotion,2024-03-26,Inactive,App,8263,663,31,4539.81,8148.18,2.79,8.02372019847513,4.675716440422323,1.7948284179293845,146.44548387096776,3608.37"
"436035,App Push Notification,2024-03-26,All,App,3980,254,76,2640.97,6511.7,1.93,6.381909547738693,29.92125984251969,2.4656470917882447,34.74960526315789,3870.73"
"179518,Email Campaign,2024-03-26,Inactive,Sms,8918,116,28,4857.56,3563.92,2.67,1.3007400762502803,24.137931034482758,0.7336852246807039,173.48428571428573,-1293.6400000000003"
"915655,Referral Program,2024-03-26,Premium,Sms,6409,547,38,3593.8,9735.93,2.3,8.534872835075674,6.946983546617916,2.7090906561300017,94.57368421052632,6142.13"
"921820,New User Discount,2024-03-25,Inactive,Social Media,7959,208,56,3676.43,4008.43,1.79,2.613393642417389,26.923076923076923,1.0903049969671665,65.65053571428571,332.0"
"338641,Weekend Special,2024-03-25,All,Sms,1235,906,31,2206.57,2902.95,3.01,73.36032388663968,3.4216335540838854,1.3155938855327498,71.17967741935485,696.3799999999997"
"490836,Festival Offer,2024-03-25,Premium,Social Media,8648,844,39,4735.08,2710.45,3.17,9.759481961147086,4.62085308056872,0.5724190509980823,121.41230769230769,-2024.63"
"425282,Flash Sale,2024-03-25,Inactive,Sms,1120,399,32,1030.3,4298.01,3.13,35.625,8.020050125313283,4.171610210618267,32.196875,3267.71"
"283840,Membership Drive,2024-03-25,New Users,Social Media,5645,383,47,3391.22,2038.2,1.53,6.7847652790079716,12.27154046997389,0.6010226408195282,72.15361702127659,-1353.0199999999998"
"935100,Category Promotion,2024-03-25,New Users,Email,5720,403,80,4432.67,3579.21,3.79,7.045454545454545,19.851116625310176,0.8074614171594096,55.408375,-853.46"
"490580,App Push Notification,2024-03-25,Premium,App,8382,426,65,4561.83,3639.58,3.87,5.082319255547603,15.258215962441316,0.7978333256609738,70.182,-922.25"
"468081,Email Campaign,2024-03-25,New Users,Email,7219,470,40,1036.96,5590.68,2.38,6.510597035600499,8.51063829787234,5.391413362135473,25.924,4553.72"
"303217,Referral Program,2024-03-25,All,Sms,4058,425,16,4007.24,6718.79,1.63,10.473139477575161,3.7647058823529407,1.676662740439804,250.4525,2711.55"
"196863,New User Discount,2024-03-24,Premium,Email,4450,442,69,4336.01,2222.39,3.68,9.932584269662922,15.610859728506787,0.5125426371249143,62.84072463768116,-2113.6200000000003"
"776458,Weekend Special,2024-03-24,Inactive,App,1399,999,45,4826.6,7276.64,2.31,71.40814867762688,4.504504504504505,1.5076119835909336,107.25777777777779,2450.04"
"259144,Festival Offer,2024-03-24,Inactive,App,5555,187,96,3832.19,6495.92,3.12,3.3663366336633667,51.33689839572193,1.6950934061202603,39.918645833333336,2663.73"
"517328,Flash Sale,2024-03-24,Premium,Email,1424,367,45,2384.97,2171.8,1.83,25.77247191011236,12.26158038147139,0.9106194207893602,52.999333333333325,-213.16999999999962"
"73962,Membership Drive,2024-03-24,Premium,Email,5615,633,50,4676.65,2678.89,2.99,11.273374888691007,7.898894154818326,0.5728224263094309,93.53299999999999,-1997.7599999999998"
"294729,Category Promotion,2024-03-24,New Users,Sms,2026,476,65,4032.92,9828.4,2.12,23.49457058242843,13.655462184873949,2.4370431349989583,62.04492307692308,5795.48"
"495970,App Push Notification,2024-03-24,Inactive,Social Media,6868,845,32,3844.36,7566.56,3.92,12.303436225975538,3.7869822485207103,1.9682235794774683,120.13625,3722.2000000000003"
"507330,Email Campaign,2024-03-24,New Users,Sms,8744,588,48,1417.98,7441.58,3.94,6.724611161939616,8.16326530612245,5.248014781590713,29.54125,6023.6"
"576493,Referral Program,2024-03-24,New Users,Social Media,8042,930,67,4062.45,6111.86,1.83,11.564287490673962,7.204301075268817,1.5044763627860036,60.633582089552235,2049.41"
"558344,New User Discount,2024-03-23,Premium,Social Media,5575,158,35,3758.85,5741.52,3.61,2.834080717488789,22.151898734177212,1.5274671774611916,107.39571428571428,1982.6700000000005"
"26716,Weekend Special,2024-03-23,Inactive,Social Media,1632,668,83,2733.1,8441.65,2.59,40.931372549019606,12.425149700598801,3.088672203724708,32.9289156626506,5708.549999999999"
"582106,Festival Offer,2024-03-23,Inactive,Social Media,1533,339,73,1720.96,4321.16,1.73,22.113502935420744,21.533923303834808,2.510900892525102,23.574794520547947,2600.2"
"43680,Flash Sale,2024-03-23,New Users,Email,2410,953,98,1468.31,9219.99,3.91,39.54356846473029,10.283315844700944,6.279321124285744,14.982755102040816,7751.68"
"18616,Membership Drive,2024-03-23,Premium,Sms,5483,174,56,1713.38,4795.15,2.5,3.173445194236732,32.18390804597701,2.7986494531277355,30.59607142857143,3081.7699999999995"
"993106,Category Promotion,2024-03-23,New Users,Email,9844,119,100,4427.22,3238.31,3.21,1.2088581877285656,84.03361344537815,0.7314545019221994,44.272200000000005,-1188.9100000000003"
"147387,App Push Notification,2024-03-23,Premium,App,1508,653,73,3629.17,3447.31,2.46,43.30238726790451,11.179173047473201,0.949889368643519,49.71465753424658,-181.86000000000013"
"234282,Email Campaign,2024-03-23,New Users,Email,1512,686,51,2458.92,9792.05,3.94,45.370370370370374,7.434402332361516,3.982256437785694,48.21411764705883,7333.129999999999"
"177706,Referral Program,2024-03-23,All,Email,6742,558,68,1729.06,9872.92,2.47,8.276475823197863,12.186379928315413,5.709992712803489,25.42735294117647,8143.860000000001"
"65468,New User Discount,2024-03-22,New Users,Sms,6566,617,67,3180.92,4394.76,3.52,9.396893085592446,10.85899513776337,1.3816002917394967,47.476417910447765,1213.8400000000001"
"166794,Weekend Special,2024-03-22,All,App,4118,727,71,3802.91,2787.33,2.39,17.654201068479843,9.766162310866575,0.7329466119366486,53.56211267605634,-1015.5799999999999"
"629004,Festival Offer,2024-03-22,All,Social Media,6895,969,14,1032.29,2720.77,3.68,14.053662073966642,1.4447884416924663,2.635664396632729,73.735,1688.48"
"46863,Flash Sale,2024-03-22,All,Sms,6698,887,53,4771.62,6089.03,2.52,13.24275903254703,5.975197294250282,1.2760928154379434,90.03056603773585,1317.4099999999999"
"729324,Membership Drive,2024-03-22,All,Social Media,8498,509,28,1764.3,6930.76,1.77,5.989644622264062,5.50098231827112,3.9283341835288788,63.010714285714286,5166.46"
"170674,Category Promotion,2024-03-22,New Users,Social Media,7241,254,41,4224.48,2876.98,2.17,3.507802789669935,16.141732283464567,0.6810258303980609,103.0360975609756,-1347.4999999999995"
"752197,App Push Notification,2024-03-22,Premium,Email,2570,279,91,2777.74,9048.38,2.76,10.85603112840467,32.61648745519714,3.25746110147098,30.524615384615384,6270.639999999999"
"244348,Email Campaign,2024-03-22,All,Sms,1362,937,46,4380.99,9341.48,1.83,68.79588839941263,4.909284951974386,2.1322760380644556,95.23891304347826,4960.49"
"451804,Referral Program,2024-03-22,Premium,Social Media,8259,555,25,4768.81,8200.17,3.07,6.719941881583727,4.504504504504505,1.7195421918675726,190.75240000000002,3431.3599999999997"
"967975,New User Discount,2024-03-21,New Users,Sms,8668,486,73,4317.76,3415.1,2.01,5.606829718504845,15.020576131687244,0.7909425257540946,59.147397260273976,-902.6600000000003"
"731517,Weekend Special,2024-03-21,New Users,Social Media,5020,604,25,4799.5,7544.47,1.91,12.03187250996016,4.13907284768212,1.5719283258672778,191.98,2744.9700000000003"
"381919,Festival Offer,2024-03-21,Premium,Email,3502,329,70,2827.64,7409.71,2.39,9.394631639063393,21.27659574468085,2.6204573425188498,40.39485714285714,4582.07"
"243538,Flash Sale,2024-03-21,Inactive,Sms,7904,223,83,4769.06,3244.6,2.08,2.8213562753036436,37.219730941704036,0.68034371553304,57.458554216867476,-1524.4600000000005"
"914343,Membership Drive,2024-03-21,All,Email,2005,722,46,2094.66,7978.4,2.47,36.00997506234414,6.3711911357340725,3.808923643932667,45.536086956521736,5883.74"
"809322,Category Promotion,2024-03-21,Inactive,Social Media,4777,811,99,1196.88,7198.13,3.12,16.977182332007537,12.20715166461159,6.014078270169106,12.089696969696972,6001.25"
"182422,App Push Notification,2024-03-21,New Users,Email,2109,937,18,2351.5,8164.92,2.15,44.42863916548127,1.92102454642476,3.472217733361684,130.63888888888889,5813.42"
"571373,Email Campaign,2024-03-21,New Users,Email,2971,442,20,1289.51,2641.87,3.19,14.877145742174353,4.524886877828054,2.0487394436646476,64.4755,1352.36"
"632679,Referral Program,2024-03-21,New Users,Email,9931,560,77,3929.23,8476.79,2.69,5.638908468432182,13.750000000000002,2.1573667105259813,51.028961038961036,4547.560000000001"
"220016,New User Discount,2024-03-20,Premium,Sms,6215,617,83,3293.65,7007.84,2.65,9.927594529364441,13.452188006482983,2.1276820548631457,39.68253012048193,3714.19"
"304235,Weekend Special,2024-03-20,Inactive,Email,4087,464,87,3608.03,3746.11,2.65,11.353070712013702,18.75,1.038270191766698,41.4716091954023,138.07999999999993"
"495308,Festival Offer,2024-03-20,New Users,Email,3426,637,47,3865.72,7015.8,3.31,18.593111500291887,7.378335949764521,1.8148753660378922,82.24936170212766,3150.0800000000004"
"39894,Flash Sale,2024-03-20,Premium,Email,5559,987,80,3334.39,3608.22,2.62,17.754991905018887,8.105369807497468,1.0821229670194548,41.679874999999996,273.8299999999999"
"82548,Membership Drive,2024-03-20,Premium,Email,9360,846,42,4633.27,8996.5,2.19,9.038461538461538,4.964539007092199,1.9417171889399925,110.3159523809524,4363.23"
"959986,Category Promotion,2024-03-20,All,Email,9349,680,42,3953.12,9492.35,3.86,7.2735051877206125,6.176470588235294,2.4012299145991016,94.12190476190476,5539.2300000000005"
"171869,App Push Notification,2024-03-20,Inactive,Sms,9764,934,26,1118.46,9686.32,1.67,9.565751741089718,2.7837259100642395,8.66040806108399,43.01769230769231,8567.86"
"666701,Email Campaign,2024-03-20,Premium,Social Media,7128,767,30,3485.45,8650.34,2.45,10.760381593714927,3.911342894393742,2.4818430905621947,116.18166666666666,5164.89"
"622127,Referral Program,2024-03-20,New Users,Email,9195,904,33,4167.29,8796.73,3.78,9.831430125067971,3.650442477876106,2.1108994094483466,126.28151515151515,4629.44"
"374455,New User Discount,2024-03-19,Inactive,App,8771,503,33,3316.29,6152.35,2.91,5.7348078896363015,6.560636182902585,1.855190589484032,100.49363636363637,2836.0600000000004"
"752177,Weekend Special,2024-03-19,Inactive,Social Media,8640,913,18,1975.76,3535.63,3.15,10.56712962962963,1.9715224534501645,1.7895037858849254,109.76444444444445,1559.8700000000001"
"270761,Festival Offer,2024-03-19,New Users,Social Media,2626,355,44,4095.33,8028.15,3.9,13.518659558263519,12.394366197183098,1.9603182161144523,93.07568181818182,3932.8199999999997"
"486620,Flash Sale,2024-03-19,Premium,App,1522,956,90,4510.68,7902.93,2.83,62.81208935611038,9.414225941422593,1.7520484716273377,50.11866666666667,3392.25"
"539620,Membership Drive,2024-03-19,New Users,Email,8202,243,27,3321.52,7560.76,2.06,2.96269202633504,11.11111111111111,2.2762951901539057,123.01925925925926,4239.24"
"436295,Category Promotion,2024-03-19,New Users,App,1894,601,83,2611.81,4164.06,2.48,31.731784582893347,13.810316139767053,1.5943196480601578,31.467590361445783,1552.2500000000005"
"103601,App Push Notification,2024-03-19,New Users,Email,4920,549,85,4019.69,4253.31,3.39,11.158536585365853,15.482695810564662,1.0581189096671635,47.290470588235294,233.62000000000035"
"768487,Email Campaign,2024-03-19,All,Social Media,4674,673,26,2386.97,6244.16,2.23,14.398801882755668,3.863298662704309,2.6159356841518746,91.80653846153845,3857.19"
"481810,Referral Program,2024-03-19,All,App,9717,151,93,3297.1,4659.47,3.93,1.5539775650921066,61.58940397350994,1.4132025112978073,35.45268817204301,1362.3700000000003"
"904981,New User Discount,2024-03-18,All,App,8856,624,50,4809.1,7618.15,2.83,7.046070460704606,8.012820512820513,1.5841113721902225,96.182,2809.0499999999993"
"775865,Weekend Special,2024-03-18,New Users,Social Media,4799,215,35,4829.48,9478.46,2.54,4.480100020837675,16.27906976744186,1.9626253758168581,137.98514285714285,4648.98"
"943871,Festival Offer,2024-03-18,All,Social Media,3583,677,79,4930.41,6335.02,3.64,18.89478090985208,11.669128508124077,1.284887058074278,62.41025316455696,1404.6100000000006"
"575160,Flash Sale,2024-03-18,Premium,Social Media,1080,268,88,1166.62,9934.29,2.26,24.814814814814813,32.83582089552239,8.515446332139001,13.257045454545453,8767.670000000002"
"764055,Membership Drive,2024-03-18,Premium,App,9129,559,85,3853.18,2146.19,2.79,6.1233431920254136,15.20572450805009,0.5569918872204258,45.331529411764706,-1706.9899999999998"
"160497,Category Promotion,2024-03-18,Inactive,Social Media,6403,364,81,4086.05,5726.96,2.55,5.684835233484304,22.252747252747252,1.401588331028744,50.44506172839506,1640.9099999999999"
"518398,App Push Notification,2024-03-18,All,Social Media,2894,165,30,2701.94,2464.14,2.38,5.701451278507257,18.181818181818183,0.9119891633418951,90.06466666666667,-237.80000000000018"
"949672,Email Campaign,2024-03-18,All,Social Media,5638,224,47,4446.59,9028.29,3.01,3.9730400851365735,20.982142857142858,2.0303850816018567,94.60829787234043,4581.700000000001"
"748860,Referral Program,2024-03-18,Inactive,Sms,2000,250,70,3960.95,3973.5,1.95,12.5,28.000000000000004,1.0031684318155998,56.585,12.550000000000182"
"841363,New User Discount,2024-03-17,All,Sms,8690,229,81,3569.72,6958.56,3.52,2.635212888377445,35.37117903930131,1.949329359165425,44.07061728395062,3388.8400000000006"
"673065,Weekend Special,2024-03-17,Inactive,Sms,2244,558,73,3373.86,7705.63,3.75,24.86631016042781,13.082437275985665,2.283921087419158,46.217260273972606,4331.77"
"951796,Festival Offer,2024-03-17,Premium,Email,3869,842,54,4168.65,6522.81,3.21,21.762729387438615,6.413301662707839,1.5647295887157715,77.19722222222221,2354.1600000000008"
"664932,Flash Sale,2024-03-17,Inactive,Sms,9273,610,14,3069.41,3812.98,3.95,6.578237894963873,2.2950819672131146,1.242251768255137,219.2435714285714,743.5700000000002"
"157297,Membership Drive,2024-03-17,New Users,Email,7363,320,84,4658.28,2730.62,3.81,4.346054597310879,26.25,0.5861863176966606,55.45571428571428,-1927.6599999999999"
"164801,Category Promotion,2024-03-17,All,Sms,4767,787,45,2545.12,5262.99,2.43,16.509335011537654,5.717916137229987,2.0678749921418245,56.55822222222222,2717.87"
"313052,App Push Notification,2024-03-17,All,Email,6498,301,31,3609.64,5966.57,2.57,4.632194521391197,10.299003322259136,1.6529543112332532,116.44,2356.93"
"571580,Email Campaign,2024-03-17,All,Social Media,5169,586,55,3175.83,7319.27,3.02,11.336815631650223,9.385665529010238,2.3046794066433027,57.742363636363635,4143.4400000000005"
"873529,Referral Program,2024-03-17,Inactive,Social Media,2208,758,19,4888.46,4754.87,2.2,34.32971014492754,2.5065963060686016,0.972672375349292,257.28736842105263,-133.59000000000015"
"579876,New User Discount,2024-03-16,Inactive,App,1138,446,56,1319.59,3569.7,3.86,39.19156414762742,12.556053811659194,2.7051584204184635,23.564107142857143,2250.1099999999997"
"510307,Weekend Special,2024-03-16,Premium,App,5731,423,61,1716.16,4228.37,1.75,7.3809108358052695,14.420803782505912,2.463855351482379,28.13377049180328,2512.21"
"591422,Festival Offer,2024-03-16,All,Social Media,1235,895,92,3485.59,5891.55,1.62,72.46963562753037,10.279329608938548,1.6902590379247129,37.88684782608696,2405.96"
"270543,Flash Sale,2024-03-16,All,App,5933,144,86,2996.43,9355.24,1.57,2.42710264621608,59.72222222222222,3.1221286664464047,34.84220930232558,6358.8099999999995"
"746538,Membership Drive,2024-03-16,Inactive,Email,7185,822,13,2230.63,6235.43,3.26,11.440501043841337,1.5815085158150852,2.795367228092512,171.58692307692309,4004.8"
"44489,Category Promotion,2024-03-16,All,Sms,6667,138,78,1790.29,8926.84,2.03,2.069896505174741,56.52173913043478,4.986253623714594,22.952435897435898,7136.55"
"745972,App Push Notification,2024-03-16,New Users,App,7777,664,35,2471.22,7683.54,3.51,8.537996656808538,5.271084337349398,3.109209216500352,70.6062857142857,5212.32"
"641544,Email Campaign,2024-03-16,All,Social Media,2446,764,41,2355.08,8951.39,2.05,31.234668847097304,5.366492146596859,3.800885744857924,57.440975609756094,6596.3099999999995"
"599023,Referral Program,2024-03-16,Premium,Email,6355,151,66,2002.28,2814.77,2.03,2.3760818253343823,43.70860927152318,1.4057824080548176,30.337575757575756,812.49"
"850144,New User Discount,2024-03-15,All,App,1741,654,53,2732.94,3525.89,1.84,37.564618035611716,8.103975535168196,1.2901454111689243,51.56490566037736,792.9499999999998"
"550961,Weekend Special,2024-03-15,All,Email,9666,232,94,2945.26,4051.92,2.73,2.400165528657149,40.51724137931034,1.3757427188092053,31.332553191489364,1106.6599999999999"
"817297,Festival Offer,2024-03-15,All,App,8577,997,80,4836.63,2881.32,1.65,11.624110994520228,8.02407221664995,0.5957288442572618,60.457875,-1955.31"
"42413,Flash Sale,2024-03-15,Premium,App,4998,512,42,4436.58,3213.25,2.64,10.244097639055623,8.203125,0.7242628330831407,105.63285714285715,-1223.33"
"348048,Membership Drive,2024-03-15,All,App,9515,585,37,3637.61,2319.59,3.06,6.148187073042564,6.3247863247863245,0.6376686890568258,98.31378378378379,-1318.02"
"2160,Category Promotion,2024-03-15,Premium,App,1020,679,50,3036.79,2364.06,3.75,66.56862745098039,7.363770250368189,0.7784733221592537,60.7358,-672.73"
"748154,App Push Notification,2024-03-15,New Users,Sms,2935,337,50,4319.2,8080.02,2.69,11.482112436115843,14.836795252225517,1.870721429894425,86.384,3760.8200000000006"
"829478,Email Campaign,2024-03-15,All,Social Media,8535,260,100,2000.22,4218.16,3.31,3.046280023432923,38.46153846153847,2.108848026717061,20.002200000000002,2217.9399999999996"
"807552,Referral Program,2024-03-15,Premium,Social Media,4678,464,88,4022.87,4534.37,1.76,9.918768704574605,18.96551724137931,1.1271480311320028,45.714431818181815,511.5"
"849840,New User Discount,2024-03-14,Premium,App,9956,522,19,2187.45,4806.09,1.76,5.243069505825633,3.6398467432950192,2.1971199341699243,115.12894736842104,2618.6400000000003"
"204027,Weekend Special,2024-03-14,New Users,Sms,2715,568,89,4657.15,3768.93,3.22,20.920810313075506,15.669014084507044,0.8092782066285175,52.327528089887636,-888.2199999999998"
"866260,Festival Offer,2024-03-14,New Users,Social Media,6688,101,40,4601.1,7895.09,2.0,1.5101674641148326,39.603960396039604,1.715913585881637,115.0275,3293.99"
"135884,Flash Sale,2024-03-14,All,App,9855,565,60,2749.42,3199.97,2.28,5.733130390664637,10.619469026548673,1.163870925504288,45.82366666666667,450.5499999999997"
"561147,Membership Drive,2024-03-14,Premium,Sms,8400,346,56,4874.31,9677.5,3.89,4.119047619047619,16.184971098265898,1.9854092168942885,87.04125,4803.19"
"867075,Category Promotion,2024-03-14,Inactive,Email,2543,818,65,4015.45,5083.81,2.81,32.16673220605584,7.946210268948656,1.2660623342340211,61.776153846153846,1068.3600000000006"
"267540,App Push Notification,2024-03-14,All,Email,1295,859,76,1451.85,4795.73,3.54,66.33204633204633,8.847497089639116,3.3031855907979475,19.10328947368421,3343.8799999999997"
"313369,Email Campaign,2024-03-14,New Users,Social Media,3923,720,46,2959.96,3220.59,2.49,18.35330104511853,6.388888888888888,1.088051865565751,64.34695652173913,260.6300000000001"
"236134,Referral Program,2024-03-14,New Users,App,4718,177,79,2369.8,3029.96,2.48,3.7515896566341667,44.632768361581924,1.2785720313950544,29.99746835443038,660.1599999999999"
"916532,New User Discount,2024-03-13,All,Social Media,6082,267,83,3480.71,8641.83,2.34,4.390003288391976,31.086142322097377,2.482777938983713,41.93626506024096,5161.12"
"894145,Weekend Special,2024-03-13,Inactive,App,7301,340,68,4052.07,5530.66,2.28,4.656896315573209,20.0,1.364897447477462,59.58926470588236,1478.5899999999997"
"77413,Festival Offer,2024-03-13,New Users,Sms,1435,247,72,3257.92,6781.99,3.68,17.212543554006967,29.1497975708502,2.0816932275807876,45.24888888888889,3524.0699999999997"
"512576,Flash Sale,2024-03-13,All,Email,5832,685,13,1719.06,6200.13,1.79,11.74554183813443,1.897810218978102,3.6066978464975046,132.23538461538462,4481.07"
"12188,Membership Drive,2024-03-13,All,Email,3946,823,97,1367.61,2995.36,2.62,20.85656360871769,11.7861482381531,2.1902150466872867,14.099072164948453,1627.7500000000002"
"565330,Category Promotion,2024-03-13,All,Social Media,6899,423,34,4207.54,3852.69,1.93,6.131323380200029,8.037825059101655,0.9156633092020515,123.75117647058823,-354.8499999999999"
"662758,App Push Notification,2024-03-13,Premium,Email,1525,995,39,4490.35,3136.61,1.94,65.24590163934427,3.919597989949749,0.6985223868963444,115.1371794871795,-1353.7400000000002"
"424253,Email Campaign,2024-03-13,New Users,Email,4749,496,97,4375.28,5372.09,2.09,10.444304064013476,19.556451612903224,1.2278277047411823,45.1059793814433,996.8100000000004"
"448004,Referral Program,2024-03-13,Premium,Email,2159,382,75,2388.84,2231.23,1.61,17.693376563223715,19.63350785340314,0.9340223706903769,31.851200000000002,-157.61000000000013"
"937487,New User Discount,2024-03-12,Premium,Social Media,5363,580,78,3129.09,7697.48,3.79,10.814842438933432,13.448275862068964,2.4599739860470615,40.11653846153846,4568.389999999999"
"417513,Weekend Special,2024-03-12,Premium,App,8111,718,22,3046.05,4911.12,2.67,8.852176057206263,3.064066852367688,1.6122913281134583,138.4568181818182,1865.0699999999997"
"324114,Festival Offer,2024-03-12,New Users,Sms,9634,972,40,1902.96,9042.31,1.59,10.089267178741954,4.11522633744856,4.7517078656408955,47.574,7139.349999999999"
"673536,Flash Sale,2024-03-12,Inactive,Sms,6997,939,67,1368.64,2353.05,2.59,13.420037158782335,7.135250266240682,1.7192614566284778,20.427462686567164,984.4100000000001"
"12695,Membership Drive,2024-03-12,New Users,Email,2355,127,40,3706.77,3900.23,3.58,5.392781316348196,31.496062992125985,1.0521909910784861,92.66925,193.46000000000004"
"827353,Category Promotion,2024-03-12,Premium,Social Media,9405,597,83,3808.29,5823.49,1.59,6.34768740031898,13.90284757118928,1.5291613821426413,45.88301204819277,2015.1999999999998"
"317173,App Push Notification,2024-03-12,Inactive,Email,3476,990,88,1234.44,6061.31,2.16,28.48101265822785,8.88888888888889,4.910169793590616,14.027727272727274,4826.870000000001"
"841238,Email Campaign,2024-03-12,All,Email,2261,792,12,3941.71,7485.64,3.35,35.02874834144184,1.5151515151515151,1.8990844075287123,328.47583333333336,3543.9300000000003"
"351472,Referral Program,2024-03-12,Inactive,Sms,4437,231,49,4390.95,2272.89,1.77,5.206220419202164,21.21212121212121,0.5176305810815427,89.61122448979592,-2118.06"
"794791,New User Discount,2024-03-11,All,Email,4447,188,100,2819.8,6868.98,3.94,4.227569147740049,53.191489361702125,2.435981275267749,28.198,4049.1799999999994"
"422123,Weekend Special,2024-03-11,Inactive,Email,9610,122,66,2737.36,9434.29,2.27,1.2695109261186266,54.09836065573771,3.446492240699068,41.475151515151516,6696.93"
"114729,Festival Offer,2024-03-11,All,App,6866,632,78,1635.02,3510.0,3.83,9.204777162831343,12.341772151898734,2.1467627307311226,20.961794871794872,1874.98"
"526159,Flash Sale,2024-03-11,Inactive,Email,7023,241,79,3837.53,7509.16,2.15,3.431581945037733,32.780082987551864,1.9567690676033802,48.576329113924054,3671.6299999999997"
"231907,Membership Drive,2024-03-11,Inactive,Sms,3545,841,23,2402.72,3252.91,3.91,23.72355430183357,2.7348394768133173,1.3538448092162216,104.46608695652174,850.19"
"705620,Category Promotion,2024-03-11,Premium,App,3451,288,47,3988.62,4172.21,2.28,8.345407128368588,16.319444444444446,1.0460284509429327,84.86425531914894,183.59000000000015"
"145252,App Push Notification,2024-03-11,New Users,App,1243,150,93,2712.62,9106.36,3.65,12.067578439259854,62.0,3.35703489615206,29.167956989247312,6393.740000000001"
"490363,Email Campaign,2024-03-11,New Users,App,9379,677,47,3070.48,2785.88,1.99,7.2182535451540675,6.942392909896602,0.9073109090435372,65.32936170212766,-284.5999999999999"
"683689,Referral Program,2024-03-11,New Users,App,4751,576,53,2824.48,6219.47,2.49,12.12376341822774,9.20138888888889,2.201987622500425,53.29207547169811,3394.9900000000002"
"200252,New User Discount,2024-03-10,New Users,Sms,5646,155,60,3885.79,8206.45,2.35,2.745306411618845,38.70967741935484,2.1119128928737787,64.76316666666666,4320.660000000001"
"3150,Weekend Special,2024-03-10,Inactive,Sms,5161,567,59,4543.32,6666.36,3.53,10.986242976167409,10.405643738977071,1.4672882385568262,77.00542372881355,2123.04"
"712731,Festival Offer,2024-03-10,New Users,Sms,2605,102,44,4049.95,5521.79,3.99,3.9155470249520152,43.13725490196079,1.3634217706391438,92.04431818181818,1471.8400000000001"
"307151,Flash Sale,2024-03-10,Premium,Social Media,1057,325,31,1154.77,6488.55,2.34,30.747398297067168,9.538461538461538,5.618911125159123,37.25064516129032,5333.780000000001"
"516987,Membership Drive,2024-03-10,Premium,Email,5226,164,30,1382.59,2452.79,1.62,3.138155376961347,18.29268292682927,1.7740544919318093,46.08633333333333,1070.2"
"868614,Category Promotion,2024-03-10,Inactive,Email,3592,399,73,3158.22,5524.82,3.04,11.108017817371937,18.295739348370926,1.7493461506798134,43.263287671232874,2366.6"
"165974,App Push Notification,2024-03-10,Inactive,App,1717,236,63,1465.3,5645.18,2.42,13.74490390215492,26.69491525423729,3.85257626424623,23.25873015873016,4179.88"
"39018,Email Campaign,2024-03-10,Premium,Social Media,1647,760,10,4785.12,9106.99,3.03,46.1445051608986,1.3157894736842104,1.9031894706924801,478.512,4321.87"
"956088,Referral Program,2024-03-10,All,Email,7724,146,41,1227.5,5103.58,2.27,1.8902123252200933,28.08219178082192,4.157702647657841,29.9390243902439,3876.08"
"525361,New User Discount,2024-03-09,Inactive,Email,9436,799,57,4872.77,7498.33,1.52,8.467571004662993,7.133917396745932,1.5388228871873697,85.48719298245615,2625.5599999999995"
"486379,Weekend Special,2024-03-09,Inactive,Sms,4771,786,52,4744.12,2079.61,3.04,16.474533640746174,6.615776081424936,0.4383552692596309,91.23307692307692,-2664.5099999999998"
"157257,Festival Offer,2024-03-09,All,Email,7755,820,13,4293.32,8973.84,1.58,10.573823339780787,1.5853658536585367,2.0901866154863837,330.25538461538457,4680.52"
"743218,Flash Sale,2024-03-09,Premium,App,9791,943,89,4234.28,4946.05,2.88,9.631294045552037,9.43796394485684,1.1680970554616135,47.5761797752809,711.7700000000004"
"275662,Membership Drive,2024-03-09,Premium,Sms,8994,103,69,2021.37,5701.5,2.82,1.1452079163887037,66.99029126213593,2.820611763309043,29.295217391304345,3680.13"
"591744,Category Promotion,2024-03-09,All,App,9048,235,80,4637.6,2165.87,2.75,2.5972590627763044,34.04255319148936,0.46702389166810415,57.970000000000006,-2471.7300000000005"
"573637,App Push Notification,2024-03-09,Premium,Sms,9112,571,44,2846.82,5104.19,3.49,6.2664618086040385,7.705779334500876,1.7929444081466335,64.70045454545455,2257.3699999999994"
"798031,Email Campaign,2024-03-09,All,Sms,2569,487,98,1847.17,8706.56,3.86,18.956792526274814,20.123203285420946,4.7134589669602684,18.848673469387755,6859.389999999999"
"532617,Referral Program,2024-03-09,Premium,Social Media,4456,958,41,4045.24,9905.61,3.79,21.499102333931777,4.2797494780793315,2.4487076168533886,98.66439024390243,5860.370000000001"
"843128,New User Discount,2024-03-08,New Users,App,4696,503,25,3143.04,2285.83,3.33,10.711243611584328,4.970178926441352,0.7272672317246996,125.7216,-857.21"
"247519,Weekend Special,2024-03-08,Inactive,Email,9068,402,60,3073.38,5849.12,2.98,4.43317159241288,14.925373134328357,1.9031554835392954,51.223,2775.74"
"259725,Festival Offer,2024-03-08,New Users,Social Media,4488,931,71,2935.19,9276.91,1.68,20.744206773618536,7.626208378088077,3.160582449517748,41.34070422535211,6341.719999999999"
"214821,Flash Sale,2024-03-08,Inactive,Sms,9891,1000,13,1473.14,8473.82,3.23,10.110201193003741,1.3,5.752216354182222,113.31846153846155,7000.679999999999"
"613617,Membership Drive,2024-03-08,Premium,Social Media,7542,770,26,3375.29,9514.86,3.33,10.20949350304959,3.3766233766233764,2.8189755546930786,129.81884615384615,6139.570000000001"
"741704,Category Promotion,2024-03-08,New Users,Email,5323,636,69,3436.98,3699.66,3.3,11.948149539733233,10.849056603773585,1.0764275614056527,49.81130434782609,262.67999999999984"
"441650,App Push Notification,2024-03-08,All,Sms,7467,408,94,2408.69,2629.15,3.71,5.464041783848935,23.03921568627451,1.0915269295758276,25.62436170212766,220.46000000000004"
"92354,Email Campaign,2024-03-08,New Users,Email,7327,695,45,4550.85,3360.15,1.9,9.485464719530503,6.474820143884892,0.7383565707505191,101.13000000000001,-1190.7000000000003"
"503333,Referral Program,2024-03-08,All,Email,4604,439,19,3350.09,9910.92,3.96,9.535186794092095,4.328018223234624,2.9584041025763486,176.3205263157895,6560.83"
"813630,New User Discount,2024-03-07,New Users,App,3192,243,35,4696.13,3620.02,2.34,7.612781954887218,14.40329218106996,0.7708517438827289,134.17514285714287,-1076.1100000000001"
"174070,Weekend Special,2024-03-07,New Users,Social Media,9580,573,72,4307.3,9512.07,2.68,5.981210855949896,12.56544502617801,2.2083602256634083,59.82361111111111,5204.7699999999995"
"449624,Festival Offer,2024-03-07,Inactive,App,5643,341,72,2692.79,6083.63,2.6,6.042884990253411,21.114369501466275,2.259229275212698,37.39986111111111,3390.84"
"578745,Flash Sale,2024-03-07,Premium,Sms,7538,325,63,4894.66,8779.62,2.93,4.31148845847705,19.384615384615383,1.793713965832152,77.69301587301587,3884.960000000001"
"365015,Membership Drive,2024-03-07,Premium,Email,3691,656,25,1017.87,9009.81,3.16,17.772961257111895,3.8109756097560976,8.851631347814553,40.7148,7991.94"
"436730,Category Promotion,2024-03-07,New Users,App,5026,805,44,1213.33,4361.29,2.28,16.016713091922004,5.46583850931677,3.594479655163888,27.575681818181817,3147.96"
"744662,App Push Notification,2024-03-07,Premium,App,7509,430,29,4546.24,6419.55,3.44,5.726461579438008,6.744186046511628,1.4120569965509961,156.76689655172413,1873.3100000000004"
"837486,Email Campaign,2024-03-07,Premium,Social Media,6704,329,43,2124.88,8993.65,2.57,4.907517899761336,13.069908814589665,4.232544896652987,49.415813953488374,6868.7699999999995"
"974253,Referral Program,2024-03-07,Inactive,Email,7239,753,55,2507.52,7716.18,3.14,10.401989225031082,7.3041168658698545,3.0772157350689127,45.591272727272724,5208.66"
"777445,New User Discount,2024-03-06,New Users,Social Media,7544,857,26,1173.06,9523.47,3.45,11.360021208907742,3.0338389731621938,8.118484987980155,45.11769230769231,8350.41"
"119836,Weekend Special,2024-03-06,Premium,Email,7945,840,88,4335.85,2977.36,3.91,10.572687224669604,10.476190476190476,0.6866842718267467,49.27102272727273,-1358.4900000000002"
"513196,Festival Offer,2024-03-06,All,Sms,7723,570,91,1327.46,3243.37,3.95,7.380551599119513,15.964912280701753,2.4432901933014928,14.587472527472528,1915.9099999999999"
"131818,Flash Sale,2024-03-06,New Users,App,4591,501,28,3228.33,7505.28,1.77,10.912655194946634,5.588822355289421,2.3248180948044346,115.2975,4276.95"
"758065,Membership Drive,2024-03-06,New Users,App,5597,625,77,1784.61,6829.9,3.38,11.166696444523852,12.32,3.8271106852477574,23.176753246753247,5045.29"
"545625,Category Promotion,2024-03-06,Inactive,Social Media,8917,405,25,3876.64,6615.64,2.13,4.541886284624874,6.172839506172839,1.706539683849932,155.0656,2739.0000000000005"
"654713,App Push Notification,2024-03-06,Premium,App,7788,345,20,4935.87,3271.1,2.02,4.429892141756548,5.797101449275362,0.6627200473270163,246.7935,-1664.77"
"212002,Email Campaign,2024-03-06,Inactive,App,1410,614,69,1543.53,2013.97,2.01,43.54609929078014,11.237785016286644,1.3047818960434847,22.37,470.44000000000005"
"771929,Referral Program,2024-03-06,All,Social Media,9125,612,42,3523.93,8209.9,1.61,6.706849315068493,6.862745098039216,2.3297568339893244,83.90309523809523,4685.969999999999"
"734593,New User Discount,2024-03-05,Premium,App,1039,543,40,3280.08,5679.3,3.42,52.26179018286814,7.366482504604052,1.7314516719104414,82.002,2399.2200000000003"
"592600,Weekend Special,2024-03-05,New Users,Social Media,2823,741,68,2073.59,7566.97,2.27,26.24867162592986,9.176788124156547,3.649212235784316,30.493970588235296,5493.38"
"426480,Festival Offer,2024-03-05,New Users,Sms,6554,735,46,4317.33,5962.84,1.95,11.214525480622521,6.258503401360545,1.3811406586941466,93.855,1645.5100000000002"
"765291,Flash Sale,2024-03-05,All,App,9078,721,34,3515.24,6387.18,2.75,7.942278034809429,4.715672676837725,1.816996848010378,103.38941176470587,2871.9400000000005"
"378958,Membership Drive,2024-03-05,All,Social Media,4572,339,64,2584.31,9137.6,3.5,7.414698162729659,18.87905604719764,3.5357987238373108,40.37984375,6553.290000000001"
"841308,Category Promotion,2024-03-05,Premium,Sms,7955,727,19,4683.69,4171.4,2.19,9.138906348208673,2.613480055020633,0.8906225646872444,246.51,-512.29"
"274702,App Push Notification,2024-03-05,Premium,Email,8415,894,17,4450.57,9045.85,2.09,10.623885918003564,1.901565995525727,2.03251493628906,261.7982352941176,4595.280000000001"
"652615,Email Campaign,2024-03-05,Inactive,Email,1061,234,47,2219.8,9557.58,2.68,22.054665409990577,20.085470085470085,4.305604108478241,47.229787234042554,7337.78"
"154480,Referral Program,2024-03-05,All,App,2578,991,54,4010.7,7047.85,2.9,38.440651667959656,5.449041372351161,1.757261824619144,74.27222222222223,3037.1500000000005"
"69760,New User Discount,2024-03-04,New Users,Sms,3537,131,91,1202.8,9377.14,3.68,3.7037037037037033,69.46564885496184,7.796092450947788,13.217582417582417,8174.339999999999"
"599016,Weekend Special,2024-03-04,Inactive,App,6517,886,44,3796.38,7523.7,1.8,13.595212521098665,4.966139954853273,1.981808986455518,86.28136363636364,3727.3199999999997"
"402445,Festival Offer,2024-03-04,Inactive,Social Media,2915,622,11,4990.92,4719.56,3.34,21.337907375643226,1.7684887459807075,0.945629262741138,453.72,-271.3599999999997"
"959105,Flash Sale,2024-03-04,All,Email,5885,919,24,1604.55,9654.92,4.0,15.615972812234494,2.6115342763873777,6.017213548970116,66.85625,8050.37"
"943988,Membership Drive,2024-03-04,All,Email,6879,451,70,4419.69,8218.24,1.96,6.556185492077336,15.521064301552107,1.8594607314087641,63.13842857142856,3798.55"
"484945,Category Promotion,2024-03-04,New Users,Email,3199,585,86,1137.8,9165.48,2.73,18.286964676461395,14.700854700854702,8.055440323431183,13.230232558139534,8027.679999999999"
"658832,App Push Notification,2024-03-04,Premium,Social Media,3891,710,42,1120.78,8629.15,3.13,18.247237214083782,5.915492957746479,7.699236246185692,26.685238095238095,7508.37"
"797519,Email Campaign,2024-03-04,Inactive,App,6790,236,76,2300.24,9153.69,3.67,3.475699558173785,32.20338983050847,3.979449970437868,30.26631578947368,6853.450000000001"
"494260,Referral Program,2024-03-04,All,App,8222,586,20,4828.36,3839.77,2.82,7.127219654585259,3.4129692832764507,0.7952534608024258,241.41799999999998,-988.5899999999997"
"129510,New User Discount,2024-03-03,All,Social Media,9020,143,33,4428.7,5900.99,3.84,1.5853658536585367,23.076923076923077,1.3324429290762527,134.2030303030303,1472.29"
"202249,Weekend Special,2024-03-03,Premium,Social Media,2264,595,19,3156.38,8638.2,2.27,26.280918727915193,3.1932773109243695,2.73674272426007,166.12526315789475,5481.820000000001"
"486644,Festival Offer,2024-03-03,Inactive,Social Media,5925,579,64,3978.39,8774.49,2.35,9.772151898734178,11.053540587219343,2.205537918605265,62.16234375,4796.1"
"950792,Flash Sale,2024-03-03,Inactive,Social Media,1679,971,50,4424.73,3629.33,3.11,57.832042882668254,5.149330587023687,0.8202376190185616,88.49459999999999,-795.3999999999996"
"792259,Membership Drive,2024-03-03,Premium,Social Media,3834,220,63,1256.57,4471.89,3.11,5.738132498695879,28.636363636363637,3.558806910876434,19.945555555555554,3215.3200000000006"
"822275,Category Promotion,2024-03-03,Premium,Sms,3635,884,55,4499.89,8043.1,3.83,24.319119669876205,6.221719457013575,1.787399247537162,81.81618181818182,3543.21"
"10502,App Push Notification,2024-03-03,New Users,Email,2115,449,75,3543.62,9807.18,2.04,21.22931442080378,16.70378619153675,2.7675597270587704,47.248266666666666,6263.56"
"36422,Email Campaign,2024-03-03,New Users,App,7580,819,98,3602.13,2330.65,3.06,10.804749340369394,11.965811965811966,0.6470199576361764,36.75642857142857,-1271.48"
"708738,Referral Program,2024-03-03,Premium,Email,1232,376,59,1791.35,2274.25,2.67,30.519480519480517,15.691489361702127,1.2695732268959166,30.36186440677966,482.9000000000001"
"79393,New User Discount,2024-03-02,Inactive,Email,4653,192,100,4915.55,7798.99,2.47,4.126370083816893,52.083333333333336,1.586595599678571,49.1555,2883.4399999999996"
"251911,Weekend Special,2024-03-02,New Users,App,6717,954,76,1225.46,8219.73,2.49,14.202769093345244,7.966457023060797,6.707464951936415,16.12447368421053,6994.2699999999995"
"650301,Festival Offer,2024-03-02,Inactive,App,7959,803,19,3832.65,3341.81,1.63,10.089207186832516,2.3661270236612704,0.8719319530872894,201.71842105263158,-490.84000000000015"
"514372,Flash Sale,2024-03-02,Inactive,Email,6818,499,15,3581.64,3353.6,3.62,7.318861836315635,3.006012024048096,0.9363308428541115,238.77599999999998,-228.03999999999996"
"787538,Membership Drive,2024-03-02,Inactive,Sms,4434,944,85,3861.63,6044.9,2.53,21.290031574199368,9.004237288135593,1.5653752430968269,45.43094117647059,2183.2699999999995"
"742672,Category Promotion,2024-03-02,All,Email,2863,566,15,4193.66,2317.1,3.31,19.76947258120852,2.65017667844523,0.5525245251164853,279.57733333333334,-1876.56"
"39447,App Push Notification,2024-03-02,Premium,Sms,2090,841,38,2510.46,6998.9,1.92,40.239234449760765,4.5184304399524375,2.787895445456211,66.06473684210526,4488.44"
"983532,Email Campaign,2024-03-02,Premium,Social Media,5275,742,10,1803.24,8282.53,1.78,14.066350710900474,1.3477088948787064,4.593137907322376,180.324,6479.290000000001"
"833829,Referral Program,2024-03-02,New Users,Email,3668,741,30,4906.12,2838.45,3.85,20.201744820065432,4.048582995951417,0.578552909427409,163.53733333333332,-2067.67"
"754576,New User Discount,2024-03-01,New Users,App,4561,133,92,3405.29,7165.56,3.4,2.9160271870203904,69.17293233082707,2.104243691433035,37.014021739130435,3760.2700000000004"
"102659,Weekend Special,2024-03-01,Inactive,Email,6076,114,63,2480.67,5174.57,2.58,1.8762343647136273,55.26315789473685,2.085956616559236,39.37571428571429,2693.8999999999996"
"752510,Festival Offer,2024-03-01,Inactive,Email,4707,968,11,1150.33,8096.02,3.16,20.565115785001062,1.1363636363636365,7.037997791937967,104.57545454545453,6945.6900000000005"
"43642,Flash Sale,2024-03-01,Inactive,Social Media,1500,570,56,3318.46,5605.21,1.5,38.0,9.824561403508772,1.6890997631431448,59.25821428571429,2286.75"
"608586,Membership Drive,2024-03-01,Inactive,App,8770,365,48,2432.4,9561.27,2.9,4.161915621436716,13.150684931506849,3.930796743956586,50.675000000000004,7128.870000000001"
"474850,Category Promotion,2024-03-01,New Users,App,4710,566,27,4846.93,8794.9,1.87,12.016985138004246,4.770318021201414,1.8145300220964609,179.51592592592593,3947.9699999999993"
"86556,App Push Notification,2024-03-01,New Users,Email,7199,695,71,4503.02,4207.51,3.14,9.654118627587165,10.215827338129497,0.9343751526753157,63.42281690140846,-295.5100000000002"
"113928,Email Campaign,2024-03-01,Inactive,App,6944,706,69,2924.18,8642.95,3.85,10.167050691244238,9.773371104815865,2.955683302669467,42.37942028985507,5718.77"
"184611,Referral Program,2024-03-01,All,Sms,5980,872,61,4618.56,9891.07,2.53,14.581939799331103,6.9954128440366965,2.141591751541606,75.71409836065574,5272.509999999999"
"43467,New User Discount,2024-02-29,New Users,Email,7316,104,64,3465.52,5375.64,2.86,1.4215418261344996,61.53846153846154,1.5511784667236086,54.14875,1910.1200000000003"
"143548,Weekend Special,2024-02-29,All,Email,6967,196,69,3091.8,4986.59,2.84,2.813262523324243,35.204081632653065,1.612843650947668,44.80869565217392,1894.79"
"457174,Festival Offer,2024-02-29,New Users,Email,2216,167,67,3620.47,4904.13,1.73,7.5361010830324915,40.119760479041915,1.3545561764080356,54.036865671641785,1283.6600000000003"
"321811,Flash Sale,2024-02-29,Premium,Social Media,2689,645,89,2878.49,7604.76,2.38,23.98661212346597,13.798449612403102,2.6419268435881316,32.34258426966292,4726.27"
"551837,Membership Drive,2024-02-29,Premium,App,7969,978,25,1251.88,2658.27,3.69,12.272556155101016,2.556237218813906,2.123422372751382,50.0752,1406.3899999999999"
"225577,Category Promotion,2024-02-29,Inactive,App,3826,296,57,4628.33,4963.16,3.04,7.736539466806064,19.256756756756758,1.0723435882921053,81.19877192982456,334.8299999999999"
"876048,App Push Notification,2024-02-29,All,Social Media,5090,618,26,1666.03,2996.54,1.9,12.141453831041257,4.207119741100324,1.7986110694285218,64.07807692307692,1330.51"
"702634,Email Campaign,2024-02-29,All,App,4640,376,63,3136.53,2167.48,2.44,8.103448275862068,16.75531914893617,0.691043924336767,49.78619047619048,-969.0500000000002"
"892667,Referral Program,2024-02-29,All,Social Media,3707,544,97,3045.95,6386.71,3.5,14.674939304019421,17.830882352941178,2.0967875375498615,31.401546391752575,3340.76"
"140497,New User Discount,2024-02-28,All,Email,6519,372,92,3323.24,2385.54,1.98,5.706396686608375,24.731182795698924,0.7178356062156209,36.122173913043476,-937.6999999999998"
"781273,Weekend Special,2024-02-28,New Users,App,3782,534,54,3500.2,3219.96,3.47,14.119513484928609,10.112359550561797,0.919936003656934,64.81851851851852,-280.2399999999998"
"531774,Festival Offer,2024-02-28,New Users,Sms,1961,310,35,4159.94,8058.7,3.93,15.80826109127996,11.29032258064516,1.9372154406073165,118.85542857142856,3898.76"
"724346,Flash Sale,2024-02-28,Inactive,Sms,4928,553,93,2923.81,6840.59,3.82,11.221590909090908,16.817359855334537,2.3396150912679006,31.438817204301074,3916.78"
"221563,Membership Drive,2024-02-28,New Users,App,1973,467,83,1749.56,2413.08,2.49,23.66953877344146,17.77301927194861,1.379249639909463,21.079036144578314,663.52"
"588079,Category Promotion,2024-02-28,Inactive,App,2975,816,72,4891.95,8602.31,3.61,27.42857142857143,8.823529411764707,1.758462371855804,67.94375,3710.3599999999997"
"918240,App Push Notification,2024-02-28,New Users,Sms,1776,959,79,2006.36,5866.91,2.97,53.99774774774775,8.237747653806048,2.9241561833369882,25.396962025316455,3860.55"
"522712,Email Campaign,2024-02-28,New Users,Sms,2880,319,63,4708.64,8753.95,3.16,11.07638888888889,19.74921630094044,1.8591249277923136,74.74031746031747,4045.3100000000004"
"156216,Referral Program,2024-02-28,Inactive,Sms,1197,889,79,3709.75,3528.88,3.45,74.26900584795322,8.886389201349832,0.9512446930386145,46.95886075949367,-180.8699999999999"
"858121,New User Discount,2024-02-27,Premium,Social Media,6804,256,100,1496.49,7144.9,3.19,3.76249265138154,39.0625,4.774438853584053,14.9649,5648.41"
"962466,Weekend Special,2024-02-27,Premium,Social Media,8112,917,81,1920.23,8996.6,2.62,11.304240631163708,8.833151581243184,4.685167922592607,23.706543209876543,7076.370000000001"
"805693,Festival Offer,2024-02-27,Inactive,Sms,3486,326,37,4154.24,8107.27,2.03,9.351692484222603,11.349693251533742,1.9515651478970886,112.27675675675675,3953.0300000000007"
"929588,Flash Sale,2024-02-27,Inactive,Social Media,9306,481,19,4886.48,3327.02,3.51,5.168708360197722,3.9501039501039505,0.6808622976048199,257.18315789473684,-1559.4599999999996"
"745320,Membership Drive,2024-02-27,All,Email,1481,549,72,1172.84,2294.15,3.98,37.069547602970964,13.114754098360656,1.9560639132362472,16.28944444444444,1121.3100000000002"
"222313,Category Promotion,2024-02-27,All,Social Media,6397,143,44,3524.6,5808.56,1.52,2.2354228544630295,30.76923076923077,1.6480054474266586,80.10454545454546,2283.9600000000005"
"642607,App Push Notification,2024-02-27,All,Social Media,6009,850,64,3168.61,9652.32,2.13,14.145448493925777,7.529411764705881,3.0462316283796365,49.50953125,6483.709999999999"
"783828,Email Campaign,2024-02-27,New Users,Email,9781,484,65,2427.9,3449.89,3.44,4.948369287393927,13.429752066115702,1.4209357881296594,37.3523076923077,1021.9899999999998"
"815270,Referral Program,2024-02-27,Inactive,Sms,4192,747,71,3084.85,3851.73,1.76,17.81965648854962,9.504685408299867,1.2485955556996289,43.44859154929577,766.8800000000001"
"638620,New User Discount,2024-02-26,Premium,Email,9612,918,37,4836.36,5909.37,3.48,9.550561797752808,4.030501089324619,1.2218631367392006,130.71243243243242,1073.0100000000002"
"172129,Weekend Special,2024-02-26,New Users,Social Media,3732,641,13,4628.44,6518.93,3.84,17.17577706323687,2.02808112324493,1.408450795516416,356.0338461538461,1890.4900000000007"
"794677,Festival Offer,2024-02-26,All,Social Media,7983,376,53,3069.32,9497.35,1.54,4.7100087686333465,14.095744680851062,3.094284727561805,57.91169811320755,6428.030000000001"
"553680,Flash Sale,2024-02-26,New Users,Email,9025,292,24,2252.52,3926.14,3.03,3.2354570637119116,8.21917808219178,1.7429989522845524,93.855,1673.62"
"98553,Membership Drive,2024-02-26,New Users,Social Media,1394,132,20,2156.66,2996.69,2.49,9.469153515064562,15.151515151515152,1.3895050680218488,107.833,840.0300000000002"
"884042,Category Promotion,2024-02-26,New Users,Email,8471,261,51,4485.07,6871.79,3.75,3.0811002242946524,19.54022988505747,1.5321477702689146,87.94254901960784,2386.7200000000003"
"437596,App Push Notification,2024-02-26,All,Email,4100,662,79,4759.21,3976.85,2.01,16.146341463414636,11.933534743202417,0.835611372475684,60.24316455696203,-782.3600000000001"
"958791,Email Campaign,2024-02-26,New Users,Email,3511,794,72,2094.33,9954.72,3.85,22.614639703788093,9.06801007556675,4.753176433513343,29.087916666666665,7860.389999999999"
"23268,Referral Program,2024-02-26,All,Sms,1047,981,92,2280.38,8026.94,3.34,93.69627507163324,9.378185524974516,3.5200010524561693,24.786739130434785,5746.5599999999995"
"800479,New User Discount,2024-02-25,New Users,Social Media,9263,861,71,2491.66,3991.03,3.29,9.295044801900032,8.246225319396052,1.6017554562018896,35.09380281690141,1499.3700000000003"
"202225,Weekend Special,2024-02-25,Premium,Email,3139,172,30,3360.09,2871.2,3.86,5.47945205479452,17.441860465116278,0.8545009211062798,112.003,-488.8900000000003"
"531965,Festival Offer,2024-02-25,New Users,Sms,5760,861,14,3297.56,5683.89,3.27,14.947916666666666,1.6260162601626018,1.7236653768240762,235.54,2386.3300000000004"
"685577,Flash Sale,2024-02-25,New Users,Email,8671,834,83,3678.07,8867.25,1.85,9.618267789182331,9.952038369304557,2.4108431867800233,44.31409638554217,5189.18"
"424533,Membership Drive,2024-02-25,Inactive,Sms,7078,897,86,3454.09,2756.82,2.81,12.67307148912122,9.587513935340022,0.7981320695175864,40.16383720930233,-697.27"
"953439,Category Promotion,2024-02-25,New Users,App,6148,320,84,4982.21,9378.37,2.1,5.204944697462589,26.25,1.8823714777177198,59.31202380952381,4396.160000000001"
"984163,App Push Notification,2024-02-25,Inactive,App,8394,185,24,2350.96,7267.18,2.99,2.203955206099595,12.972972972972974,3.091154251880083,97.95666666666666,4916.22"
"425779,Email Campaign,2024-02-25,All,App,1035,368,63,3386.5,9557.96,2.88,35.55555555555556,17.119565217391305,2.822371179684039,53.75396825396825,6171.459999999999"
"78425,Referral Program,2024-02-25,Premium,Email,8930,994,56,4798.03,4466.82,3.31,11.131019036954088,5.633802816901409,0.9309695854340219,85.67910714285713,-331.21000000000004"
"808747,New User Discount,2024-02-24,Inactive,App,5262,370,44,1209.96,7507.52,3.13,7.031546940326871,11.891891891891893,6.2047670997388344,27.49909090909091,6297.56"
"902698,Weekend Special,2024-02-24,New Users,Email,4157,228,53,4953.25,4460.75,3.72,5.484724560981477,23.24561403508772,0.9005703326099026,93.45754716981132,-492.5"
"500036,Festival Offer,2024-02-24,Premium,Social Media,1344,471,16,4132.1,8662.44,2.1,35.044642857142854,3.397027600849257,2.0963771447932045,258.25625,4530.34"
"634868,Flash Sale,2024-02-24,All,Email,7309,590,89,3180.79,7452.11,2.81,8.072239704473937,15.084745762711865,2.3428487891372898,35.73921348314607,4271.32"
"332730,Membership Drive,2024-02-24,New Users,App,5176,698,73,4909.64,8832.05,1.84,13.48531684698609,10.458452722063036,1.7989200837535948,67.25534246575343,3922.409999999999"
"137341,Category Promotion,2024-02-24,New Users,App,9797,189,88,3160.22,3947.84,2.4,1.929161988363785,46.56084656084656,1.2492294840232643,35.911590909090904,787.6200000000003"
"174580,App Push Notification,2024-02-24,Inactive,Sms,6261,138,19,2310.85,5280.85,2.87,2.2041207474844273,13.768115942028986,2.2852413614038127,121.6236842105263,2970.0000000000005"
"673417,Email Campaign,2024-02-24,Premium,Sms,4444,632,57,3759.3,3412.86,2.56,14.221422142214221,9.018987341772151,0.9078445455270928,65.95263157894738,-346.44000000000005"
"738249,Referral Program,2024-02-24,New Users,App,1135,451,73,1649.09,6562.98,1.72,39.735682819383264,16.186252771618626,3.97975853349423,22.590273972602738,4913.889999999999"
"477804,New User Discount,2024-02-23,New Users,Email,9471,410,68,1835.79,4825.94,2.53,4.329004329004329,16.585365853658537,2.6288083059609213,26.99691176470588,2990.1499999999996"
"559650,Weekend Special,2024-02-23,All,Social Media,2332,512,77,3632.33,7956.22,3.25,21.955403087478558,15.0390625,2.190390190318611,47.17311688311688,4323.89"
"285195,Festival Offer,2024-02-23,New Users,Email,2080,271,26,3076.49,8918.89,3.21,13.028846153846155,9.59409594095941,2.899047290906195,118.32653846153845,5842.4"
"629710,Flash Sale,2024-02-23,New Users,Sms,2730,585,99,4072.13,9460.65,2.65,21.428571428571427,16.923076923076923,2.3232681667824946,41.13262626262626,5388.5199999999995"
"202246,Membership Drive,2024-02-23,Inactive,Social Media,3269,691,32,3133.68,2813.17,3.2,21.13796267971857,4.630969609261939,0.8977208904546732,97.9275,-320.50999999999976"
"934573,Category Promotion,2024-02-23,Premium,App,6259,394,62,1345.3,9582.62,2.27,6.294935293177824,15.736040609137056,7.123035754106891,21.698387096774194,8237.320000000002"
"918248,App Push Notification,2024-02-23,All,Sms,4370,333,63,2700.7,4156.82,3.62,7.620137299771167,18.91891891891892,1.5391639204650647,42.86825396825397,1456.12"
"711201,Email Campaign,2024-02-23,Premium,App,5825,974,39,1896.5,8440.25,1.82,16.721030042918457,4.004106776180698,4.45043501186396,48.62820512820513,6543.75"
"566545,Referral Program,2024-02-23,All,Email,8813,777,90,1016.29,6861.97,2.88,8.816521048451152,11.583011583011583,6.7519802418601,11.29211111111111,5845.68"
"829033,New User Discount,2024-02-22,All,Social Media,3786,272,52,2916.59,5707.56,3.93,7.1843634442683575,19.11764705882353,1.9569291535663222,56.088269230769235,2790.9700000000003"
"425677,Weekend Special,2024-02-22,New Users,App,7918,715,90,4918.34,6855.19,3.77,9.030058095478656,12.587412587412588,1.3938015671954358,54.64822222222222,1936.8499999999995"
"813967,Festival Offer,2024-02-22,New Users,Email,4008,137,59,2518.73,5752.22,1.64,3.418163672654691,43.06569343065693,2.283777935705693,42.69033898305085,3233.4900000000002"
"655740,Flash Sale,2024-02-22,All,Email,2262,496,46,4278.39,4837.19,3.2,21.927497789566754,9.274193548387096,1.1306098789497916,93.00847826086957,558.7999999999993"
"602442,Membership Drive,2024-02-22,Premium,Email,8807,634,82,4279.64,9683.21,2.79,7.198819121153628,12.933753943217665,2.2626225570375076,52.19073170731708,5403.569999999999"
"480278,Category Promotion,2024-02-22,New Users,Sms,6277,850,92,4954.1,2399.68,2.33,13.541500716902979,10.823529411764705,0.4843826325669647,53.84891304347826,-2554.4200000000005"
"328427,App Push Notification,2024-02-22,Inactive,Social Media,8342,237,82,3559.09,3050.78,2.92,2.8410453128746105,34.59915611814346,0.8571797847202516,43.403536585365856,-508.30999999999995"
"298455,Email Campaign,2024-02-22,Inactive,App,3568,387,41,1262.41,9644.91,2.44,10.846412556053812,10.594315245478036,7.640077312442075,30.79048780487805,8382.5"
"407771,Referral Program,2024-02-22,Premium,Email,4251,109,28,2742.1,8839.95,3.26,2.564102564102564,25.688073394495415,3.2237883374056384,97.93214285714285,6097.85"
"76704,New User Discount,2024-02-21,All,Email,3386,117,53,1357.95,3215.39,2.49,3.4554046072061433,45.2991452991453,2.367826503184948,25.621698113207547,1857.4399999999998"
"513451,Weekend Special,2024-02-21,Inactive,App,2580,238,76,1248.06,4534.83,2.75,9.224806201550388,31.932773109243694,3.6335031969616844,16.421842105263156,3286.77"
"723660,Festival Offer,2024-02-21,Inactive,Sms,9774,237,52,1937.13,4772.09,1.58,2.424800491098834,21.940928270042196,2.463484639647313,37.252500000000005,2834.96"
"222388,Flash Sale,2024-02-21,Premium,Sms,6192,621,79,1353.85,7900.48,3.23,10.029069767441861,12.721417069243158,5.835565239871478,17.1373417721519,6546.629999999999"
"613453,Membership Drive,2024-02-21,Inactive,Sms,3893,438,32,2211.93,7052.88,1.55,11.250963267403032,7.30593607305936,3.188563833394366,69.1228125,4840.950000000001"
"281093,Category Promotion,2024-02-21,Premium,Email,8403,143,26,2918.53,6977.77,3.85,1.7017731762465786,18.181818181818183,2.390850873556208,112.25115384615385,4059.2400000000002"
"869401,App Push Notification,2024-02-21,Premium,Email,7586,963,46,3564.37,9855.76,3.71,12.694437121012392,4.7767393561786085,2.7650776995654214,77.48630434782608,6291.39"
"609693,Email Campaign,2024-02-21,Inactive,Social Media,2382,688,75,1303.08,5687.18,3.22,28.883291351805205,10.901162790697674,4.3644135432974185,17.374399999999998,4384.1"
"526116,Referral Program,2024-02-21,Premium,Email,3319,979,62,1451.48,9766.5,1.53,29.49683639650497,6.332992849846783,6.7286493785653265,23.410967741935483,8315.02"
"253770,New User Discount,2024-02-20,All,App,4975,161,36,4814.62,4219.2,2.37,3.2361809045226133,22.36024844720497,0.8763308423094658,133.73944444444444,-595.4200000000001"
"463037,Weekend Special,2024-02-20,Premium,Email,1726,400,33,4775.27,7903.94,3.63,23.174971031286212,8.25,1.6551818012384638,144.70515151515153,3128.669999999999"
"715213,Festival Offer,2024-02-20,New Users,Social Media,2869,934,82,2325.99,4082.07,3.43,32.55489717671662,8.779443254817988,1.7549817497065767,28.36573170731707,1756.0800000000004"
"423517,Flash Sale,2024-02-20,New Users,Social Media,8557,641,64,1238.17,9051.14,2.49,7.4909430875306775,9.98439937597504,7.310094736587059,19.34640625,7812.969999999999"
"767952,Membership Drive,2024-02-20,Premium,Sms,5402,944,80,4634.11,7512.24,2.11,17.47500925583117,8.47457627118644,1.6210750284304862,57.92637499999999,2878.13"
"417740,Category Promotion,2024-02-20,New Users,App,1623,966,48,3275.09,3112.22,1.82,59.51940850277264,4.968944099378882,0.9502700689141366,68.23104166666667,-162.87000000000035"
"51598,App Push Notification,2024-02-20,All,Social Media,8113,471,100,4989.51,6583.31,2.92,5.805497349932208,21.231422505307858,1.3194301644850897,49.8951,1593.8000000000002"
"175990,Email Campaign,2024-02-20,Premium,Sms,4745,146,93,3483.7,2295.22,3.62,3.076923076923077,63.6986301369863,0.6588454803800556,37.45913978494623,-1188.48"
"497376,Referral Program,2024-02-20,Inactive,Social Media,1292,896,28,3310.94,7851.11,3.84,69.3498452012384,3.125,2.3712631458135753,118.24785714285714,4540.17"
"736607,New User Discount,2024-02-19,New Users,Social Media,8837,750,35,1204.62,8976.17,2.4,8.48704311417902,4.666666666666667,7.451453570420548,34.41771428571428,7771.55"
"22032,Weekend Special,2024-02-19,Premium,App,1505,711,86,3742.63,9624.84,2.17,47.24252491694352,12.09563994374121,2.5716782048986944,43.51895348837209,5882.21"
"111220,Festival Offer,2024-02-19,New Users,Email,2878,279,28,2993.24,2143.27,2.11,9.69423210562891,10.03584229390681,0.7160368029292673,106.90142857142857,-849.9699999999998"
"982228,Flash Sale,2024-02-19,Premium,App,8812,497,65,2797.34,5066.46,2.36,5.640036314117113,13.078470824949697,1.8111706120814772,43.036,2269.12"
"991793,Membership Drive,2024-02-19,New Users,Social Media,2971,640,78,3611.45,8684.07,1.81,21.541568495456076,12.1875,2.4045937227429426,46.30064102564102,5072.62"
"51194,Category Promotion,2024-02-19,All,Email,7154,116,80,2565.35,4523.49,3.7,1.6214705060106236,68.96551724137932,1.7633032529674313,32.066874999999996,1958.1399999999999"
"910671,App Push Notification,2024-02-19,Premium,Sms,5605,472,14,3707.94,8691.95,3.29,8.421052631578947,2.9661016949152543,2.344145266644013,264.85285714285715,4984.01"
"986053,Email Campaign,2024-02-19,Premium,Social Media,4710,700,65,3821.21,5360.95,1.99,14.8619957537155,9.285714285714286,1.4029456638080606,58.787846153846154,1539.7399999999998"
"237396,Referral Program,2024-02-19,New Users,App,5014,249,41,3242.59,9934.24,2.02,4.966094934184284,16.46586345381526,3.0636744084204293,79.08756097560976,6691.65"
"195911,New User Discount,2024-02-18,Premium,App,1276,904,100,2357.11,8718.11,2.3,70.84639498432603,11.061946902654867,3.6986436780633913,23.5711,6361.0"
"510031,Weekend Special,2024-02-18,Inactive,App,5587,464,25,1538.17,7917.89,2.13,8.30499373545731,5.387931034482758,5.1476039709524954,61.5268,6379.72"
"805438,Festival Offer,2024-02-18,Premium,Sms,3032,780,46,4982.72,7799.25,3.53,25.725593667546175,5.897435897435897,1.5652595369597329,108.32000000000001,2816.5299999999997"
"220582,Flash Sale,2024-02-18,Premium,Sms,6497,489,76,4793.47,8327.46,1.68,7.526550715714945,15.541922290388548,1.7372508850582142,63.071973684210526,3533.989999999999"
"805803,Membership Drive,2024-02-18,New Users,App,7243,951,18,3805.65,2164.51,2.76,13.129918542040592,1.8927444794952681,0.5687622350978151,211.425,-1641.1399999999999"
"205135,Category Promotion,2024-02-18,Inactive,Email,7416,937,84,1536.33,8572.43,3.12,12.634843581445523,8.964781216648879,5.579810327208348,18.289642857142855,7036.1"
"994906,App Push Notification,2024-02-18,New Users,App,5342,184,82,1653.48,5282.98,2.24,3.4444028453762634,44.565217391304344,3.1950673730556156,20.16439024390244,3629.4999999999995"
"654178,Email Campaign,2024-02-18,Premium,Sms,6904,578,43,3891.58,5980.96,3.58,8.371958285052143,7.439446366782007,1.5368976097112228,90.50186046511628,2089.38"
"333338,Referral Program,2024-02-18,Inactive,Social Media,3157,454,70,4033.43,3470.53,2.49,14.380741210009504,15.418502202643172,0.8604413613227453,57.62042857142857,-562.8999999999996"
"872374,New User Discount,2024-02-17,Premium,Social Media,2877,413,17,1427.16,8282.02,2.05,14.355231143552311,4.116222760290557,5.803147509739623,83.95058823529412,6854.860000000001"
"539039,Weekend Special,2024-02-17,All,App,7617,837,37,4400.3,4380.95,1.65,10.988578180385979,4.4205495818399045,0.9956025725518713,118.92702702702704,-19.350000000000364"
"674340,Festival Offer,2024-02-17,New Users,Sms,2879,560,26,1159.76,7101.05,1.91,19.45119833275443,4.642857142857143,6.122861626543423,44.606153846153845,5941.29"
"512522,Flash Sale,2024-02-17,New Users,Social Media,1804,254,52,1539.93,4570.06,1.63,14.079822616407982,20.47244094488189,2.967706324313443,29.614038461538463,3030.13"
"511881,Membership Drive,2024-02-17,Inactive,Email,1579,926,68,2181.96,9241.89,3.3,58.64471184293857,7.343412526997841,4.235590936589121,32.08764705882353,7059.929999999999"
"482417,Category Promotion,2024-02-17,All,Social Media,4629,963,68,4988.24,2115.72,2.37,20.803629293583928,7.061266874350987,0.42414158099850846,73.3564705882353,-2872.52"
"718186,App Push Notification,2024-02-17,Premium,Social Media,6800,122,88,4327.97,5645.5,2.89,1.7941176470588234,72.1311475409836,1.304422165588024,49.18147727272728,1317.5299999999997"
"165013,Email Campaign,2024-02-17,All,Social Media,4574,145,62,4133.55,9645.07,1.66,3.170091823349366,42.758620689655174,2.3333623640696253,66.67016129032258,5511.5199999999995"
"867965,Referral Program,2024-02-17,Inactive,App,4382,350,69,4168.34,7368.48,2.19,7.987220447284344,19.714285714285715,1.7677252815269386,60.41072463768116,3200.1399999999994"
"876134,New User Discount,2024-02-16,New Users,Social Media,4927,159,93,1989.93,2246.1,3.13,3.227115892023544,58.490566037735846,1.128733171518596,21.39709677419355,256.16999999999985"
"174517,Weekend Special,2024-02-16,New Users,Sms,6518,639,11,3056.96,9530.6,3.77,9.803620742559067,1.7214397496087637,3.1176724589134306,277.9054545454546,6473.64"
"23915,Festival Offer,2024-02-16,Inactive,Email,8430,128,42,1478.19,5756.36,2.77,1.5183867141162515,32.8125,3.8941949275803514,35.195,4278.17"
"226277,Flash Sale,2024-02-16,Premium,App,5372,532,24,1158.1,6201.6,1.66,9.903201787043932,4.511278195488721,5.354977981176065,48.25416666666666,5043.5"
"375989,Membership Drive,2024-02-16,New Users,Social Media,4371,109,43,2116.82,8937.53,3.45,2.493708533516358,39.44954128440367,4.222149261628291,49.22837209302326,6820.710000000001"
"168573,Category Promotion,2024-02-16,All,Email,8720,523,15,4508.09,6723.48,2.41,5.997706422018348,2.8680688336520075,1.4914254151980106,300.53933333333333,2215.3899999999994"
"575186,App Push Notification,2024-02-16,Premium,App,4608,551,33,3311.6,8090.78,3.6,11.957465277777777,5.9891107078039925,2.4431634255344847,100.35151515151514,4779.18"
"38495,Email Campaign,2024-02-16,Inactive,Email,4014,396,66,3527.15,7139.79,2.07,9.865470852017937,16.666666666666664,2.024237698992104,53.44166666666667,3612.64"
"928014,Referral Program,2024-02-16,Premium,App,1103,902,40,2827.19,3033.56,2.55,81.77697189483227,4.434589800443459,1.07299474036057,70.67975,206.3699999999999"
"63274,New User Discount,2024-02-15,New Users,App,7181,884,91,2822.59,8390.19,1.57,12.31026319454115,10.294117647058822,2.972514605380165,31.017472527472528,5567.6"
"3703,Weekend Special,2024-02-15,All,Sms,9050,949,10,1971.95,3783.17,2.5,10.486187845303867,1.053740779768177,1.9184918481705926,197.195,1811.22"
"571011,Festival Offer,2024-02-15,New Users,Sms,8122,217,84,1338.34,2493.62,2.83,2.6717557251908395,38.70967741935484,1.8632186141040394,15.932619047619047,1155.28"
"135759,Flash Sale,2024-02-15,All,Social Media,1454,134,28,2617.6,2589.83,2.78,9.21595598349381,20.8955223880597,0.9893910452322738,93.48571428571428,-27.769999999999982"
"326425,Membership Drive,2024-02-15,All,Social Media,8377,688,91,2580.44,5170.87,1.63,8.2129640682822,13.226744186046513,2.003871432778906,28.356483516483518,2590.43"
"37283,Category Promotion,2024-02-15,Premium,Email,5911,963,81,4538.43,4404.72,1.69,16.291659617661985,8.411214953271028,0.9705382698422141,56.03,-133.71000000000004"
"485208,App Push Notification,2024-02-15,New Users,Sms,1191,165,27,3463.61,8349.32,3.39,13.85390428211587,16.363636363636363,2.4105831776672315,128.28185185185185,4885.709999999999"
"537092,Email Campaign,2024-02-15,New Users,Sms,8629,197,10,4594.21,6740.74,1.86,2.2829991887820142,5.0761421319796955,1.4672250506615936,459.421,2146.5299999999997"
"45116,Referral Program,2024-02-15,All,App,6942,294,68,3067.05,9737.26,3.54,4.235090751944685,23.12925170068027,3.174796628682284,45.10367647058824,6670.21"
"404515,New User Discount,2024-02-14,All,Email,3240,630,48,1503.28,2429.95,2.48,19.444444444444446,7.6190476190476195,1.6164320685434515,31.31833333333333,926.6699999999998"
"364324,Weekend Special,2024-02-14,New Users,Email,1154,585,55,3970.2,4930.39,2.56,50.69324090121318,9.401709401709402,1.241849277114503,72.18545454545455,960.1900000000005"
"669920,Festival Offer,2024-02-14,Inactive,Email,8954,599,99,2510.29,2120.29,3.87,6.689747598838508,16.52754590984975,0.8446394639663146,25.356464646464644,-390.0"
"673790,Flash Sale,2024-02-14,Inactive,Sms,1608,820,51,4749.94,3789.9,2.33,50.99502487562189,6.219512195121951,0.7978837627422664,93.13607843137254,-960.0399999999995"
"707984,Membership Drive,2024-02-14,All,App,1113,274,52,4945.45,3409.44,2.83,24.61814914645103,18.97810218978102,0.68940945717781,95.10480769230769,-1536.0099999999998"
"982984,Category Promotion,2024-02-14,Inactive,Social Media,1757,337,15,2197.37,9911.16,2.22,19.180421172453045,4.451038575667656,4.510464782899557,146.49133333333333,7713.79"
"861025,App Push Notification,2024-02-14,Premium,App,4720,391,31,1644.63,2687.01,1.95,8.283898305084746,7.928388746803069,1.6338082121814634,53.05258064516129,1042.38"
"821428,Email Campaign,2024-02-14,Inactive,Sms,9648,826,73,2761.54,4603.44,1.68,8.561359867330017,8.837772397094431,1.666982915329852,37.82931506849315,1841.8999999999996"
"578874,Referral Program,2024-02-14,All,Sms,7395,296,20,1891.11,6570.1,1.78,4.002704530087897,6.756756756756757,3.4742029813178505,94.5555,4678.990000000001"
"168936,New User Discount,2024-02-13,Inactive,Email,3452,511,41,2103.5,6440.26,3.6,14.803012746234067,8.023483365949119,3.061687663418113,51.30487804878049,4336.76"
"263758,Weekend Special,2024-02-13,All,Email,8049,812,30,3087.55,3041.5,3.96,10.088209715492608,3.6945812807881775,0.9850852617771372,102.91833333333334,-46.05000000000018"
"811537,Festival Offer,2024-02-13,All,Sms,4205,932,100,1636.28,6087.02,2.39,22.1640903686088,10.72961373390558,3.720035690713081,16.3628,4450.740000000001"
"474641,Flash Sale,2024-02-13,Premium,App,2224,290,58,3194.45,4646.73,1.79,13.03956834532374,20.0,1.4546259919547966,55.07672413793103,1452.2799999999997"
"96526,Membership Drive,2024-02-13,All,Sms,5764,696,62,4914.33,5460.72,2.84,12.074947952810549,8.908045977011495,1.1111830096879942,79.2633870967742,546.3900000000003"
"59928,Category Promotion,2024-02-13,Premium,Social Media,6732,232,83,2894.85,4069.94,3.46,3.4462269756387403,35.775862068965516,1.4059243138677306,34.87771084337349,1175.0900000000001"
"966482,App Push Notification,2024-02-13,Inactive,Sms,4171,552,64,1753.79,9531.45,2.27,13.234236394150084,11.594202898550725,5.434772692283569,27.40296875,7777.660000000001"
"142575,Email Campaign,2024-02-13,All,Sms,5636,284,65,1545.72,4210.05,1.51,5.039034776437189,22.887323943661972,2.7236821675335765,23.780307692307694,2664.33"
"427214,Referral Program,2024-02-13,Inactive,Social Media,7486,502,81,1718.92,6432.26,2.64,6.705850921720545,16.135458167330675,3.742035696832895,21.221234567901234,4713.34"
"49107,New User Discount,2024-02-12,New Users,Sms,2036,780,44,1727.02,5449.99,2.64,38.31041257367387,5.641025641025641,3.155719099952519,39.250454545454545,3722.97"
"270031,Weekend Special,2024-02-12,All,App,1476,290,36,3186.21,6756.41,2.21,19.647696476964768,12.413793103448276,2.120516224605409,88.50583333333333,3570.2"
"245137,Festival Offer,2024-02-12,New Users,Sms,2072,154,78,2206.57,4369.8,3.1,7.4324324324324325,50.649350649350644,1.9803586561949087,28.289358974358976,2163.23"
"326388,Flash Sale,2024-02-12,New Users,Social Media,8869,538,81,1019.55,8538.88,1.87,6.066072837974969,15.055762081784389,8.375145897699966,12.587037037037037,7519.329999999999"
"754740,Membership Drive,2024-02-12,Inactive,Sms,4109,261,55,4700.48,8382.4,3.41,6.351910440496471,21.0727969348659,1.7833072367077405,85.46327272727272,3681.92"
"453747,Category Promotion,2024-02-12,New Users,Sms,8606,323,71,2345.45,8908.45,1.72,3.753195445038345,21.981424148606813,3.7981837174103057,33.034507042253516,6563.000000000001"
"639737,App Push Notification,2024-02-12,New Users,Sms,6316,868,61,1455.9,4715.67,1.57,13.742875237492083,7.027649769585254,3.2390067999175765,23.8672131147541,3259.77"
"489372,Email Campaign,2024-02-12,Inactive,Sms,1351,150,85,1048.58,2684.65,3.37,11.102886750555143,56.666666666666664,2.560271986877492,12.336235294117646,1636.0700000000002"
"993367,Referral Program,2024-02-12,Premium,Social Media,4129,152,53,2673.11,3524.68,2.73,3.6812787599903127,34.868421052631575,1.3185690076353012,50.43603773584906,851.5699999999997"
"559470,New User Discount,2024-02-11,New Users,App,5285,103,67,4453.24,8408.24,2.67,1.9489120151371806,65.0485436893204,1.8881174156344593,66.46626865671641,3955.0"
"156146,Weekend Special,2024-02-11,All,App,6193,516,48,1584.15,2354.4,2.91,8.33198772808009,9.30232558139535,1.4862228955591326,33.003125000000004,770.25"
"458719,Festival Offer,2024-02-11,Inactive,Email,5236,762,73,1574.26,5418.52,2.46,14.553093964858672,9.580052493438322,3.441947327633301,21.565205479452054,3844.26"
"933370,Flash Sale,2024-02-11,Inactive,Sms,2057,156,63,4657.35,5467.69,3.26,7.583859990277103,40.38461538461539,1.1739916476107657,73.92619047619048,810.3399999999992"
"150363,Membership Drive,2024-02-11,Premium,Social Media,6609,239,18,3273.48,5955.17,1.95,3.6162808291723407,7.531380753138076,1.8192168579004606,181.86,2681.69"
"269345,Category Promotion,2024-02-11,All,Sms,3169,453,63,1958.26,8435.62,3.65,14.294730198800885,13.90728476821192,4.307711948362322,31.083492063492063,6477.360000000001"
"833241,App Push Notification,2024-02-11,Premium,Social Media,9264,394,74,2267.87,6680.68,3.45,4.253022452504318,18.781725888324875,2.945794952973495,30.64689189189189,4412.81"
"762397,Email Campaign,2024-02-11,New Users,Sms,9186,373,11,4476.46,7234.38,3.93,4.060526888743741,2.949061662198391,1.616093967107938,406.9509090909091,2757.92"
"253478,Referral Program,2024-02-11,All,Email,1317,494,77,2371.75,8168.56,2.2,37.50949126803341,15.587044534412955,3.444106672288395,30.801948051948052,5796.81"
"260104,New User Discount,2024-02-10,All,Social Media,1217,558,44,4641.27,5679.49,2.99,45.85045193097781,7.885304659498208,1.2236930840050244,105.4834090909091,1038.2199999999993"
"299739,Weekend Special,2024-02-10,All,App,2934,135,32,3414.0,4020.88,3.63,4.601226993865031,23.703703703703706,1.1777621558289397,106.6875,606.8800000000001"
"911228,Festival Offer,2024-02-10,All,App,5164,994,83,1891.55,5715.13,3.93,19.24864446165763,8.350100603621732,3.021400438793582,22.789759036144577,3823.58"
"352007,Flash Sale,2024-02-10,Inactive,Sms,5521,396,51,4035.3,7435.43,1.57,7.172613656946206,12.878787878787879,1.8425965851361732,79.12352941176471,3400.13"
"459371,Membership Drive,2024-02-10,New Users,App,5453,934,67,1980.26,8425.95,1.61,17.12818631945718,7.173447537473233,4.254971569389879,29.556119402985075,6445.6900000000005"
"456390,Category Promotion,2024-02-10,Inactive,Sms,8561,196,66,1839.8,2427.61,3.55,2.2894521668029433,33.6734693877551,1.31949668442222,27.875757575757575,587.8100000000002"
"458463,App Push Notification,2024-02-10,New Users,Sms,2968,520,14,4438.01,9058.71,3.16,17.52021563342318,2.6923076923076925,2.0411648464063847,317.0007142857143,4620.699999999999"
"226900,Email Campaign,2024-02-10,New Users,App,3742,890,74,2043.25,4816.4,2.29,23.784072688401924,8.314606741573034,2.357225009176557,27.611486486486488,2773.1499999999996"
"340905,Referral Program,2024-02-10,Premium,Social Media,2956,949,41,4878.01,9060.87,2.66,32.1041948579161,4.3203371970495255,1.8574931170702809,118.9758536585366,4182.860000000001"
"991753,New User Discount,2024-02-09,New Users,Sms,5853,907,90,2326.79,7625.66,1.93,15.496326670083718,9.922822491730981,3.277330571302094,25.85322222222222,5298.87"
"489155,Weekend Special,2024-02-09,Premium,App,1940,943,77,3433.51,4119.79,1.74,48.608247422680414,8.16542948038176,1.1998770937029453,44.59103896103896,686.2799999999997"
"167955,Festival Offer,2024-02-09,Premium,App,4545,418,19,1485.68,5519.82,3.24,9.196919691969196,4.545454545454546,3.715349200366162,78.19368421052631,4034.1399999999994"
"760297,Flash Sale,2024-02-09,New Users,App,1946,381,41,3602.14,8773.32,3.9,19.578622816032887,10.761154855643044,2.435585513056128,87.85707317073171,5171.18"
"865385,Membership Drive,2024-02-09,New Users,Social Media,2858,726,74,1753.74,2068.88,3.32,25.40237928621414,10.192837465564738,1.1796959640539648,23.69918918918919,315.1400000000001"
"701730,Category Promotion,2024-02-09,All,Email,1583,305,71,2940.64,8325.66,3.91,19.267214150347442,23.278688524590162,2.8312408183252624,41.417464788732396,5385.02"
"967030,App Push Notification,2024-02-09,Inactive,App,6180,389,13,4015.1,2903.03,2.96,6.294498381877023,3.3419023136246784,0.7230280690393764,308.8538461538461,-1112.0699999999997"
"611398,Email Campaign,2024-02-09,New Users,Sms,9619,899,16,1598.64,8914.28,2.37,9.346085871712235,1.7797552836484982,5.576164740029025,99.915,7315.64"
"766713,Referral Program,2024-02-09,Inactive,Social Media,1386,467,29,1528.7,8776.21,1.57,33.694083694083695,6.209850107066381,5.740962909661803,52.713793103448275,7247.509999999999"
"199888,New User Discount,2024-02-08,Inactive,App,5367,458,64,3615.63,3592.19,3.01,8.533631451462643,13.973799126637553,0.9935170357586368,56.49421875,-23.440000000000055"
"386930,Weekend Special,2024-02-08,All,Social Media,9406,611,53,2441.45,6922.84,3.79,6.495853710397618,8.674304418985269,2.8355444510434378,46.06509433962264,4481.39"
"129426,Festival Offer,2024-02-08,Inactive,Social Media,2632,824,21,4248.01,4984.15,3.07,31.30699088145897,2.5485436893203883,1.1732905525175317,202.28619047619048,736.1399999999994"
"34599,Flash Sale,2024-02-08,All,Email,2801,171,54,1360.63,5629.26,2.62,6.104962513388076,31.57894736842105,4.137245246687196,25.196851851851854,4268.63"
"934324,Membership Drive,2024-02-08,All,Social Media,9519,940,61,3688.77,9841.53,1.72,9.874986868368527,6.489361702127659,2.6679706243544596,60.47163934426229,6152.76"
"802454,Category Promotion,2024-02-08,Inactive,Sms,5140,256,33,2503.83,9827.21,2.86,4.980544747081712,12.890625,3.9248710974786625,75.87363636363636,7323.379999999999"
"828961,App Push Notification,2024-02-08,Premium,Email,6453,678,72,4243.84,3513.21,2.94,10.506741050674105,10.619469026548673,0.8278375245061077,58.94222222222223,-730.6300000000001"
"165387,Email Campaign,2024-02-08,New Users,App,5393,747,99,4650.71,5070.35,2.46,13.851288707583906,13.253012048192772,1.090231384025235,46.976868686868684,419.6400000000003"
"521328,Referral Program,2024-02-08,All,Sms,8618,539,97,3614.14,9768.38,3.9,6.254351357623579,17.996289424860855,2.702822801551683,37.259175257731954,6154.24"
"952072,New User Discount,2024-02-07,Premium,App,6326,329,20,2477.25,4434.61,4.0,5.200758773316472,6.079027355623101,1.7901342214148752,123.8625,1957.3599999999997"
"457471,Weekend Special,2024-02-07,All,Social Media,6583,663,18,4755.62,3096.53,2.68,10.071396020051647,2.7149321266968327,0.6511306622480351,264.2011111111111,-1659.0899999999997"
"684718,Festival Offer,2024-02-07,Inactive,Sms,1535,489,86,3590.36,5897.36,2.71,31.856677524429966,17.586912065439673,1.6425539500217248,41.74837209302326,2306.9999999999995"
"465629,Flash Sale,2024-02-07,New Users,Email,1247,869,57,2702.94,8394.26,1.95,69.68724939855655,6.559263521288838,3.1056035280102408,47.42,5691.32"
"791173,Membership Drive,2024-02-07,New Users,Sms,1009,634,98,2572.38,3157.19,3.61,62.83448959365708,15.457413249211358,1.227341994573119,26.248775510204084,584.81"
"927550,Category Promotion,2024-02-07,New Users,Sms,7177,284,88,1973.5,6671.14,3.53,3.9570851330639543,30.985915492957744,3.3803597669115786,22.426136363636363,4697.64"
"39386,App Push Notification,2024-02-07,New Users,Social Media,7171,142,92,2292.93,2477.85,3.07,1.9801980198019802,64.7887323943662,1.0806479046460207,24.923152173913042,184.92000000000007"
"950342,Email Campaign,2024-02-07,Inactive,App,1078,142,10,3125.22,7051.83,2.38,13.172541743970315,7.042253521126761,2.256426747556972,312.522,3926.61"
"951888,Referral Program,2024-02-07,All,Social Media,7761,500,73,1514.56,3569.29,2.85,6.442468754026542,14.6,2.3566514367208957,20.74739726027397,2054.73"
"71320,New User Discount,2024-02-06,Premium,Sms,3618,573,67,1784.75,5049.29,3.91,15.837479270315091,11.69284467713787,2.8291301302703458,26.638059701492537,3264.54"
"212759,Weekend Special,2024-02-06,New Users,Email,9421,933,44,3372.53,7641.4,2.43,9.903407281604926,4.715969989281887,2.2657767314152872,76.6484090909091,4268.869999999999"
"652574,Festival Offer,2024-02-06,Premium,Social Media,9908,663,57,3160.43,6679.25,3.27,6.6915623738393215,8.597285067873303,2.1133991260682885,55.44614035087719,3518.82"
"152682,Flash Sale,2024-02-06,Premium,Social Media,6302,961,67,1501.58,6017.53,2.15,15.249127261186926,6.971904266389179,4.007465469705243,22.411641791044776,4515.95"
"239444,Membership Drive,2024-02-06,All,Social Media,4359,724,55,3081.79,7400.23,3.73,16.609314062858456,7.596685082872928,2.401276530847332,56.032545454545456,4318.44"
"603068,Category Promotion,2024-02-06,New Users,Social Media,4653,531,49,1370.09,7525.75,2.33,11.411992263056092,9.227871939736348,5.4928873285696564,27.961020408163265,6155.66"
"317486,App Push Notification,2024-02-06,Premium,App,7645,990,13,1277.74,9932.91,3.38,12.949640287769784,1.3131313131313131,7.773811573559566,98.28769230769231,8655.17"
"666472,Email Campaign,2024-02-06,New Users,Email,4485,899,46,2335.85,2902.47,2.57,20.04459308807135,5.116796440489433,1.24257550784511,50.779347826086955,566.6199999999999"
"822630,Referral Program,2024-02-06,New Users,Social Media,6746,417,57,2237.44,6629.42,1.62,6.181440853839312,13.66906474820144,2.962948727116705,39.25333333333334,4391.98"
"288880,New User Discount,2024-02-05,Premium,Social Media,5846,665,31,1315.12,7760.38,1.97,11.375299349982894,4.661654135338346,5.9008911734290415,42.42322580645161,6445.26"
"380901,Weekend Special,2024-02-05,Premium,App,4565,569,36,4630.21,6206.79,1.81,12.464403066812705,6.32688927943761,1.3404985950961188,128.61694444444444,1576.58"
"913385,Festival Offer,2024-02-05,Premium,App,9182,752,18,1054.3,3110.95,2.18,8.189936832934002,2.393617021276596,2.9507255999241204,58.57222222222222,2056.6499999999996"
"186544,Flash Sale,2024-02-05,All,App,4647,449,11,3554.73,5152.28,2.78,9.662147622121799,2.4498886414253898,1.449415286111744,323.15727272727275,1597.5499999999997"
"476911,Membership Drive,2024-02-05,All,Email,6364,164,65,4108.66,5285.59,3.64,2.576995600251414,39.63414634146341,1.2864510570356273,63.210153846153844,1176.9300000000003"
"788001,Category Promotion,2024-02-05,All,App,1966,851,56,3525.18,8224.17,3.91,43.28585961342828,6.580493537015276,2.332978741511072,62.949642857142855,4698.99"
"561353,App Push Notification,2024-02-05,All,Email,8657,843,72,2442.36,8669.66,2.23,9.737784451888645,8.540925266903916,3.5497060220442522,33.92166666666667,6227.299999999999"
"280581,Email Campaign,2024-02-05,Premium,Email,8666,740,95,2495.45,3971.69,2.5,8.539118393722594,12.837837837837837,1.5915726622452866,26.267894736842102,1476.2400000000002"
"840541,Referral Program,2024-02-05,Premium,Social Media,1932,454,88,3978.55,7397.89,2.33,23.49896480331263,19.383259911894275,1.8594437672016186,45.210795454545455,3419.34"
"215823,New User Discount,2024-02-04,Premium,Sms,4657,736,94,1341.58,4044.92,3.01,15.804165771956194,12.771739130434783,3.015041965443731,14.272127659574467,2703.34"
"185268,Weekend Special,2024-02-04,All,Email,9562,881,93,2007.62,6934.65,3.89,9.213553649864044,10.556186152099887,3.4541646327492255,21.587311827956988,4927.03"
"715807,Festival Offer,2024-02-04,Inactive,App,2171,465,19,2084.11,9400.47,2.61,21.41870105941962,4.086021505376344,4.510544069171012,109.69000000000001,7316.359999999999"
"385198,Flash Sale,2024-02-04,New Users,Email,8610,877,93,4217.88,2720.84,1.8,10.185830429732869,10.604332953249715,0.645072880214705,45.35354838709677,-1497.04"
"791713,Membership Drive,2024-02-04,Premium,Sms,2840,396,81,3345.54,4037.54,2.75,13.943661971830986,20.454545454545457,1.206842542608966,41.302962962962965,692.0"
"349776,Category Promotion,2024-02-04,All,Social Media,3184,636,81,3219.79,4161.19,3.23,19.974874371859297,12.735849056603774,1.292379316663509,39.75049382716049,941.3999999999996"
"710286,App Push Notification,2024-02-04,All,App,9913,677,15,3678.35,4072.89,3.33,6.829415918490871,2.2156573116691285,1.1072600486631234,245.22333333333333,394.53999999999996"
"158988,Email Campaign,2024-02-04,Premium,Social Media,7751,780,44,2113.77,6012.06,2.88,10.06321764933557,5.641025641025641,2.844235654777956,48.04022727272727,3898.2900000000004"
"549778,Referral Program,2024-02-04,Premium,Sms,9678,248,52,2143.44,9972.95,3.15,2.5625129158917135,20.967741935483872,4.652777777777778,41.22,7829.51"
"257666,New User Discount,2024-02-03,All,Email,2011,256,57,4869.06,6622.63,2.91,12.729985082048731,22.265625,1.3601454900945973,85.4221052631579,1753.5699999999997"
"255343,Weekend Special,2024-02-03,New Users,Social Media,3376,1000,76,2802.04,9258.1,2.13,29.620853080568722,7.6,3.3040570441535455,36.868947368421054,6456.06"
"815304,Festival Offer,2024-02-03,New Users,Social Media,5576,799,55,4452.21,2553.47,2.75,14.329268292682926,6.88360450563204,0.5735286520626834,80.94927272727273,-1898.7400000000002"
"156392,Flash Sale,2024-02-03,Premium,Sms,1642,372,30,1793.48,9832.31,3.96,22.655298416565163,8.064516129032258,5.482252380846176,59.782666666666664,8038.83"
"917704,Membership Drive,2024-02-03,New Users,Sms,8859,961,53,1497.98,9415.62,2.55,10.84772547691613,5.515088449531738,6.285544533304851,28.26377358490566,7917.640000000001"
"376291,Category Promotion,2024-02-03,Premium,App,1786,883,27,1919.98,4961.39,2.87,49.44008958566629,3.057757644394111,2.5840842092105127,71.11037037037038,3041.4100000000003"
"696082,App Push Notification,2024-02-03,All,Email,4746,631,58,3498.12,5415.96,3.09,13.295406658238518,9.19175911251981,1.5482487736269768,60.312413793103445,1917.8400000000001"
"879636,Email Campaign,2024-02-03,New Users,App,5772,709,19,1602.09,9150.17,1.63,12.283437283437284,2.6798307475317347,5.7113957393155195,84.32052631578946,7548.08"
"141009,Referral Program,2024-02-03,Premium,App,8935,198,79,2070.02,4893.72,3.87,2.2160044767767206,39.8989898989899,2.3640931005497534,26.20278481012658,2823.7000000000003"
"821056,New User Discount,2024-02-02,New Users,Social Media,7157,233,68,1005.23,7465.65,1.88,3.2555540030739136,29.184549356223176,7.426807795230942,14.78279411764706,6460.42"
"256875,Weekend Special,2024-02-02,Inactive,App,4080,302,93,1810.32,9236.31,3.82,7.401960784313726,30.79470198675497,5.102031685005966,19.465806451612902,7425.99"
"284324,Festival Offer,2024-02-02,New Users,Sms,9645,792,78,4873.1,2880.42,3.86,8.211508553654744,9.848484848484848,0.5910857564999692,62.47564102564103,-1992.6800000000003"
"51639,Flash Sale,2024-02-02,All,Email,1542,346,95,2065.86,8298.23,1.84,22.43839169909209,27.45664739884393,4.01684044417337,21.745894736842107,6232.369999999999"
"744196,Membership Drive,2024-02-02,All,Email,4172,477,65,2430.33,8414.56,1.78,11.433365292425696,13.626834381551362,3.4623117025259944,37.38969230769231,5984.23"
"795171,Category Promotion,2024-02-02,All,Email,8545,692,26,3098.49,2176.08,3.8,8.098303101228788,3.7572254335260116,0.7023033800335002,119.1726923076923,-922.4099999999999"
"628065,App Push Notification,2024-02-02,Premium,Social Media,6200,346,40,4837.34,3600.84,1.73,5.580645161290323,11.560693641618498,0.7443843103854598,120.93350000000001,-1236.5"
"6116,Email Campaign,2024-02-02,Inactive,App,5924,837,33,1894.16,3095.61,1.97,14.12896691424713,3.942652329749104,1.6342917177007221,57.39878787878788,1201.45"
"248921,Referral Program,2024-02-02,Premium,Email,3048,156,90,4358.09,5344.89,3.42,5.118110236220472,57.692307692307686,1.2264294679549987,48.42322222222222,986.8000000000002"
"268057,New User Discount,2024-02-01,Premium,Social Media,1793,480,34,3831.38,6711.92,3.96,26.770775237032908,7.083333333333333,1.7518283229541314,112.68764705882353,2880.54"
"727511,Weekend Special,2024-02-01,Inactive,Email,2114,694,89,3524.33,9190.98,1.91,32.82876064333018,12.82420749279539,2.6078658922405107,39.599213483146066,5666.65"
"380831,Festival Offer,2024-02-01,All,Email,7422,850,35,3522.68,4145.0,2.96,11.452438695769334,4.117647058823529,1.1766609513211532,100.648,622.3200000000002"
"392154,Flash Sale,2024-02-01,New Users,Social Media,4317,621,24,4149.66,8031.67,2.46,14.384989576094508,3.864734299516908,1.935500739819648,172.9025,3882.01"
"430047,Membership Drive,2024-02-01,Premium,App,1610,934,12,1183.09,8356.91,1.75,58.01242236024845,1.284796573875803,7.063629985884422,98.59083333333332,7173.82"
"428461,Category Promotion,2024-02-01,New Users,App,7819,875,17,3344.6,9394.36,2.25,11.190689346463742,1.9428571428571426,2.8088142079770377,196.74117647058824,6049.76"
"770860,App Push Notification,2024-02-01,All,App,4481,895,30,1417.55,3331.12,2.16,19.973220263334078,3.35195530726257,2.349913583295122,47.251666666666665,1913.57"
"727614,Email Campaign,2024-02-01,New Users,Sms,1090,226,75,2254.51,3728.33,2.44,20.733944954128443,33.1858407079646,1.653720764157178,30.060133333333336,1473.8199999999997"
"870966,Referral Program,2024-02-01,Premium,Email,7498,509,78,4755.23,2119.9,3.94,6.788476927180581,15.324165029469548,0.4458038833032262,60.96448717948717,-2635.3299999999995"
"661983,New User Discount,2024-01-31,Premium,App,5637,306,23,4011.03,9507.32,2.29,5.4284193720063865,7.516339869281046,2.3702939145306816,174.39260869565217,5496.289999999999"
"571618,Weekend Special,2024-01-31,Inactive,Email,4773,972,80,2786.99,8795.33,2.18,20.364550597108735,8.23045267489712,3.155852730006208,34.837374999999994,6008.34"
"866265,Festival Offer,2024-01-31,All,Social Media,4189,292,15,2767.17,3593.81,3.84,6.970637383623776,5.136986301369863,1.2987311946862679,184.478,826.6399999999999"
"718238,Flash Sale,2024-01-31,New Users,Social Media,2841,489,35,3286.25,4120.72,2.29,17.212249208025344,7.157464212678937,1.2539277291745912,93.89285714285714,834.4700000000003"
"87648,Membership Drive,2024-01-31,All,Email,7404,383,31,4060.89,5647.77,1.94,5.172879524581307,8.093994778067886,1.3907714811285212,130.99645161290323,1586.8800000000006"
"50840,Category Promotion,2024-01-31,All,App,2846,132,29,1576.42,9130.17,3.87,4.638088545326775,21.96969696969697,5.791711599700587,54.35931034482759,7553.75"
"310731,App Push Notification,2024-01-31,Premium,App,8335,358,67,4475.74,2299.61,2.1,4.295140971805639,18.71508379888268,0.5137943669650159,66.8020895522388,-2176.1299999999997"
"573283,Email Campaign,2024-01-31,All,Social Media,5463,903,83,1424.37,7611.28,3.9,16.529379461834157,9.191583610188262,5.343611561602674,17.161084337349397,6186.91"
"998954,Referral Program,2024-01-31,Inactive,App,2088,160,54,1610.06,6302.15,3.89,7.662835249042145,33.75,3.91423300994994,29.815925925925924,4692.09"
"514235,New User Discount,2024-01-30,New Users,Sms,3100,168,64,2067.92,9501.86,3.23,5.419354838709677,38.095238095238095,4.594887616542226,32.31125,7433.9400000000005"
"463287,Weekend Special,2024-01-30,New Users,Email,9682,851,68,2819.2,3798.08,2.62,8.789506300351167,7.9905992949471205,1.3472190692395005,41.45882352941176,978.8800000000001"
"520029,Festival Offer,2024-01-30,All,Email,9077,102,81,3068.93,6961.2,3.65,1.1237192905144873,79.41176470588235,2.26828243068431,37.88802469135802,3892.27"
"668197,Flash Sale,2024-01-30,Inactive,Sms,3441,871,79,3648.86,3795.51,3.37,25.31240918337693,9.07003444316877,1.0401906348832237,46.18810126582279,146.6500000000001"
"575245,Membership Drive,2024-01-30,Inactive,App,5258,169,40,4053.44,4516.01,3.09,3.214149866869532,23.668639053254438,1.1141178850556566,101.336,462.57000000000016"
"651159,Category Promotion,2024-01-30,Premium,Sms,9218,592,39,1991.13,3485.67,3.99,6.422217400737687,6.587837837837837,1.7505989061487697,51.05461538461539,1494.54"
"847682,App Push Notification,2024-01-30,New Users,Social Media,4643,509,55,2169.74,9742.35,2.79,10.962739608012061,10.805500982318271,4.490100196336889,39.44981818181818,7572.610000000001"
"397099,Email Campaign,2024-01-30,New Users,Sms,1288,911,78,4152.54,3123.54,3.51,70.72981366459628,8.562019758507136,0.7521998583999191,53.237692307692306,-1029.0"
"676217,Referral Program,2024-01-30,Inactive,Social Media,4135,346,79,4930.93,9575.27,3.39,8.367593712212818,22.832369942196532,1.9418791181379578,62.416835443037975,4644.34"
"632134,New User Discount,2024-01-29,Premium,Social Media,7199,276,64,2569.44,4358.1,3.35,3.8338658146964857,23.18840579710145,1.6961283392490194,40.1475,1788.6600000000003"
"484219,Weekend Special,2024-01-29,New Users,Sms,9620,586,61,2333.17,6587.38,2.57,6.091476091476092,10.409556313993173,2.8233604923773234,38.248688524590165,4254.21"
"443256,Festival Offer,2024-01-29,Premium,Social Media,8062,621,51,3503.02,5100.34,3.58,7.702803274621682,8.212560386473431,1.4559836940696884,68.68666666666667,1597.3200000000002"
"712998,Flash Sale,2024-01-29,New Users,App,5649,579,25,1215.83,4660.14,2.63,10.249601699415827,4.317789291882556,3.832887821488202,48.633199999999995,3444.3100000000004"
"82236,Membership Drive,2024-01-29,All,Email,4659,995,80,4483.58,8309.98,1.78,21.356514273449235,8.040201005025125,1.8534251647121274,56.04475,3826.3999999999996"
"101448,Category Promotion,2024-01-29,Inactive,Sms,3358,528,27,1294.04,4264.3,2.01,15.723645026801666,5.113636363636364,3.2953386294086737,47.92740740740741,2970.26"
"43531,App Push Notification,2024-01-29,New Users,App,8040,513,59,2721.11,5736.21,1.99,6.380597014925374,11.500974658869396,2.1080404687792846,46.120508474576276,3015.1"
"490117,Email Campaign,2024-01-29,Premium,Email,7312,676,55,4393.26,5675.83,2.58,9.24507658643326,8.136094674556213,1.2919403814024208,79.87745454545455,1282.5699999999997"
"165375,Referral Program,2024-01-29,New Users,Social Media,7580,825,41,1300.37,9699.51,2.13,10.883905013192612,4.96969696969697,7.459038581326854,31.716341463414633,8399.14"
"823389,New User Discount,2024-01-28,Premium,Email,6791,324,39,2506.68,3872.1,3.84,4.7710204682668245,12.037037037037036,1.5447125281248504,64.27384615384615,1365.42"
"147727,Weekend Special,2024-01-28,New Users,Social Media,4971,262,30,3338.79,5867.08,2.48,5.270569301951317,11.450381679389313,1.7572473860290705,111.29299999999999,2528.29"
"952231,Festival Offer,2024-01-28,Inactive,Email,4758,640,41,1699.36,2765.41,2.39,13.451029844472467,6.406249999999999,1.6273244044816872,41.44780487804878,1066.05"
"650676,Flash Sale,2024-01-28,All,Sms,1459,587,26,1863.35,3684.43,2.12,40.23303632625086,4.429301533219761,1.977315050849277,71.66730769230769,1821.08"
"422615,Membership Drive,2024-01-28,All,Sms,6429,626,25,1819.32,3636.35,3.3,9.73712863586872,3.993610223642172,1.998741287953741,72.7728,1817.03"
"133692,Category Promotion,2024-01-28,New Users,Social Media,2248,891,91,1791.34,3550.14,1.63,39.63523131672598,10.21324354657688,1.9818348275592574,19.685054945054944,1758.8"
"907493,App Push Notification,2024-01-28,Premium,App,1650,518,75,4815.24,6718.68,3.09,31.393939393939398,14.478764478764477,1.3952949385700402,64.2032,1903.4400000000005"
"640488,Email Campaign,2024-01-28,Premium,Sms,7790,981,49,3360.95,7718.86,1.72,12.593068035943517,4.994903160040775,2.2966304169951948,68.59081632653061,4357.91"
"56597,Referral Program,2024-01-28,Premium,Sms,4946,416,80,2868.11,4311.14,2.39,8.41083704003235,19.230769230769234,1.5031292384183312,35.851375000000004,1443.0300000000002"
"519276,New User Discount,2024-01-27,Inactive,Social Media,2388,767,15,3251.25,9317.81,1.96,32.11892797319933,1.955671447196871,2.8659161860822757,216.75,6066.5599999999995"
"338845,Weekend Special,2024-01-27,Premium,Sms,2430,667,97,2509.83,6977.65,1.73,27.44855967078189,14.54272863568216,2.780128534601945,25.874536082474226,4467.82"
"511002,Festival Offer,2024-01-27,All,App,9687,648,93,4592.76,8431.15,2.13,6.689377516258904,14.351851851851851,1.8357480033792315,49.384516129032264,3838.3899999999994"
"308799,Flash Sale,2024-01-27,Premium,Sms,2440,178,80,4527.05,2217.52,1.65,7.295081967213115,44.9438202247191,0.4898377530621486,56.588125000000005,-2309.53"
"982855,Membership Drive,2024-01-27,Inactive,Social Media,2427,592,67,2170.23,2769.67,1.61,24.392253811289656,11.317567567567567,1.276210355584431,32.39149253731343,599.44"
"219590,Category Promotion,2024-01-27,Inactive,Email,7262,761,97,1123.52,2145.33,3.18,10.479206830074359,12.746386333771353,1.90947201651951,11.582680412371134,1021.81"
"566022,App Push Notification,2024-01-27,Inactive,Social Media,3609,632,39,4827.3,2746.65,2.04,17.511776115267388,6.170886075949367,0.5689826611149089,123.77692307692308,-2080.65"
"427696,Email Campaign,2024-01-27,Inactive,Sms,9788,370,52,1782.74,2287.25,2.45,3.7801389456477317,14.054054054054054,1.2829969597361366,34.28346153846154,504.51"
"701056,Referral Program,2024-01-27,New Users,App,6381,366,55,4303.32,4554.14,2.08,5.7357780912082745,15.027322404371585,1.0582852309379736,78.24218181818182,250.82000000000062"
"983545,New User Discount,2024-01-26,Inactive,App,2027,321,41,2286.03,4200.9,2.58,15.836211149481993,12.77258566978193,1.837639925985223,55.75682926829269,1914.8699999999994"
"814923,Weekend Special,2024-01-26,All,Email,5084,622,30,1340.59,6128.43,3.57,12.234461054287962,4.823151125401929,4.571442424604093,44.68633333333333,4787.84"
"798547,Festival Offer,2024-01-26,Inactive,Sms,4215,360,77,3810.19,3270.37,3.44,8.540925266903916,21.38888888888889,0.8583220259357145,49.48298701298701,-539.8200000000002"
"537485,Flash Sale,2024-01-26,Premium,Sms,8625,378,12,3617.16,7283.86,3.44,4.3826086956521735,3.1746031746031744,2.0136958276659036,301.43,3666.7"
"181056,Membership Drive,2024-01-26,New Users,Sms,3807,506,56,2131.66,4020.78,2.12,13.291305489887051,11.067193675889328,1.886220128913617,38.06535714285714,1889.1200000000003"
"527224,Category Promotion,2024-01-26,Premium,Social Media,3837,951,65,2905.54,8309.5,3.69,24.784988272087567,6.8349106203995795,2.8598814678166535,44.70061538461538,5403.96"
"480513,App Push Notification,2024-01-26,Premium,Email,8006,613,23,1764.14,9034.27,2.19,7.656757431926055,3.7520391517128875,5.1210618204904375,76.70173913043479,7270.13"
"519640,Email Campaign,2024-01-26,New Users,App,2693,472,56,4224.12,3039.56,3.34,17.5269216487189,11.864406779661017,0.7195723606336941,75.43071428571429,-1184.56"
"952220,Referral Program,2024-01-26,Premium,Sms,4145,212,69,1642.93,8374.55,2.87,5.1145958986731,32.54716981132076,5.097326118580828,23.81057971014493,6731.619999999999"
"989545,New User Discount,2024-01-25,New Users,Social Media,3848,422,55,3188.79,5705.68,3.73,10.966735966735968,13.033175355450238,1.7892931174520743,57.978,2516.8900000000003"
"92014,Weekend Special,2024-01-25,Inactive,App,2090,305,37,4579.67,5863.75,2.31,14.5933014354067,12.131147540983607,1.2803870147849081,123.77486486486487,1284.08"
"67208,Festival Offer,2024-01-25,Inactive,App,6898,665,36,4333.08,8167.11,3.86,9.64047550014497,5.413533834586466,1.8848278822454236,120.36333333333333,3834.0299999999997"
"481401,Flash Sale,2024-01-25,All,App,2124,327,47,2662.49,7003.86,2.12,15.3954802259887,14.37308868501529,2.6305676265450764,56.648723404255314,4341.37"
"171569,Membership Drive,2024-01-25,All,App,2045,150,55,4628.94,2793.4,1.88,7.334963325183375,36.666666666666664,0.6034642920409425,84.16254545454545,-1835.5399999999995"
"123320,Category Promotion,2024-01-25,Premium,Sms,6254,466,36,3782.4,8349.81,3.09,7.451231212024305,7.725321888412018,2.2075428299492383,105.06666666666666,4567.41"
"831284,App Push Notification,2024-01-25,New Users,Email,4259,794,24,1877.1,5013.21,2.37,18.642873914064335,3.022670025188917,2.6707207927121623,78.21249999999999,3136.11"
"489333,Email Campaign,2024-01-25,New Users,Social Media,3501,997,88,3639.02,3107.34,3.48,28.47757783490431,8.826479438314944,0.8538947298998082,41.3525,-531.6799999999998"
"748477,Referral Program,2024-01-25,All,Social Media,2610,766,56,4622.33,5973.15,3.73,29.34865900383142,7.310704960835509,1.29223789733749,82.54160714285715,1350.8199999999997"
"22970,New User Discount,2024-01-24,New Users,Social Media,7294,677,20,1030.24,5705.55,2.68,9.28160131615026,2.954209748892171,5.53807850597919,51.512,4675.31"
"754604,Weekend Special,2024-01-24,Inactive,App,3475,461,44,4364.65,7451.5,2.48,13.266187050359711,9.544468546637743,1.7072388393112852,99.1965909090909,3086.8500000000004"
"771743,Festival Offer,2024-01-24,New Users,Email,1882,217,98,1743.58,2541.18,2.57,11.53028692879915,45.16129032258064,1.4574496151596141,17.791632653061225,797.5999999999999"
"149502,Flash Sale,2024-01-24,All,Sms,1119,151,91,3540.21,3172.87,2.44,13.494191242180516,60.264900662251655,0.8962377938031925,38.903406593406594,-367.34000000000015"
"39416,Membership Drive,2024-01-24,Premium,Sms,1867,823,72,1922.26,4140.24,1.85,44.081414033208354,8.748481166464156,2.153839751126278,26.698055555555555,2217.9799999999996"
"195934,Category Promotion,2024-01-24,New Users,Email,7985,411,64,3685.87,4196.61,3.6,5.147150907952411,15.571776155717762,1.138567014029252,57.59171875,510.7399999999998"
"30242,App Push Notification,2024-01-24,New Users,Social Media,3303,571,58,1456.14,7310.01,3.71,17.287314562518922,10.157618213660244,5.020128559067122,25.105862068965518,5853.87"
"234195,Email Campaign,2024-01-24,All,App,4528,992,94,2890.44,6643.35,2.18,21.908127208480565,9.475806451612904,2.2983870967741935,30.74936170212766,3752.9100000000003"
"775294,Referral Program,2024-01-24,Inactive,Sms,4672,675,22,1475.71,8973.73,2.83,14.44777397260274,3.259259259259259,6.080957640728869,67.07772727272727,7498.0199999999995"
"144186,New User Discount,2024-01-23,New Users,Email,2467,372,88,3584.36,5519.34,3.88,15.079043372517228,23.655913978494624,1.539839748239574,40.73136363636364,1934.98"
"911657,Weekend Special,2024-01-23,Premium,Email,1429,352,36,1141.99,9029.82,1.94,24.632610216934918,10.227272727272728,7.907092006059598,31.721944444444446,7887.83"
"685193,Festival Offer,2024-01-23,New Users,Sms,5627,455,24,1870.2,5724.79,2.83,8.08601386173805,5.274725274725275,3.0610576408940218,77.925,3854.59"
"150268,Flash Sale,2024-01-23,All,Sms,6844,221,48,1468.16,4959.62,3.19,3.2291057860900056,21.71945701357466,3.3781195510026154,30.58666666666667,3491.46"
"668474,Membership Drive,2024-01-23,Inactive,Sms,5088,712,74,2677.92,3455.4,3.55,13.9937106918239,10.393258426966293,1.2903298082093566,36.18810810810811,777.48"
"324412,Category Promotion,2024-01-23,New Users,Social Media,3108,536,82,1999.66,2766.71,2.37,17.245817245817246,15.298507462686567,1.3835902103357571,24.38609756097561,767.05"
"904936,App Push Notification,2024-01-23,Premium,Email,3233,254,56,1140.7,5280.02,2.71,7.856480049489638,22.04724409448819,4.628754273691593,20.369642857142857,4139.320000000001"
"146007,Email Campaign,2024-01-23,New Users,App,8836,421,57,1589.0,7130.13,2.1,4.764599366229063,13.539192399049881,4.487180616740088,27.87719298245614,5541.13"
"434842,Referral Program,2024-01-23,New Users,Sms,7127,674,96,4215.54,7881.17,3.98,9.456994527851831,14.243323442136498,1.8695517063057165,43.911875,3665.63"
"76407,New User Discount,2024-01-22,New Users,Email,2288,705,22,4923.25,2398.11,2.11,30.812937062937063,3.120567375886525,0.4870989691768649,223.7840909090909,-2525.14"
"126544,Weekend Special,2024-01-22,Inactive,Sms,7749,489,92,3966.18,7440.33,2.93,6.310491676345335,18.813905930470348,1.875943603164758,43.11065217391304,3474.15"
"193975,Festival Offer,2024-01-22,Premium,Sms,1293,211,14,3056.63,5321.67,2.22,16.318638824439287,6.6350710900473935,1.741025246758685,218.3307142857143,2265.04"
"779336,Flash Sale,2024-01-22,Inactive,App,9958,941,17,4860.58,2280.41,3.11,9.449688692508536,1.8065887353878853,0.46916417382287706,285.9164705882353,-2580.17"
"57325,Membership Drive,2024-01-22,Inactive,Social Media,7439,173,30,1089.39,9691.22,2.73,2.3255813953488373,17.341040462427745,8.896006021718575,36.313,8601.83"
"981064,Category Promotion,2024-01-22,New Users,Social Media,7112,231,92,1103.41,7178.46,2.94,3.2480314960629917,39.82683982683983,6.5057050416436315,11.99358695652174,6075.05"
"58459,App Push Notification,2024-01-22,All,App,5070,203,88,4098.57,5500.96,3.76,4.003944773175543,43.34975369458128,1.3421656821769545,46.57465909090909,1402.3900000000003"
"746951,Email Campaign,2024-01-22,All,Email,6888,798,66,2490.68,8226.59,3.14,11.585365853658537,8.270676691729323,3.3029493953458497,37.737575757575755,5735.91"
"274731,Referral Program,2024-01-22,Inactive,Sms,6414,565,83,4303.44,6179.95,2.66,8.808855628313065,14.690265486725664,1.4360488353503245,51.84867469879518,1876.5100000000002"
"702015,New User Discount,2024-01-21,Premium,Social Media,4073,698,44,4239.44,3164.85,3.12,17.13724527375399,6.303724928366762,0.7465254844979526,96.35090909090908,-1074.5899999999997"
"396622,Weekend Special,2024-01-21,New Users,Email,5611,901,83,4659.83,9418.14,2.92,16.05774371769738,9.211986681465039,2.0211338181865,56.14253012048193,4758.3099999999995"
"424066,Festival Offer,2024-01-21,All,App,3230,749,37,2002.95,6803.4,2.92,23.188854489164086,4.939919893190922,3.3966898824234253,54.133783783783784,4800.45"
"756332,Flash Sale,2024-01-21,Premium,Social Media,1711,853,57,1441.64,7532.42,3.03,49.85388661601402,6.682297772567409,5.2248966454870835,25.291929824561404,6090.78"
"799847,Membership Drive,2024-01-21,Inactive,Social Media,8518,351,48,4671.6,8530.4,2.42,4.120685606949989,13.675213675213676,1.826012501070297,97.325,3858.7999999999993"
"822582,Category Promotion,2024-01-21,Inactive,Sms,7045,623,94,1595.55,9828.14,3.9,8.843151171043292,15.08828250401284,6.1597192190780605,16.973936170212767,8232.59"
"841684,App Push Notification,2024-01-21,Premium,App,1543,908,16,1729.1,6688.51,2.55,58.846403110823076,1.762114537444934,3.868203111445261,108.06875,4959.41"
"775086,Email Campaign,2024-01-21,Premium,App,4183,993,68,3528.84,3913.31,3.29,23.738943342098974,6.847935548841893,1.1089508166989719,51.894705882352945,384.4699999999998"
"754300,Referral Program,2024-01-21,Inactive,Sms,8576,122,66,2062.71,3777.19,1.85,1.4225746268656716,54.09836065573771,1.8311784012294505,31.25318181818182,1714.48"
"449822,New User Discount,2024-01-20,Inactive,App,3016,649,98,1709.46,5833.62,1.87,21.518567639257295,15.10015408320493,3.4125513319995786,17.4434693877551,4124.16"
"312110,Weekend Special,2024-01-20,Inactive,Sms,5496,526,99,3221.52,7884.88,2.7,9.570596797671033,18.8212927756654,2.4475651245374856,32.54060606060606,4663.360000000001"
"722136,Festival Offer,2024-01-20,Premium,Email,2822,925,55,1823.31,6615.58,3.97,32.778171509567684,5.9459459459459465,3.628335280341796,33.15109090909091,4792.27"
"844551,Flash Sale,2024-01-20,Premium,Email,4808,208,18,4854.56,3271.21,2.21,4.326123128119801,8.653846153846153,0.67384273754985,269.6977777777778,-1583.3500000000004"
"484254,Membership Drive,2024-01-20,All,App,5901,585,74,4356.5,2753.63,2.94,9.913573970513474,12.649572649572649,0.6320739125444738,58.87162162162162,-1602.87"
"117816,Category Promotion,2024-01-20,Premium,Email,5633,876,82,4289.46,4461.97,3.5,15.55121604828688,9.360730593607306,1.0402171835149414,52.31048780487805,172.51000000000022"
"175472,App Push Notification,2024-01-20,New Users,Sms,2906,596,89,4577.3,4359.12,3.78,20.50929112181693,14.93288590604027,0.9523343455749022,51.43033707865169,-218.1800000000003"
"610198,Email Campaign,2024-01-20,New Users,App,7758,931,53,4293.73,5883.83,2.25,12.0005155968033,5.692803437164339,1.3703306914966709,81.01377358490565,1590.1000000000004"
"544595,Referral Program,2024-01-20,Inactive,Social Media,8117,646,79,1727.52,9404.79,2.13,7.958605396082296,12.229102167182662,5.444099055293138,21.8673417721519,7677.27"
"79110,New User Discount,2024-01-19,All,Email,6797,933,82,1481.47,7297.06,1.62,13.726644107694572,8.788853161843516,4.925553673040966,18.06670731707317,5815.59"
"61001,Weekend Special,2024-01-19,All,Sms,1823,393,38,2446.83,8409.55,2.18,21.557871640153593,9.669211195928753,3.4369163366478257,64.39026315789474,5962.719999999999"
"326662,Festival Offer,2024-01-19,All,Email,5456,563,30,4521.5,6368.59,1.66,10.318914956011731,5.328596802841918,1.408512661727303,150.71666666666667,1847.0900000000001"
"127093,Flash Sale,2024-01-19,Premium,Email,5560,821,20,4933.56,5928.46,1.67,14.766187050359711,2.4360535931790497,1.2016596534753807,246.67800000000003,994.8999999999996"
"350227,Membership Drive,2024-01-19,Premium,Sms,3893,407,42,3110.13,2248.77,2.51,10.45466221423067,10.319410319410318,0.7230469465906569,74.05071428571429,-861.3600000000001"
"856112,Category Promotion,2024-01-19,Premium,Email,3541,203,92,1535.59,7574.02,3.35,5.732843829426716,45.320197044334975,4.932319173737782,16.691195652173914,6038.43"
"894649,App Push Notification,2024-01-19,New Users,App,2282,636,42,4331.98,5993.75,3.82,27.870289219982467,6.60377358490566,1.3836051874662396,103.14238095238095,1661.7700000000004"
"284835,Email Campaign,2024-01-19,New Users,Email,8116,784,78,1403.75,7632.99,2.54,9.659931000492854,9.948979591836734,5.437570792520035,17.996794871794872,6229.24"
"71078,Referral Program,2024-01-19,Inactive,Social Media,7034,297,38,1826.24,3322.4,2.61,4.222348592550469,12.794612794612794,1.8192570527422465,48.05894736842105,1496.16"
"741266,New User Discount,2024-01-18,New Users,Sms,6589,160,48,2490.98,9719.69,3.46,2.4282895735316434,30.0,3.9019542509373824,51.89541666666667,7228.710000000001"
"250629,Weekend Special,2024-01-18,New Users,Sms,4571,829,94,1837.23,3839.93,2.21,18.13607525705535,11.338962605548854,2.090064934711495,19.545,2002.6999999999998"
"238928,Festival Offer,2024-01-18,Inactive,App,6696,477,86,2991.02,8294.33,3.85,7.123655913978495,18.029350104821802,2.773077411719079,34.7793023255814,5303.3099999999995"
"197296,Flash Sale,2024-01-18,Inactive,Email,2875,606,28,3536.31,5894.97,2.87,21.07826086956522,4.62046204620462,1.666983380981871,126.29678571428572,2358.6600000000003"
"416285,Membership Drive,2024-01-18,Premium,App,8269,212,39,3252.6,8254.13,1.77,2.5637924779296166,18.39622641509434,2.537702145975527,83.39999999999999,5001.529999999999"
"501490,Category Promotion,2024-01-18,Inactive,Sms,4065,765,38,2928.03,6464.15,3.75,18.81918819188192,4.967320261437909,2.207678883071553,77.05342105263158,3536.1199999999994"
"833561,App Push Notification,2024-01-18,All,Sms,1452,521,61,1017.16,3521.31,2.46,35.88154269972452,11.708253358925145,3.461903731959574,16.674754098360655,2504.15"
"721672,Email Campaign,2024-01-18,New Users,Sms,5960,297,95,3195.01,5159.67,3.93,4.983221476510067,31.986531986531986,1.6149151332859677,33.631684210526316,1964.6599999999999"
"630017,Referral Program,2024-01-18,Premium,Sms,6879,310,45,4306.27,3149.0,2.71,4.506468963512138,14.516129032258066,0.7312593032949628,95.6948888888889,-1157.2700000000004"
"932966,New User Discount,2024-01-17,All,App,7828,830,41,3179.42,5070.31,3.58,10.602963719979561,4.9397590361445785,1.5947279692522536,77.54682926829268,1890.8900000000003"
"854453,Weekend Special,2024-01-17,Premium,Social Media,9700,894,84,3820.86,3129.44,3.94,9.216494845360824,9.395973154362416,0.8190407395193752,45.486428571428576,-691.4200000000001"
"43278,Festival Offer,2024-01-17,Inactive,App,8266,805,59,3810.12,8723.62,2.25,9.738688603919671,7.329192546583851,2.2895919288631332,64.57830508474576,4913.500000000001"
"765753,Flash Sale,2024-01-17,Premium,App,2938,793,13,1616.2,4148.32,1.81,26.991150442477874,1.639344262295082,2.5667120405890356,124.32307692307693,2532.12"
"93593,Membership Drive,2024-01-17,All,Social Media,2271,303,28,1583.49,7333.4,3.24,13.34214002642008,9.24092409240924,4.631162811258675,56.55321428571428,5749.91"
"951717,Category Promotion,2024-01-17,New Users,App,2396,725,25,3537.65,8547.07,3.31,30.258764607679467,3.4482758620689653,2.41603041567142,141.506,5009.42"
"105853,App Push Notification,2024-01-17,All,Email,4132,183,59,3234.9,7372.54,3.91,4.428848015488867,32.240437158469945,2.2790627221861572,54.828813559322036,4137.639999999999"
"687004,Email Campaign,2024-01-17,All,App,7989,719,49,3518.56,8986.91,2.29,8.999874827888346,6.815020862308763,2.5541443090355145,71.80734693877551,5468.35"
"242958,Referral Program,2024-01-17,New Users,Email,8371,759,73,2316.8,3182.6,2.98,9.067017082785808,9.617918313570488,1.3737051104972373,31.736986301369864,865.7999999999997"
"148234,New User Discount,2024-01-16,New Users,Sms,2054,550,39,4818.36,4395.44,3.09,26.777020447906523,7.090909090909091,0.9122273968736251,123.5476923076923,-422.9200000000001"
"222915,Weekend Special,2024-01-16,New Users,Sms,6411,720,25,3504.42,5283.15,3.77,11.230697239120262,3.4722222222222223,1.5075675860770112,140.17680000000001,1778.7299999999996"
"88903,Festival Offer,2024-01-16,All,Social Media,1951,673,37,2232.42,2087.52,1.77,34.495130702203994,5.49777117384844,0.9350928588706425,60.33567567567568,-144.9000000000001"
"832031,Flash Sale,2024-01-16,Premium,Email,3638,158,14,2944.18,7561.4,3.3,4.34304562946674,8.860759493670885,2.5682532997303156,210.29857142857142,4617.219999999999"
"665953,Membership Drive,2024-01-16,Premium,Social Media,9972,955,22,3567.81,3200.42,3.46,9.576815082230244,2.3036649214659684,0.8970264672165839,162.1731818181818,-367.3899999999999"
"490812,Category Promotion,2024-01-16,All,Email,1918,308,57,3150.05,9714.45,3.52,16.05839416058394,18.506493506493506,3.083903430104284,55.2640350877193,6564.400000000001"
"447080,App Push Notification,2024-01-16,Inactive,Sms,5967,320,78,2173.06,7394.68,3.17,5.362828892240657,24.375,3.4028880932878063,27.85974358974359,5221.620000000001"
"143947,Email Campaign,2024-01-16,Inactive,Sms,2929,907,65,4402.84,3449.92,2.13,30.96620006828269,7.166482910694598,0.7835669704100081,67.736,-952.9200000000001"
"855664,Referral Program,2024-01-16,All,Email,7546,128,17,1950.4,7012.29,3.76,1.6962629207527165,13.28125,3.5953086546349464,114.72941176470589,5061.889999999999"
"206956,New User Discount,2024-01-15,All,App,6097,896,34,4494.18,9745.84,2.49,14.695752009184845,3.7946428571428568,2.1685468761820843,132.18176470588236,5251.66"
"518663,Weekend Special,2024-01-15,Inactive,Email,5560,161,34,2575.73,7750.67,3.82,2.89568345323741,21.11801242236025,3.0091158622992316,75.75676470588235,5174.9400000000005"
"852534,Festival Offer,2024-01-15,Premium,App,3810,500,48,2032.86,4901.26,3.01,13.123359580052494,9.6,2.411016990840491,42.35125,2868.4000000000005"
"274268,Flash Sale,2024-01-15,Premium,App,7052,783,49,1934.25,3134.36,1.82,11.10323312535451,6.257982120051085,1.620452371720305,39.474489795918366,1200.1100000000001"
"886791,Membership Drive,2024-01-15,Premium,Social Media,4608,680,23,4207.51,9354.21,3.16,14.756944444444445,3.3823529411764706,2.223217532459816,182.93521739130435,5146.699999999999"
"935956,Category Promotion,2024-01-15,New Users,App,1197,646,57,3431.85,6518.24,1.71,53.96825396825397,8.823529411764707,1.89933709223888,60.20789473684211,3086.39"
"534114,App Push Notification,2024-01-15,Inactive,Sms,5579,637,48,3748.5,9011.59,1.94,11.417816813048933,7.535321821036106,2.4040522875816994,78.09375,5263.09"
"226117,Email Campaign,2024-01-15,Premium,Email,3658,340,58,1583.43,2837.99,3.0,9.294696555494806,17.058823529411764,1.7923053118862216,27.30051724137931,1254.5599999999997"
"775591,Referral Program,2024-01-15,Inactive,Sms,2277,804,82,1871.36,7015.18,3.93,35.30961791831357,10.199004975124378,3.7487068228454175,22.821463414634145,5143.820000000001"
"248007,New User Discount,2024-01-14,Premium,App,4452,727,74,2163.57,5532.55,2.88,16.329739442946988,10.178817056396149,2.5571393576357595,29.237432432432435,3368.98"
"812711,Weekend Special,2024-01-14,New Users,App,8527,629,33,1485.25,6754.76,3.66,7.3765685469684525,5.246422893481717,4.547894293889918,45.00757575757576,5269.51"
"861338,Festival Offer,2024-01-14,Premium,Social Media,1085,638,48,4352.75,6022.57,3.81,58.80184331797235,7.523510971786834,1.3836241456550455,90.68229166666667,1669.8199999999997"
"143075,Flash Sale,2024-01-14,All,App,3921,251,99,4676.31,5020.39,3.08,6.401428207090028,39.44223107569721,1.0735793820341253,47.23545454545455,344.0799999999999"
"267079,Membership Drive,2024-01-14,New Users,Email,1147,800,99,4727.2,9748.57,3.59,69.74716652136007,12.375,2.062229226603486,47.749494949494945,5021.37"
"757376,Category Promotion,2024-01-14,All,App,6406,459,52,4317.64,4416.16,1.83,7.165157664689353,11.328976034858387,1.0228180209558924,83.03153846153847,98.51999999999953"
"44684,App Push Notification,2024-01-14,Premium,Sms,2745,236,84,1456.71,7139.62,3.95,8.597449908925318,35.59322033898305,4.901195158954081,17.341785714285713,5682.91"
"858661,Email Campaign,2024-01-14,New Users,App,3348,694,87,4341.3,9213.32,3.36,20.72879330943847,12.536023054755043,2.122249095892935,49.9,4872.0199999999995"
"518410,Referral Program,2024-01-14,All,Social Media,1991,967,80,2373.01,3215.78,3.49,48.568558513309895,8.273009307135471,1.355148103042128,29.662625000000002,842.77"
"76427,New User Discount,2024-01-13,Premium,Email,7880,481,100,2961.8,8880.71,2.33,6.104060913705584,20.79002079002079,2.9984165034776145,29.618000000000002,5918.909999999999"
"818893,Weekend Special,2024-01-13,New Users,Social Media,9192,793,83,2186.96,8027.68,3.88,8.627067014795474,10.466582597730138,3.670702710611991,26.348915662650604,5840.72"
"701915,Festival Offer,2024-01-13,New Users,App,8480,852,42,4513.72,4785.34,3.53,10.047169811320755,4.929577464788732,1.0601765284510336,107.46952380952382,271.6199999999999"
"614369,Flash Sale,2024-01-13,Inactive,Email,1970,719,13,4339.37,5347.82,3.93,36.49746192893401,1.808066759388039,1.2323954859806838,333.7976923076923,1008.4499999999998"
"272335,Membership Drive,2024-01-13,Inactive,Sms,4043,795,31,2511.57,6726.25,3.8,19.663616126638633,3.89937106918239,2.6781057266968467,81.0183870967742,4214.68"
"978223,Category Promotion,2024-01-13,Inactive,Sms,8307,482,20,2702.15,6900.92,3.84,5.8023353798001684,4.149377593360995,2.553862664914975,135.10750000000002,4198.77"
"224613,App Push Notification,2024-01-13,Inactive,Email,4425,916,77,4954.62,3670.38,2.33,20.70056497175141,8.406113537117903,0.7407994962277632,64.34571428571428,-1284.2399999999998"
"51032,Email Campaign,2024-01-13,Premium,App,6681,764,64,2166.84,4162.17,1.96,11.435413860200569,8.37696335078534,1.9208478706318879,33.856875,1995.33"
"128196,Referral Program,2024-01-13,All,Sms,3562,670,85,3034.11,2549.48,1.6,18.809657495788883,12.686567164179104,0.8402727653249222,35.69541176470588,-484.6300000000001"
"44995,New User Discount,2024-01-12,New Users,App,8492,555,44,4186.96,9300.46,3.94,6.535562882713142,7.927927927927928,2.2212918203183216,95.15818181818182,5113.499999999999"
"294232,Weekend Special,2024-01-12,Inactive,Sms,4619,591,61,1647.83,2626.4,2.59,12.794977267806884,10.321489001692047,1.5938537349119752,27.01360655737705,978.5700000000002"
"781860,Festival Offer,2024-01-12,Inactive,Sms,7724,806,27,2636.78,5763.29,3.26,10.435007767995858,3.3498759305210917,2.185730322590432,97.65851851851852,3126.5099999999998"
"173686,Flash Sale,2024-01-12,New Users,Sms,4450,537,64,4525.12,6089.65,3.66,12.067415730337078,11.91806331471136,1.3457433173042925,70.705,1564.5299999999997"
"437253,Membership Drive,2024-01-12,All,Sms,2852,691,30,1172.03,6635.22,1.88,24.228611500701263,4.341534008683068,5.661305597979574,39.06766666666667,5463.1900000000005"
"948324,Category Promotion,2024-01-12,All,App,2897,304,62,4474.2,2266.26,3.44,10.493614083534691,20.394736842105264,0.5065173662330696,72.16451612903225,-2207.9399999999996"
"659873,App Push Notification,2024-01-12,Premium,Email,6239,748,31,1932.46,6033.74,2.85,11.989100817438691,4.144385026737968,3.1223104229841754,62.33741935483871,4101.28"
"159637,Email Campaign,2024-01-12,New Users,Social Media,8523,144,15,1325.84,2892.64,3.28,1.689545934530095,10.416666666666668,2.181741386592651,88.38933333333333,1566.8"
"575395,Referral Program,2024-01-12,All,Sms,8578,186,47,3093.53,6806.45,2.93,2.168337607833994,25.268817204301076,2.200221106632229,65.81978723404255,3712.9199999999996"
"449505,New User Discount,2024-01-11,New Users,Email,3360,755,35,4270.82,3158.53,2.5,22.470238095238095,4.635761589403973,0.7395605527744088,122.02342857142857,-1112.2899999999995"
"619450,Weekend Special,2024-01-11,Premium,App,2205,527,68,4274.75,6006.35,3.1,23.900226757369612,12.903225806451612,1.4050763202526464,62.8639705882353,1731.6000000000004"
"409830,Festival Offer,2024-01-11,All,Social Media,8916,261,67,4814.17,3469.35,1.98,2.9273216689098254,25.67049808429119,0.7206538198692609,71.85328358208956,-1344.8200000000002"
"162569,Flash Sale,2024-01-11,All,Email,1558,727,44,4378.59,3603.04,1.51,46.662387676508345,6.052269601100413,0.8228767708326196,99.5134090909091,-775.5500000000002"
"220343,Membership Drive,2024-01-11,New Users,Social Media,9777,994,81,2607.38,2976.85,1.52,10.166717807098292,8.148893360160967,1.1417016315228312,32.18987654320988,369.4699999999998"
"655868,Category Promotion,2024-01-11,New Users,Email,4756,670,61,3510.33,8818.44,1.84,14.087468460891506,9.104477611940299,2.512139884284384,57.54639344262295,5308.110000000001"
"834878,App Push Notification,2024-01-11,Inactive,Social Media,8843,119,66,3009.34,6421.91,3.59,1.3456971615967432,55.46218487394958,2.133992835638379,45.59606060606061,3412.5699999999997"
"666226,Email Campaign,2024-01-11,Inactive,Sms,8860,652,56,1130.97,7607.6,2.3,7.358916478555305,8.588957055214724,6.726615206415731,20.19589285714286,6476.63"
"122657,Referral Program,2024-01-11,Premium,Email,9941,581,23,2706.39,6117.85,2.18,5.84448244643396,3.9586919104991396,2.2605204719201595,117.6691304347826,3411.4600000000005"
"502983,New User Discount,2024-01-10,Premium,Sms,7561,705,53,4855.26,3785.19,2.92,9.324163470440418,7.5177304964539005,0.7796060355161206,91.60867924528303,-1070.0700000000002"
"523873,Weekend Special,2024-01-10,All,Social Media,7517,987,36,1103.93,9178.13,3.58,13.130238126912333,3.64741641337386,8.31405070973703,30.664722222222224,8074.199999999999"
"404103,Festival Offer,2024-01-10,New Users,Sms,1581,156,74,1592.22,7511.57,1.61,9.867172675521822,47.43589743589743,4.71767092487219,21.516486486486485,5919.349999999999"
"670150,Flash Sale,2024-01-10,All,Social Media,4446,715,79,3601.41,4563.55,2.28,16.08187134502924,11.048951048951048,1.267156474825138,45.58746835443038,962.1400000000003"
"157866,Membership Drive,2024-01-10,New Users,App,3538,940,75,2515.83,2474.8,1.79,26.568682871678917,7.9787234042553195,0.9836912668980019,33.544399999999996,-41.029999999999745"
"281799,Category Promotion,2024-01-10,Premium,Email,5565,826,50,3425.01,2359.65,2.32,14.842767295597485,6.053268765133172,0.6889468935857122,68.5002,-1065.3600000000001"
"382622,App Push Notification,2024-01-10,Inactive,App,3799,124,32,3938.6,4018.14,3.07,3.264016846538563,25.806451612903224,1.0201949931447722,123.08125,79.53999999999996"
"81600,Email Campaign,2024-01-10,New Users,Sms,1146,912,12,1156.31,3865.04,2.38,79.58115183246073,1.3157894736842104,3.3425638453355937,96.35916666666667,2708.73"
"984295,Referral Program,2024-01-10,Inactive,App,5875,862,93,4067.05,2316.31,3.25,14.672340425531916,10.788863109048725,0.569530740954746,43.73172043010753,-1750.7400000000002"
"156487,New User Discount,2024-01-09,Inactive,Email,7131,875,58,3953.57,7849.28,3.75,12.2703688122283,6.628571428571428,1.9853651256965221,68.165,3895.7099999999996"
"11880,Weekend Special,2024-01-09,All,Email,3636,928,11,2470.75,4370.14,1.91,25.522552255225524,1.1853448275862069,1.7687503794394417,224.61363636363637,1899.3900000000003"
"688485,Festival Offer,2024-01-09,All,App,5281,813,53,4381.33,4480.57,3.0,15.394811588714258,6.519065190651907,1.0226506563075595,82.66660377358491,99.23999999999978"
"541350,Flash Sale,2024-01-09,Premium,Sms,2203,537,49,4260.69,3319.63,2.46,24.375851112119836,9.124767225325884,0.7791296714851351,86.95285714285714,-941.0599999999995"
"788073,Membership Drive,2024-01-09,New Users,Sms,3206,966,18,1761.0,9793.61,1.73,30.131004366812224,1.8633540372670807,5.561391254968768,97.83333333333333,8032.610000000001"
"575835,Category Promotion,2024-01-09,All,Sms,5362,574,62,2139.28,6182.96,3.18,10.704960835509137,10.801393728222997,2.890206050633858,34.50451612903226,4043.68"
"747767,App Push Notification,2024-01-09,Premium,Sms,4988,380,36,4806.84,5281.03,2.24,7.618283881315156,9.473684210526317,1.0986490084962262,133.52333333333334,474.1899999999996"
"358975,Email Campaign,2024-01-09,New Users,App,1834,145,53,2638.64,9436.54,3.17,7.9062159214830965,36.55172413793103,3.576289300548768,49.78566037735849,6797.9000000000015"
"192859,Referral Program,2024-01-09,All,Email,2207,429,37,2387.57,8605.8,2.93,19.438151336656095,8.624708624708624,3.60441788094171,64.52891891891892,6218.23"
"586559,New User Discount,2024-01-08,All,App,1147,445,38,3395.67,7007.7,1.8,38.79686137750654,8.539325842696629,2.063716438876569,89.35973684210526,3612.0299999999997"
"238012,Weekend Special,2024-01-08,New Users,Social Media,5475,903,15,3458.33,8524.98,2.0,16.493150684931507,1.6611295681063125,2.465056833789719,230.55533333333332,5066.65"
"343938,Festival Offer,2024-01-08,All,App,9741,501,16,4204.28,3376.62,2.88,5.143209116107176,3.1936127744510974,0.8031387062707527,262.7675,-827.6599999999999"
"233812,Flash Sale,2024-01-08,Premium,Social Media,3047,615,31,1271.59,3204.38,2.84,20.183787331801774,5.040650406504065,2.519978924024253,41.01903225806451,1932.7900000000002"
"845702,Membership Drive,2024-01-08,Inactive,Social Media,2281,320,35,2061.99,3994.19,1.81,14.028934677772906,10.9375,1.9370559508048053,58.913999999999994,1932.2000000000003"
"299375,Category Promotion,2024-01-08,Premium,App,9049,928,59,3500.7,5723.33,3.59,10.255276826168638,6.357758620689655,1.6349101608249779,59.333898305084745,2222.63"
"509948,App Push Notification,2024-01-08,Premium,Social Media,2811,269,56,4101.46,7448.05,2.37,9.569548203486304,20.817843866171003,1.8159509052873855,73.24035714285715,3346.59"
"633839,Email Campaign,2024-01-08,All,Sms,2877,231,52,4293.35,3378.49,3.57,8.02919708029197,22.51082251082251,0.7869123178869646,82.56442307692308,-914.8600000000006"
"666791,Referral Program,2024-01-08,New Users,Sms,9125,939,96,2145.45,7722.57,3.5,10.29041095890411,10.223642172523961,3.5995105921834583,22.3484375,5577.12"
"66016,New User Discount,2024-01-07,New Users,Social Media,3114,145,40,3548.01,2065.71,3.75,4.6563904945407835,27.586206896551722,0.5822165101000278,88.70025000000001,-1482.3000000000002"
"627863,Weekend Special,2024-01-07,Premium,App,1467,969,27,2726.89,6698.39,3.48,66.05316973415133,2.786377708978328,2.456421051087503,100.99592592592592,3971.5000000000005"
"152369,Festival Offer,2024-01-07,Premium,Social Media,7811,862,77,2589.32,7710.36,2.32,11.03571885802074,8.932714617169374,2.977754777316052,33.62753246753247,5121.039999999999"
"430194,Flash Sale,2024-01-07,New Users,App,3777,840,89,1496.57,2241.58,3.59,22.23987291501191,10.595238095238095,1.4978116626686355,16.815393258426965,745.01"
"434732,Membership Drive,2024-01-07,All,App,5932,419,89,4320.6,4126.88,3.66,7.063385030343898,21.241050119331742,0.9551636346803685,48.54606741573034,-193.72000000000025"
"59157,Category Promotion,2024-01-07,All,App,6797,587,97,3058.87,2304.46,3.04,8.636163013094011,16.524701873935264,0.7533697084217374,31.534742268041235,-754.4099999999999"
"951586,App Push Notification,2024-01-07,All,Sms,6959,720,20,3369.11,3604.87,2.21,10.346314125592757,2.7777777777777777,1.0699769375294959,168.4555,235.75999999999976"
"636480,Email Campaign,2024-01-07,Inactive,Sms,6623,649,30,3997.94,8797.88,2.53,9.799184659519856,4.622496147919876,2.200603310705013,133.26466666666667,4799.939999999999"
"54353,Referral Program,2024-01-07,All,Social Media,2788,233,75,2217.59,7554.83,2.72,8.357245337159254,32.18884120171674,3.4067749223255874,29.567866666666667,5337.24"
"396960,New User Discount,2024-01-06,Premium,App,6306,733,63,2035.91,9527.95,3.21,11.62385030130035,8.594815825375171,4.679946559523751,32.31603174603175,7492.040000000001"
"309714,Weekend Special,2024-01-06,Premium,App,1034,467,41,2209.12,2445.67,1.69,45.16441005802708,8.779443254817988,1.107078836821902,53.88097560975609,236.55000000000018"
"403530,Festival Offer,2024-01-06,All,App,9845,735,49,3503.85,8850.87,1.51,7.465718638902996,6.666666666666667,2.5260413545100393,71.50714285714285,5347.02"
"465804,Flash Sale,2024-01-06,New Users,Social Media,6628,346,77,2418.62,3591.11,1.77,5.220277610138805,22.254335260115607,1.4847764427648826,31.41064935064935,1172.4900000000002"
"318200,Membership Drive,2024-01-06,New Users,Sms,8225,404,45,4561.73,7726.56,2.79,4.911854103343465,11.138613861386139,1.6937784568573768,101.37177777777777,3164.830000000001"
"352736,Category Promotion,2024-01-06,Inactive,App,7538,159,63,1135.21,6872.38,3.31,2.1093128150703104,39.62264150943396,6.0538402586305615,18.01920634920635,5737.17"
"15274,App Push Notification,2024-01-06,Inactive,Social Media,6352,106,23,2355.63,5374.33,2.77,1.6687657430730478,21.69811320754717,2.2814830852043824,102.41869565217392,3018.7"
"738748,Email Campaign,2024-01-06,Inactive,Sms,6854,700,70,1715.19,8419.27,2.38,10.213014298220017,10.0,4.908651519656715,24.502714285714287,6704.08"
"767570,Referral Program,2024-01-06,Premium,Social Media,4963,313,44,2476.22,2533.2,2.29,6.306669353213781,14.057507987220447,1.0230108794856676,56.27772727272727,56.98000000000002"
"573627,New User Discount,2024-01-05,New Users,Sms,3475,300,100,3927.42,9820.65,1.59,8.633093525179856,33.33333333333333,2.500534702170891,39.2742,5893.23"
"168394,Weekend Special,2024-01-05,New Users,Social Media,3243,732,28,1548.02,3635.64,3.77,22.571692876965773,3.825136612021858,2.3485743078254804,55.28642857142857,2087.62"
"840300,Festival Offer,2024-01-05,All,App,5447,243,76,2623.48,3409.45,2.65,4.461171286946943,31.275720164609055,1.2995906200923963,34.519473684210524,785.9699999999998"
"466430,Flash Sale,2024-01-05,New Users,Sms,1933,743,80,3073.09,5348.34,1.99,38.43766166580445,10.767160161507402,1.740378576611814,38.413625,2275.25"
"352001,Membership Drive,2024-01-05,Premium,App,2692,753,27,2796.51,3305.01,2.64,27.971768202080238,3.5856573705179287,1.181833785682869,103.57444444444445,508.5"
"179831,Category Promotion,2024-01-05,Premium,Sms,7654,899,74,1960.11,8611.94,3.02,11.74549255291351,8.231368186874304,4.393600359163517,26.487972972972972,6651.830000000001"
"781963,App Push Notification,2024-01-05,Premium,App,2360,615,84,2401.54,8749.45,1.66,26.059322033898308,13.658536585365855,3.643266404057397,28.589761904761904,6347.910000000001"
"19099,Email Campaign,2024-01-05,Premium,App,5257,619,29,3597.16,7778.16,3.47,11.774776488491536,4.68497576736672,2.1623058190350166,124.03999999999999,4181.0"
"581816,Referral Program,2024-01-05,Premium,Sms,2033,652,45,4225.84,2348.98,1.95,32.07083128381702,6.901840490797547,0.5558610832402552,93.90755555555556,-1876.8600000000001"
"574823,New User Discount,2024-01-04,Inactive,Email,8540,148,27,3498.87,4227.69,3.25,1.7330210772833723,18.243243243243242,1.2083015373534884,129.58777777777777,728.8199999999997"
"207011,Weekend Special,2024-01-04,Premium,Sms,3841,389,98,4848.66,5918.23,3.35,10.127570945066388,25.19280205655527,1.2205908436557729,49.47612244897959,1069.5699999999997"
"131357,Festival Offer,2024-01-04,All,Social Media,3322,244,27,3424.0,2855.59,3.54,7.344972907886815,11.065573770491802,0.8339924065420561,126.81481481481481,-568.4099999999999"
"501651,Flash Sale,2024-01-04,All,App,4671,346,66,4395.49,7656.24,1.67,7.4074074074074066,19.07514450867052,1.7418399313842143,66.59833333333333,3260.75"
"974303,Membership Drive,2024-01-04,New Users,Email,1331,396,49,3411.51,2277.8,2.34,29.75206611570248,12.373737373737374,0.6676808803139959,69.6226530612245,-1133.71"
"281943,Category Promotion,2024-01-04,All,Social Media,6146,277,63,2005.42,4961.34,1.65,4.506996420436056,22.743682310469314,2.4739655533504203,31.832063492063494,2955.92"
"600143,App Push Notification,2024-01-04,All,App,5320,417,64,2912.93,2117.06,3.79,7.838345864661654,15.347721822541965,0.7267802521859433,45.51453125,-795.8699999999999"
"198302,Email Campaign,2024-01-04,New Users,Sms,8223,382,72,1307.97,3665.13,2.6,4.64550650614131,18.848167539267017,2.8021514254914104,18.16625,2357.16"
"782574,Referral Program,2024-01-04,New Users,Sms,8052,333,80,3357.57,8042.29,3.61,4.135618479880774,24.024024024024023,2.3952709846704607,41.969625,4684.719999999999"
"83011,New User Discount,2024-01-03,All,Social Media,9975,206,11,4614.63,4522.82,2.93,2.0651629072681708,5.339805825242718,0.9801045804322339,419.51181818181817,-91.8100000000004"
"900420,Weekend Special,2024-01-03,Premium,Sms,8409,441,29,1061.51,3493.54,2.58,5.244381020335355,6.575963718820861,3.291104181778787,36.603793103448275,2432.0299999999997"
"153041,Festival Offer,2024-01-03,All,App,7594,148,66,1012.35,3175.29,2.19,1.9489070318672637,44.5945945945946,3.1365535634908874,15.338636363636365,2162.94"
"250530,Flash Sale,2024-01-03,New Users,Email,2212,267,96,3401.14,5041.08,3.33,12.070524412296564,35.95505617977528,1.4821736241377892,35.42854166666667,1639.94"
"904757,Membership Drive,2024-01-03,Inactive,Social Media,2617,442,94,1643.99,6545.12,3.33,16.88956820787161,21.266968325791854,3.9812407618051204,17.489255319148935,4901.13"
"838753,Category Promotion,2024-01-03,Premium,Social Media,7658,271,57,4709.86,4842.85,1.89,3.5387829720553667,21.033210332103323,1.0282365080915359,82.62912280701754,132.9900000000007"
"965694,App Push Notification,2024-01-03,All,Sms,7131,854,57,3485.89,3251.54,2.54,11.97587996073482,6.674473067915692,0.9327718315838996,61.1559649122807,-234.3499999999999"
"132692,Email Campaign,2024-01-03,New Users,Sms,6085,248,25,1689.83,2465.95,3.47,4.075595727198028,10.080645161290322,1.459288804199239,67.5932,776.1199999999999"
"516024,Referral Program,2024-01-03,All,Sms,4253,748,72,4412.96,3230.86,2.36,17.587585233952506,9.62566844919786,0.732129908270186,61.291111111111114,-1182.1"
"143826,New User Discount,2024-01-02,Inactive,Social Media,2625,526,90,1721.76,4876.46,3.42,20.038095238095238,17.110266159695815,2.8322530433974538,19.130666666666666,3154.7"
"278905,Weekend Special,2024-01-02,Premium,Email,7932,318,64,3528.86,6951.94,2.4,4.009077155824508,20.125786163522015,1.9700243138010574,55.1384375,3423.0799999999995"
"622100,Festival Offer,2024-01-02,All,Social Media,2933,716,63,3389.02,6573.57,2.13,24.411864984657345,8.798882681564246,1.9396669243616147,53.79396825396825,3184.5499999999997"
"999371,Flash Sale,2024-01-02,All,Email,8809,139,83,4272.45,7206.68,2.46,1.5779316608014529,59.71223021582733,1.6867792484405904,51.475301204819274,2934.2300000000005"
"200302,Membership Drive,2024-01-02,Premium,Social Media,4972,400,34,3664.76,4329.35,2.21,8.045052292839904,8.5,1.1813461181632632,107.78705882352942,664.5900000000001"
"413863,Category Promotion,2024-01-02,Premium,Email,5846,293,37,2628.26,2143.92,3.59,5.011973999315771,12.627986348122866,0.8157183840259334,71.03405405405405,-484.34000000000015"
"86408,App Push Notification,2024-01-02,All,App,3339,961,70,2724.52,6289.95,2.42,28.781072177298594,7.284079084287201,2.308645192547678,38.92171428571429,3565.43"
"123130,Email Campaign,2024-01-02,Premium,Social Media,6254,133,38,4809.77,2055.27,3.46,2.1266389510713144,28.57142857142857,0.4273114930651569,126.57289473684212,-2754.5000000000005"
"98542,Referral Program,2024-01-02,All,Sms,9575,784,36,2989.16,9439.46,2.7,8.18798955613577,4.591836734693878,3.1578972018894937,83.03222222222222,6450.299999999999"
"618257,New User Discount,2024-01-01,Premium,Social Media,1032,375,31,1112.6,8935.66,2.51,36.337209302325576,8.266666666666666,8.031332015099768,35.89032258064516,7823.0599999999995"
"832518,Weekend Special,2024-01-01,New Users,Social Media,3978,771,56,2417.18,6432.03,1.93,19.3815987933635,7.263294422827498,2.6609644296246038,43.16392857142857,4014.85"
"550199,Festival Offer,2024-01-01,New Users,Social Media,5161,166,78,3217.29,8821.81,2.52,3.2164309242394884,46.98795180722892,2.74200025487289,41.24730769230769,5604.5199999999995"
"558674,Flash Sale,2024-01-01,Inactive,Social Media,3918,207,31,3308.92,6660.71,2.1,5.283307810107198,14.975845410628018,2.0129558889305272,106.73935483870967,3351.79"
"44051,Membership Drive,2024-01-01,All,App,1592,229,93,3678.47,7387.45,1.52,14.384422110552764,40.61135371179039,2.008294209277227,39.553440860215055,3708.98"
"360798,Category Promotion,2024-01-01,Inactive,Email,1301,553,11,3686.46,4347.27,2.08,42.50576479631053,1.9891500904159132,1.179253267362185,335.13272727272727,660.8100000000004"
"172026,App Push Notification,2024-01-01,All,Social Media,6136,246,98,1393.72,4009.31,1.69,4.009126466753585,39.83739837398374,2.876696897511695,14.221632653061224,2615.59"
"967101,Email Campaign,2024-01-01,New Users,Email,8076,262,32,1191.64,5283.69,2.08,3.2441802872709267,12.213740458015266,4.433964955859151,37.23875,4092.0499999999993"
"406101,Referral Program,2024-01-01,Inactive,App,1411,166,17,1980.18,4767.67,2.68,11.76470588235294,10.240963855421686,2.407695260026866,116.48117647058824,2787.49"
"755869,New User Discount,2023-12-31,Inactive,Email,4454,963,87,3009.29,3120.65,1.62,21.621014818140996,9.034267912772584,1.0370054065909236,34.58954022988506,111.36000000000013"
"989367,Weekend Special,2023-12-31,All,Email,5322,462,44,4288.08,5955.59,3.3,8.680947012401354,9.523809523809524,1.388871009869219,97.45636363636363,1667.5100000000002"
"959183,Festival Offer,2023-12-31,Inactive,Sms,6997,403,81,2755.1,7493.42,3.9,5.7596112619694155,20.099255583126553,2.719835940619215,34.01358024691358,4738.32"
"389881,Flash Sale,2023-12-31,Premium,Email,2430,136,35,1540.98,6278.88,1.61,5.596707818930041,25.735294117647058,4.0746018767277965,44.028,4737.9"
"337940,Membership Drive,2023-12-31,Inactive,Social Media,1778,582,58,2383.12,6399.35,1.85,32.73340832395951,9.965635738831615,2.6852823189768036,41.08827586206896,4016.2300000000005"
"878745,Category Promotion,2023-12-31,New Users,Email,1529,101,36,1781.97,6723.1,1.72,6.605624591236102,35.64356435643564,3.7728469053912246,49.49916666666667,4941.13"
"329676,App Push Notification,2023-12-31,Inactive,Social Media,8176,814,27,4166.48,3199.17,2.7,9.9559686888454,3.3169533169533167,0.7678351990169161,154.31407407407406,-967.3099999999995"
"9609,Email Campaign,2023-12-31,Premium,Sms,6133,116,81,1402.0,6264.58,3.42,1.8914071416924831,69.82758620689656,4.468316690442225,17.308641975308642,4862.58"
"315016,Referral Program,2023-12-31,New Users,Sms,1583,338,43,3710.9,6712.55,3.53,21.351863550221097,12.721893491124261,1.8088738580937238,86.3,3001.65"
"759871,New User Discount,2023-12-30,New Users,Email,4332,147,64,2903.1,3716.52,1.8,3.393351800554017,43.53741496598639,1.2801901415728014,45.3609375,813.4200000000001"
"202727,Weekend Special,2023-12-30,Inactive,Email,9539,778,34,4594.74,9711.07,2.24,8.155991194045498,4.370179948586118,2.113518936871292,135.13941176470587,5116.33"
"810235,Festival Offer,2023-12-30,Inactive,Social Media,6145,309,95,4262.3,6253.08,1.72,5.028478437754272,30.74433656957929,1.4670670764610656,44.86631578947369,1990.7799999999997"
"187197,Flash Sale,2023-12-30,All,App,2692,294,38,3682.11,6524.92,1.89,10.921248142644874,12.925170068027212,1.7720600416608954,96.89763157894737,2842.81"
"723351,Membership Drive,2023-12-30,Inactive,Social Media,7855,539,19,2192.7,2267.44,3.84,6.86187141947804,3.525046382189239,1.034085830254937,115.40526315789472,74.74000000000024"
"850537,Category Promotion,2023-12-30,New Users,App,9364,133,96,4916.24,4778.68,3.22,1.4203331909440409,72.18045112781954,0.9720192667567085,51.21083333333333,-137.5599999999995"
"414575,App Push Notification,2023-12-30,Inactive,Email,6605,554,53,2873.96,2394.82,3.0,8.387585162755489,9.566787003610107,0.8332823003799635,54.225660377358494,-479.1399999999999"
"502922,Email Campaign,2023-12-30,Inactive,Social Media,8177,738,100,4570.5,7674.97,2.87,9.025314907667848,13.550135501355012,1.6792407832841045,45.705,3104.4700000000003"
"957549,Referral Program,2023-12-30,Inactive,App,6306,683,10,3562.6,4430.11,2.87,10.830954646368538,1.4641288433382138,1.243504743726492,356.26,867.5099999999998"
"296457,New User Discount,2023-12-29,Premium,Sms,6308,551,39,1429.17,7743.41,3.2,8.734939759036145,7.078039927404718,5.418116809057005,36.645384615384614,6314.24"
"113949,Weekend Special,2023-12-29,New Users,Social Media,7249,771,77,3512.29,4165.5,2.62,10.635949786177404,9.987029831387808,1.1859783787785176,45.614155844155846,653.21"
"875277,Festival Offer,2023-12-29,Inactive,Social Media,7881,887,39,3743.1,7712.71,2.03,11.254916888719706,4.3968432919954905,2.0605140124495738,95.97692307692307,3969.61"
"6811,Flash Sale,2023-12-29,New Users,Social Media,1440,315,21,2243.75,3967.38,3.98,21.875,6.666666666666667,1.768191643454039,106.8452380952381,1723.63"
"591307,Membership Drive,2023-12-29,New Users,Sms,8743,560,16,1784.6,6583.0,1.51,6.405124099279423,2.857142857142857,3.6887817998431025,111.5375,4798.4"
"429132,Category Promotion,2023-12-29,Premium,Sms,4044,631,14,1043.09,2825.34,2.86,15.603363006923837,2.218700475435816,2.7086253343431537,74.50642857142857,1782.2500000000002"
"355919,App Push Notification,2023-12-29,All,Sms,3076,958,16,2064.76,7863.81,2.85,31.144343302990897,1.6701461377870561,3.8085830798736895,129.0475,5799.05"
"536930,Email Campaign,2023-12-29,All,Social Media,9647,418,60,1685.59,6677.51,1.74,4.3329532497149374,14.354066985645932,3.9615268244353614,28.093166666666665,4991.92"
"162944,Referral Program,2023-12-29,Inactive,App,7861,118,94,4667.93,7921.14,2.87,1.5010812873680193,79.66101694915254,1.6969277602706123,49.65882978723405,3253.21"
"748393,New User Discount,2023-12-28,All,Sms,3346,715,26,2621.58,3526.93,2.84,21.368798565451286,3.6363636363636362,1.3453451735213116,100.83,905.3499999999999"
"290761,Weekend Special,2023-12-28,New Users,Sms,4255,422,54,3435.16,7833.63,3.84,9.917743830787309,12.796208530805686,2.2804265303508426,63.61407407407407,4398.47"
"449695,Festival Offer,2023-12-28,All,App,6696,381,92,3610.94,5311.08,2.16,5.689964157706093,24.146981627296586,1.4708303101131561,39.249347826086954,1700.1399999999999"
"565467,Flash Sale,2023-12-28,Inactive,App,2703,519,76,1225.7,7143.82,2.65,19.20088790233074,14.64354527938343,5.828359304887003,16.12763157894737,5918.12"
"14906,Membership Drive,2023-12-28,All,Email,4022,223,38,1064.94,4489.99,2.77,5.544505221282944,17.040358744394617,4.216190583507052,28.024736842105266,3425.0499999999997"
"94715,Category Promotion,2023-12-28,All,Social Media,6228,872,27,3911.26,7865.22,3.79,14.001284521515736,3.096330275229358,2.010917198038484,144.8614814814815,3953.96"
"580306,App Push Notification,2023-12-28,All,Email,6554,417,36,2029.44,5981.06,1.9,6.362526701251145,8.633093525179856,2.9471479817092403,56.373333333333335,3951.6200000000003"
"472481,Email Campaign,2023-12-28,All,Email,2606,845,68,4981.87,2038.51,2.0,32.425172678434386,8.04733727810651,0.40918570737494153,73.26279411764706,-2943.3599999999997"
"709602,Referral Program,2023-12-28,Inactive,Sms,9518,804,85,2816.37,3937.57,3.83,8.447152763185544,10.572139303482588,1.3981011017728495,33.13376470588235,1121.2000000000003"
"692048,New User Discount,2023-12-27,Premium,Email,7969,705,89,4166.02,5543.05,2.92,8.84678127745012,12.624113475177303,1.330538499575134,46.809213483146074,1377.0299999999997"
"544266,Weekend Special,2023-12-27,Premium,Sms,8390,775,41,2891.23,4558.16,2.02,9.237187127532778,5.290322580645161,1.5765470059455664,70.51780487804878,1666.9299999999998"
"50477,Festival Offer,2023-12-27,Inactive,Social Media,2529,173,57,1498.67,8971.7,2.73,6.840648477659155,32.947976878612714,5.986441311296016,26.29245614035088,7473.030000000001"
"332981,Flash Sale,2023-12-27,Premium,App,6525,627,46,2183.05,9898.73,3.3,9.60919540229885,7.336523125996811,4.534357893772474,47.457608695652176,7715.679999999999"
"365732,Membership Drive,2023-12-27,Inactive,Email,7506,246,53,4493.88,5616.31,3.92,3.277378097521982,21.544715447154474,1.2497685741497326,84.79018867924529,1122.4300000000003"
"574973,Category Promotion,2023-12-27,New Users,App,1579,709,13,3975.73,7671.56,1.59,44.90183660544648,1.8335684062059237,1.9295978348630316,305.8253846153846,3695.8300000000004"
"858673,App Push Notification,2023-12-27,Inactive,Social Media,5044,385,34,2412.3,7470.48,2.23,7.632831086439334,8.831168831168831,3.096828752642706,70.95,5058.179999999999"
"941043,Email Campaign,2023-12-27,Premium,Sms,3189,706,22,3897.36,8720.8,3.43,22.13860144245845,3.1161473087818696,2.237617258862409,177.15272727272728,4823.439999999999"
"61298,Referral Program,2023-12-27,All,Social Media,6737,437,60,1121.22,2554.5,2.46,6.486566721092474,13.729977116704806,2.2783218280087763,18.687,1433.28"
"788,New User Discount,2023-12-26,Premium,Email,3595,994,71,2896.44,4004.21,3.55,27.64951321279555,7.142857142857142,1.3824591567579512,40.79492957746479,1107.77"
"342817,Weekend Special,2023-12-26,Inactive,App,5120,978,86,3253.05,8938.33,2.38,19.1015625,8.793456032719837,2.7476767956225694,37.82616279069768,5685.28"
"131109,Festival Offer,2023-12-26,Premium,Social Media,6471,322,49,1730.66,5117.01,2.15,4.97604697882862,15.217391304347828,2.956681266106572,35.319591836734695,3386.3500000000004"
"317422,Flash Sale,2023-12-26,All,Email,2477,770,46,3274.94,9186.13,1.7,31.085991118288252,5.974025974025974,2.8049765797235975,71.19434782608695,5911.189999999999"
"792614,Membership Drive,2023-12-26,Inactive,Email,2084,451,21,4840.43,5095.39,3.37,21.641074856046068,4.656319290465632,1.0526730063238183,230.49666666666667,254.96000000000004"
"975514,Category Promotion,2023-12-26,New Users,Social Media,5129,546,89,2580.51,4589.79,2.2,10.645349970754534,16.3003663003663,1.77863678110141,28.994494382022474,2009.2799999999997"
"242687,App Push Notification,2023-12-26,Premium,Sms,1942,501,93,2606.09,4028.84,1.83,25.79814624098867,18.562874251497004,1.545932795874279,28.02247311827957,1422.75"
"617434,Email Campaign,2023-12-26,Inactive,Email,1276,244,90,3062.6,5647.17,1.8,19.122257053291534,36.885245901639344,1.8439136681251225,34.028888888888886,2584.57"
"358896,Referral Program,2023-12-26,Premium,Social Media,4060,324,82,2780.78,2556.13,2.31,7.980295566502463,25.308641975308642,0.9192133142499587,33.9119512195122,-224.6500000000001"
"558662,New User Discount,2023-12-25,Premium,App,8915,253,100,4241.64,2902.99,2.69,2.837913628715648,39.52569169960474,0.684402731019134,42.4164,-1338.6500000000005"
"328403,Weekend Special,2023-12-25,Premium,Social Media,2902,828,10,4458.85,3397.63,2.83,28.532046864231564,1.2077294685990339,0.7619969274588739,445.88500000000005,-1061.2200000000003"
"385595,Festival Offer,2023-12-25,All,Sms,3688,962,51,1656.82,6203.09,3.38,26.08459869848156,5.301455301455301,3.7439733948165768,32.486666666666665,4546.27"
"356347,Flash Sale,2023-12-25,All,App,2747,277,72,2618.31,8602.23,3.09,10.083727702948671,25.992779783393498,3.285413109983157,36.36541666666667,5983.92"
"796779,Membership Drive,2023-12-25,Inactive,Email,6180,437,40,2309.24,3617.5,2.57,7.0711974110032365,9.153318077803203,1.5665327120611112,57.730999999999995,1308.2600000000002"
"203939,Category Promotion,2023-12-25,Premium,Social Media,4693,899,21,4676.87,8564.24,2.8,19.156190070317493,2.3359288097886544,1.8311905184450283,222.70809523809524,3887.37"
"952318,App Push Notification,2023-12-25,All,Social Media,8624,213,51,3113.8,5772.78,1.84,2.4698515769944343,23.943661971830984,1.8539340998137321,61.05490196078432,2658.9799999999996"
"600054,Email Campaign,2023-12-25,Inactive,Sms,9964,714,72,1392.57,6067.95,3.93,7.165796868727418,10.084033613445378,4.357375212736164,19.34125,4675.38"
"882690,Referral Program,2023-12-25,New Users,Sms,8247,113,50,3112.89,8878.47,2.2,1.3701952225051535,44.24778761061947,2.852163102454632,62.257799999999996,5765.58"
"93562,New User Discount,2023-12-24,New Users,Social Media,2724,946,56,2386.53,8934.65,2.1,34.728340675477234,5.9196617336152215,3.7437828143790353,42.61660714285715,6548.119999999999"
"204854,Weekend Special,2023-12-24,New Users,Email,5939,984,27,1259.57,3119.74,1.67,16.56844586630746,2.7439024390243905,2.4768293941583237,46.65074074074074,1860.1699999999998"
"146885,Festival Offer,2023-12-24,Inactive,Social Media,6207,211,70,1265.65,2971.38,2.62,3.3993877879813117,33.175355450236964,2.347710662505432,18.080714285714286,1705.73"
"11123,Flash Sale,2023-12-24,All,App,4095,917,10,3467.8,9097.29,1.96,22.393162393162395,1.0905125408942202,2.623360632101044,346.78000000000003,5629.490000000001"
"96308,Membership Drive,2023-12-24,Premium,Sms,7414,190,42,4707.97,9129.51,2.08,2.5627191799298625,22.105263157894736,1.9391606148722274,112.09452380952382,4421.54"
"683776,Category Promotion,2023-12-24,Inactive,Email,4423,565,33,3755.46,5239.72,2.14,12.774135202351344,5.84070796460177,1.395227215840403,113.80181818181818,1484.2600000000002"
"828029,App Push Notification,2023-12-24,Inactive,Social Media,4555,554,89,2051.76,5942.34,2.27,12.162458836443468,16.064981949458485,2.8962159316879164,23.053483146067418,3890.58"
"935917,Email Campaign,2023-12-24,New Users,Sms,1873,807,95,1819.97,7403.33,1.58,43.08595835557929,11.771995043370508,4.067830788419589,19.15757894736842,5583.36"
"165276,Referral Program,2023-12-24,All,App,8708,197,93,1661.64,2127.18,3.11,2.262287551676619,47.20812182741117,1.2801689896728532,17.86709677419355,465.53999999999974"
"761155,New User Discount,2023-12-23,New Users,Sms,7574,964,83,4732.98,9291.31,3.94,12.727752838658567,8.609958506224066,1.9630993581210991,57.02385542168674,4558.33"
"659615,Weekend Special,2023-12-23,Premium,Email,7406,225,21,1983.16,5949.39,3.22,3.038077234674588,9.333333333333334,2.999954617882571,94.43619047619048,3966.2300000000005"
"168803,Festival Offer,2023-12-23,Premium,Email,4390,900,67,1047.34,6464.03,2.08,20.50113895216401,7.444444444444444,6.171854412129776,15.63194029850746,5416.69"
"904535,Flash Sale,2023-12-23,Premium,App,6364,374,76,1919.31,5543.2,1.6,5.876807039597738,20.32085561497326,2.8881212519082378,25.25407894736842,3623.89"
"935353,Membership Drive,2023-12-23,All,App,4522,479,41,3667.51,9685.64,3.72,10.59265811587793,8.559498956158663,2.640930767741601,89.45146341463415,6018.129999999999"
"616855,Category Promotion,2023-12-23,New Users,Email,7652,291,78,2503.67,7073.24,3.97,3.8029273392577103,26.804123711340207,2.8251486817352127,32.098333333333336,4569.57"
"604479,App Push Notification,2023-12-23,Inactive,Email,3988,581,16,1534.99,8282.28,1.97,14.568706118355065,2.753872633390706,5.395657300699027,95.936875,6747.290000000001"
"765209,Email Campaign,2023-12-23,All,Social Media,9164,354,11,3572.93,6815.44,2.53,3.862941946748145,3.1073446327683616,1.9075212780547057,324.8118181818182,3242.5099999999998"
"408037,Referral Program,2023-12-23,Premium,App,7433,545,73,2160.66,3496.4,2.73,7.3321673617651015,13.394495412844037,1.618209250877047,29.59808219178082,1335.7400000000002"
"761531,New User Discount,2023-12-22,All,Social Media,6773,711,23,1431.87,5049.63,2.02,10.497563856489,3.2348804500703237,3.526598085021685,62.25521739130434,3617.76"
"499253,Weekend Special,2023-12-22,Premium,Sms,8451,781,20,1577.17,4973.89,3.29,9.241509880487516,2.560819462227913,3.153680326153807,78.8585,3396.7200000000003"
"440818,Festival Offer,2023-12-22,Premium,Sms,1554,603,93,1735.96,2547.85,2.37,38.803088803088805,15.422885572139302,1.4676893476808222,18.666236559139787,811.8899999999999"
"752665,Flash Sale,2023-12-22,New Users,Email,8931,358,43,2348.19,9634.47,2.04,4.00850968536558,12.011173184357542,4.102934600692448,54.60906976744186,7286.279999999999"
"262602,Membership Drive,2023-12-22,Inactive,Sms,6703,924,33,3383.88,5083.82,2.47,13.784872445173802,3.571428571428571,1.5023641500289606,102.54181818181819,1699.9399999999996"
"242175,Category Promotion,2023-12-22,All,Email,9066,388,31,1543.89,5396.61,1.88,4.2797264504743,7.989690721649484,3.4954627596525656,49.80290322580645,3852.7199999999993"
"352482,App Push Notification,2023-12-22,All,Email,1054,802,50,2613.86,3259.64,3.37,76.0910815939279,6.234413965087282,1.2470599037438883,52.2772,645.7799999999997"
"116113,Email Campaign,2023-12-22,Inactive,App,5217,152,60,4572.39,7909.83,1.76,2.9135518497220625,39.473684210526315,1.7299114904896562,76.2065,3337.4399999999996"
"979857,Referral Program,2023-12-22,Inactive,App,1151,842,49,1355.58,3543.75,3.31,73.1537793223284,5.819477434679335,2.614194662063471,27.664897959183673,2188.17"
"406279,New User Discount,2023-12-21,Premium,Sms,6516,309,87,4093.01,9386.39,2.72,4.7421731123388575,28.155339805825243,2.2932731657142296,47.04609195402299,5293.379999999999"
"684169,Weekend Special,2023-12-21,All,Email,5446,340,35,3499.66,9127.65,3.78,6.243114212265883,10.294117647058822,2.608153363469594,99.9902857142857,5627.99"
"172626,Festival Offer,2023-12-21,Premium,Email,2884,201,42,1895.05,9185.97,2.61,6.969486823855756,20.8955223880597,4.8473496741510775,45.12023809523809,7290.919999999999"
"992240,Flash Sale,2023-12-21,Premium,Social Media,9767,823,70,3887.63,2147.45,1.68,8.42633357223303,8.50546780072904,0.5523802419468931,55.53757142857143,-1740.1800000000003"
"484927,Membership Drive,2023-12-21,Premium,Sms,2382,932,12,1499.99,9226.71,3.17,39.126784214945424,1.2875536480686696,6.151181007873385,124.99916666666667,7726.719999999999"
"231048,Category Promotion,2023-12-21,All,Social Media,5295,563,13,4285.35,9792.35,2.9,10.632672332389047,2.3090586145648313,2.2850758981180066,329.6423076923077,5507.0"
"610154,App Push Notification,2023-12-21,New Users,Sms,3061,145,22,2829.46,4528.99,3.73,4.737014047696831,15.172413793103448,1.6006552487046997,128.6118181818182,1699.5299999999997"
"665642,Email Campaign,2023-12-21,Inactive,Sms,6732,548,78,4274.51,5277.18,3.98,8.14022578728461,14.233576642335766,1.234569576395891,54.80141025641026,1002.6700000000001"
"642895,Referral Program,2023-12-21,Premium,Email,9784,753,92,1245.53,6608.72,3.13,7.696238757154537,12.217795484727755,5.305950077477059,13.53836956521739,5363.1900000000005"
"397247,New User Discount,2023-12-20,Premium,Social Media,5103,405,35,4506.66,7648.1,1.61,7.936507936507936,8.641975308641975,1.6970661199202959,128.76171428571428,3141.4400000000005"
"233932,Weekend Special,2023-12-20,New Users,Social Media,4361,697,45,1764.88,9511.03,3.37,15.98257280440266,6.456241032998565,5.3890519468745754,39.21955555555556,7746.150000000001"
"994061,Festival Offer,2023-12-20,Inactive,Email,2738,745,65,4044.68,9632.1,3.84,27.20964207450694,8.724832214765101,2.3814244884638587,62.22584615384615,5587.42"
"456276,Flash Sale,2023-12-20,Inactive,Sms,5544,107,24,3753.59,2325.22,2.54,1.93001443001443,22.429906542056074,0.6194656315687115,156.39958333333334,-1428.3700000000003"
"912737,Membership Drive,2023-12-20,Inactive,Email,3158,794,52,4416.2,2642.85,2.41,25.142495250158326,6.54911838790932,0.5984443639327929,84.92692307692307,-1773.35"
"90342,Category Promotion,2023-12-20,All,Social Media,3669,806,77,3066.77,4680.02,3.37,21.967838648133007,9.553349875930522,1.526042057278505,39.82818181818182,1613.2500000000005"
"381935,App Push Notification,2023-12-20,All,App,6180,240,48,2482.03,6825.68,1.96,3.8834951456310676,20.0,2.750039282361615,51.708958333333335,4343.65"
"823153,Email Campaign,2023-12-20,New Users,App,3680,250,47,3972.33,8910.03,1.57,6.7934782608695645,18.8,2.2430236158627306,84.51765957446808,4937.700000000001"
"842159,Referral Program,2023-12-20,Inactive,Sms,5594,121,83,1417.7,6288.79,1.72,2.163031819806936,68.59504132231406,4.435910277209564,17.080722891566264,4871.09"
"424369,New User Discount,2023-12-19,Inactive,Sms,5282,418,27,1237.0,6933.85,1.69,7.913669064748201,6.4593301435406705,5.605375909458368,45.81481481481482,5696.85"
"524236,Weekend Special,2023-12-19,Premium,Social Media,5709,373,89,1467.33,4489.21,3.99,6.533543527763181,23.86058981233244,3.0594412981401593,16.486853932584268,3021.88"
"986381,Festival Offer,2023-12-19,New Users,App,8706,803,51,4081.31,5153.8,1.71,9.223524006432346,6.351183063511831,1.2627808228240442,80.02568627450981,1072.4900000000002"
"331076,Flash Sale,2023-12-19,Inactive,Sms,4108,666,81,4459.67,6327.89,3.81,16.21226874391431,12.162162162162163,1.4189144039805637,55.05765432098765,1868.2200000000003"
"947057,Membership Drive,2023-12-19,All,App,6729,740,80,2906.91,9204.75,3.72,10.997176400653887,10.81081081081081,3.166506702993901,36.336375,6297.84"
"581930,Category Promotion,2023-12-19,Premium,App,4808,115,29,3642.85,5417.93,2.97,2.391846921797005,25.217391304347824,1.4872778181918005,125.61551724137931,1775.0800000000004"
"900221,App Push Notification,2023-12-19,Inactive,App,5959,642,88,4234.89,8459.99,3.61,10.773619734854842,13.707165109034266,1.9976882516428995,48.12375,4225.099999999999"
"767303,Email Campaign,2023-12-19,All,App,8133,936,25,2674.72,5576.09,2.81,11.50866838804869,2.6709401709401708,2.084737841718012,106.9888,2901.3700000000003"
"143893,Referral Program,2023-12-19,Inactive,Email,1369,824,65,3474.99,3754.92,3.51,60.18991964937911,7.8883495145631075,1.0805556274982087,53.46138461538461,279.9300000000003"
"796108,New User Discount,2023-12-18,Inactive,App,4768,879,66,1509.74,9020.44,3.25,18.43540268456376,7.508532423208192,5.974830103196577,22.874848484848485,7510.700000000001"
"210501,Weekend Special,2023-12-18,New Users,Social Media,2866,485,46,1964.41,8944.04,2.79,16.92254012561061,9.484536082474227,4.553041371200513,42.704565217391306,6979.630000000001"
"351187,Festival Offer,2023-12-18,New Users,Email,5145,952,62,2763.96,7903.46,3.04,18.503401360544217,6.512605042016808,2.859469746306025,44.58,5139.5"
"598616,Flash Sale,2023-12-18,Inactive,Sms,7003,379,17,4887.1,3803.73,2.03,5.411966300157076,4.485488126649076,0.7783204763561211,287.4764705882353,-1083.3700000000003"
"120019,Membership Drive,2023-12-18,Inactive,App,6657,350,30,1637.46,7696.27,2.99,5.257623554153523,8.571428571428571,4.700127026003689,54.582,6058.81"
"442443,Category Promotion,2023-12-18,Premium,App,9069,204,38,2897.21,5407.31,3.84,2.2494211048627193,18.627450980392158,1.8663852464957666,76.24236842105263,2510.1000000000004"
"977822,App Push Notification,2023-12-18,Inactive,App,8420,266,25,1813.24,8629.7,3.38,3.159144893111639,9.398496240601503,4.759270697756502,72.5296,6816.460000000001"
"649434,Email Campaign,2023-12-18,New Users,Social Media,9217,216,61,2022.82,6857.66,3.37,2.3434957144407074,28.240740740740737,3.3901484066797836,33.16098360655737,4834.84"
"959697,Referral Program,2023-12-18,New Users,App,5356,841,68,2971.85,3586.72,2.95,15.702016430171769,8.085612366230679,1.206898060130895,43.703676470588235,614.8699999999999"
"412832,New User Discount,2023-12-17,Premium,App,7179,590,21,3853.51,5949.83,2.71,8.21841482100571,3.5593220338983054,1.5440027403587897,183.5004761904762,2096.3199999999997"
"747223,Weekend Special,2023-12-17,Premium,App,2697,153,24,3698.77,5809.56,3.07,5.672969966629588,15.686274509803921,1.5706734941615728,154.11541666666668,2110.7900000000004"
"603541,Festival Offer,2023-12-17,All,Email,4379,132,20,2115.53,3015.7,3.84,3.014386846311943,15.151515151515152,1.4255056652470064,105.77650000000001,900.1699999999996"
"212243,Flash Sale,2023-12-17,New Users,App,4658,852,33,4961.7,8912.5,1.85,18.291112065264063,3.873239436619718,1.796259346594917,150.35454545454544,3950.8"
"647648,Membership Drive,2023-12-17,New Users,Sms,9990,685,81,4932.38,9795.53,2.12,6.856856856856856,11.824817518248175,1.9859641795644294,60.89358024691358,4863.150000000001"
"887270,Category Promotion,2023-12-17,Premium,Email,4485,954,15,4034.18,7109.35,1.95,21.270903010033447,1.5723270440251573,1.7622788274196988,268.94533333333334,3075.1700000000005"
"787752,App Push Notification,2023-12-17,Premium,Social Media,1547,265,80,1868.74,2196.54,3.83,17.129928894634777,30.18867924528302,1.1754123098986482,23.35925,327.79999999999995"
"934335,Email Campaign,2023-12-17,New Users,Sms,6383,152,50,1742.06,3381.28,2.24,2.3813253955820146,32.89473684210527,1.9409664420284034,34.8412,1639.2200000000003"
"885791,Referral Program,2023-12-17,New Users,Social Media,5063,620,56,1831.62,7119.77,1.75,12.24570412798736,9.032258064516128,3.8871436214935415,32.707499999999996,5288.150000000001"
"162641,New User Discount,2023-12-16,New Users,App,3680,236,54,4173.72,9950.31,2.45,6.41304347826087,22.88135593220339,2.384038699289842,77.29111111111112,5776.589999999999"
"112303,Weekend Special,2023-12-16,New Users,Social Media,8148,719,65,3834.05,4942.28,2.07,8.824251350024547,9.040333796940194,1.2890494385832212,58.98538461538462,1108.2299999999996"
"84920,Festival Offer,2023-12-16,New Users,App,7644,243,27,3971.53,3344.21,3.99,3.1789638932496076,11.11111111111111,0.842045760701795,147.0937037037037,-627.3200000000002"
"916736,Flash Sale,2023-12-16,All,Email,5808,143,60,1663.59,7915.53,3.51,2.462121212121212,41.95804195804196,4.758101455286459,27.726499999999998,6251.94"
"732931,Membership Drive,2023-12-16,All,Email,9433,877,83,1142.23,2478.77,2.98,9.29714830912753,9.464082098061574,2.1701146003869622,13.761807228915663,1336.54"
"736440,Category Promotion,2023-12-16,Premium,Social Media,8311,177,100,2967.94,2409.34,1.94,2.129707616411984,56.49717514124294,0.8117886480184909,29.6794,-558.5999999999999"
"917774,App Push Notification,2023-12-16,All,App,7213,647,63,2340.61,2605.68,3.69,8.969915430472758,9.73724884080371,1.1132482557965657,37.15253968253968,265.0699999999997"
"364020,Email Campaign,2023-12-16,Inactive,Social Media,9765,370,33,3418.22,9833.12,3.59,3.789042498719918,8.91891891891892,2.8766785051869106,103.58242424242424,6414.9000000000015"
"379422,Referral Program,2023-12-16,New Users,Sms,1929,393,40,3635.31,3087.46,3.88,20.37325038880249,10.178117048346055,0.8492975839749568,90.88275,-547.8499999999999"
"518426,New User Discount,2023-12-15,New Users,App,8823,693,33,3137.53,6595.78,2.84,7.854471268276096,4.761904761904762,2.102220536536702,95.07666666666667,3458.2499999999995"
"82086,Weekend Special,2023-12-15,All,Social Media,3980,146,56,2691.24,6653.71,2.53,3.6683417085427132,38.35616438356164,2.4723584667290917,48.05785714285714,3962.4700000000003"
"822436,Festival Offer,2023-12-15,All,Social Media,4432,384,74,3729.48,2594.86,3.32,8.664259927797833,19.270833333333336,0.695769919667085,50.39837837837838,-1134.62"
"26431,Flash Sale,2023-12-15,All,Email,3413,948,94,3262.52,5640.12,2.33,27.77615001464987,9.915611814345992,1.7287618160195186,34.70765957446808,2377.6"
"732032,Membership Drive,2023-12-15,New Users,Email,4040,635,47,1714.04,2123.97,1.84,15.717821782178218,7.4015748031496065,1.2391601129495227,36.468936170212764,409.92999999999984"
"332197,Category Promotion,2023-12-15,All,Social Media,5616,314,74,4125.67,3870.15,1.74,5.5911680911680905,23.56687898089172,0.9380658171884809,55.7522972972973,-255.51999999999998"
"777194,App Push Notification,2023-12-15,New Users,Social Media,8729,350,44,3740.14,9009.75,3.68,4.0096230954290295,12.571428571428573,2.408933890175234,85.00318181818182,5269.610000000001"
"562049,Email Campaign,2023-12-15,New Users,Social Media,2631,445,43,1065.34,8164.14,2.25,16.9137210186241,9.662921348314606,7.663412619445436,24.7753488372093,7098.8"
"448987,Referral Program,2023-12-15,All,Sms,4839,450,45,4004.61,5081.05,3.23,9.299442033477991,10.0,1.268800207760556,88.99133333333333,1076.44"
"609434,New User Discount,2023-12-14,Inactive,Sms,2934,180,37,4188.74,2193.62,3.05,6.134969325153374,20.555555555555554,0.5236944761431839,113.20918918918919,-1995.12"
"602887,Weekend Special,2023-12-14,Inactive,Email,2299,605,80,2992.02,7157.17,3.91,26.31578947368421,13.223140495867769,2.392086282845703,37.40025,4165.15"
"793823,Festival Offer,2023-12-14,New Users,Social Media,4094,611,11,1078.28,2847.19,1.67,14.92427943331705,1.800327332242226,2.6404922654598066,98.02545454545454,1768.91"
"981788,Flash Sale,2023-12-14,New Users,Social Media,9753,842,73,2931.27,3419.38,3.08,8.633241054034656,8.669833729216151,1.1665182668263245,40.15438356164383,488.1100000000001"
"397759,Membership Drive,2023-12-14,New Users,App,5871,610,86,3584.41,7200.23,3.61,10.390052801907682,14.098360655737704,2.0087629484350282,41.679186046511624,3615.8199999999997"
"382406,Category Promotion,2023-12-14,Premium,Social Media,8146,551,99,4320.08,3925.8,3.08,6.764055978394304,17.96733212341198,0.9087331716079332,43.63717171717172,-394.27999999999975"
"624861,App Push Notification,2023-12-14,Premium,Sms,1562,371,92,2035.57,2676.76,2.76,23.751600512163893,24.797843665768195,1.3149928521249579,22.125760869565216,641.1900000000003"
"965015,Email Campaign,2023-12-14,New Users,App,3670,124,21,2261.29,5012.62,3.88,3.3787465940054497,16.93548387096774,2.21670816215523,107.68047619047618,2751.33"
"813639,Referral Program,2023-12-14,All,Sms,6004,391,56,4908.7,7066.56,1.9,6.512325116588941,14.322250639386189,1.4395990791859352,87.65535714285714,2157.8600000000006"
"361810,New User Discount,2023-12-13,Premium,Email,3656,859,94,4089.92,8683.76,2.13,23.495623632385122,10.942956926658907,2.1232102339410064,43.509787234042555,4593.84"
"423106,Weekend Special,2023-12-13,Premium,App,7748,976,41,1892.58,4659.32,2.7,12.596799173980383,4.200819672131147,2.461888004734278,46.160487804878045,2766.74"
"167482,Festival Offer,2023-12-13,Inactive,App,8269,132,87,2381.14,5837.03,1.98,1.596323618333535,65.9090909090909,2.4513594328766892,27.36942528735632,3455.89"
"378443,Flash Sale,2023-12-13,New Users,Social Media,9099,477,35,1797.46,7515.77,3.59,5.242334322453017,7.337526205450734,4.181328096313687,51.356,5718.31"
"968527,Membership Drive,2023-12-13,New Users,Email,3859,924,100,1127.1,7559.64,3.94,23.944026949987045,10.822510822510822,6.707159968059623,11.270999999999999,6432.540000000001"
"183638,Category Promotion,2023-12-13,New Users,Sms,2625,814,81,4619.34,6648.87,1.97,31.00952380952381,9.950859950859952,1.4393549727883204,57.02888888888889,2029.5299999999997"
"289041,App Push Notification,2023-12-13,Premium,Social Media,6232,149,57,2908.99,8714.66,3.75,2.390885750962773,38.25503355704698,2.995768290712584,51.034912280701754,5805.67"
"950600,Email Campaign,2023-12-13,Premium,Sms,1372,777,86,3584.22,6245.95,3.81,56.63265306122449,11.068211068211069,1.742624615676493,41.67697674418604,2661.73"
"970731,Referral Program,2023-12-13,All,Email,7350,442,18,4190.78,5941.79,3.17,6.01360544217687,4.072398190045249,1.4178243668243145,232.8211111111111,1751.0100000000002"
"183386,New User Discount,2023-12-12,New Users,Sms,9855,522,26,1082.15,5331.26,2.23,5.296803652968037,4.980842911877394,4.926544379245021,41.62115384615385,4249.110000000001"
"69958,Weekend Special,2023-12-12,New Users,Social Media,6631,214,82,2507.67,4356.1,2.89,3.2272658724174335,38.31775700934579,1.7371105448484052,30.581341463414635,1848.4300000000003"
"790729,Festival Offer,2023-12-12,All,Social Media,2850,289,22,2234.37,5709.87,3.82,10.140350877192983,7.612456747404845,2.5554720122450623,101.56227272727273,3475.5"
"524032,Flash Sale,2023-12-12,Premium,Email,3785,335,72,2462.33,5223.8,3.85,8.850726552179657,21.492537313432834,2.121486559478218,34.19902777777778,2761.4700000000003"
"254306,Membership Drive,2023-12-12,All,Social Media,5545,815,24,1539.31,2233.02,2.32,14.697926059513074,2.9447852760736195,1.450662959377903,64.13791666666667,693.71"
"3444,Category Promotion,2023-12-12,All,Email,7349,832,80,4255.49,8255.5,2.25,11.32126819975507,9.615384615384617,1.9399646104208916,53.193625,4000.01"
"141483,App Push Notification,2023-12-12,Premium,Social Media,1444,369,67,2929.45,9702.08,2.35,25.554016620498615,18.157181571815716,3.3119117923159638,43.723134328358206,6772.63"
"401819,Email Campaign,2023-12-12,Inactive,App,5466,693,10,4586.37,5353.07,3.26,12.678375411635564,1.443001443001443,1.1671692427780576,458.637,766.6999999999998"
"994166,Referral Program,2023-12-12,Premium,Sms,5987,739,31,2843.95,4392.73,1.77,12.343410723233674,4.194857916102842,1.5445876333972115,91.74032258064516,1548.7799999999997"
"63810,New User Discount,2023-12-11,All,Social Media,1309,844,58,2162.76,6313.63,3.13,64.47669977081742,6.872037914691943,2.9192467032865412,37.28896551724138,4150.87"
"503991,Weekend Special,2023-12-11,New Users,App,4392,828,77,3057.43,9989.43,2.35,18.852459016393443,9.29951690821256,3.26726368224293,39.70688311688311,6932.0"
"309673,Festival Offer,2023-12-11,New Users,Sms,9353,543,40,1295.06,9578.74,3.97,5.8056238640008555,7.366482504604052,7.396367735857798,32.3765,8283.68"
"540836,Flash Sale,2023-12-11,All,Social Media,2284,198,46,2718.51,6899.79,1.56,8.669001751313484,23.232323232323232,2.5380778441131353,59.09804347826088,4181.28"
"293456,Membership Drive,2023-12-11,Premium,Social Media,7280,391,94,1088.01,9274.29,2.51,5.3708791208791204,24.04092071611253,8.524085256569334,11.574574468085107,8186.280000000001"
"497310,Category Promotion,2023-12-11,New Users,App,9984,505,65,4111.07,6985.68,2.67,5.058092948717949,12.871287128712872,1.699236451823978,63.24723076923077,2874.6100000000006"
"833745,App Push Notification,2023-12-11,All,App,7141,131,57,3801.07,6892.46,1.83,1.8344769640106426,43.51145038167939,1.813294677551321,66.68543859649122,3091.39"
"848490,Email Campaign,2023-12-11,Inactive,App,9479,400,100,2461.18,4982.23,2.38,4.219854415022682,25.0,2.0243257299344215,24.6118,2521.0499999999997"
"259905,Referral Program,2023-12-11,All,App,1887,234,39,3984.05,3486.11,3.84,12.400635930047695,16.666666666666664,0.8750166288073694,102.15512820512821,-497.94000000000005"
"307369,New User Discount,2023-12-10,Premium,App,5060,956,38,1716.9,2223.82,1.64,18.893280632411066,3.9748953974895396,1.2952530723979265,45.18157894736842,506.9200000000001"
"81984,Weekend Special,2023-12-10,New Users,Email,6380,810,60,2353.97,3058.74,3.55,12.695924764890282,7.4074074074074066,1.2993963389507939,39.23283333333333,704.77"
"462196,Festival Offer,2023-12-10,All,Social Media,5699,174,82,2112.06,2325.21,3.15,3.053167222319705,47.12643678160919,1.1009204283969205,25.756829268292684,213.1500000000001"
"22894,Flash Sale,2023-12-10,Inactive,Email,4624,773,14,3176.89,7989.04,2.6,16.71712802768166,1.8111254851228977,2.5147361098432746,226.92071428571427,4812.15"
"227812,Membership Drive,2023-12-10,Inactive,Sms,7152,826,29,1592.55,7332.62,2.18,11.549217002237135,3.5108958837772395,4.604326394775675,54.915517241379305,5740.07"
"46333,Category Promotion,2023-12-10,All,Social Media,6866,825,56,4794.23,6201.25,3.92,12.015729682493447,6.787878787878789,1.2934819564351314,85.61125,1407.0200000000004"
"169484,App Push Notification,2023-12-10,All,Sms,3014,156,53,3288.24,3864.04,3.22,5.175846051758461,33.97435897435898,1.1751088728316668,62.04226415094339,575.8000000000002"
"215282,Email Campaign,2023-12-10,Inactive,Social Media,6391,306,11,3154.3,4421.5,2.64,4.787983101236113,3.594771241830065,1.4017373109723235,286.75454545454545,1267.1999999999998"
"998687,Referral Program,2023-12-10,All,Sms,3873,361,82,2608.77,7292.07,3.4,9.320939839917376,22.71468144044321,2.7952138364056625,31.814268292682925,4683.299999999999"
"492020,New User Discount,2023-12-09,Inactive,Sms,2426,390,63,3733.79,6412.95,3.56,16.075845012366035,16.153846153846153,1.7175443718045202,59.266507936507935,2679.16"
"390146,Weekend Special,2023-12-09,New Users,App,3213,953,32,1118.01,3315.16,2.25,29.660753190164957,3.3578174186778593,2.9652328691156606,34.9378125,2197.1499999999996"
"804269,Festival Offer,2023-12-09,Inactive,Sms,5469,382,85,3004.33,9224.1,1.63,6.984823550923386,22.25130890052356,3.0702685790176183,35.34505882352941,6219.77"
"842133,Flash Sale,2023-12-09,New Users,Sms,1524,519,42,3925.52,7436.23,3.19,34.05511811023622,8.092485549132949,1.8943299231694144,93.4647619047619,3510.7099999999996"
"239835,Membership Drive,2023-12-09,New Users,Sms,8727,741,50,2299.35,9039.79,1.58,8.490890340323135,6.747638326585695,3.9314545415008593,45.986999999999995,6740.4400000000005"
"196428,Category Promotion,2023-12-09,Inactive,App,3268,450,18,2687.94,5230.23,2.63,13.769889840881271,4.0,1.9458135226232727,149.33,2542.2899999999995"
"851175,App Push Notification,2023-12-09,New Users,App,8958,499,34,2257.8,6361.4,2.43,5.570439830319267,6.813627254509018,2.817521481087784,66.40588235294118,4103.599999999999"
"208326,Email Campaign,2023-12-09,Inactive,Sms,9861,987,87,1066.82,6040.35,2.9,10.009126863401278,8.814589665653495,5.662014210457247,12.262298850574712,4973.530000000001"
"501999,Referral Program,2023-12-09,Inactive,App,8771,125,82,4005.1,9770.06,2.66,1.4251510660129973,65.60000000000001,2.439404758932361,48.84268292682927,5764.959999999999"
"917527,New User Discount,2023-12-08,All,Sms,3253,974,11,3727.72,9676.99,2.34,29.941592376268062,1.1293634496919918,2.595954095264666,338.88363636363636,5949.27"
"530023,Weekend Special,2023-12-08,All,App,7202,219,23,4676.88,6531.53,3.33,3.040821993890586,10.50228310502283,1.396557106447033,203.3426086956522,1854.6499999999996"
"195261,Festival Offer,2023-12-08,Premium,Sms,5800,915,12,3629.38,5089.26,3.95,15.775862068965518,1.3114754098360655,1.4022395009615967,302.4483333333333,1459.88"
"559439,Flash Sale,2023-12-08,New Users,Social Media,5868,651,67,2440.79,7437.67,2.48,11.094069529652351,10.291858678955453,3.0472388038299076,36.42970149253731,4996.88"
"968922,Membership Drive,2023-12-08,New Users,Social Media,2311,748,57,3114.64,8221.14,2.75,32.366940718303766,7.620320855614973,2.6395153211928184,54.64280701754386,5106.5"
"413576,Category Promotion,2023-12-08,Premium,App,8457,555,40,4559.02,9051.01,2.84,6.56261085491309,7.207207207207207,1.9852972788011458,113.97550000000001,4491.99"
"223037,App Push Notification,2023-12-08,All,App,3394,500,84,3362.98,6314.63,3.9,14.73187978786093,16.8,1.8776888354970889,40.03547619047619,2951.65"
"34437,Email Campaign,2023-12-08,All,App,9485,691,38,2610.25,7619.36,3.67,7.2851871375856625,5.499276410998553,2.919015419978929,68.6907894736842,5009.11"
"302317,Referral Program,2023-12-08,Inactive,Social Media,4060,619,70,2190.43,5051.72,2.23,15.246305418719212,11.308562197092083,2.3062686321863746,31.29185714285714,2861.2900000000004"
"236674,New User Discount,2023-12-07,Inactive,App,6798,327,77,1310.74,6209.81,2.56,4.810238305383936,23.547400611620795,4.73763675481026,17.022597402597402,4899.070000000001"
"388568,Weekend Special,2023-12-07,All,Social Media,8669,809,40,3952.11,4315.18,3.11,9.332102895374323,4.944375772558715,1.091867382233794,98.80275,363.07000000000016"
"107126,Festival Offer,2023-12-07,Inactive,Sms,4282,179,60,3533.77,7807.14,3.9,4.180289584306399,33.5195530726257,2.2092948890278654,58.896166666666666,4273.370000000001"
"296391,Flash Sale,2023-12-07,New Users,Sms,5660,174,36,4924.61,2659.45,2.45,3.0742049469964665,20.689655172413794,0.5400326117195067,136.79472222222222,-2265.16"
"380238,Membership Drive,2023-12-07,New Users,Sms,8574,500,32,3599.19,6410.52,1.92,5.83158385817588,6.4,1.7811007476682255,112.4746875,2811.3300000000004"
"510012,Category Promotion,2023-12-07,Premium,Social Media,7398,991,91,2731.8,7671.15,2.98,13.395512300621789,9.182643794147326,2.8080935646826264,30.019780219780223,4939.349999999999"
"930795,App Push Notification,2023-12-07,All,Social Media,1918,111,87,4903.9,3453.91,2.2,5.787278415015641,78.37837837837837,0.7043190113990906,56.36666666666666,-1449.9899999999998"
"650760,Email Campaign,2023-12-07,New Users,Sms,7224,114,37,4660.8,8411.65,3.87,1.5780730897009967,32.45614035087719,1.804765276347408,125.96756756756757,3750.8499999999995"
"138481,Referral Program,2023-12-07,New Users,Social Media,3443,988,70,4889.24,3822.29,3.71,28.695904734243392,7.08502024291498,0.7817758997308375,69.84628571428571,-1066.9499999999998"
"179060,New User Discount,2023-12-06,All,Sms,5201,624,12,3292.4,4869.22,2.0,11.997692751393963,1.9230769230769231,1.4789272263394484,274.3666666666667,1576.8200000000002"
"367528,Weekend Special,2023-12-06,Inactive,Sms,2332,455,76,4961.31,7990.11,2.75,19.51114922813036,16.7032967032967,1.6104839246086213,65.28039473684211,3028.7999999999993"
"683419,Festival Offer,2023-12-06,Inactive,Social Media,7985,254,81,1231.15,4902.37,3.49,3.1809643080776455,31.88976377952756,3.9819437111643583,15.199382716049383,3671.22"
"10407,Flash Sale,2023-12-06,Premium,Sms,8189,182,33,4178.58,5531.81,2.88,2.222493588960801,18.13186813186813,1.3238492502237604,126.62363636363636,1353.2300000000005"
"205997,Membership Drive,2023-12-06,All,Sms,2804,530,57,2289.68,8539.39,2.55,18.901569186875893,10.754716981132075,3.729512420949652,40.16982456140351,6249.709999999999"
"574292,Category Promotion,2023-12-06,All,Email,6779,674,14,1753.91,9395.81,2.33,9.9424693907656,2.0771513353115725,5.357065071753967,125.27928571428572,7641.9"
"843879,App Push Notification,2023-12-06,New Users,Social Media,8502,996,97,1018.26,5106.53,3.33,11.714890613973184,9.738955823293173,5.014956887239015,10.497525773195877,4088.2699999999995"
"682216,Email Campaign,2023-12-06,Premium,Sms,8276,825,71,2609.97,2533.5,1.84,9.968583856935718,8.606060606060606,0.9707008126530191,36.76014084507042,-76.4699999999998"
"97826,Referral Program,2023-12-06,All,Email,1769,768,30,1447.44,2701.3,3.1,43.414358394573206,3.90625,1.8662604322113525,48.248000000000005,1253.8600000000001"
"855574,New User Discount,2023-12-05,All,Email,9303,335,37,4511.02,8311.45,1.54,3.600988928302698,11.044776119402986,1.8424768677593981,121.91945945945947,3800.4300000000003"
"14196,Weekend Special,2023-12-05,Premium,App,1580,904,20,2739.51,3614.18,2.96,57.21518987341773,2.2123893805309733,1.3192797252063324,136.9755,874.6699999999996"
"35758,Festival Offer,2023-12-05,All,Social Media,4879,415,59,2679.98,4890.31,2.86,8.505841360934618,14.216867469879519,1.8247561548966784,45.42338983050848,2210.3300000000004"
"220225,Flash Sale,2023-12-05,All,Email,3071,228,30,4343.75,8398.05,1.92,7.424291761641159,13.157894736842104,1.9333640287769782,144.79166666666666,4054.2999999999993"
"152900,Membership Drive,2023-12-05,Inactive,Sms,2923,758,50,2678.14,5253.43,3.38,25.932261375299348,6.596306068601583,1.9615964811398958,53.562799999999996,2575.2900000000004"
"148791,Category Promotion,2023-12-05,All,Social Media,6040,791,42,3892.86,8212.92,1.65,13.096026490066226,5.3097345132743365,2.1097393689986284,92.68714285714286,4320.0599999999995"
"48752,App Push Notification,2023-12-05,Inactive,Email,3670,850,28,4480.14,6691.74,2.84,23.160762942779293,3.294117647058824,1.4936452878704682,160.00500000000002,2211.5999999999995"
"156424,Email Campaign,2023-12-05,All,Sms,6576,909,77,2184.42,2159.92,2.87,13.822992700729927,8.47084708470847,0.9887842081650965,28.36909090909091,-24.5"
"635906,Referral Program,2023-12-05,Premium,App,5965,829,83,1411.03,3551.8,1.94,13.897736797988264,10.012062726176115,2.5171683096744935,17.00036144578313,2140.7700000000004"
"984066,New User Discount,2023-12-04,Premium,Sms,2661,872,30,1686.9,5433.0,1.69,32.76963547538519,3.4403669724770642,3.220700693579939,56.230000000000004,3746.1"
"54315,Weekend Special,2023-12-04,All,Social Media,1640,620,53,3680.33,9123.9,3.46,37.80487804878049,8.548387096774194,2.479098341724791,69.44018867924528,5443.57"
"374529,Festival Offer,2023-12-04,New Users,Sms,8108,245,93,1034.28,5814.4,3.09,3.021706956092748,37.95918367346939,5.6216885176161195,11.121290322580645,4780.12"
"851003,Flash Sale,2023-12-04,Inactive,Sms,5131,800,89,4942.56,3516.68,1.94,15.59150263106607,11.125,0.7115098248680845,55.53438202247192,-1425.8800000000006"
"645770,Membership Drive,2023-12-04,All,Email,3509,470,53,2693.98,8708.77,3.81,13.394129381590197,11.27659574468085,3.2326780451228294,50.829811320754715,6014.790000000001"
"680034,Category Promotion,2023-12-04,Inactive,Social Media,9168,129,95,3987.88,9301.94,2.69,1.407068062827225,73.64341085271317,2.332552634482482,41.97768421052632,5314.06"
"927300,App Push Notification,2023-12-04,Inactive,App,8387,791,10,2142.68,4715.84,2.31,9.431262668415405,1.2642225031605563,2.2009072750014003,214.26799999999997,2573.1600000000003"
"935473,Email Campaign,2023-12-04,All,Sms,8162,829,85,1042.25,6741.1,2.32,10.156824307767703,10.253317249698432,6.467834012952747,12.261764705882353,5698.85"
"243745,Referral Program,2023-12-04,All,Sms,7584,975,85,4245.97,7191.47,1.6,12.856012658227847,8.717948717948717,1.69371663012221,49.95258823529412,2945.5"
"567539,New User Discount,2023-12-03,Inactive,Sms,5962,617,20,3870.08,2686.66,3.61,10.348876216034887,3.2414910858995136,0.6942130395237307,193.504,-1183.42"
"890153,Weekend Special,2023-12-03,Inactive,Email,2076,647,87,3266.99,8262.93,1.95,31.165703275529864,13.446676970633694,2.529218026379022,37.5516091954023,4995.9400000000005"
"115619,Festival Offer,2023-12-03,All,Sms,4443,818,43,1690.72,2483.09,2.09,18.41098356966014,5.256723716381418,1.4686583230812909,39.31906976744186,792.3700000000001"
"711524,Flash Sale,2023-12-03,Premium,Email,7815,124,78,1864.05,5080.14,3.36,1.5866922584772871,62.903225806451616,2.725323891526515,23.89807692307692,3216.09"
"237215,Membership Drive,2023-12-03,All,Social Media,1467,787,100,4425.98,6769.83,3.38,53.6468984321745,12.706480304955528,1.5295663333318272,44.2598,2343.8500000000004"
"376804,Category Promotion,2023-12-03,Premium,Email,3657,936,50,1965.11,3441.23,3.53,25.594749794913863,5.3418803418803416,1.75116405697391,39.3022,1476.1200000000001"
"237578,App Push Notification,2023-12-03,Inactive,Social Media,8422,264,70,4057.68,9283.61,1.52,3.1346473521728804,26.515151515151516,2.287910825890657,57.966857142857144,5225.93"
"787178,Email Campaign,2023-12-03,Premium,Social Media,6711,246,24,3940.79,4519.46,2.14,3.6656236030397853,9.75609756097561,1.1468411156138745,164.19958333333332,578.6700000000001"
"887862,Referral Program,2023-12-03,All,Social Media,3724,990,64,1635.41,2932.57,2.15,26.584317937701396,6.4646464646464645,1.7931711313982426,25.55328125,1297.16"
"824425,New User Discount,2023-12-02,All,Social Media,3784,175,17,1524.92,8798.01,3.5,4.6247357293868925,9.714285714285714,5.769489546992629,89.70117647058824,7273.09"
"595836,Weekend Special,2023-12-02,Premium,Social Media,8086,949,89,2334.1,6014.11,2.21,11.736334405144696,9.378292939936776,2.5766291075789383,26.22584269662921,3680.0099999999998"
"86043,Festival Offer,2023-12-02,Premium,Social Media,8250,842,44,3962.3,7371.29,3.3,10.206060606060605,5.225653206650831,1.8603563586805643,90.05227272727274,3408.99"
"382938,Flash Sale,2023-12-02,Premium,Sms,7503,438,74,2081.05,4667.04,3.07,5.83766493402639,16.894977168949772,2.2426371302948027,28.1222972972973,2585.99"
"148406,Membership Drive,2023-12-02,New Users,Sms,7665,443,49,2659.15,7836.3,2.71,5.779517286366601,11.060948081264108,2.9469191282928757,54.268367346938774,5177.15"
"66039,Category Promotion,2023-12-02,Premium,Email,9821,992,13,3490.77,5132.39,3.19,10.100804398737399,1.310483870967742,1.4702744666649479,268.52076923076925,1641.6200000000003"
"140831,App Push Notification,2023-12-02,New Users,Sms,1008,593,29,3451.35,4484.38,3.17,58.82936507936508,4.8903878583473865,1.2993118634737133,119.01206896551724,1033.0300000000002"
"312118,Email Campaign,2023-12-02,All,Social Media,4770,607,58,2066.92,5783.9,3.57,12.725366876310273,9.555189456342669,2.7983182706635956,35.63655172413793,3716.9799999999996"
"976080,Referral Program,2023-12-02,Inactive,Sms,8272,382,20,4723.22,2344.55,2.27,4.617988394584139,5.2356020942408374,0.4963880572998929,236.161,-2378.67"
"985686,New User Discount,2023-12-01,Premium,App,1376,203,51,4009.18,4033.7,3.7,14.752906976744187,25.12315270935961,1.0061159638629347,78.6113725490196,24.519999999999982"
"212132,Weekend Special,2023-12-01,All,Social Media,4233,350,62,4000.66,4618.39,2.24,8.268367587999055,17.71428571428571,1.1544070228412313,64.52677419354839,617.7300000000005"
"352933,Festival Offer,2023-12-01,All,Social Media,8513,671,95,2762.22,2370.8,3.1,7.882062727593094,14.157973174366617,0.858295139416846,29.075999999999997,-391.4199999999996"
"793231,Flash Sale,2023-12-01,Inactive,Email,8624,643,47,3470.08,9934.13,3.25,7.455936920222634,7.309486780715396,2.86279567041682,73.83148936170213,6464.049999999999"
"8490,Membership Drive,2023-12-01,New Users,App,3707,517,10,3502.64,4271.08,3.03,13.94658753709199,1.9342359767891684,1.2193888038736496,350.264,768.44"
"381763,Category Promotion,2023-12-01,Premium,Sms,5006,703,77,2856.45,7533.8,2.53,14.04314822213344,10.953058321479373,2.637469586374696,37.096753246753245,4677.35"
"193262,App Push Notification,2023-12-01,Premium,Social Media,8220,622,81,4525.43,3853.95,2.11,7.566909975669099,13.02250803858521,0.8516207299637824,55.86950617283951,-671.4800000000005"
"289950,Email Campaign,2023-12-01,All,Email,6331,937,18,2287.64,7973.08,1.68,14.800189543516032,1.92102454642476,3.48528614642164,127.0911111111111,5685.4400000000005"
"150550,Referral Program,2023-12-01,New Users,App,2892,390,61,1526.09,3501.09,3.48,13.485477178423237,15.64102564102564,2.2941569632197316,25.017868852459014,1975.0000000000002"
"386004,New User Discount,2023-11-30,New Users,Sms,7597,719,94,4293.84,9911.56,3.7,9.46426220876662,13.073713490959666,2.3083207571777242,45.679148936170215,5617.719999999999"
"593032,Weekend Special,2023-11-30,New Users,Sms,3060,313,15,2087.81,5136.89,2.79,10.22875816993464,4.792332268370607,2.4604202489690157,139.18733333333333,3049.0800000000004"
"46705,Festival Offer,2023-11-30,Premium,App,9716,420,66,1387.73,9758.94,2.94,4.322766570605188,15.714285714285714,7.032304554920626,21.026212121212122,8371.210000000001"
"755487,Flash Sale,2023-11-30,All,Social Media,7138,426,58,3187.2,5180.58,2.79,5.9680582796301485,13.615023474178404,1.625432981927711,54.95172413793103,1993.38"
"559424,Membership Drive,2023-11-30,Inactive,Email,3918,606,21,2738.76,4196.29,1.54,15.46707503828484,3.4653465346534658,1.5321860988184433,130.41714285714286,1457.5299999999997"
"632048,Category Promotion,2023-11-30,Premium,Social Media,3653,495,45,3156.97,8991.09,1.65,13.55050643306871,9.090909090909092,2.848012492991698,70.15488888888889,5834.120000000001"
"823665,App Push Notification,2023-11-30,All,Social Media,5690,105,66,4703.29,8992.38,2.26,1.845342706502636,62.857142857142854,1.9119339866348872,71.2619696969697,4289.089999999999"
"534933,Email Campaign,2023-11-30,Premium,Social Media,7525,682,66,2757.98,2822.97,3.44,9.06312292358804,9.67741935483871,1.0235643478197811,41.78757575757576,64.98999999999978"
"19278,Referral Program,2023-11-30,All,Social Media,9175,334,12,3902.93,6049.34,3.8,3.6403269754768397,3.592814371257485,1.5499483721204328,325.2441666666667,2146.4100000000003"
"538430,New User Discount,2023-11-29,All,Sms,2503,215,23,3971.29,7732.77,1.65,8.589692369157012,10.69767441860465,1.9471683004766713,172.66478260869565,3761.4800000000005"
"804594,Weekend Special,2023-11-29,New Users,Email,1569,981,85,2160.59,8481.29,2.11,62.523900573613766,8.664627930682975,3.9254509184991138,25.418705882352942,6320.700000000001"
"958322,Festival Offer,2023-11-29,All,Email,3058,134,15,3590.36,9110.49,3.96,4.381948986265534,11.194029850746269,2.5374864916052986,239.35733333333334,5520.129999999999"
"571340,Flash Sale,2023-11-29,Premium,Social Media,7771,816,77,2213.62,2572.44,3.0,10.500579076051988,9.436274509803921,1.1620964754564922,28.748311688311688,358.82000000000016"
"247544,Membership Drive,2023-11-29,Inactive,Email,1721,229,64,4921.17,5504.67,3.25,13.306217315514235,27.947598253275107,1.1185693646023203,76.89328125,583.5"
"733230,Category Promotion,2023-11-29,New Users,Email,7789,205,39,1154.77,8459.82,2.66,2.6319168057517013,19.024390243902438,7.325978333347766,29.60948717948718,7305.049999999999"
"55717,App Push Notification,2023-11-29,New Users,Social Media,1970,960,93,1042.16,6581.15,2.45,48.73096446700508,9.6875,6.314913257081446,11.206021505376345,5538.99"
"606574,Email Campaign,2023-11-29,Inactive,Sms,1364,670,87,1471.29,3948.01,2.13,49.120234604105576,12.985074626865673,2.683366297602784,16.911379310344827,2476.7200000000003"
"467804,Referral Program,2023-11-29,All,App,3473,303,82,1949.69,6656.08,2.32,8.724445724157787,27.062706270627064,3.41391708425442,23.77670731707317,4706.389999999999"
"747340,New User Discount,2023-11-28,Premium,Social Media,2655,873,34,2282.72,6508.71,2.78,32.88135593220339,3.8946162657502863,2.8512958225275113,67.13882352941175,4225.99"
"88528,Weekend Special,2023-11-28,Premium,App,7007,546,52,1851.23,3595.22,2.65,7.792207792207792,9.523809523809524,1.9420709474241449,35.60057692307692,1743.9899999999998"
"574693,Festival Offer,2023-11-28,Premium,App,7635,349,10,1168.05,2995.68,1.85,4.571054354944335,2.865329512893983,2.5646847309618597,116.80499999999999,1827.6299999999999"
"60258,Flash Sale,2023-11-28,Inactive,App,5931,452,14,4175.63,7495.66,2.83,7.620974540549655,3.0973451327433628,1.7950967877901058,298.25928571428574,3320.0299999999997"
"472970,Membership Drive,2023-11-28,All,App,8212,143,19,1379.71,2584.24,3.0,1.7413541159279105,13.286713286713287,1.8730312891839587,72.61631578947369,1204.5299999999997"
"894884,Category Promotion,2023-11-28,Inactive,Sms,1301,269,97,2317.37,9799.65,3.97,20.67640276710223,36.059479553903344,4.228780902488597,23.89041237113402,7482.28"
"679212,App Push Notification,2023-11-28,Inactive,Sms,8574,687,24,2590.46,6522.26,3.57,8.01259622113366,3.4934497816593884,2.517799927426017,107.93583333333333,3931.8"
"378626,Email Campaign,2023-11-28,Premium,Email,6867,370,37,1675.87,5484.64,2.99,5.388087956895296,10.0,3.2727120838728547,45.29378378378378,3808.7700000000004"
"812587,Referral Program,2023-11-28,All,Social Media,3255,109,84,4415.53,6715.22,3.76,3.3486943164362524,77.06422018348624,1.5208185653817323,52.56583333333333,2299.6900000000005"
"904951,New User Discount,2023-11-27,New Users,App,1858,166,31,3016.37,2226.06,2.43,8.934337997847146,18.67469879518072,0.7379930180979124,97.30225806451612,-790.31"
"643820,Weekend Special,2023-11-27,Inactive,Social Media,7398,865,75,4358.13,5223.54,2.45,11.69234928359016,8.670520231213873,1.1985737001879246,58.1084,865.4099999999999"
"926771,Festival Offer,2023-11-27,Inactive,Email,8715,520,10,2715.56,5727.74,3.7,5.9667240390131955,1.9230769230769231,2.1092297721280326,271.556,3012.18"
"806837,Flash Sale,2023-11-27,New Users,Sms,9713,495,63,2134.13,9913.34,2.75,5.096262740656852,12.727272727272727,4.645143454241307,33.875079365079365,7779.21"
"350120,Membership Drive,2023-11-27,New Users,App,6645,567,50,3679.14,2182.98,2.0,8.53273137697517,8.818342151675484,0.5933397478758623,73.58279999999999,-1496.1599999999999"
"222513,Category Promotion,2023-11-27,Premium,Email,7674,650,75,4476.92,6935.03,1.53,8.470158978368517,11.538461538461538,1.5490627484967343,59.69226666666667,2458.1099999999997"
"250189,App Push Notification,2023-11-27,New Users,Social Media,7696,297,85,4884.59,7797.63,3.62,3.859147609147609,28.619528619528616,1.5963734929646092,57.46576470588236,2913.04"
"435951,Email Campaign,2023-11-27,All,App,2958,221,78,1552.28,6210.97,3.45,7.471264367816093,35.294117647058826,4.001191795294663,19.90102564102564,4658.6900000000005"
"998740,Referral Program,2023-11-27,All,Sms,4685,549,64,4386.65,7404.9,3.09,11.718249733191035,11.657559198542804,1.6880535260392326,68.54140625,3018.25"
"309885,New User Discount,2023-11-26,Inactive,Email,3359,847,56,2105.69,9268.67,2.2,25.21583804703781,6.6115702479338845,4.401725800094031,37.60160714285714,7162.98"
"93955,Weekend Special,2023-11-26,New Users,Sms,5218,680,61,3956.92,3191.6,3.79,13.031812955155232,8.970588235294118,0.8065869413584302,64.86754098360656,-765.3200000000002"
"944366,Festival Offer,2023-11-26,Premium,Social Media,7280,325,35,4481.12,3128.26,2.9,4.464285714285714,10.76923076923077,0.6980977969793266,128.032,-1352.8599999999997"
"38519,Flash Sale,2023-11-26,New Users,Sms,8942,906,16,4071.71,6396.73,3.22,10.131961529859092,1.7660044150110374,1.5710180734875518,254.481875,2325.0199999999995"
"75578,Membership Drive,2023-11-26,Inactive,Sms,5775,900,54,2701.11,9924.73,2.41,15.584415584415584,6.0,3.6743153740499275,50.02055555555556,7223.619999999999"
"804027,Category Promotion,2023-11-26,Premium,Sms,8842,986,91,2169.07,3933.28,2.52,11.151323230038452,9.22920892494929,1.8133485779619836,23.83593406593407,1764.21"
"95061,App Push Notification,2023-11-26,New Users,Sms,8803,809,92,1103.43,8832.67,1.69,9.190048846983983,11.372064276885045,8.004739766002373,11.993804347826087,7729.24"
"282922,Email Campaign,2023-11-26,New Users,Sms,1127,824,35,3620.09,9742.82,1.65,73.11446317657497,4.247572815533981,2.691319829065023,103.43114285714286,6122.73"
"770435,Referral Program,2023-11-26,Inactive,Sms,1965,775,49,3655.24,9730.45,2.28,39.44020356234097,6.322580645161291,2.6620550223788317,74.59673469387755,6075.210000000001"
"207721,New User Discount,2023-11-25,All,Social Media,4587,744,78,3503.42,8651.15,1.63,16.219751471550033,10.483870967741936,2.469344240770447,44.91564102564103,5147.73"
"196080,Weekend Special,2023-11-25,All,Email,7965,325,20,4363.79,4283.05,3.33,4.080351537978657,6.153846153846154,0.9814977347672551,218.1895,-80.73999999999978"
"995422,Festival Offer,2023-11-25,Premium,App,5105,608,64,3422.59,3328.09,3.83,11.909892262487757,10.526315789473683,0.972389330886843,53.47796875,-94.5"
"141857,Flash Sale,2023-11-25,New Users,Social Media,8366,302,17,1236.9,3685.41,1.7,3.6098493903896722,5.629139072847682,2.97955372301722,72.75882352941177,2448.5099999999998"
"261055,Membership Drive,2023-11-25,New Users,Email,2234,573,93,2489.03,4881.52,3.8,25.649059982094897,16.230366492146597,1.9612138061815245,26.763763440860217,2392.4900000000002"
"872427,Category Promotion,2023-11-25,New Users,Social Media,6600,702,54,3162.72,8305.78,2.28,10.636363636363637,7.6923076923076925,2.626150908079122,58.568888888888885,5143.060000000001"
"195292,App Push Notification,2023-11-25,Inactive,Sms,1262,322,66,4070.68,3938.57,2.56,25.51505546751189,20.496894409937887,0.967545962836676,61.67696969696969,-132.10999999999967"
"254623,Email Campaign,2023-11-25,New Users,App,6404,201,83,1125.09,4925.61,3.89,3.1386633354153655,41.29353233830846,4.377969762419006,13.555301204819276,3800.5199999999995"
"984408,Referral Program,2023-11-25,New Users,Social Media,2291,586,12,1180.56,2429.41,1.59,25.578350065473593,2.04778156996587,2.0578454292877955,98.38,1248.85"
"130791,New User Discount,2023-11-24,Premium,Sms,5963,154,94,1417.02,8141.03,3.17,2.582592654704008,61.038961038961034,5.745176497156003,15.07468085106383,6724.01"
"7258,Weekend Special,2023-11-24,New Users,Social Media,1403,226,73,2002.0,7407.03,3.93,16.10833927298646,32.30088495575221,3.6998151848151846,27.424657534246574,5405.03"
"180135,Festival Offer,2023-11-24,Premium,App,9468,952,99,3661.95,7288.94,3.0,10.054921841994085,10.399159663865547,1.9904531738554596,36.989393939393935,3626.99"
"422711,Flash Sale,2023-11-24,Inactive,App,4875,192,86,1544.61,7503.9,3.43,3.9384615384615387,44.79166666666667,4.85811952531707,17.960581395348836,5959.29"
"815396,Membership Drive,2023-11-24,Inactive,App,3329,147,20,2030.14,8222.08,3.09,4.415740462601382,13.60544217687075,4.050006403499266,101.507,6191.94"
"206258,Category Promotion,2023-11-24,All,Social Media,2355,843,28,4532.07,2769.83,2.69,35.796178343949045,3.3214709371292996,0.6111622282974447,161.85964285714286,-1762.2399999999998"
"321371,App Push Notification,2023-11-24,Premium,Social Media,3326,689,68,1414.16,7898.45,2.07,20.715574263379434,9.869375907111756,5.5852590937376245,20.796470588235294,6484.29"
"825767,Email Campaign,2023-11-24,New Users,App,8842,552,40,3826.69,4589.89,3.41,6.242931463469803,7.246376811594203,1.1994412926053588,95.66725,763.2000000000003"
"58612,Referral Program,2023-11-24,New Users,Social Media,8131,250,94,2137.54,6470.85,1.55,3.0746525642602385,37.6,3.027241595478915,22.739787234042552,4333.31"
"69877,New User Discount,2023-11-23,New Users,Sms,2387,443,88,2598.14,7030.07,2.55,18.558860494344366,19.864559819413092,2.7058087708899445,29.52431818181818,4431.93"
"5227,Weekend Special,2023-11-23,Inactive,Sms,4757,412,85,2514.68,3103.23,3.26,8.660920748370822,20.631067961165048,1.234045683745049,29.58447058823529,588.5500000000002"
"640316,Festival Offer,2023-11-23,New Users,Social Media,6038,604,91,3272.23,8359.79,2.38,10.003312355084464,15.066225165562914,2.554768460652216,35.95857142857143,5087.560000000001"
"902148,Flash Sale,2023-11-23,New Users,Social Media,7864,893,95,3835.11,8034.02,2.09,11.355544252288912,10.638297872340425,2.0948603821011655,40.369578947368424,4198.91"
"737997,Membership Drive,2023-11-23,All,Email,7920,137,25,2647.08,7565.57,1.59,1.72979797979798,18.248175182481752,2.8580813575713617,105.8832,4918.49"
"231244,Category Promotion,2023-11-23,All,Email,7180,947,64,3229.85,3264.19,2.44,13.189415041782729,6.75818373812038,1.0106320726968745,50.46640625,34.340000000000146"
"150424,App Push Notification,2023-11-23,All,Sms,4536,742,17,3985.84,8618.12,3.02,16.358024691358025,2.2911051212938007,2.1621841318266664,234.46117647058824,4632.280000000001"
"430565,Email Campaign,2023-11-23,New Users,Sms,5650,314,60,1330.14,7241.03,1.69,5.557522123893805,19.10828025477707,5.443810425970198,22.169,5910.889999999999"
"910155,Referral Program,2023-11-23,Premium,Sms,7342,139,66,3167.71,3907.09,2.71,1.893217107055298,47.482014388489205,1.2334115180998262,47.995606060606065,739.3800000000001"
"810062,New User Discount,2023-11-22,All,App,9356,541,100,4002.72,6988.91,3.62,5.782385634886704,18.484288354898336,1.7460401926689852,40.0272,2986.19"
"508421,Weekend Special,2023-11-22,Inactive,Social Media,6072,366,26,3547.44,7263.37,2.41,6.027667984189724,7.103825136612022,2.0474962226281486,136.44,3715.93"
"649869,Festival Offer,2023-11-22,Premium,Sms,4732,530,65,3118.8,8019.43,3.52,11.200338123415046,12.264150943396226,2.5713190970886237,47.98153846153846,4900.63"
"239640,Flash Sale,2023-11-22,Inactive,Sms,3804,403,40,1728.16,5501.63,1.63,10.594111461619347,9.925558312655088,3.1835188871400795,43.204,3773.4700000000003"
"122635,Membership Drive,2023-11-22,All,Sms,6224,507,95,3340.96,6390.51,2.57,8.145886889460154,18.73767258382643,1.9127765672142139,35.168,3049.55"
"274032,Category Promotion,2023-11-22,All,Email,5939,755,30,4837.35,7679.75,3.12,12.712577875063142,3.9735099337748347,1.587594447373045,161.245,2842.3999999999996"
"51315,App Push Notification,2023-11-22,Premium,App,2874,782,71,3549.28,3388.13,2.6,27.20946416144746,9.07928388746803,0.9545964251904612,49.98985915492958,-161.1500000000001"
"901593,Email Campaign,2023-11-22,Premium,Email,7854,400,67,2185.48,6369.92,2.86,5.092946269416858,16.75,2.914654904185808,32.61910447761194,4184.4400000000005"
"170595,Referral Program,2023-11-22,Premium,Sms,1149,697,19,4440.33,7700.55,1.6,60.661444734551786,2.72596843615495,1.7342292126936512,233.7015789473684,3260.2200000000003"
"923020,New User Discount,2023-11-21,All,App,2418,177,83,2516.8,6068.27,2.67,7.320099255583126,46.89265536723164,2.4111053719008266,30.322891566265064,3551.4700000000003"
"648504,Weekend Special,2023-11-21,All,Social Media,2913,695,41,4968.81,5994.61,3.5,23.858565053209748,5.899280575539569,1.206447821510583,121.19048780487806,1025.7999999999993"
"52985,Festival Offer,2023-11-21,Inactive,Social Media,8089,753,45,4940.1,3426.64,3.97,9.308938064037582,5.9760956175298805,0.6936377806117284,109.78,-1513.4600000000005"
"610970,Flash Sale,2023-11-21,Premium,Social Media,8665,998,83,2939.99,2781.57,3.74,11.517599538372764,8.316633266533065,0.9461154629777654,35.421566265060235,-158.41999999999962"
"50773,Membership Drive,2023-11-21,New Users,Sms,9414,887,61,2354.3,2400.94,3.23,9.42213724240493,6.877113866967305,1.0198105594019453,38.59508196721312,46.63999999999987"
"687564,Category Promotion,2023-11-21,New Users,App,2117,407,61,1062.0,9240.64,2.76,19.2253188474256,14.987714987714988,8.701167608286251,17.40983606557377,8178.639999999999"
"302539,App Push Notification,2023-11-21,Premium,Social Media,5548,997,10,4540.08,2487.41,2.74,17.97043979812545,1.0030090270812437,0.5478780109601593,454.008,-2052.67"
"331973,Email Campaign,2023-11-21,Inactive,Social Media,5487,512,17,4959.87,5067.45,2.94,9.331146345908511,3.3203125,1.0216900846191532,291.7570588235294,107.57999999999993"
"206610,Referral Program,2023-11-21,All,Email,9172,970,67,3333.29,6821.13,2.12,10.575665067597035,6.907216494845361,2.046365602752836,49.750597014925376,3487.84"
"482904,New User Discount,2023-11-20,Inactive,App,1557,812,86,1863.24,7600.55,1.93,52.15157353885678,10.591133004926109,4.079211481075975,21.665581395348838,5737.31"
"351697,Weekend Special,2023-11-20,New Users,Social Media,1494,866,89,4249.71,3701.59,3.9,57.96519410977242,10.277136258660507,0.8710217873690205,47.749550561797754,-548.1199999999999"
"895135,Festival Offer,2023-11-20,Inactive,App,6382,509,60,2403.45,2374.17,2.36,7.975556251958634,11.787819253438114,0.9878175123260314,40.0575,-29.279999999999745"
"75000,Flash Sale,2023-11-20,Inactive,Sms,8770,955,39,1521.45,3317.88,1.85,10.88939566704675,4.0837696335078535,2.1807354825988368,39.011538461538464,1796.43"
"226166,Membership Drive,2023-11-20,All,Social Media,9640,705,51,1866.24,8011.01,2.96,7.313278008298756,7.234042553191489,4.292593664266118,36.59294117647059,6144.77"
"264129,Category Promotion,2023-11-20,All,Sms,8923,636,69,3932.8,4853.18,2.53,7.1276476521349315,10.849056603773585,1.2340266476810415,56.99710144927536,920.3800000000001"
"647838,App Push Notification,2023-11-20,All,Social Media,1222,387,30,1202.03,3667.25,1.64,31.669394435351883,7.751937984496124,3.050880593662388,40.06766666666667,2465.2200000000003"
"319191,Email Campaign,2023-11-20,All,Social Media,5593,748,14,3839.16,4755.28,2.36,13.37386018237082,1.8716577540106951,1.2386251159107722,274.2257142857143,916.1199999999999"
"552528,Referral Program,2023-11-20,All,App,7597,992,18,1340.17,9921.34,1.97,13.057785968145321,1.8145161290322582,7.40304588223882,74.4538888888889,8581.17"
"297937,New User Discount,2023-11-19,Inactive,App,6966,956,53,1528.01,7509.17,3.68,13.723801320700545,5.543933054393305,4.914346110300325,28.830377358490566,5981.16"
"663400,Weekend Special,2023-11-19,All,Email,7456,370,23,2061.27,2029.93,1.61,4.96244635193133,6.216216216216217,0.9847957812416618,89.6204347826087,-31.339999999999918"
"288249,Festival Offer,2023-11-19,Premium,Sms,8909,597,24,1814.25,2508.21,3.48,6.7010887866202715,4.0201005025125625,1.3825051674245556,75.59375,693.96"
"251593,Flash Sale,2023-11-19,Inactive,Email,3899,852,88,1170.35,3268.87,2.94,21.85175686073352,10.328638497652582,2.7930704490109797,13.299431818181818,2098.52"
"100410,Membership Drive,2023-11-19,New Users,Social Media,4614,410,99,1987.88,5582.24,3.41,8.885999133073256,24.146341463414632,2.808137312111395,20.07959595959596,3594.3599999999997"
"577556,Category Promotion,2023-11-19,All,Social Media,9888,325,10,4048.4,6110.97,3.38,3.286812297734628,3.076923076923077,1.5094778183973916,404.84000000000003,2062.57"
"52019,App Push Notification,2023-11-19,Inactive,Email,7170,926,46,2249.83,6891.34,2.77,12.914923291492327,4.967602591792657,3.063049208162395,48.90934782608696,4641.51"
"739370,Email Campaign,2023-11-19,New Users,Email,7617,994,80,4323.89,5083.13,3.4,13.049757122226598,8.048289738430583,1.1755918860100512,54.048625,759.2399999999998"
"716074,Referral Program,2023-11-19,Premium,Sms,8778,918,85,1836.16,9008.8,2.92,10.457963089542037,9.25925925925926,4.906326246078772,21.60188235294118,7172.639999999999"
"718614,New User Discount,2023-11-18,New Users,Email,1418,648,89,2209.45,4417.94,2.41,45.6981664315938,13.734567901234568,1.999565502726923,24.825280898876404,2208.49"
"930357,Weekend Special,2023-11-18,Premium,Sms,6002,603,10,3669.49,3507.64,1.62,10.046651116294568,1.658374792703151,0.9558930532580822,366.94899999999996,-161.8499999999999"
"780022,Festival Offer,2023-11-18,Premium,Social Media,3224,524,81,3555.89,5937.02,3.4,16.253101736972706,15.458015267175574,1.6696298254445443,43.89987654320988,2381.1300000000006"
"306225,Flash Sale,2023-11-18,Premium,Sms,2113,232,18,3337.21,9281.13,2.72,10.979649787032656,7.758620689655173,2.781104575378834,185.40055555555557,5943.919999999999"
"635949,Membership Drive,2023-11-18,Inactive,Sms,5271,392,61,3491.27,2778.83,3.73,7.436918990703852,15.561224489795919,0.7959367221670051,57.23393442622951,-712.44"
"155841,Category Promotion,2023-11-18,Inactive,Social Media,4082,511,25,1187.71,3794.99,2.49,12.518373346398823,4.892367906066536,3.1952160039066775,47.5084,2607.2799999999997"
"841351,App Push Notification,2023-11-18,Inactive,Email,4959,960,42,1175.75,5540.87,1.81,19.358741681790683,4.375,4.712625983414841,27.99404761904762,4365.12"
"916605,Email Campaign,2023-11-18,Inactive,App,1504,317,98,2214.64,2259.7,3.2,21.07712765957447,30.914826498422716,1.0203464219918361,22.598367346938772,45.059999999999945"
"220730,Referral Program,2023-11-18,Inactive,App,9743,340,69,1093.67,2646.96,3.46,3.489684901980909,20.294117647058822,2.420254738632311,15.850289855072464,1553.29"
"953225,New User Discount,2023-11-17,All,Email,9692,784,39,3229.56,8652.09,1.67,8.089145687164672,4.974489795918367,2.679030580017092,82.80923076923077,5422.530000000001"
"403108,Weekend Special,2023-11-17,Inactive,Email,9474,439,93,1969.7,3321.45,3.79,4.63373443107452,21.184510250569478,1.6862720211199673,21.17956989247312,1351.7499999999998"
"350821,Festival Offer,2023-11-17,All,Social Media,2629,335,97,4437.07,2168.9,3.33,12.742487637885128,28.955223880597014,0.4888135639059109,45.74298969072164,-2268.1699999999996"
"3231,Flash Sale,2023-11-17,All,App,5407,850,38,1355.02,7982.42,2.31,15.720362493064547,4.470588235294118,5.890997918849906,35.65842105263158,6627.4"
"301923,Membership Drive,2023-11-17,New Users,Social Media,5823,890,23,4602.62,5892.04,3.23,15.284217757169843,2.584269662921348,1.2801491324506478,200.11391304347825,1289.42"
"974324,Category Promotion,2023-11-17,New Users,Sms,3434,451,36,4439.92,8212.41,2.5,13.133372160745486,7.982261640798225,1.849675219373322,123.33111111111111,3772.49"
"882723,App Push Notification,2023-11-17,New Users,Email,2222,585,12,1551.51,7943.57,3.03,26.327632763276327,2.051282051282051,5.119896101217523,129.2925,6392.0599999999995"
"298032,Email Campaign,2023-11-17,Inactive,Sms,1442,785,55,2271.4,8389.0,2.03,54.438280166435504,7.006369426751593,3.6933168970678873,41.29818181818182,6117.6"
"930162,Referral Program,2023-11-17,New Users,App,4793,985,94,1776.39,7083.2,2.07,20.550803254746505,9.543147208121827,3.9874126740186555,18.89776595744681,5306.8099999999995"
"152958,New User Discount,2023-11-16,New Users,Social Media,9258,313,87,4600.95,4613.98,2.14,3.3808597969323824,27.79552715654952,1.0028320238211672,52.884482758620685,13.029999999999745"
"681404,Weekend Special,2023-11-16,Inactive,App,3012,115,85,3623.14,3557.18,3.52,3.818061088977424,73.91304347826086,0.9817947967784849,42.62517647058824,-65.96000000000004"
"787605,Festival Offer,2023-11-16,Premium,Sms,7473,178,46,3956.3,9579.18,1.57,2.3819082028636425,25.842696629213485,2.4212471248388647,86.00652173913043,5622.88"
"257698,Flash Sale,2023-11-16,Premium,Social Media,4764,722,28,3808.26,6756.06,3.16,15.155331654072207,3.8781163434903045,1.7740542925115408,136.0092857142857,2947.8"
"321902,Membership Drive,2023-11-16,Inactive,Sms,4735,650,11,3521.87,3210.04,2.96,13.727560718057022,1.6923076923076923,0.9114589692407726,320.17,-311.8299999999999"
"349788,Category Promotion,2023-11-16,Inactive,App,6494,635,84,1914.39,3361.23,2.7,9.778256852479212,13.228346456692913,1.755770767711908,22.790357142857143,1446.84"
"41346,App Push Notification,2023-11-16,Inactive,Social Media,3674,546,90,3738.64,8373.91,3.5,14.861186717474142,16.483516483516482,2.2398278518391717,41.54044444444445,4635.27"
"54622,Email Campaign,2023-11-16,New Users,Sms,4405,591,64,4576.74,8380.71,3.92,13.416572077185018,10.829103214890017,1.8311527419079956,71.5115625,3803.9699999999993"
"576183,Referral Program,2023-11-16,Premium,Social Media,6362,172,62,4869.05,9576.67,2.23,2.703552342030808,36.04651162790697,1.9668456885840153,78.53306451612903,4707.62"
"713988,New User Discount,2023-11-15,Premium,Social Media,9057,332,19,1525.25,5577.25,3.63,3.665672960141327,5.72289156626506,3.656613669890182,80.27631578947368,4052.0"
"182910,Weekend Special,2023-11-15,Premium,Email,2360,426,60,2459.44,5150.29,3.71,18.05084745762712,14.084507042253522,2.094090524672283,40.99066666666667,2690.85"
"262168,Festival Offer,2023-11-15,All,Email,8581,130,67,3144.64,5003.53,2.78,1.5149749446451464,51.53846153846153,1.5911296682609137,46.93492537313433,1858.8899999999999"
"81757,Flash Sale,2023-11-15,Premium,Social Media,2565,932,27,4671.62,7072.21,2.55,36.33528265107213,2.896995708154506,1.5138667100491907,173.02296296296296,2400.59"
"329327,Membership Drive,2023-11-15,All,Sms,7575,756,40,3292.32,3942.51,3.1,9.98019801980198,5.291005291005291,1.197486878553725,82.308,650.19"
"28630,Category Promotion,2023-11-15,New Users,Social Media,7512,852,43,2283.87,6815.3,1.62,11.341853035143771,5.046948356807512,2.9841015469356837,53.11325581395349,4531.43"
"201406,App Push Notification,2023-11-15,All,Email,1622,717,51,4375.26,7783.21,1.64,44.20468557336621,7.112970711297072,1.7789137102709325,85.78941176470589,3407.95"
"621649,Email Campaign,2023-11-15,Premium,Social Media,7014,352,99,4268.19,9397.69,2.0,5.018534359851725,28.125,2.2017974832423115,43.1130303030303,5129.500000000001"
"554102,Referral Program,2023-11-15,All,Sms,8145,687,42,3987.42,5341.12,2.64,8.43462246777164,6.11353711790393,1.339492704555828,94.93857142857144,1353.6999999999998"
"786425,New User Discount,2023-11-14,Premium,Email,4346,304,95,4239.53,2397.25,2.54,6.994937873907041,31.25,0.5654518307453893,44.62663157894737,-1842.2799999999997"
"108462,Weekend Special,2023-11-14,Premium,Email,3680,581,32,2021.05,4046.26,3.09,15.78804347826087,5.507745266781412,2.0020583360134583,63.1578125,2025.2100000000003"
"845932,Festival Offer,2023-11-14,New Users,App,7111,476,76,3539.94,7105.34,1.52,6.693854591477992,15.966386554621847,2.0071922122973835,46.57815789473684,3565.4"
"908556,Flash Sale,2023-11-14,All,Sms,3116,742,33,1370.59,9410.57,1.93,23.812580231065468,4.44743935309973,6.866072275443423,41.5330303030303,8039.98"
"404232,Membership Drive,2023-11-14,New Users,Email,3469,542,31,1745.28,3126.71,3.54,15.624099164024214,5.719557195571956,1.791523423175651,56.299354838709675,1381.43"
"351040,Category Promotion,2023-11-14,Premium,Email,9822,518,38,3215.07,2754.09,1.59,5.273874974546936,7.335907335907336,0.8566189849676679,84.6071052631579,-460.98"
"365215,App Push Notification,2023-11-14,New Users,Sms,5986,787,54,1837.73,3120.98,2.76,13.147343802205144,6.861499364675986,1.6982799431907842,34.032037037037036,1283.25"
"985841,Email Campaign,2023-11-14,Inactive,App,5701,862,86,4580.3,4229.09,2.29,15.120154358884404,9.976798143851507,0.9233216164880029,53.259302325581395,-351.21000000000004"
"249499,Referral Program,2023-11-14,All,Email,3935,494,27,3858.0,8669.26,3.91,12.554002541296061,5.465587044534413,2.2470865733540695,142.88888888888889,4811.26"
"262739,New User Discount,2023-11-13,Inactive,Sms,4799,924,19,3893.51,4651.11,1.54,19.254011252344238,2.0562770562770565,1.1945802116855997,204.92157894736843,757.5999999999995"
"546095,Weekend Special,2023-11-13,All,Social Media,6163,274,91,2068.18,8907.41,1.91,4.44588674346909,33.21167883211679,4.306883346710634,22.727252747252745,6839.23"
"827445,Festival Offer,2023-11-13,Inactive,App,7989,172,78,4332.76,4865.86,3.14,2.152960320440606,45.348837209302324,1.123039355976329,55.54820512820513,533.0999999999995"
"445119,Flash Sale,2023-11-13,Inactive,Social Media,3090,730,99,2953.69,6852.18,3.76,23.624595469255663,13.561643835616438,2.319871076517847,29.835252525252525,3898.4900000000002"
"174638,Membership Drive,2023-11-13,New Users,Sms,9254,892,49,4276.47,6695.22,3.8,9.639074994596932,5.493273542600897,1.5655949883899571,87.27489795918368,2418.75"
"228666,Category Promotion,2023-11-13,New Users,Email,3150,991,94,2324.26,8422.26,1.74,31.460317460317462,9.485368314833503,3.6236307469904396,24.72617021276596,6098.0"
"515077,App Push Notification,2023-11-13,Inactive,Sms,2552,535,49,1391.09,3599.18,3.71,20.96394984326019,9.158878504672897,2.5873092323286055,28.38959183673469,2208.09"
"371140,Email Campaign,2023-11-13,Inactive,Email,8451,797,91,1766.62,5477.67,1.63,9.430836587386109,11.417816813048933,3.1006498284860355,19.41340659340659,3711.05"
"652176,Referral Program,2023-11-13,Inactive,Social Media,6471,289,38,1023.81,5372.66,2.14,4.466079431308917,13.148788927335639,5.2477119778083825,26.94236842105263,4348.85"
"24596,New User Discount,2023-11-12,All,Sms,2137,297,86,1852.31,2487.97,2.86,13.897987833411324,28.95622895622896,1.3431714993710555,21.538488372093024,635.6599999999999"
"865351,Weekend Special,2023-11-12,New Users,Email,9672,151,84,2695.13,4933.22,3.97,1.5612076095947063,55.62913907284768,1.8304200539491602,32.084880952380956,2238.09"
"759071,Festival Offer,2023-11-12,Inactive,Email,5782,700,24,2858.16,8345.49,2.41,12.106537530266344,3.428571428571429,2.919882022000168,119.08999999999999,5487.33"
"431600,Flash Sale,2023-11-12,New Users,App,4425,194,95,1351.21,3520.09,3.94,4.384180790960452,48.96907216494845,2.605139097549604,14.223263157894737,2168.88"
"393708,Membership Drive,2023-11-12,Inactive,Social Media,3897,112,56,3489.79,2809.78,2.25,2.874005645368232,50.0,0.8051430028740985,62.31767857142857,-680.0099999999998"
"121219,Category Promotion,2023-11-12,Premium,Sms,2169,339,50,2344.55,4653.82,3.58,15.629322268326417,14.749262536873156,1.9849523362692199,46.891000000000005,2309.2699999999995"
"497034,App Push Notification,2023-11-12,Premium,App,7618,407,71,2548.17,7706.26,3.3,5.342609608821213,17.444717444717444,3.024233077070996,35.889718309859155,5158.09"
"350837,Email Campaign,2023-11-12,Inactive,App,9580,703,51,3556.5,5723.73,3.92,7.338204592901879,7.254623044096728,1.609371573175875,69.73529411764706,2167.2299999999996"
"620729,Referral Program,2023-11-12,New Users,Social Media,2399,409,39,4429.65,5942.7,3.57,17.04877032096707,9.535452322738386,1.341573261995869,113.58076923076922,1513.0500000000002"
"820408,New User Discount,2023-11-11,New Users,Social Media,8822,719,83,4375.96,7329.74,3.96,8.150079347086828,11.543810848400557,1.6750015996489913,52.72240963855422,2953.7799999999997"
"236335,Weekend Special,2023-11-11,New Users,App,8124,832,50,3831.66,8634.87,2.66,10.241260462826194,6.009615384615385,2.2535585098886646,76.6332,4803.210000000001"
"219062,Festival Offer,2023-11-11,All,Social Media,5016,300,43,2664.02,9733.86,1.5,5.980861244019139,14.333333333333334,3.653823920240839,61.95395348837209,7069.84"
"419218,Flash Sale,2023-11-11,Inactive,App,2738,621,89,1223.98,6300.09,1.88,22.680788897005115,14.331723027375201,5.147216457785258,13.752584269662922,5076.110000000001"
"252265,Membership Drive,2023-11-11,Premium,Sms,3378,607,84,4678.21,3114.63,2.24,17.969212551805803,13.838550247116968,0.6657738750505001,55.69297619047619,-1563.58"
"577192,Category Promotion,2023-11-11,Inactive,Social Media,7791,937,39,1280.42,3419.17,3.52,12.026697471441407,4.16221985058698,2.6703503537901625,32.83128205128205,2138.75"
"795656,App Push Notification,2023-11-11,Inactive,Social Media,4978,457,65,3498.03,7987.25,3.13,9.18039373242266,14.22319474835886,2.2833566321615306,53.81584615384616,4489.219999999999"
"194088,Email Campaign,2023-11-11,All,Social Media,4299,519,18,3496.89,7879.5,3.15,12.072575017445917,3.4682080924855487,2.2532879215531514,194.27166666666665,4382.610000000001"
"822039,Referral Program,2023-11-11,New Users,Email,6726,462,88,2289.51,8142.7,3.9,6.868867082961641,19.047619047619047,3.5565251953474757,26.017159090909093,5853.19"
"782332,New User Discount,2023-11-10,Premium,Email,6304,563,12,4366.78,5687.42,3.32,8.930837563451776,2.1314387211367674,1.3024287919244846,363.8983333333333,1320.6400000000003"
"208302,Weekend Special,2023-11-10,New Users,Email,1959,462,26,1848.17,3568.67,2.42,23.583460949464012,5.627705627705628,1.9309208568475844,71.08346153846153,1720.5"
"950343,Festival Offer,2023-11-10,All,App,2568,106,26,2711.32,5664.84,3.11,4.127725856697819,24.528301886792452,2.089329182833454,104.28153846153847,2953.52"
"772722,Flash Sale,2023-11-10,Premium,Email,5250,146,62,2110.88,3322.94,2.63,2.780952380952381,42.465753424657535,1.5741965436216174,34.046451612903226,1212.06"
"560709,Membership Drive,2023-11-10,New Users,App,6072,601,62,3201.47,7374.4,1.78,9.897891963109355,10.316139767054908,2.3034418563972174,51.6366129032258,4172.93"
"833327,Category Promotion,2023-11-10,All,Social Media,4325,285,48,3006.08,4070.25,3.76,6.589595375722543,16.842105263157894,1.3540058814136684,62.626666666666665,1064.17"
"454633,App Push Notification,2023-11-10,All,Social Media,6169,428,80,2093.21,6008.78,2.99,6.9379153833684555,18.69158878504673,2.870605433759632,26.165125,3915.5699999999997"
"201404,Email Campaign,2023-11-10,Premium,Social Media,6336,104,32,3298.94,9363.32,3.07,1.6414141414141417,30.76923076923077,2.838281387354726,103.091875,6064.379999999999"
"246813,Referral Program,2023-11-10,Premium,Email,9829,467,86,1326.93,4497.16,1.69,4.751246311934073,18.41541755888651,3.3891463754681856,15.429418604651163,3170.2299999999996"
"361511,New User Discount,2023-11-09,New Users,Sms,6195,948,19,3329.15,5028.08,3.16,15.302663438256658,2.0042194092827006,1.510319450910893,175.21842105263158,1698.9299999999998"
"484374,Weekend Special,2023-11-09,Inactive,App,7234,786,36,4926.72,6198.95,1.91,10.865358031517832,4.580152671755725,1.258230628085217,136.85333333333335,1272.2299999999996"
"605230,Festival Offer,2023-11-09,Inactive,Sms,4756,750,69,3656.58,4470.2,1.65,15.76955424726661,9.2,1.2225084641933173,52.99391304347826,813.6199999999999"
"116140,Flash Sale,2023-11-09,Premium,App,9303,167,26,2023.64,4654.52,3.65,1.7951198538105988,15.568862275449103,2.3000731355379416,77.8323076923077,2630.88"
"400626,Membership Drive,2023-11-09,All,Email,2280,780,86,1008.7,3524.89,3.1,34.21052631578947,11.025641025641026,3.494487954793298,11.72906976744186,2516.1899999999996"
"414580,Category Promotion,2023-11-09,All,Social Media,9733,981,88,1773.43,5827.95,3.68,10.079112298366383,8.970438328236494,3.286258831755412,20.152613636363636,4054.5199999999995"
"21013,App Push Notification,2023-11-09,Premium,Sms,4558,354,32,2838.41,8937.99,2.67,7.766564282580079,9.03954802259887,3.1489425417751487,88.7003125,6099.58"
"684739,Email Campaign,2023-11-09,New Users,Sms,6885,383,87,3367.11,6678.85,2.86,5.562817719680465,22.715404699738905,1.9835556307931728,38.70241379310345,3311.7400000000002"
"637182,Referral Program,2023-11-09,Inactive,Email,5724,485,85,3686.86,3686.81,1.85,8.47309573724668,17.525773195876287,0.9999864383242107,43.37482352941176,-0.0500000000001819"
"832059,New User Discount,2023-11-08,Premium,Email,2985,953,85,3230.24,2022.21,2.02,31.926298157453935,8.919202518363065,0.6260246916637774,38.002823529411764,-1208.0299999999997"
"216463,Weekend Special,2023-11-08,New Users,Sms,7090,596,24,1132.53,8547.61,3.68,8.406205923836389,4.026845637583892,7.547358568867933,47.18875,7415.080000000001"
"796337,Festival Offer,2023-11-08,All,App,5175,635,45,2049.39,8014.12,3.42,12.270531400966183,7.086614173228346,3.9104904386183206,45.541999999999994,5964.73"
"670674,Flash Sale,2023-11-08,All,Social Media,3962,540,37,2405.35,4122.73,1.95,13.629480060575466,6.851851851851852,1.7139834119774668,65.00945945945946,1717.3799999999997"
"184294,Membership Drive,2023-11-08,All,App,4493,704,21,4749.46,8444.98,3.72,15.668818161584689,2.9829545454545454,1.7780926673769228,226.16476190476192,3695.5199999999995"
"242821,Category Promotion,2023-11-08,Premium,Social Media,7340,112,79,4664.6,3041.47,2.23,1.5258855585831061,70.53571428571429,0.6520323286026668,59.04556962025317,-1623.1300000000006"
"576123,App Push Notification,2023-11-08,Inactive,Social Media,2989,405,50,3354.18,7996.79,2.2,13.549682167949149,12.345679012345679,2.3841266717945966,67.08359999999999,4642.610000000001"
"112987,Email Campaign,2023-11-08,Premium,Sms,3254,399,38,1794.54,9403.67,2.87,12.261831591886908,9.523809523809524,5.240156251741394,47.224736842105266,7609.13"
"656190,Referral Program,2023-11-08,New Users,Sms,2030,890,48,4253.58,2117.8,3.96,43.84236453201971,5.393258426966292,0.49788648620691284,88.61625,-2135.7799999999997"
"222008,New User Discount,2023-11-07,New Users,Sms,1171,345,84,2485.31,7179.3,2.76,29.461998292058073,24.347826086956523,2.8886939657427044,29.58702380952381,4693.99"
"975496,Weekend Special,2023-11-07,Premium,App,7108,412,86,4391.98,7823.43,2.86,5.796285875070343,20.87378640776699,1.7812990951689218,51.06953488372093,3431.4500000000007"
"564613,Festival Offer,2023-11-07,Inactive,Social Media,5563,507,72,1836.38,4125.96,2.35,9.11378752471688,14.201183431952662,2.2467898800901773,25.505277777777778,2289.58"
"394041,Flash Sale,2023-11-07,New Users,Social Media,3791,281,70,1675.45,9389.32,2.81,7.412292271168557,24.91103202846975,5.604058611119401,23.935000000000002,7713.87"
"691816,Membership Drive,2023-11-07,All,App,1846,196,45,2235.91,3205.35,3.63,10.617551462621885,22.95918367346939,1.4335773801271072,49.68688888888889,969.44"
"325083,Category Promotion,2023-11-07,New Users,Email,3246,253,66,3568.36,4968.11,3.63,7.794208256315466,26.08695652173913,1.3922670358371911,54.06606060606061,1399.7499999999995"
"583896,App Push Notification,2023-11-07,Premium,Email,1963,214,57,2769.0,5271.07,3.21,10.901681100356598,26.635514018691588,1.9036005778259297,48.578947368421055,2502.0699999999997"
"841577,Email Campaign,2023-11-07,All,App,4740,127,87,2325.21,8362.28,1.7,2.6793248945147683,68.50393700787401,3.596354737851635,26.72655172413793,6037.070000000001"
"478313,Referral Program,2023-11-07,New Users,App,2985,468,83,1845.6,3446.0,2.02,15.678391959798995,17.735042735042736,1.8671434763762462,22.23614457831325,1600.4"
"94176,New User Discount,2023-11-06,Premium,Sms,2368,367,90,1648.13,3168.13,1.89,15.49831081081081,24.52316076294278,1.9222573462044863,18.312555555555555,1520.0"
"742092,Weekend Special,2023-11-06,Inactive,Email,3981,851,16,2812.64,8898.49,2.43,21.376538558151218,1.8801410105757932,3.1637500711075717,175.79,6085.85"
"348097,Festival Offer,2023-11-06,New Users,App,2660,354,82,2173.39,8468.66,3.97,13.30827067669173,23.163841807909606,3.8965211029773763,26.504756097560975,6295.27"
"902340,Flash Sale,2023-11-06,Inactive,Email,9174,665,61,4922.67,2512.34,3.43,7.248746457379552,9.172932330827068,0.5103612470468263,80.69950819672131,-2410.33"
"519991,Membership Drive,2023-11-06,Premium,Social Media,7044,829,71,4869.31,2050.57,2.11,11.768881317433276,8.56453558504222,0.42112126769501224,68.5818309859155,-2818.7400000000002"
"648419,Category Promotion,2023-11-06,Premium,Sms,5202,882,18,1876.81,7158.88,3.44,16.955017301038062,2.0408163265306123,3.814387178243935,104.26722222222222,5282.07"
"426826,App Push Notification,2023-11-06,Inactive,Sms,4270,865,99,1315.34,6461.11,2.49,20.2576112412178,11.445086705202312,4.912121580731978,13.286262626262625,5145.7699999999995"
"620986,Email Campaign,2023-11-06,All,Sms,9994,889,57,3670.87,4268.04,2.37,8.895337202321393,6.411698537682789,1.1626780572452853,64.40122807017543,597.1700000000001"
"436998,Referral Program,2023-11-06,Inactive,Email,1260,380,55,3264.21,9081.39,3.18,30.158730158730158,14.473684210526317,2.7821096069186724,59.34927272727273,5817.179999999999"
"527536,New User Discount,2023-11-05,New Users,Sms,7500,575,64,3158.74,3216.18,3.25,7.666666666666666,11.130434782608695,1.0181844659579453,49.3553125,57.440000000000055"
"505448,Weekend Special,2023-11-05,New Users,Email,3749,416,79,2445.05,4821.35,2.38,11.096292344625233,18.990384615384613,1.9718819656039754,30.950000000000003,2376.3"
"969752,Festival Offer,2023-11-05,Inactive,App,1374,452,51,4067.31,2911.44,2.85,32.896652110625915,11.283185840707963,0.715814629325033,79.75117647058823,-1155.87"
"147451,Flash Sale,2023-11-05,Inactive,Email,9137,190,60,3200.14,5398.87,3.52,2.0794571522381524,31.57894736842105,1.687073065553382,53.33566666666666,2198.73"
"730136,Membership Drive,2023-11-05,Premium,App,7256,153,82,2718.42,6267.6,2.79,2.1085997794928333,53.59477124183007,2.3056039905533363,33.15146341463415,3549.1800000000003"
"876979,Category Promotion,2023-11-05,Inactive,App,8494,544,55,2055.54,9501.28,2.31,6.404520838238757,10.11029411764706,4.622279303735272,37.37345454545454,7445.740000000001"
"130091,App Push Notification,2023-11-05,New Users,Email,1906,970,39,1922.39,7865.5,3.92,50.89192025183631,4.020618556701031,4.0915214914767555,49.29205128205128,5943.11"
"289467,Email Campaign,2023-11-05,Inactive,Social Media,7634,836,53,3190.81,4611.69,2.13,10.951008645533141,6.339712918660287,1.445303857014363,60.203962264150945,1420.8799999999997"
"685660,Referral Program,2023-11-05,New Users,Sms,3611,338,92,4394.56,2119.58,2.73,9.360288008861811,27.218934911242602,0.4823190490060438,47.76695652173913,-2274.9800000000005"
"648,New User Discount,2023-11-04,All,Email,7368,138,43,4892.22,2261.53,2.35,1.8729641693811077,31.15942028985507,0.46227070736802517,113.7725581395349,-2630.69"
"615382,Weekend Special,2023-11-04,Inactive,Email,3368,726,82,3851.46,3495.03,3.79,21.555819477434678,11.294765840220386,0.9074558738764001,46.9690243902439,-356.42999999999984"
"73874,Festival Offer,2023-11-04,All,Social Media,3667,968,40,4869.2,5962.75,2.79,26.397600218161987,4.132231404958678,1.224585147457488,121.72999999999999,1093.5500000000002"
"530564,Flash Sale,2023-11-04,New Users,Social Media,7665,818,76,1209.6,9850.09,2.78,10.671885192433137,9.290953545232274,8.143262235449736,15.915789473684208,8640.49"
"937960,Membership Drive,2023-11-04,Premium,Sms,8982,584,87,3592.12,2602.11,3.06,6.501892674237364,14.897260273972604,0.7243939512043028,41.28873563218391,-990.0099999999998"
"332790,Category Promotion,2023-11-04,New Users,App,3711,266,52,1716.9,6223.46,1.64,7.167879277822689,19.548872180451127,3.6248238103558736,33.017307692307696,4506.5599999999995"
"846532,App Push Notification,2023-11-04,Inactive,Sms,3960,423,66,2809.79,4947.09,2.83,10.681818181818182,15.602836879432624,1.7606618288199474,42.572575757575756,2137.3"
"377049,Email Campaign,2023-11-04,New Users,Sms,8586,281,75,1164.36,4435.69,2.81,3.272769624970883,26.690391459074732,3.8095520285822255,15.524799999999999,3271.33"
"300068,Referral Program,2023-11-04,Premium,Sms,4605,863,24,1294.77,8456.87,1.67,18.740499457111834,2.7809965237543453,6.53156159008936,53.94875,7162.1"
"701528,New User Discount,2023-11-03,Inactive,Sms,4944,990,63,4058.25,7766.38,2.62,20.024271844660195,6.363636363636363,1.9137263598841865,64.41666666666667,3708.13"
"896780,Weekend Special,2023-11-03,All,Social Media,7323,488,80,1994.24,2189.36,3.04,6.663935545541445,16.39344262295082,1.0978417843388961,24.928,195.12000000000012"
"780352,Festival Offer,2023-11-03,Premium,Sms,4861,515,87,3510.78,8511.78,2.59,10.594527874922855,16.893203883495143,2.4244697759472253,40.353793103448275,5001.0"
"719806,Flash Sale,2023-11-03,New Users,Social Media,5201,451,16,1432.95,7105.28,3.23,8.671409344356855,3.5476718403547673,4.958498203007781,89.559375,5672.33"
"55745,Membership Drive,2023-11-03,All,App,1467,807,68,3026.45,2772.48,2.47,55.010224948875255,8.426270136307311,0.9160831997885311,44.50661764705882,-253.9699999999998"
"988214,Category Promotion,2023-11-03,Premium,Email,6455,507,26,1378.74,6897.51,3.76,7.85437645236251,5.128205128205128,5.0027633926628665,53.02846153846154,5518.77"
"185180,App Push Notification,2023-11-03,Premium,Email,7549,444,22,3644.01,8899.62,2.2,5.881573718373295,4.954954954954955,2.442260037705714,165.6368181818182,5255.610000000001"
"932229,Email Campaign,2023-11-03,All,Sms,4167,459,12,3010.49,9370.47,3.64,11.01511879049676,2.6143790849673203,3.112606253467044,250.87416666666664,6359.98"
"520821,Referral Program,2023-11-03,Premium,Social Media,1834,299,70,2936.92,3978.66,3.66,16.303162486368596,23.411371237458194,1.35470492897321,41.956,1041.7399999999998"
"386205,New User Discount,2023-11-02,All,Email,9640,451,53,3828.98,8550.64,3.98,4.678423236514523,11.751662971175167,2.2331378069355283,72.24490566037736,4721.66"
"738123,Weekend Special,2023-11-02,New Users,App,9550,257,81,3875.15,9731.08,1.86,2.6910994764397906,31.517509727626457,2.511149245835645,47.84135802469136,5855.93"
"194159,Festival Offer,2023-11-02,Premium,Email,7482,153,22,1167.19,2605.53,2.77,2.0449077786688052,14.37908496732026,2.2323100780507033,53.05409090909091,1438.3400000000001"
"934330,Flash Sale,2023-11-02,All,Email,1004,824,90,3054.06,7189.41,3.59,82.07171314741036,10.922330097087379,2.3540500186636804,33.934,4135.35"
"532241,Membership Drive,2023-11-02,New Users,Email,8379,604,99,4506.85,8998.71,3.6,7.208497434061344,16.39072847682119,1.9966739518732592,45.523737373737376,4491.859999999999"
"768546,Category Promotion,2023-11-02,Premium,Email,5944,994,54,1288.37,3024.21,2.41,16.722745625841185,5.432595573440644,2.3473148241576567,23.8587037037037,1735.8400000000001"
"281887,App Push Notification,2023-11-02,New Users,Email,5265,765,84,1810.21,7630.52,1.76,14.529914529914532,10.980392156862745,4.215267841852603,21.55011904761905,5820.31"
"229401,Email Campaign,2023-11-02,All,Sms,3632,709,51,2978.36,4481.77,3.26,19.520925110132158,7.193229901269394,1.50477779717697,58.39921568627451,1503.4100000000003"
"406912,Referral Program,2023-11-02,All,Social Media,9177,659,46,2347.14,7206.93,2.11,7.180995968181322,6.980273141122914,3.0705156062271532,51.02478260869565,4859.790000000001"
"439442,New User Discount,2023-11-01,All,App,4881,932,20,3335.87,4093.69,1.6,19.094447859045278,2.1459227467811157,1.2271731212547252,166.7935,757.8200000000002"
"142218,Weekend Special,2023-11-01,Premium,Email,7797,613,66,4729.9,3650.63,1.62,7.8619982044376036,10.766721044045676,0.7718197002050784,71.6651515151515,-1079.2699999999995"
"350135,Festival Offer,2023-11-01,Premium,Email,2523,888,68,2697.8,4145.36,3.13,35.1961950059453,7.657657657657657,1.536570538957669,39.67352941176471,1447.5599999999995"
"859758,Flash Sale,2023-11-01,All,Sms,3659,751,10,4232.8,6568.46,2.02,20.52473353375239,1.3315579227696404,1.5518002268002267,423.28000000000003,2335.66"
"990509,Membership Drive,2023-11-01,Inactive,Sms,1529,889,15,3434.16,9057.33,3.65,58.142576847612816,1.687289088863892,2.6374222517296806,228.944,5623.17"
"494048,Category Promotion,2023-11-01,Premium,Social Media,9384,236,15,2754.7,6078.22,2.22,2.514919011082694,6.3559322033898304,2.2064907249428254,183.64666666666665,3323.5200000000004"
"489774,App Push Notification,2023-11-01,New Users,App,7006,464,29,1777.3,8981.2,2.54,6.622894661718528,6.25,5.053283069825016,61.286206896551725,7203.900000000001"
"390492,Email Campaign,2023-11-01,All,Email,7535,603,24,4009.07,7308.53,2.63,8.002654280026542,3.9800995024875623,1.8229988501073813,167.04458333333335,3299.4599999999996"
"649128,Referral Program,2023-11-01,Inactive,Social Media,1788,371,10,3840.1,7241.91,2.69,20.74944071588367,2.6954177897574128,1.8858649514335564,384.01,3401.81"
"984354,New User Discount,2023-10-31,Inactive,Email,7712,619,80,3472.67,4819.29,2.48,8.026452282157678,12.924071082390952,1.3877765523358108,43.408375,1346.62"
"683460,Weekend Special,2023-10-31,Inactive,Sms,2007,350,18,4758.97,2956.53,3.04,17.438963627304435,5.142857142857142,0.6212541789504872,264.38722222222225,-1802.44"
"472639,Festival Offer,2023-10-31,Premium,Email,1532,831,67,2447.79,9609.89,1.59,54.24281984334204,8.062575210589651,3.925945444666413,36.53417910447761,7162.099999999999"
"621287,Flash Sale,2023-10-31,Inactive,App,2695,713,49,2134.56,5025.08,1.73,26.456400742115026,6.872370266479663,2.3541526122479572,43.562448979591835,2890.52"
"299687,Membership Drive,2023-10-31,New Users,Email,3063,411,26,2779.58,9650.95,2.96,13.418217433888344,6.326034063260341,3.4720893084566735,106.90692307692308,6871.370000000001"
"21518,Category Promotion,2023-10-31,Inactive,App,8017,305,55,1223.86,7713.38,3.93,3.8044156168142695,18.0327868852459,6.302501920154267,22.252,6489.52"
"359808,App Push Notification,2023-10-31,Inactive,Sms,8487,746,12,3479.69,7298.83,2.05,8.789913986096384,1.6085790884718498,2.097551793406884,289.9741666666667,3819.14"
"791493,Email Campaign,2023-10-31,Premium,Social Media,4600,201,94,4686.33,4654.82,3.82,4.369565217391305,46.766169154228855,0.9932761884032921,49.854574468085104,-31.51000000000022"
"926216,Referral Program,2023-10-31,Premium,Email,4347,286,18,1915.43,4007.16,2.21,6.579250057510927,6.293706293706294,2.0920419957920675,106.41277777777778,2091.7299999999996"
"359569,New User Discount,2023-10-30,All,Sms,6137,186,31,4430.36,3170.83,2.58,3.030796806257129,16.666666666666664,0.7157048185700485,142.9148387096774,-1259.5299999999997"
"694883,Weekend Special,2023-10-30,New Users,Sms,8200,893,78,2870.49,5253.21,2.35,10.890243902439025,8.734602463605823,1.8300743078707817,36.801153846153845,2382.7200000000003"
"556220,Festival Offer,2023-10-30,All,Email,6674,860,96,2876.34,7211.52,1.71,12.885825591848965,11.162790697674419,2.5071862158159326,29.961875000000003,4335.18"
"351643,Flash Sale,2023-10-30,New Users,Email,6791,142,86,3165.85,5341.35,2.35,2.091002797820645,60.56338028169014,1.6871772193881582,36.81220930232558,2175.5000000000005"
"742224,Membership Drive,2023-10-30,Inactive,App,8938,678,36,3026.57,2740.97,3.87,7.585589617364064,5.3097345132743365,0.905635752683731,84.07138888888889,-285.60000000000036"
"128374,Category Promotion,2023-10-30,New Users,Social Media,8444,602,99,2021.55,3618.1,2.2,7.1293225959261015,16.44518272425249,1.789765279117509,20.419696969696968,1596.55"
"86194,App Push Notification,2023-10-30,Premium,Social Media,8320,539,22,3977.44,2918.56,3.94,6.478365384615385,4.081632653061225,0.7337785108009172,180.79272727272726,-1058.88"
"51074,Email Campaign,2023-10-30,Premium,Sms,9043,836,10,3959.28,9558.27,3.59,9.244719672674998,1.1961722488038278,2.414143480632842,395.928,5598.99"
"351794,Referral Program,2023-10-30,New Users,App,5674,947,45,1962.61,7909.33,2.58,16.69016566795911,4.7518479408658925,4.0300059614492945,43.61355555555555,5946.72"
"105859,New User Discount,2023-10-29,Inactive,Sms,1352,450,66,3695.61,2658.31,3.88,33.28402366863905,14.666666666666666,0.7193156204253154,55.994090909090914,-1037.3000000000002"
"397750,Weekend Special,2023-10-29,Inactive,App,3647,174,68,3884.72,6652.54,3.03,4.771044694269262,39.08045977011494,1.7124889309911655,57.128235294117644,2767.82"
"402134,Festival Offer,2023-10-29,Inactive,App,2804,713,80,4381.83,7968.65,2.2,25.427960057061338,11.220196353436185,1.818566671915615,54.772875,3586.8199999999997"
"102991,Flash Sale,2023-10-29,Premium,Social Media,5717,494,47,2281.7,5680.55,3.43,8.640895574602064,9.51417004048583,2.489613007845028,48.54680851063829,3398.8500000000004"
"443742,Membership Drive,2023-10-29,All,Social Media,4642,194,19,3825.19,3492.9,3.18,4.179233089185696,9.793814432989691,0.9131311124414735,201.3257894736842,-332.28999999999996"
"677049,Category Promotion,2023-10-29,Inactive,Social Media,4061,565,77,1440.12,4110.61,3.31,13.912829352376264,13.628318584070797,2.8543524150765216,18.70285714285714,2670.49"
"560039,App Push Notification,2023-10-29,All,App,9868,722,60,1426.56,2306.02,3.24,7.316578840697203,8.310249307479225,1.616490017945267,23.776,879.46"
"655058,Email Campaign,2023-10-29,Premium,Email,7788,165,77,2914.62,6447.33,3.29,2.11864406779661,46.666666666666664,2.2120653807357393,37.85220779220779,3532.71"
"432786,Referral Program,2023-10-29,Premium,Social Media,5299,426,48,4374.83,5281.94,2.32,8.03925268918664,11.267605633802818,1.2073474855022936,91.14229166666667,907.1099999999997"
"796726,New User Discount,2023-10-28,New Users,Sms,4143,758,91,1111.84,2054.55,1.77,18.295920830316195,12.005277044854882,1.847882788890488,12.218021978021977,942.7100000000003"
"969492,Weekend Special,2023-10-28,New Users,Sms,9090,667,13,1075.69,7092.36,3.2,7.337733773377337,1.9490254872563717,6.593312199611412,82.74538461538462,6016.67"
"96128,Festival Offer,2023-10-28,Inactive,Sms,6898,955,81,1783.84,4865.4,2.05,13.844592635546535,8.481675392670157,2.7274867701139116,22.022716049382716,3081.5599999999995"
"339172,Flash Sale,2023-10-28,Inactive,App,8745,772,79,4467.8,4835.48,1.73,8.827901658090337,10.233160621761659,1.0822955369533103,56.55443037974684,367.6799999999994"
"421722,Membership Drive,2023-10-28,All,App,4428,294,69,3221.76,5772.47,1.53,6.639566395663957,23.46938775510204,1.7917132250695271,46.69217391304348,2550.71"
"82195,Category Promotion,2023-10-28,Inactive,App,8617,533,85,1291.78,5143.67,3.81,6.185447371474991,15.947467166979362,3.981846754091254,15.197411764705882,3851.8900000000003"
"501370,App Push Notification,2023-10-28,Inactive,Email,9475,305,57,3473.25,3775.96,2.68,3.2189973614775726,18.688524590163937,1.0871546822140647,60.93421052631579,302.71000000000004"
"117625,Email Campaign,2023-10-28,Premium,Sms,9841,849,83,2383.25,9540.5,2.73,8.62717203536226,9.77620730270907,4.003146963180531,28.71385542168675,7157.25"
"893019,Referral Program,2023-10-28,All,Sms,8975,915,62,2086.05,4634.25,1.86,10.194986072423399,6.775956284153005,2.221543107787445,33.645967741935486,2548.2"
"138286,New User Discount,2023-10-27,Inactive,Social Media,3898,763,48,4726.29,5580.93,2.79,19.57414058491534,6.290956749672345,1.1808268218835494,98.464375,854.6400000000003"
"388493,Weekend Special,2023-10-27,Premium,Social Media,7578,631,10,1221.44,7522.03,2.65,8.32673528635524,1.5847860538827259,6.158329512706313,122.144,6300.59"
"124156,Festival Offer,2023-10-27,All,Social Media,5020,528,78,4437.17,9460.81,1.65,10.517928286852591,14.772727272727273,2.1321720826562873,56.88679487179487,5023.639999999999"
"782136,Flash Sale,2023-10-27,Premium,App,4320,874,18,4028.71,4396.37,2.41,20.23148148148148,2.059496567505721,1.0912599814829065,223.81722222222223,367.65999999999985"
"848455,Membership Drive,2023-10-27,All,Social Media,8491,288,38,2706.43,5319.87,1.6,3.3918266399717343,13.194444444444445,1.965641084380531,71.22184210526315,2613.44"
"43641,Category Promotion,2023-10-27,Inactive,App,9512,880,20,3062.47,8516.35,2.76,9.251471825063078,2.272727272727273,2.780876220828286,153.12349999999998,5453.880000000001"
"166190,App Push Notification,2023-10-27,Premium,Social Media,4370,396,83,2331.53,5467.0,3.43,9.061784897025172,20.95959595959596,2.3448122048611855,28.09072289156627,3135.47"
"602034,Email Campaign,2023-10-27,Premium,Sms,7518,704,53,3969.09,7021.08,2.12,9.364192604416068,7.528409090909091,1.7689394798303892,74.88849056603775,3051.99"
"495855,Referral Program,2023-10-27,Premium,Sms,2565,700,38,3358.2,3391.34,1.63,27.29044834307992,5.428571428571429,1.0098683818712406,88.3736842105263,33.14000000000033"
"134280,New User Discount,2023-10-26,Inactive,Social Media,7741,515,82,1522.6,7913.2,3.55,6.6528872238728844,15.922330097087379,5.197162747931171,18.568292682926828,6390.6"
"924166,Weekend Special,2023-10-26,All,App,5952,432,88,1446.27,5050.1,2.59,7.258064516129033,20.37037037037037,3.491809966327173,16.434886363636362,3603.8300000000004"
"915118,Festival Offer,2023-10-26,All,Email,8827,790,93,3467.06,5272.98,2.51,8.949813073524414,11.772151898734178,1.5208793617647227,37.28021505376344,1805.9199999999996"
"281361,Flash Sale,2023-10-26,All,App,8664,905,100,3204.04,2331.9,1.67,10.445521698984303,11.049723756906078,0.7277999026229386,32.0404,-872.1399999999999"
"658183,Membership Drive,2023-10-26,All,Social Media,7088,221,80,2988.11,8595.98,3.39,3.1179458239277653,36.199095022624434,2.8767280990324986,37.351375000000004,5607.869999999999"
"120767,Category Promotion,2023-10-26,Premium,Sms,5313,656,81,2124.54,7062.21,3.87,12.347073216638433,12.347560975609756,3.324112513767686,26.22888888888889,4937.67"
"552750,App Push Notification,2023-10-26,New Users,Social Media,6833,525,88,1006.73,9745.83,3.13,7.683301624469487,16.761904761904763,9.680679030127244,11.440113636363636,8739.1"
"879756,Email Campaign,2023-10-26,Inactive,Email,7533,304,53,4595.09,6565.29,2.69,4.0355767954334265,17.434210526315788,1.4287620046614973,86.69981132075472,1970.1999999999998"
"330492,Referral Program,2023-10-26,Premium,Email,1223,299,96,2672.1,8778.42,2.2,24.448078495502862,32.10702341137124,3.2852138767261705,27.834374999999998,6106.32"
"688584,New User Discount,2023-10-25,Premium,Sms,7904,728,73,1248.79,8646.48,2.75,9.210526315789473,10.027472527472527,6.923886321959657,17.106712328767124,7397.69"
"249230,Weekend Special,2023-10-25,All,App,4609,171,28,2216.43,7013.44,3.17,3.7101323497504883,16.374269005847953,3.1642957368380684,79.15821428571428,4797.01"
"950306,Festival Offer,2023-10-25,Inactive,App,5482,561,64,1838.61,4239.47,3.73,10.233491426486683,11.408199643493761,2.3058016653885276,28.72828125,2400.8600000000006"
"713035,Flash Sale,2023-10-25,Inactive,Sms,1101,157,26,1742.81,8934.51,2.32,14.259763851044504,16.560509554140125,5.126496864259443,67.03115384615384,7191.700000000001"
"308116,Membership Drive,2023-10-25,Premium,Email,2741,324,56,4356.62,4950.15,2.72,11.820503465888361,17.28395061728395,1.1362363483618034,77.79678571428572,593.5299999999997"
"803114,Category Promotion,2023-10-25,Premium,Social Media,1932,744,94,1501.4,3493.22,1.53,38.50931677018634,12.634408602150538,2.3266418009857466,15.972340425531916,1991.8199999999997"
"781965,App Push Notification,2023-10-25,All,Email,6508,353,82,3635.57,9579.9,2.71,5.424093423478795,23.229461756373937,2.635047599138512,44.33621951219512,5944.33"
"173278,Email Campaign,2023-10-25,All,App,9618,484,100,1683.51,9644.49,2.47,5.0322312331045955,20.66115702479339,5.7287987597341266,16.8351,7960.98"
"515371,Referral Program,2023-10-25,All,Social Media,8493,888,55,2321.24,4304.32,3.86,10.45566937477923,6.193693693693693,1.854319243163137,42.20436363636363,1983.08"
"859740,New User Discount,2023-10-24,All,Social Media,4630,428,66,3358.99,9236.38,3.2,9.244060475161987,15.42056074766355,2.749749180557251,50.893787878787876,5877.389999999999"
"921445,Weekend Special,2023-10-24,All,Sms,6502,598,41,3799.81,8991.54,3.39,9.197170101507227,6.856187290969899,2.3663130524947302,92.67829268292682,5191.730000000001"
"193185,Festival Offer,2023-10-24,Inactive,Email,6004,534,23,2346.3,4030.6,3.56,8.894070619586943,4.307116104868914,1.7178536419042747,102.01304347826088,1684.2999999999997"
"752276,Flash Sale,2023-10-24,New Users,Email,2750,385,18,1925.82,8278.47,3.12,14.000000000000002,4.675324675324675,4.29867277315637,106.99,6352.65"
"989261,Membership Drive,2023-10-24,Inactive,App,2333,934,88,1047.58,2452.23,2.79,40.03429061294471,9.421841541755889,2.340852249947498,11.904318181818182,1404.65"
"349173,Category Promotion,2023-10-24,New Users,Email,9660,668,66,3464.13,8003.46,2.9,6.9151138716356115,9.880239520958083,2.310380961453525,52.48681818181819,4539.33"
"614329,App Push Notification,2023-10-24,New Users,Email,9257,855,91,2880.17,4656.8,2.29,9.236253645889597,10.64327485380117,1.616849005440651,31.650219780219782,1776.63"
"856438,Email Campaign,2023-10-24,Inactive,Social Media,4519,985,89,1682.7,8438.89,2.19,21.79685771188316,9.035532994923857,5.015088845308135,18.90674157303371,6756.19"
"433393,Referral Program,2023-10-24,Inactive,App,6358,928,23,4832.81,9156.92,3.6,14.595784837999371,2.478448275862069,1.8947403270561018,210.1221739130435,4324.11"
"792493,New User Discount,2023-10-23,Inactive,App,6785,455,29,1608.0,7007.06,1.53,6.705969049373619,6.373626373626373,4.357624378109453,55.44827586206897,5399.06"
"637050,Weekend Special,2023-10-23,Premium,App,1706,647,15,4560.17,2177.39,1.92,37.924970691676435,2.3183925811437405,0.477480006227838,304.0113333333333,-2382.78"
"599471,Festival Offer,2023-10-23,New Users,Sms,8168,287,61,2804.57,9964.33,1.62,3.5137120470127328,21.254355400696863,3.5528904609262737,45.97655737704918,7159.76"
"903968,Flash Sale,2023-10-23,Inactive,App,6877,876,66,1944.27,4541.74,3.02,12.738112549076632,7.534246575342466,2.3359615691236297,29.458636363636362,2597.47"
"118633,Membership Drive,2023-10-23,Premium,Sms,7839,861,90,4991.34,5272.46,3.97,10.983543819364714,10.452961672473867,1.0563215489227342,55.45933333333333,281.1199999999999"
"170409,Category Promotion,2023-10-23,All,Email,3918,391,33,3442.95,9500.4,3.37,9.979581419091373,8.439897698209718,2.759377859103385,104.33181818181818,6057.45"
"404539,App Push Notification,2023-10-23,Premium,Sms,4057,663,36,1006.5,2238.69,2.36,16.342124722701502,5.429864253393665,2.224232488822653,27.958333333333332,1232.19"
"95773,Email Campaign,2023-10-23,Premium,Social Media,6342,417,33,4337.06,7538.93,2.88,6.575212866603596,7.913669064748201,1.738258174892669,131.42606060606062,3201.87"
"948318,Referral Program,2023-10-23,Inactive,App,9214,763,65,3433.13,2923.93,2.82,8.280876926416322,8.51900393184797,0.851680536420118,52.81738461538462,-509.2000000000003"
"577637,New User Discount,2023-10-22,Inactive,Social Media,2357,725,63,4507.71,9011.83,3.45,30.75943996605855,8.689655172413794,1.9992035867436015,71.55095238095238,4504.12"
"363056,Weekend Special,2023-10-22,Premium,Social Media,6439,283,45,4598.93,8645.6,3.75,4.395092405653052,15.901060070671377,1.8799155455725571,102.19844444444445,4046.67"
"102055,Festival Offer,2023-10-22,New Users,Sms,1668,872,65,4747.59,2307.55,2.24,52.27817745803357,7.454128440366972,0.48604660469838384,73.03984615384616,-2440.04"
"829450,Flash Sale,2023-10-22,Inactive,Email,3846,833,94,2414.84,5962.63,2.31,21.658866354654187,11.28451380552221,2.469161517947359,25.689787234042555,3547.79"
"658023,Membership Drive,2023-10-22,Inactive,Email,3265,774,89,2903.92,2198.83,2.95,23.705972434915772,11.498708010335918,0.7571937243450232,32.628314606741576,-705.0900000000001"
"686121,Category Promotion,2023-10-22,Inactive,Social Media,3952,669,68,4642.38,2775.88,1.68,16.928137651821864,10.164424514200299,0.5979432963264533,68.27029411764705,-1866.5"
"425687,App Push Notification,2023-10-22,Premium,Social Media,6518,113,98,2805.34,3163.86,2.54,1.7336606320957348,86.72566371681415,1.1277991259526474,28.62591836734694,358.52"
"868519,Email Campaign,2023-10-22,Inactive,App,2861,209,84,2482.75,2851.77,3.27,7.3051380636141205,40.19138755980861,1.1486335716443459,29.55654761904762,369.02"
"280156,Referral Program,2023-10-22,All,Sms,9202,151,18,2278.38,3733.67,3.74,1.6409476200825908,11.920529801324504,1.638738928536943,126.57666666666667,1455.29"
"990044,New User Discount,2023-10-21,Inactive,Social Media,3342,888,99,2116.86,5814.86,3.88,26.570915619389584,11.14864864864865,2.746927052332228,21.382424242424243,3697.9999999999995"
"385691,Weekend Special,2023-10-21,Inactive,Sms,6435,930,91,1460.35,9495.89,3.28,14.452214452214452,9.78494623655914,6.502475433971308,16.0478021978022,8035.539999999999"
"583982,Festival Offer,2023-10-21,All,App,9336,646,68,4452.53,4242.89,3.53,6.919451585261354,10.526315789473683,0.9529166563728937,65.47838235294117,-209.63999999999942"
"706789,Flash Sale,2023-10-21,New Users,App,2790,703,93,1022.62,4280.64,1.96,25.197132616487455,13.229018492176387,4.185953726702001,10.995913978494624,3258.0200000000004"
"928835,Membership Drive,2023-10-21,Premium,Email,2789,631,63,2164.23,4125.94,2.46,22.62459662961635,9.984152139461171,1.9064239937529743,34.35285714285714,1961.7099999999996"
"604151,Category Promotion,2023-10-21,New Users,Social Media,3328,321,71,3940.22,4867.25,1.83,9.645432692307693,22.118380062305295,1.2352736649222633,55.49605633802817,927.0300000000002"
"730601,App Push Notification,2023-10-21,Premium,Sms,3504,861,85,2980.78,2946.3,1.79,24.57191780821918,9.872241579558652,0.9884325579210811,35.068000000000005,-34.48000000000002"
"307592,Email Campaign,2023-10-21,New Users,App,6526,801,11,1817.93,2856.3,3.53,12.273980999080601,1.373283395755306,1.5711826087913177,165.26636363636365,1038.3700000000001"
"48197,Referral Program,2023-10-21,New Users,Sms,8285,424,12,4175.36,6985.0,2.18,5.117682558841279,2.8301886792452833,1.672909641324341,347.94666666666666,2809.6400000000003"
"115392,New User Discount,2023-10-20,All,Sms,8560,336,84,2454.79,4823.86,3.31,3.925233644859813,25.0,1.9650805160522895,29.223690476190477,2369.0699999999997"
"404503,Weekend Special,2023-10-20,Inactive,App,1680,178,28,1400.39,6028.41,2.5,10.595238095238095,15.730337078651685,4.3048079463577995,50.01392857142857,4628.0199999999995"
"236107,Festival Offer,2023-10-20,All,Social Media,7578,100,94,3576.6,3074.89,3.54,1.3196093956188968,94.0,0.8597243191858189,38.04893617021276,-501.71000000000004"
"89239,Flash Sale,2023-10-20,New Users,App,9414,727,54,3477.23,8898.35,1.95,7.7225408965370725,7.4277854195323245,2.559034058719153,64.39314814814814,5421.120000000001"
"558473,Membership Drive,2023-10-20,New Users,Sms,6328,363,78,2842.61,5892.73,3.4,5.736409608091024,21.487603305785125,2.0729998135516303,36.44371794871795,3050.1199999999994"
"977146,Category Promotion,2023-10-20,Inactive,Sms,1197,507,100,4167.3,4411.8,3.58,42.35588972431078,19.723865877712033,1.0586710819955367,41.673,244.5"
"977773,App Push Notification,2023-10-20,New Users,Social Media,4621,921,76,1507.1,6417.35,1.71,19.930750919714345,8.251900108577633,4.258078428770487,19.830263157894734,4910.25"
"756267,Email Campaign,2023-10-20,New Users,App,9211,898,12,2857.68,7748.35,2.17,9.749212897622408,1.3363028953229399,2.711412754402173,238.14,4890.67"
"280564,Referral Program,2023-10-20,New Users,Sms,3275,422,14,3114.28,4977.36,2.44,12.885496183206108,3.3175355450236967,1.5982377949317337,222.44857142857146,1863.0799999999995"
"448863,New User Discount,2023-10-19,Premium,Sms,2293,857,63,3587.63,4547.36,3.67,37.374618403837765,7.351225204200699,1.2675108637178303,56.946507936507935,959.7299999999996"
"795679,Weekend Special,2023-10-19,Premium,Sms,1083,366,82,4864.59,2902.65,2.66,33.795013850415515,22.404371584699454,0.5966895462926989,59.32426829268293,-1961.94"
"195795,Festival Offer,2023-10-19,Premium,Social Media,5867,539,82,4182.96,5668.93,3.26,9.18697801261292,15.213358070500927,1.3552436552106644,51.011707317073174,1485.9700000000003"
"925816,Flash Sale,2023-10-19,All,Social Media,2944,630,17,2579.32,5748.15,3.9,21.39945652173913,2.6984126984126986,2.228552486701921,151.72470588235296,3168.8299999999995"
"798930,Membership Drive,2023-10-19,Inactive,Social Media,5701,509,75,4692.2,3044.9,3.41,8.928258200315733,14.734774066797643,0.6489280081837945,62.562666666666665,-1647.2999999999997"
"438415,Category Promotion,2023-10-19,Inactive,App,4691,417,15,2268.82,2504.21,1.95,8.889362609251759,3.597122302158273,1.1037499669431687,151.25466666666668,235.38999999999987"
"515075,App Push Notification,2023-10-19,Inactive,App,2098,985,37,1222.01,3757.2,3.41,46.94947569113441,3.7563451776649748,3.0746065907807627,33.027297297297295,2535.1899999999996"
"295274,Email Campaign,2023-10-19,Premium,App,6212,461,56,2266.16,3846.51,3.16,7.421120412105601,12.147505422993492,1.6973691178028032,40.46714285714285,1580.3500000000004"
"616810,Referral Program,2023-10-19,New Users,Social Media,6851,419,79,2348.35,6499.25,3.3,6.115895489709532,18.85441527446301,2.7675814933889753,29.725949367088607,4150.9"
"666210,New User Discount,2023-10-18,Inactive,Sms,3764,604,47,1818.87,8002.34,2.53,16.046758767268862,7.781456953642383,4.3996217431702105,38.69936170212766,6183.47"
"107173,Weekend Special,2023-10-18,Inactive,Social Media,9234,986,84,1883.33,9698.04,3.64,10.677929391379685,8.519269776876268,5.1494108839130694,22.42059523809524,7814.710000000001"
"532611,Festival Offer,2023-10-18,All,Email,9638,800,77,1960.56,6064.0,3.39,8.300477277443454,9.625,3.092993838495124,25.46181818181818,4103.4400000000005"
"9930,Flash Sale,2023-10-18,New Users,Email,4696,519,84,1887.22,2884.59,3.28,11.051959114139693,16.184971098265898,1.5284863449942243,22.46690476190476,997.3700000000001"
"65370,Membership Drive,2023-10-18,Inactive,App,4163,841,83,1947.88,6572.91,1.61,20.201777564256545,9.869203329369798,3.3743916463026467,23.46843373493976,4625.03"
"47028,Category Promotion,2023-10-18,Premium,App,1119,933,24,4664.37,5759.56,3.82,83.37801608579089,2.572347266881029,1.2347991261413653,194.34875,1095.1900000000005"
"906748,App Push Notification,2023-10-18,Inactive,App,2335,727,50,3523.32,6064.86,3.98,31.13490364025696,6.87757909215956,1.7213480467286535,70.46640000000001,2541.5399999999995"
"433710,Email Campaign,2023-10-18,Premium,App,9937,314,25,1929.04,8281.76,3.83,3.1599074167253693,7.961783439490445,4.293202836644134,77.16159999999999,6352.72"
"624176,Referral Program,2023-10-18,New Users,Sms,4201,412,65,3194.18,7923.51,3.11,9.807188764579863,15.776699029126215,2.4806084816760485,49.141230769230766,4729.33"
"974468,New User Discount,2023-10-17,All,Sms,4526,983,11,3852.93,4011.1,1.93,21.718957136544407,1.119023397761953,1.041051874806965,350.2663636363636,158.17000000000007"
"784116,Weekend Special,2023-10-17,Premium,Social Media,4979,961,79,2543.46,3265.67,1.51,19.301064470777266,8.220603537981269,1.2839478505657647,32.19569620253164,722.21"
"73931,Festival Offer,2023-10-17,Premium,Sms,5971,608,76,2466.24,2084.92,2.11,10.182548986769385,12.5,0.8453840664331128,32.45052631578947,-381.3199999999997"
"97082,Flash Sale,2023-10-17,All,Sms,5076,690,22,4978.84,7640.67,2.2,13.59338061465721,3.1884057971014492,1.5346285480152002,226.3109090909091,2661.83"
"764327,Membership Drive,2023-10-17,Premium,App,9854,892,55,3173.69,2589.24,3.5,9.052161558757865,6.165919282511211,0.8158452778941861,57.70345454545455,-584.4500000000003"
"607371,Category Promotion,2023-10-17,Inactive,Social Media,6233,446,18,3720.09,6080.77,3.67,7.155462858976416,4.0358744394618835,1.6345760452032074,206.67166666666668,2360.6800000000003"
"513268,App Push Notification,2023-10-17,All,Social Media,7466,483,63,1048.69,9378.61,2.34,6.46932761853737,13.043478260869565,8.943167189541237,16.64587301587302,8329.92"
"894156,Email Campaign,2023-10-17,Premium,Social Media,6183,918,85,2458.47,9262.81,3.44,14.847161572052403,9.25925925925926,3.767713252551384,28.92317647058823,6804.34"
"852075,Referral Program,2023-10-17,Inactive,Email,4702,757,86,4227.52,2957.24,3.85,16.099532113994044,11.360634081902246,0.6995212323064112,49.15720930232558,-1270.2800000000007"
"382040,New User Discount,2023-10-16,Premium,App,7107,326,54,3767.08,2168.87,2.16,4.587026874912058,16.56441717791411,0.5757430158106543,69.76074074074074,-1598.21"
"909629,Weekend Special,2023-10-16,Inactive,App,3345,164,38,4081.5,8814.12,3.72,4.902840059790733,23.170731707317074,2.1595295847115032,107.40789473684211,4732.620000000001"
"525544,Festival Offer,2023-10-16,Inactive,Email,1295,563,36,4277.27,3432.54,3.95,43.47490347490348,6.394316163410302,0.8025072066996004,118.81305555555556,-844.7300000000005"
"228214,Flash Sale,2023-10-16,New Users,Sms,3277,537,72,2334.01,6296.94,2.73,16.38693927372597,13.40782122905028,2.6979061786367664,32.416805555555555,3962.9299999999994"
"799079,Membership Drive,2023-10-16,All,Sms,9669,724,94,2047.9,5625.72,1.63,7.487847760885304,12.98342541436464,2.747067727916402,21.78617021276596,3577.82"
"807520,Category Promotion,2023-10-16,Inactive,App,5065,616,16,4134.12,9918.54,2.35,12.161895360315892,2.5974025974025974,2.399190154131956,258.3825,5784.420000000001"
"248283,App Push Notification,2023-10-16,All,Email,5106,288,46,4362.0,3733.61,3.72,5.64042303172738,15.972222222222221,0.8559399358092619,94.82608695652173,-628.3899999999999"
"896482,Email Campaign,2023-10-16,All,Social Media,1673,649,31,3629.46,5008.8,3.05,38.792588164973104,4.776579352850539,1.3800400059512985,117.07935483870968,1379.3400000000001"
"904139,Referral Program,2023-10-16,New Users,Social Media,3237,205,25,3337.31,7695.72,3.14,6.333024405313561,12.195121951219512,2.3059649837743574,133.4924,4358.41"
"470567,New User Discount,2023-10-15,New Users,App,6576,768,86,2674.85,5872.53,3.91,11.678832116788321,11.197916666666668,2.195461427743612,31.102906976744183,3197.68"
"938286,Weekend Special,2023-10-15,New Users,Sms,3555,322,72,3186.67,8685.33,2.46,9.057665260196906,22.36024844720497,2.7255191155657785,44.25930555555556,5498.66"
"370252,Festival Offer,2023-10-15,Premium,Sms,1539,399,88,1260.01,2419.18,2.89,25.925925925925924,22.05513784461153,1.9199688891358004,14.318295454545455,1159.1699999999998"
"54616,Flash Sale,2023-10-15,New Users,Social Media,8568,283,24,3898.86,9754.25,3.48,3.3029878618113915,8.480565371024735,2.501821045126011,162.45250000000001,5855.389999999999"
"818218,Membership Drive,2023-10-15,Premium,Sms,5703,476,80,4002.22,8043.33,1.95,8.34648430650535,16.80672268907563,2.009717107005612,50.02775,4041.11"
"463402,Category Promotion,2023-10-15,Premium,Sms,2883,882,98,2633.79,3800.86,3.32,30.59313215400624,11.11111111111111,1.443114295369031,26.875408163265305,1167.0700000000002"
"894256,App Push Notification,2023-10-15,Premium,Sms,3483,808,15,3760.41,9119.25,1.84,23.198392190640252,1.8564356435643563,2.4250680112009064,250.694,5358.84"
"466749,Email Campaign,2023-10-15,Inactive,App,5048,445,64,2302.75,3544.85,3.88,8.815372424722662,14.382022471910114,1.5393985452176744,35.98046875,1242.1"
"936970,Referral Program,2023-10-15,Premium,Sms,7721,956,60,3691.96,4857.0,3.58,12.381815826965418,6.2761506276150625,1.315561382030141,61.532666666666664,1165.04"
"286492,New User Discount,2023-10-14,New Users,Email,6382,222,12,3144.79,8664.34,2.22,3.478533375117518,5.405405405405405,2.75514104280413,262.06583333333333,5519.55"
"932040,Weekend Special,2023-10-14,All,Email,8815,194,46,1702.88,8191.1,3.19,2.2007941009642655,23.711340206185564,4.8101451658367,37.01913043478261,6488.22"
"301840,Festival Offer,2023-10-14,All,App,2076,580,30,4105.56,5098.46,1.86,27.9383429672447,5.172413793103448,1.2418427693177057,136.852,992.8999999999996"
"684296,Flash Sale,2023-10-14,Inactive,App,7051,932,87,3059.44,8116.78,1.74,13.217983264785138,9.334763948497853,2.6530280051251207,35.165977011494256,5057.34"
"665183,Membership Drive,2023-10-14,Inactive,Social Media,8289,387,81,2531.96,4053.82,2.07,4.668838219326819,20.930232558139537,1.601060048341996,31.258765432098766,1521.8600000000001"
"249110,Category Promotion,2023-10-14,New Users,Social Media,3204,629,87,4480.6,4243.75,2.9,19.631710362047443,13.831478537360889,0.947138776056778,51.50114942528736,-236.85000000000036"
"237402,App Push Notification,2023-10-14,Premium,Email,2358,126,30,1323.34,5137.61,2.87,5.343511450381679,23.809523809523807,3.8823053788142126,44.11133333333333,3814.2699999999995"
"943949,Email Campaign,2023-10-14,Inactive,App,1160,702,75,4415.84,2794.22,1.57,60.51724137931035,10.683760683760683,0.6327720207253885,58.87786666666667,-1621.6200000000003"
"674642,Referral Program,2023-10-14,Inactive,Social Media,3817,115,97,3612.03,3850.27,3.03,3.0128373067854337,84.34782608695653,1.0659573702322516,37.23742268041237,238.23999999999978"
"173345,New User Discount,2023-10-13,Premium,Sms,7588,940,29,4105.68,4163.72,2.92,12.38798102266737,3.0851063829787235,1.0141365133181348,141.57517241379313,58.039999999999964"
"763499,Weekend Special,2023-10-13,Inactive,Sms,8384,380,64,1417.92,9878.89,2.2,4.5324427480916025,16.842105263157894,6.967170221169035,22.155,8460.97"
"529045,Festival Offer,2023-10-13,Premium,Social Media,4287,128,64,3802.51,4164.86,2.97,2.985770935386051,50.0,1.095292320072794,59.41421875,362.34999999999945"
"400698,Flash Sale,2023-10-13,Premium,Email,1856,999,47,4754.8,8008.34,3.96,53.82543103448276,4.704704704704705,1.6842643223689744,101.16595744680852,3253.54"
"341586,Membership Drive,2023-10-13,Inactive,Email,3166,702,51,3505.6,5714.38,2.06,22.17308907138345,7.264957264957266,1.6300718849840257,68.73725490196078,2208.78"
"320655,Category Promotion,2023-10-13,New Users,Social Media,4575,562,45,3181.53,5707.35,2.19,12.28415300546448,8.007117437722421,1.7939010476091692,70.70066666666668,2525.82"
"394220,App Push Notification,2023-10-13,Premium,Social Media,1740,680,70,4291.08,3219.54,2.89,39.08045977011494,10.294117647058822,0.7502866411253111,61.30114285714286,-1071.54"
"259392,Email Campaign,2023-10-13,Premium,App,4748,889,65,4795.48,4939.74,2.85,18.72367312552654,7.311586051743532,1.0300824943488451,73.77661538461538,144.26000000000022"
"923630,Referral Program,2023-10-13,All,Email,2561,582,15,3614.58,8615.19,3.64,22.725497852401404,2.5773195876288657,2.383455339209535,240.972,5000.610000000001"
"111438,New User Discount,2023-10-12,Inactive,Email,6299,461,36,3072.38,8801.36,3.13,7.318622003492618,7.809110629067245,2.8646716877469585,85.3438888888889,5728.9800000000005"
"718343,Weekend Special,2023-10-12,Inactive,Social Media,2446,296,39,3646.85,5524.94,1.7,12.101390024529843,13.175675675675674,1.5149896486008472,93.50897435897436,1878.0899999999997"
"600800,Festival Offer,2023-10-12,Premium,Sms,5638,390,99,3271.64,5019.49,3.16,6.917346576800283,25.384615384615383,1.5342427650964043,33.046868686868685,1747.85"
"25760,Flash Sale,2023-10-12,New Users,Email,7077,509,65,1579.72,9678.68,3.74,7.192313127031228,12.770137524557956,6.126832603246145,24.303384615384616,8098.96"
"699240,Membership Drive,2023-10-12,New Users,App,1640,233,33,3397.95,7764.91,3.71,14.20731707317073,14.163090128755366,2.2851748848570463,102.96818181818182,4366.96"
"500089,Category Promotion,2023-10-12,New Users,App,5967,319,36,3899.78,2058.72,3.26,5.346070051952405,11.285266457680251,0.5279067024293678,108.32722222222223,-1841.0600000000004"
"901637,App Push Notification,2023-10-12,Inactive,Sms,6570,505,22,1796.62,8020.23,3.94,7.686453576864535,4.356435643564356,4.464065856998141,81.66454545454545,6223.61"
"720234,Email Campaign,2023-10-12,Inactive,App,2633,306,45,1774.07,3788.25,1.76,11.621724268894797,14.705882352941178,2.135344152147322,39.42377777777778,2014.18"
"486724,Referral Program,2023-10-12,Premium,App,4487,747,39,4419.18,4570.91,2.47,16.64809449520838,5.220883534136546,1.0343344240334178,113.3123076923077,151.72999999999956"
"696912,New User Discount,2023-10-11,Inactive,Social Media,5141,406,76,4415.72,7809.51,2.03,7.8972962458665625,18.7192118226601,1.7685700180265052,58.101578947368424,3393.79"
"240685,Weekend Special,2023-10-11,All,App,7854,218,36,4807.79,3828.71,3.2,2.7756557168321874,16.51376146788991,0.7963554980562795,133.54972222222221,-979.0799999999999"
"930032,Festival Offer,2023-10-11,Inactive,App,6701,277,20,3902.71,5049.16,2.11,4.133711386360245,7.2202166064981945,1.2937574147195154,195.1355,1146.4499999999998"
"240191,Flash Sale,2023-10-11,Inactive,Social Media,5542,347,98,4398.66,5280.1,2.94,6.261277517141826,28.24207492795389,1.2003883000732043,44.88428571428571,881.4400000000005"
"242632,Membership Drive,2023-10-11,New Users,Email,1539,598,54,1102.97,4259.04,2.67,38.85640025990903,9.03010033444816,3.8614286879969537,20.42537037037037,3156.0699999999997"
"671437,Category Promotion,2023-10-11,All,Social Media,1793,419,26,4088.59,8092.38,3.31,23.36865588399331,6.205250596658711,1.9792593534690444,157.25346153846155,4003.79"
"322506,App Push Notification,2023-10-11,New Users,Email,1006,203,57,4953.11,2989.29,2.51,20.178926441351887,28.078817733990146,0.6035177898330544,86.89666666666666,-1963.8199999999997"
"273461,Email Campaign,2023-10-11,All,Social Media,3949,229,83,2556.86,2085.07,3.8,5.798936439604963,36.24454148471616,0.8154807068044398,30.8055421686747,-471.78999999999996"
"346735,Referral Program,2023-10-11,All,Sms,5780,650,49,3620.74,5575.39,2.42,11.245674740484429,7.538461538461538,1.53984820782492,73.89265306122448,1954.6500000000005"
"541503,New User Discount,2023-10-10,All,Email,7356,138,78,4843.99,2745.43,3.12,1.8760195758564437,56.52173913043478,0.5667703690552622,62.102435897435896,-2098.56"
"508703,Weekend Special,2023-10-10,Inactive,Email,4121,937,50,3650.9,4164.52,2.27,22.737199708808543,5.3361792956243335,1.1406831192308746,73.018,513.6200000000003"
"489148,Festival Offer,2023-10-10,Premium,Sms,4899,250,52,1411.43,8944.18,3.12,5.103082261686058,20.8,6.336963221697144,27.142884615384617,7532.75"
"769050,Flash Sale,2023-10-10,Inactive,Sms,7013,355,98,4746.8,8015.33,3.51,5.062027662911736,27.605633802816904,1.6885754613634447,48.436734693877554,3268.5299999999997"
"572163,Membership Drive,2023-10-10,New Users,Email,2258,425,57,2608.61,7588.6,3.62,18.821966341895482,13.411764705882353,2.9090588474321573,45.76508771929825,4979.99"
"126294,Category Promotion,2023-10-10,All,App,3311,110,77,1155.07,8084.25,3.41,3.322259136212625,70.0,6.998926471988711,15.00090909090909,6929.18"
"337486,App Push Notification,2023-10-10,New Users,Sms,4265,726,31,4808.75,2768.06,3.47,17.02227432590856,4.2699724517906334,0.5756298414348843,155.1209677419355,-2040.69"
"144692,Email Campaign,2023-10-10,New Users,App,5299,115,36,4602.41,3065.26,2.72,2.170220796376675,31.30434782608696,0.6660119372241935,127.84472222222222,-1537.1499999999996"
"477031,Referral Program,2023-10-10,Premium,App,7713,489,18,2855.12,3520.74,2.8,6.339945546479969,3.6809815950920246,1.2331320574967077,158.61777777777777,665.6199999999999"
"438218,New User Discount,2023-10-09,All,App,3694,595,96,3794.19,8081.6,2.76,16.10720086626963,16.134453781512605,2.129993490046624,39.5228125,4287.41"
"261350,Weekend Special,2023-10-09,All,Social Media,5289,667,75,1774.31,3119.87,3.03,12.611079599168084,11.244377811094452,1.7583567696738451,23.657466666666664,1345.56"
"961100,Festival Offer,2023-10-09,Inactive,Email,2387,768,76,2415.48,3850.76,2.39,32.17427733556766,9.895833333333332,1.5942007385695598,31.78263157894737,1435.2800000000002"
"340402,Flash Sale,2023-10-09,Inactive,Email,2466,146,14,4096.32,9436.53,3.3,5.920519059205191,9.58904109589041,2.3036603585657374,292.5942857142857,5340.210000000001"
"260420,Membership Drive,2023-10-09,New Users,Social Media,9062,107,78,3525.37,2916.12,3.41,1.1807548002648423,72.89719626168224,0.827181260406709,45.197051282051284,-609.25"
"660068,Category Promotion,2023-10-09,New Users,Sms,4157,410,18,2049.48,9886.97,3.89,9.862881885975463,4.390243902439024,4.824135878369147,113.86,7837.49"
"465848,App Push Notification,2023-10-09,Premium,Email,7099,477,52,1171.55,7873.61,3.24,6.719256233272292,10.90146750524109,6.7206777346250695,22.529807692307692,6702.0599999999995"
"122477,Email Campaign,2023-10-09,New Users,Email,9721,150,36,1315.44,3231.15,1.59,1.5430511264273221,24.0,2.4563264002919176,36.54,1915.71"
"786272,Referral Program,2023-10-09,All,App,3825,678,69,3318.08,9010.06,3.67,17.725490196078432,10.176991150442479,2.7154438711544024,48.088115942028985,5691.98"
"7684,New User Discount,2023-10-08,Premium,Social Media,9123,982,43,3619.23,5433.81,3.49,10.764003069165845,4.378818737270876,1.5013718387612836,84.16813953488372,1814.5800000000004"
"933915,Weekend Special,2023-10-08,All,Email,9982,833,21,3117.07,8968.85,1.73,8.345021037868163,2.5210084033613445,2.8773335215442706,148.43190476190478,5851.780000000001"
"647008,Festival Offer,2023-10-08,New Users,Sms,8578,280,40,3076.88,8757.78,2.96,3.2641641408253674,14.285714285714285,2.8463183484568786,76.922,5680.900000000001"
"939911,Flash Sale,2023-10-08,All,Sms,9434,734,31,3572.18,2342.48,3.74,7.780368878524486,4.223433242506812,0.6557564288473705,115.2316129032258,-1229.6999999999998"
"67106,Membership Drive,2023-10-08,Premium,Sms,5400,670,47,4287.7,2612.87,2.08,12.407407407407407,7.014925373134329,0.6093873172096929,91.22765957446808,-1674.83"
"917109,Category Promotion,2023-10-08,Premium,Sms,3928,400,57,4352.2,2936.19,3.39,10.183299389002038,14.249999999999998,0.6746450071228345,76.35438596491228,-1416.0099999999998"
"694362,App Push Notification,2023-10-08,Inactive,Sms,2093,869,80,2543.02,4412.7,1.87,41.51935021500239,9.205983889528193,1.7352203285856973,31.78775,1869.6799999999998"
"714236,Email Campaign,2023-10-08,All,Sms,1745,233,47,2655.82,9748.41,3.16,13.352435530085959,20.171673819742487,3.6705838498090984,56.5068085106383,7092.59"
"746332,Referral Program,2023-10-08,New Users,Social Media,6613,125,24,4414.29,6825.72,2.45,1.8902162407379404,19.2,1.5462781104096017,183.92875,2411.4300000000003"
"405500,New User Discount,2023-10-07,New Users,Social Media,8266,823,47,4377.54,7146.25,1.83,9.956448100653278,5.710814094775213,1.6324807997185633,93.13914893617022,2768.71"
"658643,Weekend Special,2023-10-07,All,Social Media,4141,271,24,4757.49,4381.74,3.24,6.5443129678821546,8.856088560885608,0.9210192769716804,198.22875,-375.75"
"622417,Festival Offer,2023-10-07,All,Sms,7794,491,22,3557.55,8720.29,2.17,6.299717731588402,4.480651731160896,2.451206588804093,161.7068181818182,5162.740000000001"
"93963,Flash Sale,2023-10-07,New Users,App,4361,400,78,2513.51,3723.29,3.82,9.172208209126346,19.5,1.4813109953809611,32.224487179487184,1209.7799999999997"
"826309,Membership Drive,2023-10-07,Premium,App,1659,201,15,2547.09,6180.29,3.99,12.115732368896925,7.462686567164178,2.426412101653259,169.806,3633.2"
"415802,Category Promotion,2023-10-07,Inactive,App,9292,423,97,2506.95,9374.05,1.71,4.552303056392596,22.93144208037825,3.739224954626139,25.844845360824742,6867.099999999999"
"899135,App Push Notification,2023-10-07,Inactive,Social Media,6237,540,47,2294.55,4216.99,1.89,8.658008658008658,8.703703703703704,1.83782876816805,48.82021276595745,1922.4399999999996"
"598432,Email Campaign,2023-10-07,New Users,Social Media,7183,372,14,3505.62,6982.58,3.41,5.178894612278992,3.763440860215054,1.9918245559986536,250.40142857142857,3476.96"
"642470,Referral Program,2023-10-07,All,Social Media,3927,634,69,2398.72,6760.13,3.78,16.14463967405144,10.883280757097792,2.8182238860725723,34.76405797101449,4361.41"
"356911,New User Discount,2023-10-06,New Users,App,8692,210,90,4362.42,2628.28,2.88,2.4160147261849976,42.857142857142854,0.6024821085544263,48.471333333333334,-1734.1399999999999"
"499454,Weekend Special,2023-10-06,New Users,Email,3064,340,85,4534.4,9999.54,1.6,11.096605744125327,25.0,2.2052619971771352,53.345882352941175,5465.140000000001"
"37245,Festival Offer,2023-10-06,New Users,Sms,5269,383,27,4700.02,6249.82,2.63,7.268931486050484,7.049608355091384,1.32974327768818,174.07481481481483,1549.7999999999993"
"590766,Flash Sale,2023-10-06,All,App,5944,621,15,4695.81,9744.23,3.97,10.447510094212651,2.4154589371980677,2.0750903465003905,313.05400000000003,5048.419999999999"
"770759,Membership Drive,2023-10-06,New Users,Sms,8840,890,72,2326.94,4384.68,3.16,10.06787330316742,8.089887640449438,1.8843115851719425,32.31861111111111,2057.7400000000002"
"177944,Category Promotion,2023-10-06,Premium,Sms,2914,604,78,3580.72,3019.72,1.59,20.727522306108444,12.91390728476821,0.8433275989186533,45.906666666666666,-561.0"
"685617,App Push Notification,2023-10-06,Premium,Sms,1158,814,17,2778.26,8569.78,2.55,70.29360967184802,2.0884520884520885,3.0845853159891443,163.42705882352942,5791.52"
"961249,Email Campaign,2023-10-06,All,Sms,3412,325,44,4544.71,5911.09,2.21,9.525205158264948,13.538461538461538,1.300652846936328,103.28886363636364,1366.38"
"917998,Referral Program,2023-10-06,New Users,Email,3016,216,43,4436.58,8882.64,3.44,7.161803713527852,19.90740740740741,2.00213678103404,103.17627906976745,4446.0599999999995"
"488912,New User Discount,2023-10-05,Inactive,Email,5891,902,77,2329.85,6945.23,2.97,15.311492106603295,8.536585365853659,2.980977316136232,30.257792207792207,4615.379999999999"
"805119,Weekend Special,2023-10-05,Inactive,App,5338,130,28,2519.21,7297.71,1.61,2.43536905207943,21.53846153846154,2.896824798250245,89.97178571428572,4778.5"
"60852,Festival Offer,2023-10-05,New Users,Email,9710,713,86,4501.8,5094.04,3.23,7.342945417095778,12.0617110799439,1.131556266382336,52.34651162790698,592.2399999999998"
"639163,Flash Sale,2023-10-05,New Users,Email,1018,609,37,4698.07,5350.23,2.86,59.82318271119843,6.075533661740558,1.1388144493377068,126.97486486486486,652.1599999999999"
"438044,Membership Drive,2023-10-05,All,App,4273,692,91,1095.63,7110.06,3.13,16.194710975895156,13.150289017341041,6.489471810739027,12.039890109890111,6014.43"
"869274,Category Promotion,2023-10-05,Inactive,Social Media,5156,565,83,3555.57,6730.58,2.41,10.95810705973623,14.690265486725664,1.8929679348177646,42.83819277108434,3175.0099999999998"
"798418,App Push Notification,2023-10-05,All,Email,7522,498,90,1258.37,5835.75,2.37,6.62057963307631,18.072289156626507,4.637546985385857,13.981888888888887,4577.38"
"442894,Email Campaign,2023-10-05,New Users,Sms,6480,853,64,2693.92,6287.12,1.78,13.16358024691358,7.502930832356388,2.333818376195284,42.0925,3593.2"
"421716,Referral Program,2023-10-05,Premium,App,5140,148,30,3139.81,9434.74,1.67,2.8793774319066148,20.27027027027027,3.00487609122845,104.66033333333333,6294.93"
"294778,New User Discount,2023-10-04,All,Social Media,7511,499,92,1509.59,3368.38,2.24,6.643589402210091,18.43687374749499,2.2313210871826126,16.408586956521738,1858.7900000000002"
"17383,Weekend Special,2023-10-04,New Users,Sms,4969,872,21,3731.23,6354.66,2.21,17.54880257597102,2.408256880733945,1.703100586133795,177.67761904761906,2623.43"
"358484,Festival Offer,2023-10-04,All,Social Media,4946,127,69,3729.71,3991.17,3.97,2.567731500202184,54.330708661417326,1.070101965032134,54.05376811594203,261.46000000000004"
"202430,Flash Sale,2023-10-04,Inactive,Sms,7278,364,51,1249.6,6809.85,1.57,5.001374003847211,14.010989010989011,5.449623879641486,24.501960784313724,5560.25"
"420398,Membership Drive,2023-10-04,Premium,Social Media,8359,208,65,3107.62,6088.51,2.31,2.488335925349922,31.25,1.9592195957034646,47.80953846153846,2980.8900000000003"
"356512,Category Promotion,2023-10-04,Inactive,Email,6860,632,40,3352.69,8824.69,1.52,9.212827988338192,6.329113924050633,2.6321222660013306,83.81725,5472.0"
"194669,App Push Notification,2023-10-04,Inactive,Social Media,9834,217,42,2814.63,8101.59,1.89,2.2066300589790524,19.35483870967742,2.878385436096396,67.015,5286.96"
"635546,Email Campaign,2023-10-04,New Users,Social Media,5441,755,83,1011.61,2690.46,2.14,13.87612571218526,10.993377483443709,2.6595822500766104,12.188072289156628,1678.85"
"792838,Referral Program,2023-10-04,New Users,Social Media,1765,721,56,3210.93,8769.62,3.13,40.84985835694051,7.766990291262135,2.73117757160698,57.33803571428571,5558.6900000000005"
"559527,New User Discount,2023-10-03,Premium,App,7450,496,72,4915.6,4048.84,3.91,6.657718120805368,14.516129032258066,0.8236715762063633,68.27222222222223,-866.7600000000002"
"311790,Weekend Special,2023-10-03,Premium,Email,3174,369,40,1840.52,8988.63,3.47,11.625708884688091,10.840108401084011,4.883744811248994,46.013,7148.109999999999"
"268984,Festival Offer,2023-10-03,Inactive,App,6315,804,25,1587.02,2219.89,2.81,12.731591448931118,3.109452736318408,1.3987788433668131,63.4808,632.8699999999999"
"745013,Flash Sale,2023-10-03,Inactive,App,3053,901,40,2351.3,4241.79,1.71,29.511955453652146,4.439511653718091,1.8040190532896694,58.782500000000006,1890.4899999999998"
"416967,Membership Drive,2023-10-03,Premium,Sms,7544,703,88,2275.47,5615.99,3.22,9.3186638388123,12.51778093883357,2.46805714863303,25.857613636363634,3340.52"
"15860,Category Promotion,2023-10-03,Premium,Sms,4694,734,89,3472.5,4586.02,3.57,15.636983383042184,12.125340599455042,1.320668106551476,39.01685393258427,1113.5200000000004"
"15660,App Push Notification,2023-10-03,All,App,1474,976,43,2599.02,4530.24,2.77,66.21438263229308,4.405737704918033,1.7430569984070918,60.44232558139535,1931.2199999999998"
"142318,Email Campaign,2023-10-03,New Users,Sms,6184,903,43,4171.56,9349.73,2.42,14.602199223803364,4.761904761904762,2.2413030137406627,97.01302325581396,5178.169999999999"
"159094,Referral Program,2023-10-03,New Users,App,2167,111,10,3992.97,6768.54,3.96,5.122288878634056,9.00900900900901,1.6951141631417217,399.29699999999997,2775.57"
"506958,New User Discount,2023-10-02,Premium,Email,3894,263,41,1980.27,4812.11,1.58,6.7539804827940415,15.5893536121673,2.430027218510607,48.299268292682925,2831.8399999999997"
"819244,Weekend Special,2023-10-02,Inactive,Email,3774,374,58,3607.36,5035.98,1.73,9.90990990990991,15.508021390374333,1.396029229131553,62.19586206896552,1428.6199999999994"
"819658,Festival Offer,2023-10-02,Inactive,Sms,3305,713,23,3631.13,6834.51,3.41,21.57337367624811,3.225806451612903,1.882199205206093,157.87521739130435,3203.38"
"217148,Flash Sale,2023-10-02,Inactive,App,9957,692,25,3621.34,7065.19,3.67,6.949884503364467,3.6127167630057806,1.9509877559135567,144.8536,3443.8499999999995"
"27697,Membership Drive,2023-10-02,Inactive,Sms,6610,360,49,2065.56,8499.47,2.47,5.446293494704992,13.61111111111111,4.114850210112512,42.15428571428571,6433.91"
"971255,Category Promotion,2023-10-02,All,Social Media,2509,572,80,3608.95,8845.85,3.36,22.797927461139896,13.986013986013987,2.4510868812258417,45.111875,5236.900000000001"
"821413,App Push Notification,2023-10-02,Premium,Email,1048,381,25,1641.8,9022.58,3.6,36.354961832061065,6.561679790026247,5.495541478864661,65.672,7380.78"
"466346,Email Campaign,2023-10-02,Premium,Social Media,3077,265,30,1423.59,4009.01,3.08,8.612284692882678,11.320754716981133,2.8161268342711034,47.452999999999996,2585.42"
"330568,Referral Program,2023-10-02,Inactive,App,2755,993,93,2611.82,7275.02,3.11,36.04355716878403,9.365558912386707,2.785421659991883,28.084086021505378,4663.200000000001"
"44615,New User Discount,2023-10-01,New Users,Email,6658,381,59,4296.78,5943.82,2.09,5.722439170922199,15.485564304461944,1.3833196021206577,72.82677966101694,1647.04"
"857414,Weekend Special,2023-10-01,Inactive,Sms,8615,247,18,4315.6,4923.39,1.6,2.8670922809053976,7.28744939271255,1.1408355732690703,239.7555555555556,607.79"
"451453,Festival Offer,2023-10-01,Premium,Social Media,1738,767,47,2611.46,2744.76,2.41,44.131185270425775,6.127770534550195,1.0510442434500242,55.56297872340426,133.30000000000018"
"491541,Flash Sale,2023-10-01,Premium,Email,9868,751,32,4495.83,7148.13,2.53,7.610458046209971,4.26098535286285,1.589946683927106,140.4946875,2652.3"
"73925,Membership Drive,2023-10-01,Premium,App,5258,287,50,2514.98,6237.68,3.19,5.458349182198555,17.421602787456447,2.480210578215334,50.2996,3722.7000000000003"
"952355,Category Promotion,2023-10-01,Premium,Sms,9395,183,60,2861.38,3836.8,2.7,1.947844598190527,32.78688524590164,1.3408914579678337,47.68966666666667,975.4200000000001"
"569095,App Push Notification,2023-10-01,Premium,App,5744,398,39,2607.19,5011.32,2.57,6.928969359331476,9.798994974874372,1.9221153809273583,66.85102564102564,2404.1299999999997"
"649508,Email Campaign,2023-10-01,Premium,Social Media,7856,230,58,3620.05,5752.46,3.67,2.9276985743380854,25.217391304347824,1.5890553997872956,62.414655172413795,2132.41"
"817700,Referral Program,2023-10-01,Inactive,Email,2858,862,39,1299.73,8449.27,3.08,30.160951714485655,4.524361948955916,6.500788625329877,33.326410256410256,7149.540000000001"
"523946,New User Discount,2023-09-30,Inactive,Social Media,2531,261,44,4537.86,6758.61,1.92,10.312129593046226,16.85823754789272,1.4893826605492457,103.13318181818181,2220.75"
"726077,Weekend Special,2023-09-30,Inactive,Sms,2918,319,79,3889.38,2232.25,1.62,10.932145305003427,24.76489028213166,0.5739346631082589,49.232658227848106,-1657.13"
"533319,Festival Offer,2023-09-30,Premium,Sms,4960,256,36,2932.21,5731.34,2.24,5.161290322580645,14.0625,1.9546144375743892,81.45027777777779,2799.13"
"887233,Flash Sale,2023-09-30,Inactive,App,6922,960,69,1972.39,4974.48,2.86,13.868824039295003,7.187499999999999,2.5220569968413953,28.58536231884058,3002.0899999999992"
"829888,Membership Drive,2023-09-30,New Users,App,7147,402,49,4645.15,6671.83,3.68,5.624737652161746,12.189054726368159,1.4363002271186076,94.79897959183673,2026.6800000000003"
"487623,Category Promotion,2023-09-30,All,App,4966,613,23,3175.43,4100.4,3.48,12.34393878372936,3.7520391517128875,1.2912896836019059,138.06217391304347,924.9699999999998"
"533481,App Push Notification,2023-09-30,New Users,Sms,7360,489,77,2505.92,9861.55,2.6,6.644021739130435,15.746421267893659,3.9353012067424333,32.54441558441559,7355.629999999999"
"656110,Email Campaign,2023-09-30,Inactive,Email,9978,169,23,1102.61,2613.25,1.9,1.6937261976347966,13.609467455621301,2.370058316177071,47.9395652173913,1510.64"
"7450,Referral Program,2023-09-30,Inactive,Social Media,7410,440,36,2976.65,2069.15,2.63,5.937921727395412,8.181818181818182,0.6951270723800246,82.68472222222222,-907.5"
"371815,New User Discount,2023-09-29,Premium,Social Media,1438,665,52,2268.66,5101.46,1.91,46.24478442280946,7.819548872180452,2.2486666137720066,43.62807692307692,2832.8"
"240982,Weekend Special,2023-09-29,Premium,Sms,8329,212,49,4137.67,4891.14,1.64,2.5453235682554927,23.11320754716981,1.1821000708128004,84.44224489795918,753.4700000000003"
"370635,Festival Offer,2023-09-29,Inactive,App,7977,746,35,4406.44,4962.95,1.96,9.351886674188291,4.6916890080428955,1.126294695945026,125.8982857142857,556.5100000000002"
"51245,Flash Sale,2023-09-29,Premium,Email,3708,768,74,2190.6,4829.86,2.93,20.711974110032365,9.635416666666668,2.204811467177942,29.6027027027027,2639.2599999999998"
"913411,Membership Drive,2023-09-29,Premium,Sms,8808,436,11,2833.01,8364.79,1.54,4.950045413260672,2.522935779816514,2.9526157690936494,257.54636363636365,5531.780000000001"
"805249,Category Promotion,2023-09-29,All,Social Media,5808,525,61,2330.67,4764.17,3.19,9.039256198347108,11.619047619047619,2.0441203602397593,38.20770491803279,2433.5"
"103671,App Push Notification,2023-09-29,New Users,Email,1415,422,89,3466.07,9358.9,1.71,29.823321554770317,21.09004739336493,2.7001474292209906,38.94460674157303,5892.83"
"344719,Email Campaign,2023-09-29,New Users,Social Media,7275,807,85,3548.65,8484.47,2.08,11.092783505154639,10.532837670384138,2.390900765079678,41.748823529411766,4935.82"
"183776,Referral Program,2023-09-29,Premium,Email,8988,374,19,1511.96,7910.37,1.87,4.161103693813974,5.080213903743315,5.231864599592582,79.57684210526315,6398.41"
"857631,New User Discount,2023-09-28,Premium,Social Media,1592,326,54,2971.73,3094.33,3.42,20.477386934673365,16.56441717791411,1.041255430338557,55.032037037037036,122.59999999999991"
"372845,Weekend Special,2023-09-28,Premium,App,2673,535,81,1047.98,8987.26,3.22,20.014964459408905,15.14018691588785,8.57579343117235,12.938024691358025,7939.280000000001"
"373662,Festival Offer,2023-09-28,Premium,Email,9484,369,53,3689.93,5837.76,1.91,3.8907633909742723,14.363143631436316,1.5820787928226283,69.62132075471698,2147.8300000000004"
"567647,Flash Sale,2023-09-28,All,Email,8385,688,37,3813.64,7611.66,2.85,8.205128205128204,5.377906976744186,1.9959041755383309,103.07135135135135,3798.02"
"133038,Membership Drive,2023-09-28,All,Social Media,3146,992,89,2392.36,7242.33,2.35,31.532104259376986,8.971774193548388,3.027274323262385,26.88044943820225,4849.969999999999"
"711128,Category Promotion,2023-09-28,New Users,Email,6599,226,56,1515.22,7965.19,2.8,3.4247613274738598,24.778761061946902,5.256787793191747,27.0575,6449.969999999999"
"689380,App Push Notification,2023-09-28,Inactive,Email,7749,623,85,3278.93,7426.39,3.15,8.039747064137307,13.643659711075443,2.264882141430284,38.57564705882353,4147.460000000001"
"305455,Email Campaign,2023-09-28,New Users,Email,8376,503,29,1665.36,8535.43,3.72,6.0052531041069726,5.7654075546719685,5.125276216553779,57.42620689655172,6870.070000000001"
"523211,Referral Program,2023-09-28,New Users,Email,3044,340,38,2894.58,8792.72,3.97,11.169513797634691,11.176470588235295,3.0376496762915517,76.17315789473685,5898.139999999999"
"191653,New User Discount,2023-09-27,Inactive,Sms,6376,596,37,3035.07,2597.84,2.31,9.347553324968633,6.208053691275168,0.8559407196539124,82.02891891891892,-437.23"
"720036,Weekend Special,2023-09-27,Premium,Social Media,8886,375,97,2198.74,3263.4,3.88,4.2201215395003375,25.866666666666667,1.4842136860201753,22.66742268041237,1064.6600000000003"
"472262,Festival Offer,2023-09-27,All,App,9093,706,85,4347.6,9824.32,2.9,7.7642142307269335,12.039660056657224,2.2597111049774585,51.148235294117654,5476.719999999999"
"259306,Flash Sale,2023-09-27,All,App,8291,516,88,4535.01,8213.28,3.74,6.223615969123145,17.05426356589147,1.8110831067627193,51.53420454545455,3678.2700000000004"
"210103,Membership Drive,2023-09-27,Inactive,App,6238,627,32,4167.54,2014.75,2.29,10.051298493106765,5.103668261562999,0.48343867125450507,130.235625,-2152.79"
"361559,Category Promotion,2023-09-27,Inactive,Social Media,1684,199,84,3245.54,6591.24,3.8,11.817102137767222,42.211055276381906,2.0308608120682536,38.63738095238095,3345.7"
"828490,App Push Notification,2023-09-27,New Users,Social Media,9266,198,88,3798.04,8385.26,2.07,2.1368443772933303,44.44444444444444,2.207786121262546,43.15954545454545,4587.22"
"87705,Email Campaign,2023-09-27,All,App,5409,685,74,4367.23,5698.87,3.11,12.664078387872065,10.802919708029197,1.304916388649098,59.01662162162162,1331.6400000000003"
"244717,Referral Program,2023-09-27,Inactive,Sms,7487,815,37,4451.31,8111.03,1.61,10.885534927207159,4.539877300613497,1.8221669575922592,120.30567567567569,3659.7199999999993"
"152438,New User Discount,2023-09-26,Inactive,Sms,6286,233,36,2792.95,9230.36,1.53,3.7066496977410117,15.450643776824036,3.304878354428114,77.58194444444445,6437.410000000001"
"935419,Weekend Special,2023-09-26,All,App,8399,978,42,1627.07,5691.92,1.89,11.644243362305035,4.294478527607362,3.498263750176698,38.739761904761906,4064.8500000000004"
"401995,Festival Offer,2023-09-26,New Users,Sms,3233,901,29,3355.46,4984.1,3.88,27.86885245901639,3.218645948945616,1.4853701131886539,115.70551724137931,1628.6400000000003"
"909602,Flash Sale,2023-09-26,Premium,App,3328,446,83,4192.51,4603.68,3.41,13.401442307692307,18.609865470852018,1.0980725150327608,50.5121686746988,411.1700000000001"
"332297,Membership Drive,2023-09-26,All,App,5234,944,60,4283.0,7529.54,3.45,18.03591899121131,6.3559322033898304,1.7580060705113238,71.38333333333334,3246.54"
"553413,Category Promotion,2023-09-26,Premium,Sms,7300,338,19,2409.09,7309.71,2.77,4.63013698630137,5.621301775147929,3.0342203902718454,126.7942105263158,4900.62"
"920097,App Push Notification,2023-09-26,New Users,App,6266,354,46,4519.14,9293.08,2.25,5.649537184806895,12.994350282485875,2.056382409042428,98.24217391304349,4773.94"
"960996,Email Campaign,2023-09-26,All,Sms,6592,465,47,3220.16,4059.7,3.39,7.054004854368932,10.10752688172043,1.2607137533538706,68.51404255319149,839.54"
"311423,Referral Program,2023-09-26,Inactive,Email,5890,627,69,1653.07,5904.06,3.09,10.64516129032258,11.004784688995215,3.571572891650082,23.957536231884056,4250.990000000001"
"273900,New User Discount,2023-09-25,Inactive,Sms,8831,427,27,3070.19,5615.18,1.65,4.8352394972256825,6.323185011709602,1.8289356684765439,113.71074074074075,2544.9900000000002"
"691069,Weekend Special,2023-09-25,Inactive,Email,5768,257,78,4700.02,2090.88,3.58,4.455617198335645,30.35019455252918,0.44486619205875716,60.256666666666675,-2609.1400000000003"
"219636,Festival Offer,2023-09-25,Premium,Email,9732,945,40,1486.31,4675.05,1.97,9.71023427866831,4.232804232804233,3.145407081968096,37.15775,3188.7400000000002"
"899753,Flash Sale,2023-09-25,New Users,Social Media,2904,748,33,2578.82,6961.38,3.61,25.757575757575758,4.411764705882353,2.6994439317207095,78.14606060606062,4382.5599999999995"
"623757,Membership Drive,2023-09-25,Inactive,Social Media,8845,755,66,2083.04,2047.33,3.66,8.535895986433014,8.741721854304636,0.982856786235502,31.561212121212122,-35.710000000000036"
"109283,Category Promotion,2023-09-25,All,App,7753,815,69,3195.07,8878.88,1.96,10.512059847800852,8.466257668711656,2.7789312910202275,46.30536231884058,5683.8099999999995"
"678020,App Push Notification,2023-09-25,All,Social Media,7934,694,91,4946.48,3988.51,2.29,8.74716410385682,13.112391930835734,0.8063329883068365,54.356923076923074,-957.9699999999993"
"293108,Email Campaign,2023-09-25,New Users,Social Media,9107,377,60,4101.75,9741.65,2.32,4.1396727791808505,15.915119363395224,2.374998476260133,68.3625,5639.9"
"822767,Referral Program,2023-09-25,Premium,Social Media,7812,318,59,4973.42,9287.13,3.06,4.070660522273426,18.553459119496853,1.8673528477385781,84.29525423728813,4313.709999999999"
"5009,New User Discount,2023-09-24,New Users,Email,1066,506,32,1900.04,9289.71,2.36,47.467166979362105,6.324110671936759,4.8892181217237525,59.37625,7389.669999999999"
"283507,Weekend Special,2023-09-24,Inactive,App,3299,350,76,1882.93,3016.55,2.23,10.60927553804183,21.714285714285715,1.6020510587223105,24.775394736842106,1133.6200000000001"
"141055,Festival Offer,2023-09-24,All,Social Media,1458,218,22,4653.2,6922.61,3.57,14.951989026063101,10.091743119266056,1.4877095332244477,211.5090909090909,2269.41"
"457586,Flash Sale,2023-09-24,All,App,1030,318,90,2814.43,6927.1,2.04,30.87378640776699,28.30188679245283,2.4612799039237077,31.27144444444444,4112.67"
"417052,Membership Drive,2023-09-24,Premium,Sms,1144,624,99,4256.07,9166.57,1.97,54.54545454545454,15.865384615384615,2.153763918356606,42.990606060606055,4910.5"
"528450,Category Promotion,2023-09-24,All,Sms,9281,436,60,4476.15,5322.08,2.43,4.697769636892576,13.761467889908257,1.1889860706187239,74.60249999999999,845.9300000000003"
"611110,App Push Notification,2023-09-24,New Users,Sms,5082,922,50,2583.16,8175.61,1.69,18.14246359700905,5.42299349240781,3.164964616980752,51.663199999999996,5592.45"
"343853,Email Campaign,2023-09-24,New Users,Sms,8557,694,40,1558.07,4113.91,3.78,8.110319037045693,5.763688760806916,2.6403884292746795,38.95175,2555.84"
"218058,Referral Program,2023-09-24,Premium,App,7150,937,56,2293.81,4724.02,1.67,13.104895104895107,5.9765208110992525,2.059464384582856,40.96089285714286,2430.2100000000005"
"724228,New User Discount,2023-09-23,All,Sms,8390,953,71,2335.26,8354.27,3.9,11.35876042908224,7.450157397691501,3.5774474790815582,32.89098591549296,6019.01"
"465420,Weekend Special,2023-09-23,All,App,7509,345,21,1912.33,2299.67,2.33,4.594486616060727,6.086956521739131,1.2025487232852072,91.06333333333333,387.34000000000015"
"73593,Festival Offer,2023-09-23,All,App,1252,650,63,2237.22,9018.39,3.5,51.91693290734825,9.692307692307692,4.0310698098533,35.51142857142857,6781.17"
"873905,Flash Sale,2023-09-23,All,App,5620,289,48,1822.25,7104.05,2.22,5.142348754448398,16.608996539792386,3.898504595966525,37.963541666666664,5281.8"
"397138,Membership Drive,2023-09-23,New Users,Sms,9179,142,51,3204.77,8568.71,2.08,1.547009478156662,35.91549295774648,2.6737363367729974,62.83862745098039,5363.939999999999"
"873524,Category Promotion,2023-09-23,All,Sms,1269,423,67,4252.13,9509.05,2.98,33.33333333333333,15.839243498817968,2.2363027470938093,63.46462686567164,5256.919999999999"
"700400,App Push Notification,2023-09-23,Inactive,Email,6922,706,48,1194.61,9937.89,2.71,10.199364345564865,6.79886685552408,8.318940909585555,24.887708333333332,8743.279999999999"
"130912,Email Campaign,2023-09-23,New Users,App,8804,123,42,2684.62,7633.9,3.58,1.39709223080418,34.146341463414636,2.8435681772466865,63.91952380952381,4949.28"
"270023,Referral Program,2023-09-23,All,Email,9577,724,38,4556.92,9411.59,1.63,7.559778636316174,5.248618784530387,2.0653401859150478,119.91894736842106,4854.67"
"72707,New User Discount,2023-09-22,Premium,Social Media,4545,184,54,3936.27,4590.02,2.27,4.048404840484048,29.347826086956523,1.1660836273934463,72.8938888888889,653.7500000000005"
"865026,Weekend Special,2023-09-22,New Users,App,8115,129,82,2671.42,8602.41,2.01,1.5896487985212568,63.565891472868216,3.220163808012218,32.57829268292683,5930.99"
"703175,Festival Offer,2023-09-22,Inactive,Email,6265,287,29,4190.2,4449.9,2.04,4.581005586592179,10.104529616724738,1.0619779485466088,144.4896551724138,259.6999999999998"
"130969,Flash Sale,2023-09-22,Premium,Social Media,7646,250,95,2558.33,6067.1,3.22,3.2696834946377193,38.0,2.371507975906158,26.92978947368421,3508.7700000000004"
"712911,Membership Drive,2023-09-22,Premium,Sms,7432,300,42,4154.82,9153.65,1.63,4.036598493003229,14.000000000000002,2.203139967555755,98.9242857142857,4998.83"
"837810,Category Promotion,2023-09-22,All,App,3636,636,32,3487.57,5601.75,1.56,17.491749174917494,5.031446540880504,1.606204319913292,108.9865625,2114.18"
"304899,App Push Notification,2023-09-22,Premium,Email,5581,383,37,4209.83,2997.92,2.36,6.862569432001433,9.660574412532636,0.7121237674680451,113.77918918918918,-1211.9099999999999"
"203277,Email Campaign,2023-09-22,Premium,Email,2441,995,19,3466.14,7721.03,2.84,40.761982793936916,1.9095477386934674,2.2275586098657296,182.42842105263156,4254.889999999999"
"73720,Referral Program,2023-09-22,Inactive,Sms,1842,427,23,3148.16,5496.73,1.87,23.181324647122693,5.386416861826698,1.7460135444195974,136.87652173913042,2348.5699999999997"
"990282,New User Discount,2023-09-21,Premium,Email,7472,329,71,2610.18,5936.39,1.6,4.403104925053533,21.580547112462007,2.2743220774046238,36.763098591549294,3326.2100000000005"
"762504,Weekend Special,2023-09-21,Premium,App,4442,480,16,4716.76,8012.83,1.52,10.80594326879784,3.3333333333333335,1.698799599725235,294.7975,3296.0699999999997"
"553929,Festival Offer,2023-09-21,All,Email,5281,563,15,2368.21,4182.52,3.95,10.660859685665594,2.664298401420959,1.7661102689372987,157.88066666666666,1814.3100000000004"
"411382,Flash Sale,2023-09-21,Premium,Sms,3455,913,73,2575.15,9273.1,2.39,26.425470332850942,7.995618838992333,3.6009941168475623,35.27602739726027,6697.950000000001"
"792265,Membership Drive,2023-09-21,Premium,App,2894,463,79,1548.98,8995.97,1.89,15.998617829993089,17.062634989200866,5.807673436713191,19.607341772151898,7446.99"
"860415,Category Promotion,2023-09-21,All,App,7654,664,97,1909.58,8125.58,3.7,8.67520250849229,14.60843373493976,4.255166057457661,19.686391752577318,6216.0"
"341195,App Push Notification,2023-09-21,Inactive,Social Media,2875,840,30,1017.74,7807.46,3.34,29.217391304347828,3.571428571428571,7.671369898009314,33.92466666666667,6789.72"
"138944,Email Campaign,2023-09-21,New Users,Email,3792,326,73,1009.36,4797.79,3.2,8.59704641350211,22.392638036809817,4.753299120234604,13.826849315068493,3788.43"
"645367,Referral Program,2023-09-21,New Users,Social Media,8208,423,10,2765.69,2045.1,1.78,5.1535087719298245,2.3640661938534278,0.7394538071873564,276.569,-720.5900000000001"
"944034,New User Discount,2023-09-20,New Users,App,1670,674,78,3016.52,5492.54,1.8,40.35928143712575,11.572700296735905,1.8208200177688196,38.67333333333333,2476.02"
"770168,Weekend Special,2023-09-20,New Users,Sms,8690,387,31,2945.63,5267.31,2.02,4.453394706559263,8.010335917312661,1.788177741264178,95.02032258064517,2321.6800000000003"
"433432,Festival Offer,2023-09-20,New Users,Social Media,7529,385,66,3000.69,3955.31,2.67,5.113560897861602,17.142857142857142,1.3181334959625952,45.465,954.6199999999999"
"901632,Flash Sale,2023-09-20,Inactive,Email,7183,423,13,3191.31,9123.26,2.53,5.888904357510789,3.0732860520094563,2.8587821302223855,245.48538461538462,5931.950000000001"
"165727,Membership Drive,2023-09-20,All,Email,8506,623,98,1149.31,7871.14,2.98,7.324241711732895,15.730337078651685,6.8485787124448585,11.727653061224489,6721.83"
"466313,Category Promotion,2023-09-20,New Users,Social Media,7657,743,11,4179.26,2108.18,3.02,9.70353924513517,1.4804845222072678,0.5044385848212363,379.9327272727273,-2071.0800000000004"
"656257,App Push Notification,2023-09-20,New Users,Social Media,2528,378,43,1217.39,3480.06,3.76,14.95253164556962,11.375661375661375,2.858623777096904,28.311395348837213,2262.67"
"538099,Email Campaign,2023-09-20,Inactive,App,1332,120,38,4989.93,8395.57,2.5,9.00900900900901,31.666666666666664,1.6825025601561543,131.31394736842105,3405.6399999999994"
"182847,Referral Program,2023-09-20,All,App,7072,549,51,4935.6,7600.24,2.24,7.763009049773756,9.289617486338798,1.5398816759867087,96.7764705882353,2664.6399999999994"
"734562,New User Discount,2023-09-19,New Users,Social Media,2384,642,74,4830.91,2796.21,3.2,26.929530201342285,11.526479750778815,0.578816413470754,65.28256756756757,-2034.6999999999998"
"641537,Weekend Special,2023-09-19,Inactive,Sms,4308,443,83,4228.09,6547.66,1.51,10.283194057567318,18.735891647855528,1.5486094193832203,50.940843373493976,2319.5699999999997"
"430088,Festival Offer,2023-09-19,New Users,Social Media,6777,237,32,2378.39,5975.62,2.52,3.497122620628597,13.502109704641349,2.512464314094829,74.3246875,3597.23"
"386121,Flash Sale,2023-09-19,Premium,App,9881,338,54,3902.27,4397.78,2.25,3.420706406234187,15.976331360946746,1.126979937318535,72.26425925925926,495.50999999999976"
"133097,Membership Drive,2023-09-19,New Users,Social Media,4302,302,21,3683.4,2469.31,3.13,7.0199907019990695,6.95364238410596,0.6703887712439593,175.4,-1214.0900000000001"
"701161,Category Promotion,2023-09-19,New Users,Social Media,7977,142,11,3171.63,2419.79,3.99,1.7801178387865113,7.746478873239436,0.762948389314012,288.33,-751.8400000000001"
"629442,App Push Notification,2023-09-19,New Users,App,6265,683,51,1798.33,5411.68,2.66,10.901835594573024,7.46705710102489,3.009280832772628,35.261372549019605,3613.3500000000004"
"702096,Email Campaign,2023-09-19,Inactive,Email,8071,197,46,1964.97,9702.2,3.76,2.4408375665964566,23.3502538071066,4.937581744250549,42.71673913043478,7737.2300000000005"
"132811,Referral Program,2023-09-19,New Users,Sms,3117,489,52,1423.56,3719.34,2.14,15.688161693936479,10.633946830265849,2.6127033633988033,27.376153846153844,2295.78"
"966763,New User Discount,2023-09-18,Inactive,Email,9038,388,39,1364.75,4214.09,2.84,4.292985173710998,10.051546391752577,3.0878109543872507,34.993589743589745,2849.34"
"663316,Weekend Special,2023-09-18,New Users,Email,7972,744,34,3909.56,9260.19,2.16,9.332664325137983,4.56989247311828,2.3686015817636767,114.98705882352941,5350.630000000001"
"704588,Festival Offer,2023-09-18,Inactive,Sms,1999,301,100,3494.61,9689.49,2.55,15.057528764382191,33.222591362126245,2.7726956656107546,34.9461,6194.879999999999"
"507865,Flash Sale,2023-09-18,New Users,Email,6489,212,13,4692.11,5191.81,2.15,3.2670673447372476,6.132075471698113,1.1064979295029316,360.9315384615384,499.7000000000007"
"765187,Membership Drive,2023-09-18,Premium,App,6523,413,55,3264.83,6831.44,2.83,6.331442587766365,13.317191283292978,2.0924336029747335,59.36054545454545,3566.6099999999997"
"763904,Category Promotion,2023-09-18,All,Email,8504,735,91,1360.45,6448.09,3.97,8.64299153339605,12.380952380952381,4.739674372450292,14.950000000000001,5087.64"
"130120,App Push Notification,2023-09-18,All,Email,6748,893,89,1847.83,3624.38,3.98,13.233550681683463,9.966405375139978,1.9614250228646577,20.762134831460674,1776.5500000000002"
"268553,Email Campaign,2023-09-18,Inactive,Social Media,4767,365,97,4084.0,8398.66,1.57,7.656807216278581,26.575342465753426,2.056478942213516,42.103092783505154,4314.66"
"743704,Referral Program,2023-09-18,Premium,Social Media,2933,393,88,4588.58,3347.53,3.5,13.399249914763042,22.391857506361323,0.7295350631350004,52.14295454545454,-1241.0499999999997"
"464709,New User Discount,2023-09-17,New Users,Sms,1584,382,83,2575.59,2758.36,1.7,24.116161616161616,21.727748691099478,1.0709623814349334,31.03120481927711,182.76999999999998"
"10864,Weekend Special,2023-09-17,All,Social Media,2756,890,12,4138.23,6336.74,3.95,32.29317851959361,1.348314606741573,1.5312681992059407,344.85249999999996,2198.51"
"599825,Festival Offer,2023-09-17,Inactive,App,1436,860,54,1775.99,7390.3,1.59,59.888579387186624,6.279069767441861,4.1612283852949625,32.888703703703705,5614.31"
"834305,Flash Sale,2023-09-17,Premium,Sms,4558,446,23,1487.36,2602.22,1.61,9.784993418165861,5.15695067264574,1.749556260757315,64.66782608695652,1114.86"
"708794,Membership Drive,2023-09-17,New Users,App,7078,520,57,1498.05,3086.03,2.45,7.34670810963549,10.961538461538462,2.060031374119689,26.28157894736842,1587.9800000000002"
"507353,Category Promotion,2023-09-17,Premium,Social Media,4096,872,61,2236.95,2989.48,2.56,21.2890625,6.9954128440366965,1.3364089496859564,36.67131147540983,752.5300000000002"
"131363,App Push Notification,2023-09-17,Premium,Sms,9654,970,71,3882.37,2434.83,1.51,10.047648643049513,7.31958762886598,0.6271504261572184,54.6812676056338,-1447.54"
"282323,Email Campaign,2023-09-17,All,Sms,2684,634,77,1381.49,7412.17,2.98,23.621460506706406,12.145110410094636,5.365344664094565,17.94142857142857,6030.68"
"581921,Referral Program,2023-09-17,All,App,8257,301,93,2340.8,6268.27,3.76,3.645391788785273,30.89700996677741,2.6778323650034177,25.16989247311828,3927.4700000000003"
"538096,New User Discount,2023-09-16,All,Sms,2194,601,44,2122.59,8653.61,3.34,27.39288969917958,7.321131447587355,4.07691075525655,48.24068181818182,6531.02"
"181751,Weekend Special,2023-09-16,Premium,Sms,7832,873,83,1352.41,7661.11,2.09,11.146578140960163,9.507445589919817,5.664783608521084,16.29409638554217,6308.7"
"624288,Festival Offer,2023-09-16,Inactive,App,4102,276,65,3676.72,5272.74,1.66,6.728425158459288,23.55072463768116,1.4340879914706586,56.56492307692307,1596.02"
"754350,Flash Sale,2023-09-16,All,App,1204,307,67,3580.95,3967.18,1.58,25.49833887043189,21.824104234527688,1.1078568536282272,53.44701492537313,386.23"
"808067,Membership Drive,2023-09-16,Premium,Sms,5507,416,100,3269.93,8768.33,2.55,7.554022153622662,24.03846153846154,2.681503885404275,32.6993,5498.4"
"461849,Category Promotion,2023-09-16,All,App,6331,672,73,4634.59,2307.9,2.34,10.614436897804454,10.863095238095239,0.497972851967488,63.48753424657534,-2326.69"
"76274,App Push Notification,2023-09-16,Premium,Social Media,2107,422,67,1757.53,9869.78,2.62,20.028476506881823,15.876777251184834,5.615710684881624,26.23179104477612,8112.250000000001"
"315136,Email Campaign,2023-09-16,All,Sms,9216,190,29,1101.27,3183.29,3.79,2.061631944444444,15.263157894736842,2.8905627139575216,37.9748275862069,2082.02"
"656489,Referral Program,2023-09-16,New Users,Email,2083,390,30,4085.22,5183.44,1.91,18.722995679308692,7.6923076923076925,1.2688276273982797,136.174,1098.2199999999998"
"631731,New User Discount,2023-09-15,Premium,Social Media,9614,737,81,3476.2,8163.83,2.46,7.665903890160183,10.990502035278155,2.3484926068695704,42.91604938271605,4687.63"
"95038,Weekend Special,2023-09-15,Inactive,Email,5847,478,35,1492.12,3837.79,3.04,8.175132546605097,7.322175732217573,2.572038441948369,42.632,2345.67"
"827380,Festival Offer,2023-09-15,Premium,Social Media,4342,811,81,4639.26,9020.46,1.72,18.67802855826808,9.98766954377312,1.9443747494212436,57.27481481481482,4381.199999999999"
"231967,Flash Sale,2023-09-15,Premium,Social Media,4334,565,63,4565.7,4129.96,1.68,13.036455929856944,11.150442477876107,0.9045622796066322,72.47142857142858,-435.7399999999998"
"180610,Membership Drive,2023-09-15,New Users,Social Media,2423,168,55,1524.3,9705.87,2.61,6.933553446141147,32.73809523809524,6.367427671718167,27.714545454545455,8181.570000000001"
"20729,Category Promotion,2023-09-15,Inactive,Email,5849,884,25,2724.69,3724.69,3.54,15.11369464865789,2.828054298642534,1.3670142291416638,108.9876,1000.0"
"795984,App Push Notification,2023-09-15,New Users,Email,8926,490,87,3292.96,4884.42,1.72,5.489580999327806,17.755102040816325,1.4832916282007678,37.850114942528734,1591.46"
"919371,Email Campaign,2023-09-15,Premium,Email,6148,760,47,4867.8,5283.38,2.44,12.361743656473651,6.184210526315789,1.0853732692386704,103.57021276595745,415.5799999999999"
"962692,Referral Program,2023-09-15,New Users,Email,9966,561,90,1762.57,5567.77,2.33,5.629139072847682,16.0427807486631,3.1588929801369594,19.58411111111111,3805.2000000000007"
"867363,New User Discount,2023-09-14,Inactive,Social Media,4362,839,57,1050.26,6854.74,3.7,19.234296194406237,6.793802145411204,6.526707672385886,18.42561403508772,5804.48"
"663952,Weekend Special,2023-09-14,Inactive,App,8151,761,57,4947.69,2418.21,1.82,9.336277757330388,7.490144546649145,0.488755358561268,86.80157894736841,-2529.4799999999996"
"361285,Festival Offer,2023-09-14,Premium,App,1563,603,87,4234.98,2769.46,2.91,38.57965451055662,14.427860696517413,0.6539487789788855,48.677931034482754,-1465.5199999999995"
"387493,Flash Sale,2023-09-14,Premium,Sms,4738,191,65,4865.93,6502.28,3.26,4.0312368087800765,34.031413612565444,1.3362872051180348,74.86046153846155,1636.3499999999995"
"249412,Membership Drive,2023-09-14,Inactive,App,5524,502,36,4489.85,3597.33,2.79,9.087617668356264,7.171314741035857,0.8012138490150004,124.71805555555557,-892.5200000000004"
"222022,Category Promotion,2023-09-14,Premium,Email,5983,305,50,3211.33,8337.15,1.99,5.097777034932308,16.39344262295082,2.5961673200823334,64.2266,5125.82"
"836766,App Push Notification,2023-09-14,All,Social Media,7819,834,37,2848.9,8234.26,3.68,10.666325617086583,4.436450839328537,2.8903296008985926,76.9972972972973,5385.360000000001"
"767899,Email Campaign,2023-09-14,Premium,App,3801,247,60,4856.98,5933.08,3.17,6.498289923704288,24.291497975708502,1.2215574286902562,80.94966666666666,1076.1000000000004"
"796588,Referral Program,2023-09-14,New Users,App,8684,817,16,2561.97,8821.08,3.81,9.408106863196682,1.9583843329253363,3.443084813639504,160.123125,6259.110000000001"
"274398,New User Discount,2023-09-13,Premium,Sms,8514,947,16,2634.33,6667.96,1.68,11.12285647169368,1.689545934530095,2.5311787057809765,164.645625,4033.63"
"34071,Weekend Special,2023-09-13,New Users,Sms,6493,345,19,1264.38,5396.85,1.65,5.313414446326814,5.507246376811594,4.268376595643715,66.5463157894737,4132.47"
"431617,Festival Offer,2023-09-13,Inactive,Email,5842,141,89,3026.83,3738.15,3.48,2.4135570010270455,63.12056737588653,1.2350049391607723,34.009325842696626,711.3200000000002"
"755406,Flash Sale,2023-09-13,New Users,Sms,7421,151,43,1377.09,8465.83,3.89,2.0347662040156314,28.47682119205298,6.147622885940644,32.0253488372093,7088.74"
"446826,Membership Drive,2023-09-13,All,Sms,9810,725,10,4323.84,2725.81,2.04,7.390417940876656,1.3793103448275863,0.6304141688869153,432.384,-1598.0300000000002"
"173976,Category Promotion,2023-09-13,New Users,Email,5401,515,51,4991.76,3085.4,3.69,9.535271246065543,9.902912621359224,0.6180986265365322,97.87764705882353,-1906.3600000000001"
"202989,App Push Notification,2023-09-13,New Users,Social Media,5747,142,99,3242.12,8723.4,3.63,2.4708543587958935,69.71830985915493,2.690646860696088,32.74868686868687,5481.28"
"376939,Email Campaign,2023-09-13,All,Email,9843,155,35,1752.14,8194.2,2.35,1.5747231535101085,22.58064516129032,4.676681087127741,50.06114285714286,6442.06"
"326452,Referral Program,2023-09-13,New Users,App,7729,945,56,4283.0,8404.1,1.98,12.226678742398759,5.9259259259259265,1.9621993929488677,76.48214285714286,4121.1"
"715540,New User Discount,2023-09-12,New Users,App,2190,687,12,1562.73,7094.93,3.93,31.36986301369863,1.7467248908296942,4.540086899208436,130.2275,5532.200000000001"
"984391,Weekend Special,2023-09-12,New Users,App,6767,174,43,2472.11,2346.01,3.36,2.571301906310034,24.71264367816092,0.948990942959658,57.49093023255814,-126.09999999999991"
"29787,Festival Offer,2023-09-12,Premium,Email,3440,213,95,4657.41,4284.15,1.61,6.191860465116279,44.60093896713615,0.9198567444137407,49.02536842105263,-373.2600000000002"
"494886,Flash Sale,2023-09-12,Premium,Sms,3435,752,29,4511.87,2128.05,3.6,21.892285298398836,3.856382978723404,0.4716558766099201,155.58172413793102,-2383.8199999999997"
"749817,Membership Drive,2023-09-12,Inactive,Sms,2082,622,88,4654.37,4717.28,2.01,29.875120076849182,14.14790996784566,1.0135163298147762,52.89056818181818,62.909999999999854"
"270717,Category Promotion,2023-09-12,New Users,Email,8415,150,34,2935.21,3977.18,2.13,1.7825311942959003,22.666666666666664,1.354989932577226,86.32970588235294,1041.9699999999998"
"103909,App Push Notification,2023-09-12,Inactive,Email,6525,243,58,3761.21,2580.37,2.37,3.724137931034482,23.868312757201647,0.6860478409873418,64.84844827586207,-1180.8400000000001"
"198073,Email Campaign,2023-09-12,All,Social Media,5175,174,75,1811.74,3229.92,3.4,3.3623188405797104,43.103448275862064,1.7827723624802676,24.156533333333332,1418.18"
"142635,Referral Program,2023-09-12,New Users,Sms,8052,210,24,4623.82,2589.98,2.65,2.608047690014903,11.428571428571429,0.5601385867096903,192.65916666666666,-2033.8399999999997"
"409740,New User Discount,2023-09-11,New Users,App,8492,826,88,2409.29,7709.26,2.06,9.726801695713613,10.653753026634384,3.1998057519020127,27.378295454545455,5299.97"
"646037,Weekend Special,2023-09-11,Inactive,Email,4434,597,68,1213.69,9679.76,2.56,13.464140730717187,11.390284757118927,7.97547973535252,17.848382352941176,8466.07"
"592071,Festival Offer,2023-09-11,Inactive,Sms,4443,812,32,1567.5,5494.87,1.9,18.275939680396128,3.9408866995073892,3.505499202551834,48.984375,3927.37"
"274580,Flash Sale,2023-09-11,Inactive,App,5973,703,75,3900.65,8081.03,3.21,11.7696300016742,10.668563300142248,2.0717136887441834,52.00866666666667,4180.379999999999"
"881630,Membership Drive,2023-09-11,Premium,Social Media,5809,117,72,4902.4,3821.27,2.78,2.01411602685488,61.53846153846154,0.7794692395561358,68.08888888888889,-1081.1299999999997"
"284113,Category Promotion,2023-09-11,Inactive,Social Media,7838,305,72,4127.05,9333.6,1.94,3.8912988007144684,23.60655737704918,2.261566978834761,57.32013888888889,5206.55"
"814073,App Push Notification,2023-09-11,New Users,Sms,4148,125,30,2888.55,5143.96,3.64,3.013500482160077,24.0,1.7808104412248358,96.28500000000001,2255.41"
"871316,Email Campaign,2023-09-11,New Users,Social Media,4009,784,73,3738.55,5406.34,3.0,19.55599900224495,9.311224489795919,1.4461061106578754,51.21301369863014,1667.79"
"884401,Referral Program,2023-09-11,New Users,Email,1952,962,99,1325.1,8207.6,2.64,49.2827868852459,10.291060291060292,6.19394762659422,13.384848484848485,6882.5"
"952995,New User Discount,2023-09-10,Inactive,Social Media,8307,876,80,2485.34,7925.12,2.68,10.54532322137956,9.1324200913242,3.1887468113014714,31.066750000000003,5439.78"
"410897,Weekend Special,2023-09-10,Premium,App,2730,125,39,4378.08,8606.81,2.59,4.5787545787545785,31.2,1.9658868727844168,112.25846153846153,4228.73"
"452360,Festival Offer,2023-09-10,Premium,Social Media,9119,238,11,3218.78,3661.71,3.21,2.6099352999232375,4.621848739495799,1.137608037827997,292.61636363636364,442.92999999999984"
"704194,Flash Sale,2023-09-10,Inactive,Email,7783,475,82,2926.19,8825.58,2.76,6.1030450982911475,17.263157894736842,3.0160652589203023,35.685243902439026,5899.389999999999"
"156450,Membership Drive,2023-09-10,Premium,Sms,2148,362,38,4644.66,5320.85,2.18,16.85288640595903,10.497237569060774,1.1455843915378092,122.2278947368421,676.1900000000005"
"124963,Category Promotion,2023-09-10,New Users,Sms,9214,349,100,3266.85,4929.18,3.53,3.7877143477317126,28.653295128939828,1.508847972817852,32.6685,1662.3300000000004"
"416177,App Push Notification,2023-09-10,All,Sms,5239,272,24,3674.11,5127.94,3.34,5.1918305020041995,8.823529411764707,1.3956958283774845,153.08791666666667,1453.8299999999995"
"198356,Email Campaign,2023-09-10,Premium,Email,5035,439,19,4247.24,4089.19,3.76,8.718967229394242,4.328018223234624,0.9627875985345778,223.53894736842105,-158.04999999999973"
"311927,Referral Program,2023-09-10,Inactive,Social Media,9603,502,99,4530.72,9542.64,2.0,5.227533062584609,19.721115537848604,2.1062082847759296,45.764848484848486,5011.919999999999"
"936730,New User Discount,2023-09-09,Premium,Sms,7413,688,87,1966.07,4769.63,2.58,9.280992850397949,12.645348837209303,2.4259716083354106,22.598505747126435,2803.5600000000004"
"486795,Weekend Special,2023-09-09,Premium,Email,1413,359,83,1392.02,7184.13,3.82,25.4069355980184,23.119777158774372,5.160938779615235,16.77132530120482,5792.110000000001"
"655982,Festival Offer,2023-09-09,New Users,Email,2999,655,71,3307.38,9749.16,3.33,21.84061353784595,10.839694656488549,2.9476987827222754,46.58281690140845,6441.78"
"838608,Flash Sale,2023-09-09,Inactive,Sms,9773,659,87,1486.87,8289.34,3.37,6.743067635321805,13.201820940819422,5.575026734011717,17.09045977011494,6802.47"
"821994,Membership Drive,2023-09-09,Inactive,Sms,9768,1000,35,3214.3,7067.1,2.76,10.237510237510238,3.5000000000000004,2.198643561584171,91.83714285714287,3852.8"
"119462,Category Promotion,2023-09-09,All,Email,7293,938,11,3132.63,5847.76,1.82,12.861648155765803,1.1727078891257996,1.8667254032554117,284.7845454545455,2715.13"
"208761,App Push Notification,2023-09-09,Inactive,Sms,4582,568,99,1974.02,9198.19,2.48,12.396333478830206,17.429577464788732,4.659623509386937,19.93959595959596,7224.17"
"727819,Email Campaign,2023-09-09,Premium,Sms,8973,753,34,3502.23,5244.77,3.77,8.391842193246406,4.51527224435591,1.4975515600060534,103.00676470588235,1742.5400000000004"
"623432,Referral Program,2023-09-09,All,Sms,9912,997,44,2227.26,6789.33,2.3,10.058514931396287,4.413239719157472,3.048288031033646,50.61954545454546,4562.07"
"218865,New User Discount,2023-09-08,All,Sms,7291,580,15,1494.68,5250.79,1.56,7.955013029762721,2.586206896551724,3.5129860572162603,99.64533333333334,3756.1099999999997"
"400663,Weekend Special,2023-09-08,Inactive,App,7353,272,64,3827.02,7901.52,1.7,3.6991704066367466,23.52941176470588,2.0646665029187203,59.7971875,4074.5000000000005"
"309015,Festival Offer,2023-09-08,All,Email,4146,540,45,3428.32,5069.8,2.71,13.024602026049203,8.333333333333332,1.478800112008214,76.18488888888889,1641.48"
"472032,Flash Sale,2023-09-08,All,Sms,8532,105,81,2293.41,7597.15,3.77,1.230661040787623,77.14285714285715,3.312600014825086,28.313703703703702,5303.74"
"479479,Membership Drive,2023-09-08,Inactive,Social Media,9557,316,95,4513.64,8338.6,2.79,3.306476927906247,30.063291139240505,1.847422479417942,47.512,3824.96"
"959686,Category Promotion,2023-09-08,All,App,8510,941,98,3544.88,6404.5,1.59,11.057579318448884,10.414452709883102,1.8066902123626187,36.17224489795918,2859.62"
"247980,App Push Notification,2023-09-08,Inactive,Email,2680,724,62,4261.69,3792.91,2.44,27.01492537313433,8.56353591160221,0.8900013844273047,68.73693548387097,-468.77999999999975"
"418087,Email Campaign,2023-09-08,Inactive,Social Media,3889,886,93,3448.18,8946.34,2.9,22.782206222679353,10.496613995485328,2.5945107273982217,37.07720430107527,5498.16"
"62385,Referral Program,2023-09-08,New Users,Social Media,7562,727,37,4518.36,6445.74,3.58,9.613858767521819,5.089408528198074,1.426566276259528,122.11783783783783,1927.38"
"303346,New User Discount,2023-09-07,Inactive,App,7320,598,99,2607.78,4783.07,3.21,8.169398907103826,16.555183946488295,1.8341539547047678,26.341212121212124,2175.2899999999995"
"646049,Weekend Special,2023-09-07,New Users,Email,2091,474,46,4759.49,3624.31,2.8,22.66857962697274,9.70464135021097,0.7614912522139977,103.46717391304347,-1135.1799999999998"
"344451,Festival Offer,2023-09-07,All,Sms,7621,144,15,4338.46,8636.23,2.86,1.8895158115732842,10.416666666666668,1.9906210959649275,289.23066666666665,4297.7699999999995"
"667552,Flash Sale,2023-09-07,All,Sms,3129,321,65,3958.22,9151.0,1.92,10.258868648130392,20.24922118380062,2.3118977722309526,60.89569230769231,5192.780000000001"
"592170,Membership Drive,2023-09-07,Inactive,Sms,5682,206,98,2482.29,5869.94,1.53,3.6254839845124955,47.57281553398058,2.364727731248162,25.329489795918366,3387.6499999999996"
"301416,Category Promotion,2023-09-07,Inactive,Social Media,2071,780,27,1973.17,3076.52,2.84,37.66296475132786,3.4615384615384617,1.5591763507452474,73.08037037037037,1103.35"
"460882,App Push Notification,2023-09-07,Premium,Email,8744,732,85,3175.86,6528.68,3.76,8.371454711802379,11.612021857923498,2.0557203403172686,37.363058823529414,3352.82"
"813257,Email Campaign,2023-09-07,Premium,Sms,7478,933,14,1401.31,6015.47,1.93,12.476598020861193,1.5005359056806002,4.292747500553054,100.09357142857142,4614.16"
"936078,Referral Program,2023-09-07,Premium,Social Media,3082,449,82,4893.32,7134.67,2.5,14.568462037637897,18.262806236080177,1.458042801206543,59.67463414634146,2241.3500000000004"
"197914,New User Discount,2023-09-06,New Users,Email,2059,943,92,3814.3,5596.62,1.52,45.79893152015542,9.75609756097561,1.4672731562803134,41.459782608695654,1782.3199999999997"
"344824,Weekend Special,2023-09-06,Premium,Sms,4982,810,51,3617.12,9175.68,1.55,16.25853071055801,6.296296296296296,2.536736409076835,70.92392156862745,5558.56"
"982285,Festival Offer,2023-09-06,All,Sms,6668,688,95,1540.71,5149.74,2.32,10.317936412717456,13.80813953488372,3.3424460151488598,16.218,3609.0299999999997"
"29571,Flash Sale,2023-09-06,Inactive,Email,4541,651,58,3104.47,5570.72,2.41,14.336049328341774,8.90937019969278,1.7944190151620085,53.5253448275862,2466.2500000000005"
"988307,Membership Drive,2023-09-06,New Users,Sms,7831,858,38,2432.78,5498.28,1.68,10.956455114289362,4.428904428904429,2.2600810595286047,64.02052631578948,3065.4999999999995"
"972517,Category Promotion,2023-09-06,Inactive,App,2500,323,66,4559.98,8433.06,2.36,12.920000000000002,20.43343653250774,1.849363374400765,69.09060606060605,3873.08"
"116331,App Push Notification,2023-09-06,New Users,Sms,5713,750,31,4653.64,6835.62,3.72,13.127953789602662,4.133333333333333,1.4688759766548336,150.11741935483872,2181.9799999999996"
"850573,Email Campaign,2023-09-06,Premium,Email,5231,170,28,4040.88,3352.7,3.7,3.2498566239724718,16.470588235294116,0.8296955118687018,144.31714285714287,-688.1800000000003"
"540866,Referral Program,2023-09-06,All,Social Media,6999,865,73,3065.54,7062.68,3.79,12.358908415487926,8.439306358381502,2.303894256803043,41.99369863013698,3997.1400000000003"
"721231,New User Discount,2023-09-05,Inactive,App,5489,578,42,1939.01,9584.54,1.53,10.530151211513937,7.26643598615917,4.943006998416719,46.16690476190476,7645.530000000001"
"455126,Weekend Special,2023-09-05,Inactive,Social Media,2191,632,14,4562.51,7901.47,1.73,28.845276129621176,2.2151898734177213,1.7318252453145309,325.8935714285714,3338.96"
"861996,Festival Offer,2023-09-05,Inactive,Social Media,5825,742,84,1356.25,5142.69,3.85,12.738197424892702,11.320754716981133,3.7918451612903223,16.145833333333332,3786.4399999999996"
"326300,Flash Sale,2023-09-05,Inactive,Sms,5412,498,86,2095.4,4682.45,3.1,9.201773835920177,17.269076305220885,2.234633005631383,24.365116279069767,2587.0499999999997"
"751090,Membership Drive,2023-09-05,All,Social Media,1768,894,15,1047.5,2190.78,1.66,50.56561085972851,1.6778523489932886,2.0914367541766112,69.83333333333333,1143.2800000000002"
"930945,Category Promotion,2023-09-05,All,App,5160,647,84,4704.62,4262.66,2.86,12.538759689922479,12.982998454404946,0.9060583001390122,56.00738095238095,-441.96000000000004"
"204831,App Push Notification,2023-09-05,New Users,Social Media,2351,872,91,2037.52,3856.05,2.38,37.09059974478945,10.435779816513762,1.8925213004044132,22.39032967032967,1818.5300000000002"
"767059,Email Campaign,2023-09-05,All,Social Media,8159,679,30,2911.55,6278.61,2.04,8.322098296359847,4.418262150220913,2.1564493139393104,97.05166666666668,3367.0599999999995"
"24677,Referral Program,2023-09-05,Inactive,Social Media,1952,346,45,3176.97,9135.1,2.27,17.725409836065573,13.005780346820808,2.8754127360346495,70.59933333333333,5958.130000000001"
"319266,New User Discount,2023-09-04,Inactive,App,3805,756,39,1387.99,9900.82,1.74,19.868593955321945,5.158730158730158,7.133207011577893,35.58948717948718,8512.83"
"485029,Weekend Special,2023-09-04,New Users,Email,2702,302,24,4433.0,5816.42,1.69,11.176905995558846,7.9470198675496695,1.3120730882021205,184.70833333333334,1383.42"
"47508,Festival Offer,2023-09-04,New Users,Social Media,6027,844,45,1737.08,4557.93,1.58,14.00365024058404,5.33175355450237,2.623903332028462,38.60177777777778,2820.8500000000004"
"628327,Flash Sale,2023-09-04,Inactive,App,8069,260,23,3798.22,5103.01,1.93,3.222208452100632,8.846153846153847,1.3435267046142667,165.14,1304.7900000000004"
"238629,Membership Drive,2023-09-04,Premium,Social Media,6571,985,76,2533.96,2538.48,3.99,14.990108050525034,7.715736040609138,1.001783769278126,33.34157894736842,4.519999999999982"
"800943,Category Promotion,2023-09-04,Inactive,Sms,1450,663,99,3943.03,8586.35,2.31,45.724137931034484,14.93212669683258,2.1776019964342144,39.82858585858586,4643.32"
"909955,App Push Notification,2023-09-04,Premium,App,4038,955,47,1136.0,7418.11,3.23,23.650321941555223,4.9214659685863875,6.530026408450704,24.170212765957448,6282.11"
"352877,Email Campaign,2023-09-04,Inactive,Social Media,5497,551,64,3466.9,5508.21,2.99,10.023649263234491,11.61524500907441,1.5887997923216706,54.1703125,2041.31"
"317661,Referral Program,2023-09-04,New Users,Sms,2745,247,36,3000.92,5781.56,3.23,8.998178506375227,14.5748987854251,1.9265958439411914,83.35888888888888,2780.6400000000003"
"702630,New User Discount,2023-09-03,All,Social Media,4316,937,68,1274.02,9046.37,2.95,21.70991658943466,7.257203842049092,7.100649911304376,18.735588235294117,7772.35"
"605300,Weekend Special,2023-09-03,New Users,Social Media,9885,630,68,2514.31,5877.53,3.49,6.373292867981791,10.793650793650794,2.337631397878543,36.97514705882353,3363.22"
"611553,Festival Offer,2023-09-03,Inactive,Email,4332,313,25,4140.24,6738.96,3.85,7.225300092336104,7.987220447284344,1.627673758043012,165.6096,2598.7200000000003"
"761584,Flash Sale,2023-09-03,Premium,Social Media,5609,952,30,4382.82,9429.18,2.07,16.97272241041184,3.1512605042016806,2.1513956767560614,146.094,5046.360000000001"
"504203,Membership Drive,2023-09-03,All,Email,3667,163,30,3682.21,8139.3,3.95,4.445050449959095,18.404907975460123,2.2104388397185386,122.74033333333334,4457.09"
"969274,Category Promotion,2023-09-03,New Users,Social Media,4588,559,94,3949.35,9575.99,2.06,12.183958151700088,16.815742397137747,2.424700267132566,42.01436170212766,5626.639999999999"
"906335,App Push Notification,2023-09-03,New Users,App,1340,415,42,2663.37,9462.34,3.57,30.970149253731343,10.120481927710843,3.552769611432133,63.41357142857142,6798.97"
"237870,Email Campaign,2023-09-03,Premium,Email,3423,507,29,2395.56,3193.57,2.61,14.811568799298861,5.719921104536489,1.3331204394797043,82.6055172413793,798.0100000000002"
"256474,Referral Program,2023-09-03,New Users,Social Media,4339,483,16,3644.89,5838.22,3.53,11.131597142198665,3.3126293995859215,1.6017547854667769,227.805625,2193.3300000000004"
"161360,New User Discount,2023-09-02,Inactive,Email,3836,191,42,1925.11,6039.37,2.37,4.979144942648593,21.98952879581152,3.137155798889414,45.83595238095238,4114.26"
"650528,Weekend Special,2023-09-02,New Users,Social Media,3295,903,56,2830.0,4604.21,1.62,27.4051593323217,6.2015503875969,1.6269293286219082,50.535714285714285,1774.21"
"86830,Festival Offer,2023-09-02,Inactive,App,5856,749,48,4608.58,9997.7,3.11,12.790300546448089,6.408544726301736,2.169366702975754,96.01208333333334,5389.120000000001"
"882779,Flash Sale,2023-09-02,New Users,Sms,9910,666,60,2890.97,7406.48,2.64,6.720484359233097,9.00900900900901,2.5619359592109223,48.18283333333333,4515.51"
"587668,Membership Drive,2023-09-02,Inactive,Sms,1032,531,81,4889.66,4458.8,2.05,51.45348837209303,15.254237288135593,0.911883443838631,60.36617283950617,-430.8599999999997"
"229514,Category Promotion,2023-09-02,Inactive,App,1448,598,24,3628.87,8317.05,3.51,41.29834254143646,4.013377926421405,2.2919118072568043,151.20291666666665,4688.179999999999"
"856812,App Push Notification,2023-09-02,All,App,7791,655,80,4892.46,4098.05,2.53,8.407136439481452,12.213740458015266,0.8376256525347168,61.15575,-794.4099999999999"
"87168,Email Campaign,2023-09-02,Premium,Social Media,4986,907,38,2794.01,2460.74,3.04,18.190934616927397,4.189636163175303,0.8807198256269662,73.52657894736842,-333.27000000000044"
"105122,Referral Program,2023-09-02,Premium,Email,7670,281,71,1554.87,2259.0,3.95,3.6636245110821384,25.26690391459075,1.4528545794825292,21.89957746478873,704.1300000000001"
"80123,New User Discount,2023-09-01,New Users,Social Media,5915,500,20,3919.81,9103.51,1.99,8.4530853761623,4.0,2.322436546669354,195.9905,5183.700000000001"
"283304,Weekend Special,2023-09-01,Premium,Sms,6818,605,73,4533.01,5054.01,3.68,8.87356996186565,12.066115702479339,1.1149346681344183,62.09602739726028,521.0"
"509107,Festival Offer,2023-09-01,Inactive,Social Media,7806,187,87,4346.98,5141.73,3.23,2.3955931334870613,46.524064171122994,1.1828280783440457,49.96528735632183,794.75"
"976425,Flash Sale,2023-09-01,New Users,App,2479,608,85,3233.46,2779.27,3.16,24.526018555869303,13.980263157894738,0.8595343687566879,38.04070588235294,-454.19000000000005"
"703372,Membership Drive,2023-09-01,New Users,Social Media,8770,361,70,1719.42,7768.21,2.86,4.11630558722919,19.390581717451525,4.51792464900955,24.563142857142857,6048.79"
"30302,Category Promotion,2023-09-01,All,Email,5265,375,37,4831.55,4258.9,2.49,7.122507122507122,9.866666666666667,0.8814769587399488,130.58243243243243,-572.6500000000005"
"317158,App Push Notification,2023-09-01,New Users,App,1359,266,45,4858.51,3911.23,2.49,19.573215599705666,16.917293233082706,0.805026643971094,107.96688888888889,-947.2800000000002"
"422515,Email Campaign,2023-09-01,All,Social Media,1573,665,68,3419.96,3331.68,1.95,42.27590591226955,10.225563909774436,0.9741868325945332,50.29352941176471,-88.2800000000002"
"686065,Referral Program,2023-09-01,All,Social Media,7542,320,49,3579.45,5235.52,3.0,4.242906390877751,15.312500000000002,1.4626604645965164,73.05,1656.0700000000006"
"572929,New User Discount,2023-08-31,Inactive,Sms,1693,413,22,4279.74,6535.86,1.79,24.394565859421146,5.326876513317192,1.5271628650338571,194.53363636363636,2256.12"
"861155,Weekend Special,2023-08-31,New Users,Social Media,2228,458,59,2077.29,7680.8,3.54,20.556552962298024,12.882096069868995,3.6975097362428935,35.20830508474576,5603.51"
"760043,Festival Offer,2023-08-31,Inactive,App,1952,488,64,3332.46,2614.02,3.08,25.0,13.114754098360656,0.7844115158171441,52.0696875,-718.44"
"891736,Flash Sale,2023-08-31,Inactive,Email,1626,867,91,3874.21,7546.12,3.42,53.321033210332104,10.4959630911188,1.9477829028369655,42.573736263736265,3671.91"
"825646,Membership Drive,2023-08-31,All,App,2919,219,58,3574.94,5808.01,3.46,7.50256937307297,26.48401826484018,1.6246454485949415,61.63689655172414,2233.07"
"839285,Category Promotion,2023-08-31,Premium,Sms,5906,202,31,2462.65,5386.51,1.59,3.420250592617677,15.346534653465346,2.187281992975047,79.44032258064516,2923.86"
"55142,App Push Notification,2023-08-31,Inactive,Social Media,1386,117,55,3348.97,5297.35,3.99,8.441558441558442,47.008547008547005,1.5817848472814031,60.89036363636363,1948.3800000000006"
"200660,Email Campaign,2023-08-31,Premium,Email,3995,680,67,2318.83,9913.99,2.82,17.02127659574468,9.852941176470589,4.2754276941388545,34.609402985074624,7595.16"
"773923,Referral Program,2023-08-31,Premium,Social Media,4487,317,19,2760.46,7388.63,3.36,7.064854022732338,5.993690851735016,2.6765937561131117,145.28736842105263,4628.17"
"194106,New User Discount,2023-08-30,Premium,App,2119,242,17,1619.6,2406.62,2.3,11.420481359131667,7.024793388429752,1.4859347987157323,95.27058823529411,787.02"
"162830,Weekend Special,2023-08-30,New Users,Email,6017,487,72,4328.26,2841.93,1.67,8.093734419145754,14.784394250513348,0.656598725584877,60.11472222222223,-1486.3300000000004"
"124902,Festival Offer,2023-08-30,Premium,Sms,5771,489,30,3234.95,9176.67,2.3,8.47340149020967,6.134969325153374,2.8367269973260796,107.83166666666666,5941.72"
"154428,Flash Sale,2023-08-30,New Users,Social Media,6248,871,49,2633.53,9145.57,3.83,13.9404609475032,5.625717566016074,3.472741909148557,53.74551020408164,6512.039999999999"
"430606,Membership Drive,2023-08-30,Inactive,App,3369,599,100,4661.71,2642.93,1.91,17.77975660433363,16.69449081803005,0.5669443187156644,46.6171,-2018.7800000000002"
"425494,Category Promotion,2023-08-30,New Users,Social Media,8648,790,72,4581.84,5509.36,2.67,9.135060129509712,9.113924050632912,1.2024339566636983,63.63666666666667,927.5199999999995"
"154348,App Push Notification,2023-08-30,New Users,Social Media,1286,385,23,2358.77,6025.82,2.86,29.937791601866255,5.974025974025974,2.5546450056597294,102.55521739130435,3667.0499999999997"
"215459,Email Campaign,2023-08-30,All,Social Media,2800,900,60,4334.2,3074.38,1.87,32.142857142857146,6.666666666666667,0.709330441603987,72.23666666666666,-1259.8199999999997"
"203812,Referral Program,2023-08-30,Inactive,Email,3531,965,55,3488.64,9934.26,1.51,27.32936845086378,5.699481865284974,2.8476025041276833,63.42981818181818,6445.620000000001"
"103345,New User Discount,2023-08-29,All,Social Media,7032,592,44,1387.31,6623.74,3.36,8.418657565415245,7.4324324324324325,4.774520474875839,31.529772727272725,5236.43"
"829169,Weekend Special,2023-08-29,New Users,Sms,4739,522,31,1403.91,3915.71,1.89,11.014982063726524,5.938697318007663,2.78914602787928,45.28741935483871,2511.8"
"880618,Festival Offer,2023-08-29,New Users,App,5419,367,72,2517.43,4337.99,2.64,6.772467244879129,19.618528610354225,1.7231819752684285,34.964305555555555,1820.56"
"360335,Flash Sale,2023-08-29,All,Sms,5288,697,57,2111.86,5190.13,2.01,13.180786686838125,8.17790530846485,2.4576108264752397,37.05017543859649,3078.27"
"684280,Membership Drive,2023-08-29,Premium,Email,7166,535,90,1052.86,9528.82,2.22,7.465810773095171,16.822429906542055,9.050415059931995,11.698444444444444,8475.96"
"411722,Category Promotion,2023-08-29,New Users,Social Media,5104,786,79,1124.87,7328.83,1.73,15.399686520376177,10.05089058524173,6.515268431018696,14.238860759493669,6203.96"
"150996,App Push Notification,2023-08-29,New Users,Social Media,8946,692,52,3978.74,2476.27,1.86,7.735300693047171,7.514450867052023,0.6223754253859263,76.51423076923076,-1502.4699999999998"
"412461,Email Campaign,2023-08-29,Premium,Sms,5916,435,43,1894.16,6400.34,2.52,7.352941176470589,9.885057471264368,3.3789859357182075,44.050232558139534,4506.18"
"660077,Referral Program,2023-08-29,Premium,Email,4435,211,67,2858.43,5458.02,2.61,4.7576099210823,31.753554502369667,1.9094467942192046,42.663134328358204,2599.5900000000006"
"393050,New User Discount,2023-08-28,New Users,App,7398,192,31,3417.07,5464.42,3.4,2.5952960259529605,16.145833333333336,1.5991536608849102,110.22806451612904,2047.35"
"714585,Weekend Special,2023-08-28,Premium,App,9554,320,35,4342.04,7017.7,3.23,3.3493824576093782,10.9375,1.6162218680620168,124.05828571428572,2675.66"
"690136,Festival Offer,2023-08-28,New Users,Sms,3315,852,49,4864.26,2740.43,3.73,25.701357466063346,5.751173708920188,0.5633806581062689,99.27061224489796,-2123.8300000000004"
"741002,Flash Sale,2023-08-28,Inactive,Sms,4621,844,76,4537.48,9463.52,1.7,18.264444925340836,9.004739336492891,2.0856334352988886,59.70368421052631,4926.040000000001"
"27481,Membership Drive,2023-08-28,Inactive,App,5332,613,63,3368.16,6807.1,2.0,11.49662415603901,10.277324632952691,2.021014441119187,53.46285714285714,3438.9400000000005"
"981294,Category Promotion,2023-08-28,New Users,Email,2727,431,88,3155.94,7180.35,2.13,15.804913824715804,20.417633410672853,2.2751858400349816,35.86295454545455,4024.4100000000003"
"957924,App Push Notification,2023-08-28,All,Social Media,2317,401,13,1000.63,6444.48,3.61,17.30686232196806,3.2418952618453867,6.440422533803703,76.97153846153846,5443.849999999999"
"695839,Email Campaign,2023-08-28,All,Email,4456,260,86,4739.19,4918.62,3.16,5.834829443447038,33.07692307692307,1.0378609002804278,55.10686046511628,179.4300000000003"
"706792,Referral Program,2023-08-28,New Users,Social Media,5353,803,99,3304.96,5685.07,3.9,15.000934055669719,12.32876712328767,1.7201630276917117,33.383434343434345,2380.1099999999997"
"430217,New User Discount,2023-08-27,Premium,Sms,8328,885,40,4517.52,9471.13,2.33,10.626801152737752,4.519774011299435,2.096533053533797,112.93800000000002,4953.609999999999"
"337480,Weekend Special,2023-08-27,New Users,Sms,1324,339,21,3910.95,4408.03,3.43,25.604229607250755,6.1946902654867255,1.1270995538168476,186.23571428571427,497.0799999999999"
"561344,Festival Offer,2023-08-27,Inactive,Sms,9734,994,48,3256.52,2572.14,3.6,10.211629340456133,4.82897384305835,0.7898431454436023,67.84416666666667,-684.3800000000001"
"140583,Flash Sale,2023-08-27,Inactive,Sms,4579,473,60,1561.47,2918.8,2.24,10.329766324525005,12.684989429175475,1.8692642189731472,26.0245,1357.3300000000002"
"415616,Membership Drive,2023-08-27,All,App,8239,368,88,2381.57,3230.69,3.63,4.46656147590727,23.91304347826087,1.3565379140650915,27.063295454545457,849.1199999999999"
"519264,Category Promotion,2023-08-27,Premium,Sms,8700,598,37,2492.1,7021.86,2.23,6.873563218390805,6.187290969899665,2.8176477669435416,67.35405405405405,4529.76"
"556631,App Push Notification,2023-08-27,Premium,Sms,5793,301,12,2783.96,5975.3,1.68,5.195926117728293,3.9867109634551494,2.1463311254472046,231.99666666666667,3191.34"
"753766,Email Campaign,2023-08-27,New Users,Sms,6045,978,20,1220.0,2159.15,2.69,16.17866004962779,2.044989775051125,1.7697950819672132,61.0,939.1500000000001"
"996107,Referral Program,2023-08-27,Premium,App,4018,959,72,2634.45,2478.36,2.57,23.86759581881533,7.5078206465067785,0.9407504412685761,36.58958333333333,-156.0899999999997"
"271129,New User Discount,2023-08-26,New Users,Social Media,8873,623,90,2695.32,8170.46,2.69,7.021300574777414,14.446227929373997,3.0313506374011245,29.948,5475.139999999999"
"930029,Weekend Special,2023-08-26,Premium,Social Media,6337,222,24,4168.52,8798.19,3.19,3.5032349692283415,10.81081081081081,2.1106267932023837,173.68833333333336,4629.67"
"412610,Festival Offer,2023-08-26,Inactive,Email,6990,518,15,3303.48,2832.59,2.99,7.410586552217453,2.8957528957528957,0.8574563793333092,220.232,-470.8899999999999"
"57826,Flash Sale,2023-08-26,Inactive,App,9963,378,65,3456.51,6331.38,1.91,3.7940379403794036,17.195767195767196,1.8317262209569767,53.177076923076925,2874.87"
"91928,Membership Drive,2023-08-26,Premium,Email,2307,932,49,3722.31,6958.92,3.09,40.39878630255743,5.257510729613734,1.8695165099091693,75.96551020408162,3236.61"
"12026,Category Promotion,2023-08-26,All,Sms,5024,902,52,4855.37,2766.15,3.47,17.953821656050955,5.764966740576496,0.5697094145245368,93.3725,-2089.22"
"284949,App Push Notification,2023-08-26,Premium,Sms,3721,764,35,1857.89,8825.54,3.54,20.53211502284332,4.5811518324607325,4.750302762811577,53.082571428571434,6967.650000000001"
"987272,Email Campaign,2023-08-26,Premium,Email,2381,879,93,1079.14,3374.52,2.11,36.917261654766904,10.580204778156997,3.127045610393461,11.603655913978496,2295.38"
"513464,Referral Program,2023-08-26,All,Sms,4174,822,71,1449.28,7741.35,3.37,19.693339722089124,8.637469586374696,5.341514407153897,20.412394366197184,6292.070000000001"
"137315,New User Discount,2023-08-25,Inactive,Sms,6830,341,35,2386.12,3053.62,2.07,4.992679355783309,10.263929618768328,1.2797428461267666,68.17485714285714,667.5"
"818907,Weekend Special,2023-08-25,All,Social Media,2062,406,43,2181.33,2479.41,2.21,19.689621726479146,10.591133004926109,1.136650575566283,50.72860465116279,298.0799999999999"
"631938,Festival Offer,2023-08-25,New Users,Social Media,8811,429,24,1351.88,8169.17,3.99,4.868913857677903,5.594405594405594,6.042821848093025,56.32833333333334,6817.29"
"374941,Flash Sale,2023-08-25,Inactive,Social Media,2943,354,30,3319.28,9849.21,3.14,12.028542303771662,8.47457627118644,2.9672730230652427,110.64266666666667,6529.9299999999985"
"85521,Membership Drive,2023-08-25,All,App,2409,419,71,2333.39,8086.16,1.79,17.393109173931094,16.94510739856802,3.46541298282756,32.86464788732394,5752.77"
"670167,Category Promotion,2023-08-25,Inactive,App,1790,696,40,1231.51,8373.48,3.37,38.88268156424581,5.747126436781609,6.799360135118675,30.78775,7141.969999999999"
"51227,App Push Notification,2023-08-25,Inactive,App,8679,337,78,2001.44,9570.07,2.51,3.8829358220993204,23.14540059347181,4.781592253577424,25.65948717948718,7568.629999999999"
"746943,Email Campaign,2023-08-25,New Users,Sms,4460,655,27,2331.31,3872.05,3.85,14.686098654708521,4.122137404580153,1.6608902290986614,86.34481481481481,1540.7400000000002"
"396352,Referral Program,2023-08-25,Inactive,Email,2923,266,12,1480.41,2450.8,2.41,9.100239479986314,4.511278195488721,1.6554873312122993,123.3675,970.3900000000001"
"947325,New User Discount,2023-08-24,New Users,App,2053,650,73,1460.27,4472.37,3.02,31.660983925962004,11.23076923076923,3.06270073342601,20.003698630136984,3012.1"
"127643,Weekend Special,2023-08-24,Inactive,Sms,6510,325,82,2874.48,6035.6,3.55,4.992319508448541,25.23076923076923,2.099718905680332,35.05463414634146,3161.1200000000003"
"788458,Festival Offer,2023-08-24,Premium,App,1921,884,26,4017.66,2171.45,3.81,46.017699115044245,2.941176470588235,0.5404762971480912,154.5253846153846,-1846.21"
"385414,Flash Sale,2023-08-24,New Users,App,5230,727,71,3359.51,6451.21,1.87,13.900573613766731,9.766162310866575,1.9202830174638563,47.31704225352113,3091.7"
"586222,Membership Drive,2023-08-24,New Users,Sms,8250,452,76,3007.8,5360.43,2.74,5.4787878787878785,16.8141592920354,1.7821763415120686,39.57631578947369,2352.63"
"222959,Category Promotion,2023-08-24,Premium,Email,2722,148,11,1428.35,6360.14,3.1,5.437178545187362,7.4324324324324325,4.452788182168237,129.85,4931.790000000001"
"59171,App Push Notification,2023-08-24,New Users,Social Media,1664,322,65,3118.5,6727.77,3.89,19.35096153846154,20.18633540372671,2.1573737373737374,47.97692307692308,3609.2700000000004"
"521349,Email Campaign,2023-08-24,Inactive,Sms,5393,305,99,1031.78,6586.7,3.94,5.655479325050992,32.459016393442624,6.383822132625172,10.422020202020201,5554.92"
"851845,Referral Program,2023-08-24,Inactive,Sms,7262,317,41,4082.7,2086.26,2.71,4.365188653263564,12.933753943217665,0.5110000734807848,99.5780487804878,-1996.4399999999996"
"910968,New User Discount,2023-08-23,Premium,Sms,6960,612,14,3670.76,8807.53,2.66,8.793103448275861,2.287581699346405,2.3993750612952085,262.19714285714286,5136.77"
"533817,Weekend Special,2023-08-23,Premium,Sms,9258,385,33,1751.4,9605.41,3.75,4.158565564916829,8.571428571428571,5.484418179741921,53.07272727272728,7854.01"
"987117,Festival Offer,2023-08-23,All,App,9103,465,63,1468.23,3638.79,2.86,5.108206085905746,13.548387096774196,2.4783514844404486,23.305238095238096,2170.56"
"608518,Flash Sale,2023-08-23,Premium,Social Media,1464,613,42,3138.87,3012.84,2.02,41.87158469945355,6.851549755301795,0.9598486079385258,74.735,-126.02999999999975"
"646137,Membership Drive,2023-08-23,Inactive,Sms,4939,612,86,3682.44,2933.37,3.48,12.391172302085444,14.052287581699346,0.7965832437188386,42.81906976744186,-749.0700000000002"
"132207,Category Promotion,2023-08-23,All,Social Media,9930,339,87,3666.47,7439.04,2.1,3.4138972809667676,25.663716814159294,2.0289379157609364,42.14333333333333,3772.57"
"984926,App Push Notification,2023-08-23,All,Email,3493,151,45,3492.56,8335.5,3.84,4.322931577440595,29.80132450331126,2.386644753418696,77.61244444444445,4842.9400000000005"
"579259,Email Campaign,2023-08-23,All,Sms,1587,503,22,4865.85,4875.06,2.12,31.695022054190297,4.3737574552683895,1.0018927833780327,221.175,9.210000000000036"
"447219,Referral Program,2023-08-23,Inactive,App,2281,466,41,1256.32,5274.74,2.45,20.429636124506796,8.798283261802576,4.198564060112074,30.641951219512194,4018.42"
"334105,New User Discount,2023-08-22,Inactive,App,3988,475,40,1510.27,9806.78,3.5,11.91073219658977,8.421052631578947,6.493395220722123,37.75675,8296.51"
"150592,Weekend Special,2023-08-22,Inactive,App,9300,358,64,2321.67,2070.92,2.03,3.849462365591398,17.877094972067038,0.8919958478164425,36.27609375,-250.75"
"129727,Festival Offer,2023-08-22,Inactive,App,3776,778,14,1093.74,6764.11,1.58,20.603813559322035,1.7994858611825193,6.184385685811984,78.12428571428572,5670.37"
"191098,Flash Sale,2023-08-22,Premium,Email,9402,856,24,1117.84,2818.65,2.98,9.104445862582429,2.803738317757009,2.521514706934803,46.57666666666666,1700.8100000000002"
"64010,Membership Drive,2023-08-22,Inactive,Email,5172,334,38,4124.97,4857.37,2.25,6.457849961330239,11.377245508982035,1.1775528064446528,108.55184210526316,732.3999999999996"
"669008,Category Promotion,2023-08-22,Premium,Email,5257,830,40,1473.3,5570.11,2.11,15.788472512840023,4.819277108433735,3.7807031833299396,36.832499999999996,4096.8099999999995"
"34023,App Push Notification,2023-08-22,Inactive,App,9525,838,36,2764.83,6599.28,2.68,8.797900262467191,4.295942720763723,2.3868664619524527,76.80083333333333,3834.45"
"597394,Email Campaign,2023-08-22,Premium,Social Media,3164,217,59,4075.72,8149.88,1.8,6.8584070796460175,27.188940092165897,1.9996172455418921,69.08,4074.1600000000003"
"873522,Referral Program,2023-08-22,Inactive,App,7418,504,29,4140.24,7467.03,2.66,6.794284173631707,5.753968253968254,1.8035258825575329,142.76689655172413,3326.79"
"472255,New User Discount,2023-08-21,Premium,Social Media,4608,975,66,2032.97,2351.02,3.74,21.158854166666664,6.769230769230769,1.1564459878896394,30.80257575757576,318.04999999999995"
"157365,Weekend Special,2023-08-21,Inactive,Sms,9529,142,52,2021.16,5152.99,2.12,1.4901878476230455,36.61971830985916,2.549521067109976,38.86846153846154,3131.83"
"998178,Festival Offer,2023-08-21,All,Social Media,8159,623,61,4361.27,7463.45,3.54,7.6357396739796535,9.791332263242374,1.711301983137939,71.49622950819673,3102.1799999999994"
"528128,Flash Sale,2023-08-21,New Users,Social Media,2165,707,72,4340.43,9642.86,3.4,32.65588914549654,10.183875530410184,2.221637026746198,60.283750000000005,5302.43"
"831864,Membership Drive,2023-08-21,Premium,Social Media,8545,724,86,2978.52,2882.95,2.28,8.472791105909888,11.878453038674033,0.9679135946711789,34.63395348837209,-95.57000000000016"
"413620,Category Promotion,2023-08-21,Premium,App,9427,944,17,1370.09,2840.27,2.23,10.013790177150737,1.8008474576271187,2.073053595019305,80.5935294117647,1470.18"
"926807,App Push Notification,2023-08-21,Inactive,Sms,3827,967,46,2355.46,3802.1,2.69,25.267833812385682,4.756980351602896,1.6141645368632878,51.205652173913045,1446.6399999999999"
"677917,Email Campaign,2023-08-21,New Users,Email,8699,636,75,2514.31,5311.97,1.76,7.3111851937004255,11.79245283018868,2.1126949341966585,33.52413333333333,2797.6600000000003"
"429935,Referral Program,2023-08-21,All,Sms,7253,995,32,3694.09,9026.21,2.99,13.71846132634772,3.2160804020100504,2.4434190829135183,115.4403125,5332.119999999999"
"136959,New User Discount,2023-08-20,Premium,Email,3441,802,36,1837.83,3310.66,2.75,23.307178145887825,4.488778054862843,1.8013962118367857,51.05083333333333,1472.83"
"729669,Weekend Special,2023-08-20,Premium,Sms,3578,584,27,2500.34,6201.55,3.14,16.32196757965344,4.623287671232877,2.4802826815553085,92.60518518518519,3701.21"
"681350,Festival Offer,2023-08-20,Inactive,Social Media,6261,772,23,2235.3,9223.4,3.06,12.330298674333173,2.9792746113989637,4.12624703619201,97.18695652173913,6988.099999999999"
"801601,Flash Sale,2023-08-20,Premium,Email,4655,134,68,3724.59,5057.9,3.58,2.878625134264232,50.74626865671642,1.357974971741856,54.77338235294118,1333.3099999999995"
"625499,Membership Drive,2023-08-20,New Users,App,8594,637,78,4311.64,9672.83,3.91,7.412148010239703,12.244897959183673,2.2434224564202947,55.2774358974359,5361.19"
"72339,Category Promotion,2023-08-20,Inactive,Sms,1553,700,54,1819.45,5355.32,2.54,45.07405022537025,7.7142857142857135,2.943372997334359,33.693518518518516,3535.87"
"54688,App Push Notification,2023-08-20,Inactive,Email,7507,824,77,2677.33,2505.37,2.47,10.976422006127615,9.344660194174757,0.9357718323852494,34.77051948051948,-171.96000000000004"
"401119,Email Campaign,2023-08-20,All,Email,9064,373,61,2231.94,5789.21,2.27,4.115180935569285,16.353887399463808,2.593801804708012,36.58918032786885,3557.27"
"14119,Referral Program,2023-08-20,All,App,6316,636,32,4317.64,7810.08,1.97,10.069664344521849,5.031446540880504,1.8088770717336322,134.92625,3492.4399999999996"
"793911,New User Discount,2023-08-19,Inactive,Sms,4204,151,75,1246.11,8361.56,1.81,3.591817316841104,49.668874172185426,6.710129924324498,16.6148,7115.45"
"781150,Weekend Special,2023-08-19,Premium,Social Media,6832,882,93,4679.47,6198.03,1.6,12.90983606557377,10.54421768707483,1.3245153831523655,50.31688172043011,1518.5599999999995"
"238524,Festival Offer,2023-08-19,All,Social Media,4639,438,23,3256.5,8640.18,2.12,9.441690019400733,5.251141552511415,2.6532105020727776,141.58695652173913,5383.68"
"84654,Flash Sale,2023-08-19,All,App,5840,384,81,1923.51,5169.6,3.08,6.575342465753424,21.09375,2.6875867554626702,23.747037037037035,3246.09"
"416404,Membership Drive,2023-08-19,New Users,Social Media,6449,141,41,4317.71,7867.67,2.61,2.186385486121879,29.078014184397162,1.822185834620667,105.31,3549.96"
"57578,Category Promotion,2023-08-19,Inactive,Social Media,2159,866,83,1404.28,8691.79,2.13,40.11116257526633,9.584295612009237,6.189499245164782,16.919036144578314,7287.510000000001"
"270672,App Push Notification,2023-08-19,All,Email,2556,687,33,1108.34,2393.88,2.82,26.877934272300468,4.8034934497816595,2.1598787375715034,33.586060606060606,1285.5400000000002"
"660276,Email Campaign,2023-08-19,All,Email,9373,943,37,2416.12,4615.16,3.23,10.060812973434333,3.923647932131495,1.9101534691985498,65.30054054054054,2199.04"
"953508,Referral Program,2023-08-19,All,Social Media,6278,370,84,2908.68,4366.14,3.51,5.893596686842944,22.702702702702705,1.5010726515120263,34.62714285714286,1457.4600000000005"
"847370,New User Discount,2023-08-18,Premium,Email,2381,900,44,4340.1,2027.37,2.68,37.7992440151197,4.888888888888889,0.46712518144743204,98.63863636363637,-2312.7300000000005"
"299460,Weekend Special,2023-08-18,New Users,Social Media,1676,938,72,4299.94,5669.64,2.77,55.96658711217184,7.675906183368871,1.318539328455746,59.72138888888888,1369.7000000000007"
"555322,Festival Offer,2023-08-18,New Users,App,1881,159,43,3015.23,9463.13,2.39,8.452950558213717,27.044025157232703,3.1384438334720732,70.12162790697674,6447.9"
"967086,Flash Sale,2023-08-18,New Users,Social Media,5098,907,11,3093.04,4832.68,3.39,17.79129070223617,1.2127894156560088,1.5624369552285131,281.18545454545455,1739.6400000000003"
"372123,Membership Drive,2023-08-18,Inactive,Social Media,2065,340,55,4051.39,2457.87,3.41,16.46489104116223,16.176470588235293,0.6066732652250215,73.66163636363636,-1593.52"
"153926,Category Promotion,2023-08-18,All,Social Media,2410,828,85,2030.76,2821.65,2.75,34.356846473029044,10.265700483091788,1.3894551793417242,23.89129411764706,790.8900000000001"
"506275,App Push Notification,2023-08-18,All,Sms,5446,646,94,2235.85,7334.36,3.52,11.861917003305178,14.551083591331269,3.280345282554733,23.78563829787234,5098.51"
"592006,Email Campaign,2023-08-18,Premium,Sms,1590,664,64,1977.13,3210.89,2.18,41.76100628930818,9.63855421686747,1.6240156185986756,30.89265625,1233.7599999999998"
"690314,Referral Program,2023-08-18,Inactive,App,4114,501,18,2356.75,3196.24,3.25,12.177929022848808,3.592814371257485,1.3562066405006894,130.93055555555554,839.4899999999998"
"165951,New User Discount,2023-08-17,All,Social Media,2869,464,86,1908.74,5719.19,3.2,16.1728825374695,18.53448275862069,2.996316942066494,22.1946511627907,3810.45"
"784961,Weekend Special,2023-08-17,Inactive,App,6324,506,17,4352.2,2991.84,3.28,8.001265022137888,3.3596837944664033,0.6874316437663711,256.01176470588234,-1360.3599999999997"
"619617,Festival Offer,2023-08-17,New Users,Social Media,8367,574,41,1538.52,7531.27,3.52,6.860284450818692,7.142857142857142,4.895139484699582,37.52487804878049,5992.75"
"592050,Flash Sale,2023-08-17,Premium,Sms,7435,989,81,2662.49,5962.38,1.77,13.301950235373235,8.190091001011123,2.239399960187644,32.870246913580246,3299.8900000000003"
"852423,Membership Drive,2023-08-17,All,Email,8938,402,66,2832.76,8463.65,3.08,4.497650481091967,16.417910447761194,2.987775173329191,42.92060606060606,5630.889999999999"
"790005,Category Promotion,2023-08-17,Inactive,Social Media,6334,313,16,1568.47,3259.63,3.21,4.941585096305652,5.111821086261981,2.078222726606183,98.029375,1691.16"
"685868,App Push Notification,2023-08-17,Premium,Social Media,7343,747,95,1440.9,2053.47,3.58,10.172953833583003,12.717536813922356,1.4251301270039556,15.167368421052632,612.5699999999997"
"481246,Email Campaign,2023-08-17,All,Sms,2778,575,49,1093.5,2021.55,2.29,20.6983441324694,8.521739130434783,1.8486968449931414,22.316326530612244,928.05"
"844990,Referral Program,2023-08-17,Inactive,Sms,7887,298,82,4905.28,2286.68,2.04,3.778369468746038,27.516778523489933,0.4661670689542697,59.82048780487805,-2618.6"
"313781,New User Discount,2023-08-16,All,Email,8091,787,34,3474.53,3155.86,3.01,9.726857001606723,4.320203303684879,0.9082839981234871,102.19205882352942,-318.6700000000001"
"78015,Weekend Special,2023-08-16,All,App,5670,495,74,3211.97,4958.56,3.61,8.73015873015873,14.949494949494948,1.5437753154606053,43.404999999999994,1746.5900000000006"
"578359,Festival Offer,2023-08-16,Premium,Social Media,6110,250,28,1634.68,9896.85,2.69,4.091653027823241,11.200000000000001,6.054304206327844,58.38142857142857,8262.17"
"911645,Flash Sale,2023-08-16,Inactive,App,6322,691,68,3482.46,9269.22,1.65,10.930085416007593,9.84081041968162,2.6616874278527245,51.21264705882353,5786.759999999999"
"991861,Membership Drive,2023-08-16,All,Sms,4694,790,32,1185.26,2972.0,3.29,16.829995739241586,4.050632911392405,2.507466716163542,37.039375,1786.74"
"615466,Category Promotion,2023-08-16,New Users,Social Media,8050,147,20,3559.0,4562.43,1.61,1.8260869565217392,13.60544217687075,1.2819415566170274,177.95,1003.4300000000003"
"212347,App Push Notification,2023-08-16,Inactive,Social Media,9821,539,93,3033.82,3984.66,2.1,5.48823948681397,17.25417439703154,1.3134134523472056,32.62172043010753,950.8399999999997"
"246787,Email Campaign,2023-08-16,All,Email,9711,775,66,2326.47,7646.81,2.37,7.980640510760993,8.516129032258064,3.2868723860612863,35.249545454545455,5320.34"
"458854,Referral Program,2023-08-16,Premium,Email,2371,902,45,3577.08,6019.16,1.96,38.043019822859556,4.988913525498892,1.6827020922092881,79.49066666666667,2442.08"
"32945,New User Discount,2023-08-15,Inactive,Social Media,6291,259,30,4143.86,9811.63,2.34,4.116992529009696,11.583011583011583,2.3677513236451038,138.12866666666665,5667.7699999999995"
"559729,Weekend Special,2023-08-15,New Users,App,8091,493,70,1716.52,2860.72,2.9,6.093189964157706,14.198782961460447,1.6665812224733763,24.521714285714285,1144.1999999999998"
"272663,Festival Offer,2023-08-15,New Users,Email,6951,595,41,1389.26,2671.0,1.82,8.559919436052366,6.890756302521009,1.9226062796020904,33.88439024390244,1281.74"
"474425,Flash Sale,2023-08-15,Premium,App,2036,724,49,2680.23,7202.1,1.51,35.55992141453831,6.767955801104971,2.6871201352122767,54.69857142857143,4521.870000000001"
"523854,Membership Drive,2023-08-15,Inactive,Social Media,1163,742,88,2688.15,7755.84,2.25,63.80051590713671,11.859838274932615,2.8851961386083365,30.54715909090909,5067.6900000000005"
"947389,Category Promotion,2023-08-15,New Users,App,8771,134,100,3701.46,9617.18,1.8,1.5277619427659332,74.6268656716418,2.5982125971913788,37.0146,5915.72"
"326770,App Push Notification,2023-08-15,All,App,8155,360,67,1816.43,9496.53,3.92,4.414469650521153,18.61111111111111,5.228128802100825,27.11089552238806,7680.1"
"222822,Email Campaign,2023-08-15,All,Social Media,3401,705,76,3055.59,2323.13,3.83,20.72919729491326,10.78014184397163,0.760288520383952,40.20513157894737,-732.46"
"218348,Referral Program,2023-08-15,All,Social Media,3359,395,10,4341.71,6635.9,3.53,11.759452217922,2.5316455696202533,1.5284070101411655,434.171,2294.1899999999996"
"769223,New User Discount,2023-08-14,All,Social Media,2292,542,77,3200.69,8130.42,3.1,23.647469458987782,14.206642066420663,2.5402085175384057,41.5674025974026,4929.73"
"379895,Weekend Special,2023-08-14,Inactive,Social Media,9167,548,47,4404.67,2770.87,1.8,5.977964437656812,8.576642335766424,0.6290755039537581,93.7163829787234,-1633.8000000000002"
"450475,Festival Offer,2023-08-14,New Users,Email,9492,131,91,3233.9,3478.3,2.65,1.380109565950274,69.46564885496184,1.075574383870868,35.53736263736264,244.4000000000001"
"292828,Flash Sale,2023-08-14,New Users,Social Media,5381,315,28,4401.26,9106.69,3.78,5.8539304961903,8.88888888888889,2.069109754933814,157.18785714285715,4705.43"
"520071,Membership Drive,2023-08-14,All,App,9556,585,33,4563.92,6708.94,3.41,6.121808287986606,5.641025641025641,1.469995091938509,138.30060606060607,2145.0199999999995"
"245952,Category Promotion,2023-08-14,All,Social Media,4104,796,46,1690.16,5000.69,3.19,19.39571150097466,5.778894472361809,2.9587080513087516,36.74260869565217,3310.5299999999997"
"808280,App Push Notification,2023-08-14,New Users,App,2759,109,98,4967.12,2558.98,3.89,3.95070677781805,89.90825688073394,0.5151838489909646,50.68489795918367,-2408.14"
"31613,Email Campaign,2023-08-14,All,Email,4449,179,15,4941.74,5093.66,3.08,4.0233760395594516,8.379888268156424,1.0307422082100637,329.4493333333333,151.92000000000007"
"331708,Referral Program,2023-08-14,New Users,Email,3899,598,89,1965.68,5216.7,1.52,15.337265965632213,14.88294314381271,2.653890765536608,22.08629213483146,3251.0199999999995"
"163963,New User Discount,2023-08-13,New Users,App,3396,281,42,4140.55,5358.68,2.66,8.274440518256773,14.94661921708185,1.2941952156114527,98.58452380952382,1218.13"
"160462,Weekend Special,2023-08-13,New Users,App,6929,254,86,3471.27,8306.67,3.97,3.6657526338576996,33.85826771653544,2.3929772100700895,40.36360465116279,4835.4"
"38843,Festival Offer,2023-08-13,Inactive,Sms,9048,829,44,3993.33,4005.01,3.49,9.162245800176835,5.307599517490953,1.0029248772327857,90.7575,11.680000000000291"
"801917,Flash Sale,2023-08-13,New Users,Email,7561,922,41,4793.8,4058.88,1.85,12.194154212405767,4.4468546637744035,0.8466936459593641,116.9219512195122,-734.9200000000001"
"126647,Membership Drive,2023-08-13,Inactive,App,5634,901,57,4438.87,6195.07,3.91,15.992190273340434,6.326304106548279,1.3956412330165109,77.87491228070175,1756.1999999999998"
"490143,Category Promotion,2023-08-13,New Users,Sms,9843,808,52,3089.55,6218.62,2.57,8.208879406684954,6.435643564356436,2.0127915068537487,59.41442307692308,3129.0699999999997"
"746785,App Push Notification,2023-08-13,All,App,5783,424,69,3608.57,9343.6,1.51,7.331834687878263,16.27358490566038,2.589280518321662,52.298115942028986,5735.030000000001"
"589241,Email Campaign,2023-08-13,New Users,Sms,6496,370,28,4102.73,9390.05,2.01,5.695812807881773,7.567567567567568,2.2887321368942146,146.5260714285714,5287.32"
"905565,Referral Program,2023-08-13,New Users,Email,4145,174,45,3326.39,2633.95,2.71,4.197828709288299,25.862068965517242,0.7918343910365291,73.91977777777778,-692.44"
"217989,New User Discount,2023-08-12,New Users,Email,6867,556,20,4054.28,3646.23,3.14,8.096694335226445,3.597122302158273,0.8993532760440818,202.714,-408.0500000000002"
"771245,Weekend Special,2023-08-12,Inactive,Social Media,8313,294,77,4696.57,3360.12,3.49,3.536629375676651,26.190476190476193,0.7154412688408776,60.99441558441558,-1336.4499999999998"
"410330,Festival Offer,2023-08-12,New Users,Email,1915,214,20,1270.59,5950.52,3.73,11.174934725848564,9.345794392523365,4.683273125083623,63.5295,4679.93"
"691771,Flash Sale,2023-08-12,All,Sms,7088,863,60,4075.48,3468.76,2.46,12.175507900677202,6.952491309385864,0.8511291921442383,67.92466666666667,-606.7199999999998"
"988286,Membership Drive,2023-08-12,New Users,Sms,4805,981,73,2049.84,3734.38,1.55,20.416233090530696,7.44138634046891,1.821790969051243,28.080000000000002,1684.54"
"398697,Category Promotion,2023-08-12,All,Email,9881,730,91,1534.22,7932.63,3.15,7.3879162028134795,12.465753424657535,5.170464470545293,16.85956043956044,6398.41"
"76606,App Push Notification,2023-08-12,New Users,Social Media,8123,413,79,3282.08,2134.85,1.57,5.08432845008002,19.128329297820823,0.6504564178813436,41.5453164556962,-1147.23"
"834760,Email Campaign,2023-08-12,All,Sms,4895,234,75,1753.65,4052.43,2.8,4.780388151174668,32.05128205128205,2.310854503464203,23.382,2298.7799999999997"
"419977,Referral Program,2023-08-12,New Users,Email,2849,339,94,4542.97,5136.8,3.85,11.898911898911898,27.728613569321535,1.1307140482988,48.329468085106384,593.8299999999999"
"580064,New User Discount,2023-08-11,Premium,Social Media,7135,519,16,1519.15,9709.16,3.83,7.274001401541696,3.0828516377649327,6.3911792778856595,94.946875,8190.01"
"570143,Weekend Special,2023-08-11,New Users,App,4271,482,19,4232.01,2789.59,3.42,11.28541325216577,3.941908713692946,0.6591643214453652,222.73736842105265,-1442.42"
"341388,Festival Offer,2023-08-11,New Users,Email,1322,387,95,4808.4,8510.07,3.19,29.27382753403933,24.54780361757106,1.769834040429249,50.61473684210526,3701.67"
"468655,Flash Sale,2023-08-11,All,Email,8302,777,69,3357.2,6681.98,3.11,9.359190556492411,8.880308880308881,1.9903431430954366,48.655072463768114,3324.7799999999997"
"382977,Membership Drive,2023-08-11,Inactive,Social Media,3763,560,32,3609.68,3380.03,2.44,14.881743289928249,5.714285714285714,0.9363794020522596,112.8025,-229.64999999999964"
"54478,Category Promotion,2023-08-11,All,Email,1554,250,34,4320.04,6871.28,1.75,16.08751608751609,13.600000000000001,1.590559346672716,127.06,2551.24"
"54804,App Push Notification,2023-08-11,All,Sms,1376,559,33,2535.0,6952.36,3.89,40.625,5.903398926654741,2.7425483234714,76.81818181818181,4417.36"
"735377,Email Campaign,2023-08-11,New Users,Social Media,4887,850,86,4925.8,5271.34,1.93,17.393083691426234,10.117647058823529,1.0701490113281091,57.276744186046514,345.53999999999996"
"162178,Referral Program,2023-08-11,Premium,App,1793,722,87,3745.09,2785.86,3.47,40.26770775237033,12.049861495844876,0.7438699737522997,43.04701149425288,-959.23"
"279346,New User Discount,2023-08-10,New Users,Sms,9320,779,33,1776.11,6003.37,2.63,8.358369098712446,4.2362002567394095,3.380066549932155,53.82151515151515,4227.26"
"624863,Weekend Special,2023-08-10,New Users,App,1300,371,84,3295.4,5681.37,2.8,28.53846153846154,22.641509433962266,1.724030466711173,39.23095238095238,2385.97"
"563698,Festival Offer,2023-08-10,Premium,Sms,4537,555,76,2162.83,2867.1,2.38,12.232752920432004,13.693693693693692,1.3256242977950186,28.45828947368421,704.27"
"410130,Flash Sale,2023-08-10,Inactive,Social Media,9469,790,71,3840.21,3600.14,2.7,8.343014045833772,8.987341772151899,0.9374851896120264,54.0874647887324,-240.07000000000016"
"893886,Membership Drive,2023-08-10,Inactive,Social Media,3342,677,84,3650.81,5499.66,2.89,20.257330939557153,12.40768094534712,1.506421862545572,43.46202380952381,1848.85"
"458622,Category Promotion,2023-08-10,All,Email,9661,485,15,4573.44,6586.53,2.58,5.020184245937274,3.0927835051546393,1.4401697628043661,304.89599999999996,2013.0900000000001"
"960222,App Push Notification,2023-08-10,Inactive,Social Media,1630,519,25,1931.79,3896.74,3.71,31.84049079754601,4.8169556840077075,2.0171654268838743,77.27159999999999,1964.9499999999998"
"896548,Email Campaign,2023-08-10,Inactive,App,3928,381,34,2256.14,8824.29,3.79,9.69959266802444,8.923884514435695,3.911233345448421,66.35705882352941,6568.1500000000015"
"123626,Referral Program,2023-08-10,Premium,App,6959,646,56,3557.13,6057.6,3.55,9.282942951573501,8.6687306501548,1.7029459142623407,63.52017857142857,2500.4700000000003"
"842644,New User Discount,2023-08-09,Premium,Sms,2898,252,83,1013.78,5049.05,1.71,8.695652173913043,32.93650793650794,4.98041981494999,12.21421686746988,4035.2700000000004"
"65073,Weekend Special,2023-08-09,All,App,7298,356,54,1554.1,5678.05,3.07,4.878048780487805,15.168539325842698,3.6535937198378488,28.77962962962963,4123.950000000001"
"287582,Festival Offer,2023-08-09,Inactive,App,2836,350,24,4675.14,9241.76,2.88,12.341325811001411,6.857142857142858,1.9767878608982832,194.7975,4566.62"
"701871,Flash Sale,2023-08-09,All,App,8950,193,24,1831.04,4424.03,1.95,2.1564245810055866,12.435233160621761,2.4161296312478155,76.29333333333334,2592.99"
"706486,Membership Drive,2023-08-09,Premium,App,2090,979,34,2575.58,2933.72,3.52,46.8421052631579,3.472931562819203,1.1390521746558055,75.75235294117647,358.1399999999999"
"105015,Category Promotion,2023-08-09,Inactive,App,6088,504,21,1001.72,2793.26,1.84,8.278580814717477,4.166666666666666,2.788463842191431,47.70095238095238,1791.5400000000002"
"543841,App Push Notification,2023-08-09,New Users,Sms,1777,516,97,1848.09,2921.51,3.49,29.03770399549803,18.7984496124031,1.5808266913407898,19.052474226804122,1073.4200000000003"
"578542,Email Campaign,2023-08-09,Premium,Sms,7798,975,79,2237.73,2240.52,2.33,12.50320595024365,8.102564102564102,1.0012467992117011,28.325696202531645,2.7899999999999636"
"812201,Referral Program,2023-08-09,Premium,Social Media,6501,948,62,4170.25,8293.45,3.33,14.582371942778034,6.5400843881856545,1.988717702775613,67.26209677419355,4123.200000000001"
"79956,New User Discount,2023-08-08,Premium,App,7471,645,17,1878.52,9074.59,2.46,8.63338241199304,2.635658914728682,4.830712475778805,110.50117647058823,7196.07"
"286922,Weekend Special,2023-08-08,Inactive,Email,4611,123,36,1818.72,3706.82,2.37,2.6675341574495772,29.268292682926827,2.0381477082783497,50.52,1888.1000000000001"
"121438,Festival Offer,2023-08-08,All,Email,7547,935,85,3932.22,5921.09,2.97,12.389028753146945,9.090909090909092,1.505788078998632,46.26141176470588,1988.8700000000003"
"342,Flash Sale,2023-08-08,New Users,Social Media,6335,277,43,2900.46,7711.31,2.34,4.372533543804262,15.523465703971121,2.6586506967860273,67.45255813953489,4810.85"
"44688,Membership Drive,2023-08-08,New Users,Sms,8947,553,33,4927.43,5439.27,1.69,6.180842740583436,5.967450271247739,1.103875651201539,149.3160606060606,511.84000000000015"
"990057,Category Promotion,2023-08-08,New Users,App,2835,296,44,1908.19,2900.03,1.71,10.440917107583775,14.864864864864865,1.519780525000131,43.367954545454545,991.8400000000001"
"892504,App Push Notification,2023-08-08,Inactive,Sms,6475,239,37,4464.94,9041.61,3.46,3.691119691119691,15.481171548117153,2.0250238525041775,120.67405405405404,4576.670000000001"
"1676,Email Campaign,2023-08-08,Inactive,Sms,8311,894,73,3911.44,4606.78,1.67,10.756828299843582,8.165548098434003,1.1777708465424497,53.5813698630137,695.3399999999997"
"203186,Referral Program,2023-08-08,Inactive,Email,1831,626,60,2250.59,6282.18,2.76,34.188967777170944,9.584664536741213,2.791348046512248,37.50983333333333,4031.59"
"865174,New User Discount,2023-08-07,Premium,Email,2657,189,72,4458.07,9381.62,1.72,7.1132856605193835,38.095238095238095,2.104412896163587,61.91763888888889,4923.550000000001"
"815641,Weekend Special,2023-08-07,New Users,Email,4570,562,25,1753.52,3412.55,3.09,12.297592997811817,4.448398576512456,1.9461141019207082,70.1408,1659.0300000000002"
"908905,Festival Offer,2023-08-07,Premium,Sms,5140,782,26,2969.52,2188.62,3.02,15.214007782101167,3.324808184143223,0.7370282065788409,114.21230769230769,-780.9000000000001"
"296871,Flash Sale,2023-08-07,Inactive,Email,8428,721,54,4303.18,2280.54,3.5,8.554817275747508,7.489597780859916,0.5299662110346302,79.68851851851852,-2022.6400000000003"
"2257,Membership Drive,2023-08-07,All,Sms,8313,563,92,3118.89,6790.26,3.35,6.772524960904608,16.341030195381883,2.177139944018545,33.900978260869564,3671.3700000000003"
"147242,Category Promotion,2023-08-07,New Users,Sms,4133,946,31,3272.29,2319.46,3.97,22.888942656665858,3.276955602536998,0.7088185949289336,105.55774193548388,-952.8299999999999"
"881795,App Push Notification,2023-08-07,New Users,App,4292,736,33,4990.53,5971.19,2.57,17.148182665424045,4.483695652173913,1.1965041789148647,151.2281818181818,980.6599999999999"
"36599,Email Campaign,2023-08-07,All,Sms,6856,624,24,1352.03,5185.23,3.42,9.101516919486581,3.8461538461538463,3.835144190587487,56.334583333333335,3833.2"
"454884,Referral Program,2023-08-07,New Users,Sms,5771,600,79,3443.96,8600.59,2.18,10.396811644429043,13.166666666666666,2.49729671657046,43.59443037974684,5156.63"
"789958,New User Discount,2023-08-06,Premium,Email,5820,179,24,4021.15,8011.69,1.83,3.0756013745704465,13.40782122905028,1.9923877497730746,167.54791666666668,3990.5399999999995"
"331583,Weekend Special,2023-08-06,Inactive,Email,6494,573,19,1003.75,5794.51,1.52,8.823529411764707,3.315881326352531,5.772861768368618,52.828947368421055,4790.76"
"264152,Festival Offer,2023-08-06,Premium,App,7776,507,68,4873.0,8722.95,1.5,6.520061728395062,13.41222879684418,1.7900574594705523,71.66176470588235,3849.9500000000007"
"663338,Flash Sale,2023-08-06,Premium,Social Media,8498,282,67,1182.47,2249.43,3.5,3.318427865380089,23.75886524822695,1.902314646460375,17.648805970149255,1066.9599999999998"
"292613,Membership Drive,2023-08-06,Inactive,App,7615,306,86,2602.97,9814.64,2.11,4.0183847669074195,28.104575163398692,3.7705544051602593,30.26709302325581,7211.67"
"165721,Category Promotion,2023-08-06,Premium,Email,5440,548,33,3339.81,8838.86,2.64,10.073529411764707,6.021897810218978,2.646515819762202,101.20636363636363,5499.050000000001"
"291690,App Push Notification,2023-08-06,New Users,Email,9646,230,46,4147.91,3456.48,3.32,2.384408044785403,20.0,0.8333064121449115,90.17195652173913,-691.4299999999998"
"141912,Email Campaign,2023-08-06,New Users,Social Media,6280,490,29,3297.65,3612.51,2.06,7.802547770700636,5.918367346938775,1.095480114627083,113.71206896551725,314.8600000000001"
"951802,Referral Program,2023-08-06,All,App,6427,908,88,2898.03,6362.94,2.64,14.12789793060526,9.691629955947137,2.19560874111034,32.932159090909096,3464.9099999999994"
"956866,New User Discount,2023-08-05,New Users,App,2795,314,53,2589.78,7130.22,1.85,11.234347048300537,16.878980891719745,2.753214558765609,48.863773584905665,4540.4400000000005"
"958651,Weekend Special,2023-08-05,Premium,Sms,5991,177,44,1136.34,9857.59,3.37,2.954431647471207,24.858757062146893,8.674859637080452,25.82590909090909,8721.25"
"824269,Festival Offer,2023-08-05,Premium,Email,1461,238,89,3581.12,6797.19,2.75,16.290212183436005,37.39495798319328,1.8980626172817443,40.23730337078651,3216.0699999999997"
"469496,Flash Sale,2023-08-05,All,App,5835,528,82,4361.38,3264.48,3.6,9.048843187660669,15.530303030303031,0.7484970353420247,53.187560975609756,-1096.9"
"391514,Membership Drive,2023-08-05,All,Sms,9987,165,84,3531.2,3449.87,2.26,1.6521477921297687,50.90909090909091,0.9769681694608066,42.03809523809524,-81.32999999999993"
"855731,Category Promotion,2023-08-05,Inactive,App,6188,127,47,4520.91,8288.16,3.91,2.0523594053005816,37.00787401574803,1.833294624312362,96.1895744680851,3767.25"
"921583,App Push Notification,2023-08-05,New Users,Social Media,8265,439,44,4903.17,4904.57,2.01,5.311554748941319,10.022779043280181,1.0002855295655666,111.43568181818182,1.3999999999996362"
"543753,Email Campaign,2023-08-05,New Users,Sms,5041,412,64,4690.66,6420.49,3.39,8.172981551279507,15.53398058252427,1.368781791901353,73.2915625,1729.83"
"117821,Referral Program,2023-08-05,Premium,Social Media,2309,101,86,4051.48,6889.28,1.66,4.374187960155912,85.14851485148515,1.700435396447718,47.110232558139536,2837.7999999999997"
"68222,New User Discount,2023-08-04,New Users,Email,9199,522,45,4995.9,5574.35,3.71,5.674529840200022,8.620689655172415,1.1157849436537963,111.02,578.4500000000007"
"197166,Weekend Special,2023-08-04,Inactive,Sms,1468,856,59,1832.01,5603.77,3.27,58.31062670299727,6.892523364485981,3.0588097226543525,31.051016949152544,3771.76"
"150537,Festival Offer,2023-08-04,New Users,Sms,2493,197,57,3063.6,9969.7,2.96,7.902125952667468,28.934010152284262,3.2542433738085914,53.74736842105263,6906.1"
"198711,Flash Sale,2023-08-04,Premium,Social Media,3577,657,86,1703.35,5200.17,2.69,18.367346938775512,13.08980213089802,3.0529075057973993,19.80639534883721,3496.82"
"726780,Membership Drive,2023-08-04,New Users,Email,4068,925,20,3395.34,8207.71,2.85,22.738446411012784,2.1621621621621623,2.417345538296606,169.767,4812.369999999999"
"18837,Category Promotion,2023-08-04,Inactive,Social Media,2576,489,45,2551.26,8846.3,3.99,18.982919254658384,9.202453987730062,3.4674239395435973,56.69466666666667,6295.039999999999"
"783017,App Push Notification,2023-08-04,Inactive,Sms,9581,361,64,2069.52,5656.45,2.83,3.7678739171276483,17.72853185595568,2.7332183308206734,32.33625,3586.93"
"823879,Email Campaign,2023-08-04,Inactive,Sms,8132,597,45,4404.77,8670.97,3.41,7.341367437284801,7.537688442211055,1.9685409226815471,97.8837777777778,4266.199999999999"
"840586,Referral Program,2023-08-04,New Users,App,4054,969,75,3460.48,3480.02,3.41,23.902318697582633,7.739938080495357,1.005646615498428,46.13973333333333,19.539999999999964"
"249931,New User Discount,2023-08-03,Premium,App,6830,572,11,4011.57,5470.49,3.48,8.374816983894583,1.9230769230769231,1.363678061207956,364.6881818181818,1458.9199999999996"
"48952,Weekend Special,2023-08-03,Inactive,Sms,4288,129,46,3144.36,5980.38,2.22,3.0083955223880596,35.65891472868217,1.9019387093080944,68.35565217391304,2836.02"
"452030,Festival Offer,2023-08-03,Premium,App,2781,461,11,2077.21,7737.86,2.56,16.576770945702986,2.386117136659436,3.7251216776349043,188.83727272727273,5660.65"
"384985,Flash Sale,2023-08-03,Premium,App,2049,717,77,4751.78,8056.5,2.75,34.99267935578331,10.739191073919107,1.695469908118642,61.71142857142857,3304.7200000000003"
"729474,Membership Drive,2023-08-03,All,Social Media,8057,721,91,1263.36,8646.38,2.89,8.94874022589053,12.62135922330097,6.8439558004052685,13.883076923076922,7383.0199999999995"
"770958,Category Promotion,2023-08-03,Inactive,Email,2095,664,90,1621.55,9543.15,2.51,31.694510739856803,13.55421686746988,5.885202429773981,18.017222222222223,7921.599999999999"
"865740,App Push Notification,2023-08-03,Premium,Social Media,2694,982,31,2482.71,5165.02,3.39,36.45137342242019,3.1568228105906315,2.0803960188664807,80.08741935483872,2682.3100000000004"
"809079,Email Campaign,2023-08-03,All,App,5473,453,91,4787.42,2986.92,2.14,8.276996162981911,20.08830022075055,0.6239101645562746,52.60901098901099,-1800.5"
"673098,Referral Program,2023-08-03,Inactive,App,8293,414,27,2193.55,3194.41,2.3,4.992162064391656,6.521739130434782,1.4562740762690614,81.2425925925926,1000.8599999999997"
"575227,New User Discount,2023-08-02,All,Social Media,5756,533,83,1175.61,4256.58,2.72,9.259902710215426,15.572232645403378,3.620741572460255,14.163975903614457,3080.9700000000003"
"550157,Weekend Special,2023-08-02,New Users,App,3272,546,69,1575.0,3341.41,3.16,16.687041564792178,12.637362637362637,2.1215301587301587,22.82608695652174,1766.4099999999999"
"124795,Festival Offer,2023-08-02,All,App,8556,554,13,1973.62,4164.0,1.51,6.474988312295466,2.3465703971119134,2.1098286397584136,151.81692307692308,2190.38"
"250024,Flash Sale,2023-08-02,New Users,App,6714,229,57,1685.86,8313.28,1.67,3.410783437593089,24.890829694323145,4.931180525073257,29.576491228070175,6627.420000000001"
"832565,Membership Drive,2023-08-02,Inactive,Sms,6265,400,14,1326.6,2162.16,2.02,6.384676775738228,3.5000000000000004,1.6298507462686567,94.75714285714285,835.56"
"111047,Category Promotion,2023-08-02,Inactive,App,5700,788,20,3021.39,3166.68,3.58,13.824561403508772,2.5380710659898478,1.0480871387010615,151.0695,145.28999999999996"
"790072,App Push Notification,2023-08-02,Inactive,App,2519,366,32,1760.01,9702.24,2.96,14.529575228265184,8.743169398907105,5.512605042016807,55.0003125,7942.23"
"417,Email Campaign,2023-08-02,New Users,Social Media,9896,840,53,2704.17,5202.3,2.92,8.488278092158447,6.309523809523809,1.9238065654156358,51.022075471698116,2498.13"
"911644,Referral Program,2023-08-02,All,Social Media,2909,665,28,4228.37,8422.92,2.5,22.860089377793056,4.2105263157894735,1.9920016460243546,151.01321428571427,4194.55"
"268949,New User Discount,2023-08-01,All,Email,8150,182,85,4325.42,5286.96,3.92,2.233128834355828,46.7032967032967,1.2222997997882286,50.88729411764706,961.54"
"223600,Weekend Special,2023-08-01,Inactive,Email,1528,621,66,1814.77,8426.13,1.9,40.6413612565445,10.628019323671497,4.643084247590603,27.49651515151515,6611.359999999999"
"652261,Festival Offer,2023-08-01,Inactive,Email,8511,534,52,1697.29,8654.12,1.76,6.274233345082834,9.737827715355806,5.098786889688857,32.64019230769231,6956.830000000001"
"790684,Flash Sale,2023-08-01,New Users,Email,5631,933,28,2616.86,4026.83,2.46,16.56899307405434,3.0010718113612005,1.5388022286251462,93.45928571428571,1409.9699999999998"
"354778,Membership Drive,2023-08-01,Premium,Social Media,2579,131,99,3717.08,8925.91,3.69,5.0794881737107405,75.57251908396947,2.4013230815586426,37.546262626262624,5208.83"
"967464,Category Promotion,2023-08-01,All,Email,1788,702,62,4638.16,3321.06,3.8,39.261744966442954,8.831908831908832,0.7160296324404505,74.80903225806452,-1317.1"
"300803,App Push Notification,2023-08-01,Premium,Social Media,4730,870,36,1403.01,3411.19,1.86,18.39323467230444,4.137931034482759,2.431336911354873,38.9725,2008.18"
"590042,Email Campaign,2023-08-01,Premium,Social Media,6002,575,19,2608.95,8589.69,2.57,9.580139953348883,3.304347826086956,3.292393491634566,137.31315789473683,5980.740000000001"
"821248,Referral Program,2023-08-01,Premium,Social Media,1149,200,74,3156.26,2369.64,2.11,17.40644038294169,37.0,0.7507746510110066,42.65216216216216,-786.6200000000003"
"742575,New User Discount,2023-07-31,All,Sms,1364,802,64,3121.67,6726.77,2.08,58.79765395894429,7.98004987531172,2.1548626216095874,48.77609375,3605.1000000000004"
"153789,Weekend Special,2023-07-31,Premium,Email,6464,239,95,2142.17,9516.25,2.13,3.69740099009901,39.74895397489539,4.442341177404221,22.549157894736844,7374.08"
"19885,Festival Offer,2023-07-31,New Users,Social Media,2772,596,48,2741.13,2018.93,2.47,21.5007215007215,8.053691275167784,0.7365320141693389,57.106875,-722.2"
"644099,Flash Sale,2023-07-31,New Users,Social Media,8051,460,34,1398.06,5402.09,1.88,5.713575953297727,7.391304347826087,3.8639901005679302,41.11941176470588,4004.03"
"613679,Membership Drive,2023-07-31,Inactive,App,1328,196,70,1706.3,5032.02,2.22,14.759036144578314,35.714285714285715,2.9490828107601246,24.375714285714285,3325.7200000000003"
"391498,Category Promotion,2023-07-31,New Users,Social Media,2049,597,65,3711.64,7993.48,1.67,29.136163982430453,10.887772194304858,2.1536248127512367,57.10215384615385,4281.84"
"51236,App Push Notification,2023-07-31,New Users,Email,2375,841,54,2294.13,4025.88,3.0,35.410526315789475,6.4209274673008325,1.7548613199775078,42.48388888888889,1731.75"
"722177,Email Campaign,2023-07-31,New Users,Email,6664,942,62,1603.61,8410.08,2.2,14.135654261704683,6.581740976645436,5.244467170945555,25.864677419354837,6806.47"
"775797,Referral Program,2023-07-31,Premium,App,7790,478,46,4367.8,2316.66,3.09,6.136071887034659,9.623430962343097,0.5303951646137643,94.95217391304348,-2051.1400000000003"
"20892,New User Discount,2023-07-30,All,Sms,5649,657,13,1171.52,2935.22,2.8,11.630377057886351,1.97869101978691,2.5054800600928706,90.11692307692307,1763.6999999999998"
"824772,Weekend Special,2023-07-30,All,Sms,4658,100,41,3362.03,3292.14,3.38,2.1468441391155,41.0,0.9792119642002004,82.00073170731707,-69.89000000000033"
"185571,Festival Offer,2023-07-30,All,Email,2188,296,69,3452.33,9361.19,3.79,13.528336380255942,23.31081081081081,2.7115571222913224,50.03376811594203,5908.860000000001"
"9300,Flash Sale,2023-07-30,New Users,Social Media,5596,654,53,3439.01,2287.96,3.82,11.686919228020013,8.103975535168196,0.6652961171965187,64.88698113207548,-1151.0500000000002"
"562591,Membership Drive,2023-07-30,Premium,Social Media,2422,307,42,1043.87,6985.49,2.05,12.675474814203138,13.680781758957655,6.691915659995977,24.854047619047616,5941.62"
"894214,Category Promotion,2023-07-30,All,App,8349,489,43,4210.88,4849.77,3.98,5.8569888609414305,8.793456032719837,1.151723630215062,97.92744186046512,638.8900000000003"
"342900,App Push Notification,2023-07-30,Inactive,App,6110,445,46,2839.61,6425.96,2.17,7.283142389525368,10.337078651685392,2.262972732170967,61.73065217391304,3586.35"
"694471,Email Campaign,2023-07-30,New Users,Email,2988,289,79,1232.73,8910.04,3.32,9.67202141900937,27.33564013840831,7.227892563659521,15.604177215189873,7677.310000000001"
"500998,Referral Program,2023-07-30,New Users,App,8564,784,47,3532.05,7205.69,2.81,9.154600653900047,5.994897959183673,2.0400872014835576,75.15,3673.6399999999994"
"360591,New User Discount,2023-07-29,All,Email,5151,204,99,3382.61,6883.55,2.28,3.9603960396039604,48.529411764705884,2.0349818631175336,34.16777777777778,3500.94"
"613015,Weekend Special,2023-07-29,New Users,Social Media,3220,608,57,3945.77,3248.37,1.6,18.88198757763975,9.375,0.8232537628903864,69.2240350877193,-697.4000000000001"
"377510,Festival Offer,2023-07-29,New Users,Email,3952,223,59,3169.71,4777.37,1.66,5.642712550607287,26.45739910313901,1.507194664496121,53.723898305084745,1607.6599999999999"
"818935,Flash Sale,2023-07-29,All,Sms,5257,854,86,2171.13,3278.71,2.96,16.245006657789617,10.070257611241217,1.5101398810757531,25.245697674418604,1107.58"
"443054,Membership Drive,2023-07-29,All,Sms,5715,763,32,1476.88,7345.3,2.78,13.350831146106737,4.193971166448231,4.973525269487027,46.1525,5868.42"
"828821,Category Promotion,2023-07-29,All,Sms,6933,108,26,1927.15,5314.31,2.35,1.5577672003461707,24.074074074074073,2.7576006019251227,74.12115384615385,3387.1600000000003"
"659238,App Push Notification,2023-07-29,All,App,1979,474,55,2827.36,4627.01,2.63,23.951490651844367,11.60337552742616,1.636512506366363,51.40654545454546,1799.65"
"813439,Email Campaign,2023-07-29,New Users,App,7338,401,87,4646.83,9743.22,2.8,5.4647042790951215,21.695760598503743,2.0967455232922227,53.41183908045977,5096.389999999999"
"736525,Referral Program,2023-07-29,Premium,Email,5726,107,99,2465.46,6855.28,3.53,1.8686692280824309,92.5233644859813,2.7805277716937202,24.903636363636362,4389.82"
"555539,New User Discount,2023-07-28,All,Social Media,5614,776,58,1847.47,3339.6,3.5,13.822586391164945,7.474226804123711,1.8076612881399967,31.852931034482758,1492.1299999999999"
"522108,Weekend Special,2023-07-28,All,App,8073,143,59,4609.26,8888.74,3.45,1.7713365539452495,41.25874125874126,1.928452723430659,78.12305084745763,4279.48"
"239873,Festival Offer,2023-07-28,All,Sms,3612,451,13,4496.22,3227.31,2.14,12.486157253599114,2.882483370288248,0.7177829376676408,345.86307692307696,-1268.9100000000003"
"235536,Flash Sale,2023-07-28,Premium,Email,6030,491,12,4583.31,2529.41,2.02,8.14262023217247,2.4439918533604885,0.5518740822680551,381.94250000000005,-2053.9000000000005"
"950754,Membership Drive,2023-07-28,Premium,Email,5519,533,61,3860.78,3479.32,2.6,9.65754665700308,11.44465290806754,0.9011961313516957,63.29147540983607,-381.46000000000004"
"29162,Category Promotion,2023-07-28,Inactive,App,8376,211,84,1613.46,2642.69,3.21,2.5191021967526264,39.81042654028436,1.6379023960928687,19.207857142857144,1029.23"
"60762,App Push Notification,2023-07-28,Inactive,Social Media,3770,331,29,2698.36,2225.9,2.64,8.779840848806368,8.761329305135952,0.824908462918217,93.04689655172415,-472.46000000000004"
"519197,Email Campaign,2023-07-28,All,Email,5884,641,33,4545.52,3248.18,2.8,10.893949694085656,5.14820592823713,0.7145893099139371,137.7430303030303,-1297.3400000000006"
"787853,Referral Program,2023-07-28,New Users,Social Media,5265,963,49,4882.19,8546.74,3.95,18.29059829059829,5.088265835929388,1.7505955319231739,99.63653061224488,3664.55"
"45754,New User Discount,2023-07-27,Premium,App,9055,580,100,1210.2,6346.57,2.13,6.405300938707896,17.24137931034483,5.244232358287886,12.102,5136.37"
"590734,Weekend Special,2023-07-27,New Users,Social Media,1230,314,61,1518.59,7053.8,2.91,25.528455284552848,19.426751592356688,4.644966712542557,24.894918032786883,5535.21"
"610627,Festival Offer,2023-07-27,New Users,Sms,7911,800,41,3025.45,5452.05,2.4,10.112501580078371,5.125,1.8020625030987127,73.79146341463414,2426.6000000000004"
"432858,Flash Sale,2023-07-27,New Users,Social Media,5371,262,50,1306.58,3395.6,3.22,4.878048780487805,19.083969465648856,2.598845841816039,26.1316,2089.02"
"446694,Membership Drive,2023-07-27,Inactive,Sms,9910,646,29,2046.93,7452.3,2.51,6.51866801210898,4.489164086687306,3.6407204936172706,70.58379310344827,5405.37"
"453934,Category Promotion,2023-07-27,Inactive,Social Media,6662,407,76,3597.93,8648.46,3.07,6.109276493545482,18.67321867321867,2.4037321459839407,47.341184210526315,5050.529999999999"
"182600,App Push Notification,2023-07-27,Inactive,App,7448,496,85,3137.31,2076.57,1.94,6.659505907626208,17.137096774193548,0.6618950629679566,36.90952941176471,-1060.7399999999998"
"595995,Email Campaign,2023-07-27,Premium,Social Media,9892,652,70,2897.69,5691.01,2.8,6.5911847957945815,10.736196319018406,1.96398165435226,41.39557142857143,2793.32"
"350371,Referral Program,2023-07-27,Inactive,Sms,8853,436,34,1337.05,8631.41,2.14,4.924884220038405,7.79816513761468,6.455562619198983,39.324999999999996,7294.36"
"535428,New User Discount,2023-07-26,All,App,9581,972,94,3510.67,9106.66,2.3,10.14507880179522,9.670781893004115,2.5939948784704914,37.34755319148936,5595.99"
"131922,Weekend Special,2023-07-26,Premium,Sms,5883,244,99,4872.54,6322.76,3.11,4.14754377018528,40.57377049180328,1.2976312149310216,49.21757575757576,1450.2200000000003"
"558554,Festival Offer,2023-07-26,Inactive,App,8126,224,16,3897.31,5156.83,3.07,2.756583805070145,7.142857142857142,1.3231767552491334,243.581875,1259.52"
"139283,Flash Sale,2023-07-26,Premium,Email,5199,138,67,2757.21,5454.07,2.45,2.6543566070398152,48.55072463768116,1.9781119319892209,41.152388059701494,2696.8599999999997"
"992210,Membership Drive,2023-07-26,Inactive,Sms,8175,888,92,3027.98,4109.95,2.54,10.862385321100918,10.36036036036036,1.3573240245972562,32.91282608695652,1081.9699999999998"
"232474,Category Promotion,2023-07-26,All,Sms,2933,900,52,1462.6,8092.31,1.74,30.68530514831231,5.777777777777778,5.53282510597566,28.126923076923074,6629.710000000001"
"377325,App Push Notification,2023-07-26,Inactive,Social Media,3820,656,13,2863.38,9944.19,2.44,17.172774869109947,1.9817073170731707,3.472885191626679,220.26000000000002,7080.81"
"377283,Email Campaign,2023-07-26,Inactive,App,5277,212,74,4816.04,6521.95,1.77,4.01743414819026,34.90566037735849,1.3542142507122032,65.08162162162162,1705.9099999999999"
"359256,Referral Program,2023-07-26,Premium,Social Media,8723,659,15,3066.26,3118.24,2.95,7.554740341625587,2.2761760242792106,1.0169522480154976,204.41733333333335,51.97999999999956"
"297312,New User Discount,2023-07-25,Inactive,Email,7702,135,66,2483.1,3088.8,2.25,1.752791482731758,48.888888888888886,1.243928959768032,37.622727272727275,605.7000000000003"
"88101,Weekend Special,2023-07-25,New Users,Social Media,1345,862,70,3538.32,2591.78,2.22,64.08921933085502,8.120649651972158,0.7324888647719822,50.547428571428576,-946.54"
"949009,Festival Offer,2023-07-25,Inactive,Email,9845,270,36,3761.62,7712.94,2.76,2.7425088877602843,13.333333333333334,2.050430399668228,104.48944444444444,3951.3199999999997"
"70208,Flash Sale,2023-07-25,Premium,Email,7490,394,37,4436.24,9422.68,3.93,5.260347129506008,9.390862944162437,2.124023948208393,119.89837837837837,4986.4400000000005"
"343929,Membership Drive,2023-07-25,Premium,Social Media,4803,974,51,2978.64,4729.65,2.65,20.278992296481366,5.236139630390143,1.5878555313834501,58.404705882352935,1751.0099999999998"
"200610,Category Promotion,2023-07-25,Premium,App,3795,216,62,4123.04,4148.42,1.93,5.691699604743083,28.703703703703702,1.0061556521401684,66.50064516129032,25.38000000000011"
"556828,App Push Notification,2023-07-25,All,Sms,2290,610,60,3496.61,3905.34,1.53,26.637554585152838,9.836065573770492,1.116893219432536,58.276833333333336,408.73"
"913614,Email Campaign,2023-07-25,New Users,Social Media,9738,606,46,3510.95,8496.38,3.06,6.223043746149107,7.590759075907591,2.4199661060396758,76.325,4985.429999999999"
"308994,Referral Program,2023-07-25,New Users,Social Media,3635,977,26,1479.26,7813.21,1.72,26.87757909215956,2.6612077789150463,5.2818368643781355,56.894615384615385,6333.95"
"621999,New User Discount,2023-07-24,Premium,Sms,9363,898,55,1673.9,5647.13,1.53,9.590943073801132,6.124721603563475,3.3736364179461136,30.434545454545457,3973.23"
"533296,Weekend Special,2023-07-24,Premium,Email,6799,802,48,2762.33,5754.37,1.52,11.79585233122518,5.985037406483791,2.083158058595461,57.548541666666665,2992.04"
"912516,Festival Offer,2023-07-24,Inactive,Social Media,5254,778,34,1293.52,8603.76,1.52,14.807765511990864,4.370179948586118,6.651431752118251,38.04470588235294,7310.24"
"456161,Flash Sale,2023-07-24,New Users,Email,8532,630,73,1073.63,9159.4,2.02,7.383966244725738,11.587301587301587,8.531244469696263,14.707260273972604,8085.7699999999995"
"263411,Membership Drive,2023-07-24,New Users,Social Media,9488,323,61,4396.56,2270.33,2.93,3.404300168634064,18.885448916408667,0.5163878122896082,72.07475409836066,-2126.2300000000005"
"652842,Category Promotion,2023-07-24,Inactive,Social Media,5814,733,21,1554.86,6441.04,3.12,12.607499140006881,2.8649386084583903,4.142520870046178,74.04095238095238,4886.18"
"149709,App Push Notification,2023-07-24,Premium,Social Media,2863,728,67,1517.39,9286.68,3.8,25.4278728606357,9.203296703296704,6.12016686547295,22.64761194029851,7769.29"
"55629,Email Campaign,2023-07-24,New Users,Social Media,9304,202,80,2119.36,3657.34,2.8,2.1711092003439383,39.603960396039604,1.7256813377623432,26.492,1537.98"
"646733,Referral Program,2023-07-24,Premium,App,9769,712,41,4016.96,9104.25,2.42,7.288361142389191,5.758426966292135,2.2664527403807853,97.97463414634146,5087.29"
"715632,New User Discount,2023-07-23,New Users,Email,8690,894,53,3092.87,5010.88,3.23,10.287686996547755,5.9284116331096195,1.6201392234397178,58.35603773584906,1918.0100000000002"
"623840,Weekend Special,2023-07-23,Inactive,Sms,1651,807,16,3030.36,4383.37,3.26,48.87946698970321,1.982651796778191,1.4464849060837655,189.3975,1353.0099999999998"
"905536,Festival Offer,2023-07-23,Premium,Sms,8975,480,92,1966.38,6197.67,1.71,5.348189415041783,19.166666666666668,3.1518170445183533,21.373695652173915,4231.29"
"246767,Flash Sale,2023-07-23,New Users,App,9603,297,73,4632.78,4430.23,1.58,3.0927835051546393,24.579124579124578,0.9562789512992199,63.462739726027394,-202.55000000000018"
"768389,Membership Drive,2023-07-23,New Users,Email,1205,225,35,3418.92,9155.88,3.66,18.672199170124482,15.555555555555555,2.678003580077919,97.68342857142858,5736.959999999999"
"825949,Category Promotion,2023-07-23,Inactive,Social Media,4477,587,39,3594.79,8245.22,2.62,13.11145856600402,6.643952299829642,2.293658322182937,92.17410256410257,4650.429999999999"
"962687,App Push Notification,2023-07-23,Premium,Sms,1238,294,29,1842.05,9955.25,1.71,23.747980613893375,9.863945578231291,5.404440704649711,63.51896551724138,8113.2"
"872779,Email Campaign,2023-07-23,Inactive,Email,9083,219,92,2440.48,6047.75,3.62,2.411097654959815,42.00913242009132,2.478098570772963,26.52695652173913,3607.27"
"494982,Referral Program,2023-07-23,Premium,Social Media,3232,144,79,3628.8,2660.81,3.91,4.455445544554455,54.861111111111114,0.7332479056437389,45.93417721518988,-967.9900000000002"
"291029,New User Discount,2023-07-22,Inactive,Social Media,7776,772,52,4923.01,6117.92,3.02,9.927983539094651,6.7357512953367875,1.2427193932167515,94.67326923076924,1194.9099999999999"
"46129,Weekend Special,2023-07-22,Premium,Email,6093,702,40,1769.62,9296.35,1.76,11.521418020679468,5.698005698005698,5.2533029689989945,44.2405,7526.7300000000005"
"555340,Festival Offer,2023-07-22,Inactive,Email,7962,955,90,4409.68,2072.5,1.58,11.994473750313992,9.424083769633508,0.469988752018287,48.99644444444445,-2337.1800000000003"
"460399,Flash Sale,2023-07-22,Premium,Email,5466,433,36,3896.95,3969.75,2.2,7.92169776802049,8.314087759815243,1.0186812763828121,108.2486111111111,72.80000000000018"
"367700,Membership Drive,2023-07-22,Premium,Email,2925,353,98,4549.5,2569.64,2.72,12.068376068376068,27.762039660056658,0.5648181118804264,46.423469387755105,-1979.8600000000001"
"824305,Category Promotion,2023-07-22,All,Email,3548,640,40,3330.64,3176.68,3.24,18.038331454340472,6.25,0.953774649917133,83.26599999999999,-153.96000000000004"
"127410,App Push Notification,2023-07-22,New Users,Social Media,8897,707,66,3544.84,4805.49,1.77,7.946498819826909,9.335219236209335,1.35562959118042,53.70969696969697,1260.6499999999996"
"680105,Email Campaign,2023-07-22,Inactive,Sms,5929,984,54,1227.91,2085.86,2.71,16.59639062236465,5.487804878048781,1.6987075600003259,22.739074074074075,857.95"
"528268,Referral Program,2023-07-22,New Users,App,9886,698,20,2392.91,3665.42,1.82,7.060489581225976,2.865329512893983,1.5317834770217018,119.6455,1272.5100000000002"
"652556,New User Discount,2023-07-21,All,Email,9823,657,100,3338.27,9564.85,3.71,6.688384403949914,15.220700152207002,2.865211621588428,33.3827,6226.58"
"211997,Weekend Special,2023-07-21,Inactive,Social Media,2596,993,12,2686.1,7885.52,1.96,38.25115562403698,1.2084592145015105,2.9356762592606382,223.84166666666667,5199.42"
"191230,Festival Offer,2023-07-21,Premium,Sms,6640,331,47,2369.26,2520.96,2.37,4.984939759036145,14.19939577039275,1.0640284308180612,50.40978723404256,151.69999999999982"
"798870,Flash Sale,2023-07-21,All,Email,8836,438,90,1225.95,9540.27,2.08,4.956994114984155,20.54794520547945,7.781940535910926,13.621666666666668,8314.32"
"23792,Membership Drive,2023-07-21,New Users,Email,9305,688,84,4922.4,3501.28,1.58,7.39387426114992,12.209302325581394,0.7112953031041769,58.599999999999994,-1421.1199999999994"
"815224,Category Promotion,2023-07-21,Inactive,Social Media,6446,558,20,2141.61,8695.71,3.48,8.656531182128452,3.584229390681003,4.060361130177763,107.0805,6554.0999999999985"
"287650,App Push Notification,2023-07-21,All,Email,8076,407,12,1658.73,3805.85,3.3,5.039623576027736,2.9484029484029484,2.294436104730728,138.2275,2147.12"
"471367,Email Campaign,2023-07-21,Premium,Sms,7792,249,50,4589.55,5300.5,2.72,3.195585215605749,20.080321285140563,1.154906254425815,91.791,710.9499999999998"
"145230,Referral Program,2023-07-21,Premium,Social Media,4113,512,100,2088.15,2439.71,1.61,12.448334548991005,19.53125,1.1683595527141248,20.881500000000003,351.55999999999995"
"273428,New User Discount,2023-07-20,Inactive,App,7951,816,35,2037.67,3290.67,3.18,10.26286001760785,4.28921568627451,1.614918019110062,58.219142857142856,1253.0"
"118526,Weekend Special,2023-07-20,Premium,App,6558,489,34,3046.48,4898.05,3.03,7.456541628545288,6.952965235173824,1.607773561618655,89.60235294117648,1851.5700000000002"
"125391,Festival Offer,2023-07-20,Inactive,Sms,8469,993,44,3828.32,9918.04,1.91,11.725115125752746,4.431017119838873,2.5907029715384295,87.00727272727273,6089.720000000001"
"816594,Flash Sale,2023-07-20,New Users,Social Media,8815,154,82,1347.97,4415.38,2.68,1.7470221213840045,53.246753246753244,3.27557734964428,16.438658536585365,3067.41"
"783347,Membership Drive,2023-07-20,New Users,App,2323,714,39,2849.91,6184.94,3.03,30.736117089969866,5.46218487394958,2.1702229193202593,73.07461538461538,3335.0299999999997"
"41762,Category Promotion,2023-07-20,New Users,App,7390,105,25,4256.97,7543.56,2.36,1.4208389715832206,23.809523809523807,1.7720491335386437,170.27880000000002,3286.59"
"608714,App Push Notification,2023-07-20,Premium,Social Media,7394,945,70,1154.59,6865.54,3.33,12.780632945631593,7.4074074074074066,5.946301284438633,16.494142857142855,5710.95"
"883065,Email Campaign,2023-07-20,Inactive,Sms,7344,278,57,3321.56,6249.26,2.93,3.7854030501089326,20.503597122302157,1.8814231866954083,58.27298245614035,2927.7000000000003"
"782917,Referral Program,2023-07-20,Inactive,Email,8644,486,85,3466.04,9606.6,3.05,5.6223970384081445,17.48971193415638,2.771635641827561,40.77694117647059,6140.56"
"323589,New User Discount,2023-07-19,Premium,App,4702,683,11,1296.31,2209.81,3.94,14.52573373032752,1.610541727672035,1.7046925503930388,117.84636363636363,913.5"
"668340,Weekend Special,2023-07-19,Premium,App,4218,271,69,3389.78,6049.12,1.97,6.4248458985301085,25.461254612546124,1.7845169893031405,49.1272463768116,2659.3399999999997"
"789923,Festival Offer,2023-07-19,New Users,App,1568,580,56,4400.99,5908.17,3.28,36.98979591836735,9.655172413793103,1.3424638547235963,78.58910714285715,1507.1800000000003"
"760251,Flash Sale,2023-07-19,All,Social Media,8400,524,68,2702.92,6477.14,1.56,6.238095238095238,12.977099236641221,2.396349133529664,39.748823529411766,3774.2200000000003"
"209896,Membership Drive,2023-07-19,All,App,8258,805,24,4777.76,4019.71,3.87,9.74812303221119,2.981366459627329,0.8413377817219785,199.07333333333335,-758.0500000000002"
"468176,Category Promotion,2023-07-19,All,App,4047,937,94,2269.36,3907.29,1.55,23.15295280454658,10.032017075773746,1.7217585574787604,24.14212765957447,1637.9299999999998"
"204402,App Push Notification,2023-07-19,Premium,Email,8776,470,49,2244.92,7621.46,2.09,5.355515041020966,10.425531914893616,3.3949806674625376,45.81469387755102,5376.54"
"547767,Email Campaign,2023-07-19,New Users,App,1600,552,77,2445.85,4268.77,1.7,34.5,13.949275362318842,1.745311445918597,31.764285714285712,1822.9200000000005"
"241083,Referral Program,2023-07-19,All,App,9760,950,29,1440.64,5308.83,2.53,9.73360655737705,3.052631578947368,3.685049700133274,49.677241379310345,3868.1899999999996"
"319718,New User Discount,2023-07-18,Inactive,Social Media,6221,761,74,4555.46,8368.44,3.53,12.232760006429833,9.724047306176084,1.8370131666176412,61.56027027027027,3812.9800000000005"
"804979,Weekend Special,2023-07-18,New Users,App,6702,260,54,3494.17,6939.61,3.16,3.879438973440764,20.76923076923077,1.986053912660231,64.70685185185185,3445.4399999999996"
"194155,Festival Offer,2023-07-18,Premium,Social Media,3906,799,28,3342.04,7592.73,1.95,20.455709165386583,3.504380475594493,2.271884836806262,119.35857142857142,4250.69"
"538191,Flash Sale,2023-07-18,All,App,5117,511,91,2041.99,4759.65,2.3,9.986320109439124,17.80821917808219,2.3308880063075725,22.439450549450548,2717.66"
"779790,Membership Drive,2023-07-18,New Users,Social Media,9125,708,76,4318.84,7863.08,1.85,7.75890410958904,10.734463276836157,1.8206462846505078,56.82684210526316,3544.24"
"657228,Category Promotion,2023-07-18,New Users,Social Media,1716,115,71,4953.44,7477.99,2.95,6.701631701631702,61.73913043478261,1.5096559158887561,69.76676056338027,2524.55"
"452388,App Push Notification,2023-07-18,Premium,Sms,3887,774,91,4840.78,5814.28,2.16,19.912528942629276,11.757105943152455,1.201103954321411,53.19538461538461,973.5"
"584348,Email Campaign,2023-07-18,All,Sms,5325,399,17,4593.91,8585.46,3.96,7.492957746478873,4.260651629072681,1.8688785805555614,270.23,3991.5499999999993"
"960952,Referral Program,2023-07-18,New Users,Sms,9786,913,15,1383.06,4990.0,1.56,9.329654608624566,1.642935377875137,3.6079418101890015,92.204,3606.94"
"11218,New User Discount,2023-07-17,Inactive,Sms,4971,771,41,4256.15,3786.13,2.84,15.50995775497888,5.317769130998703,0.8895668620701809,103.80853658536584,-470.0199999999995"
"989650,Weekend Special,2023-07-17,Inactive,Email,3071,973,81,3950.92,9845.22,1.74,31.683490719635298,8.324768756423433,2.4918803721664826,48.77679012345679,5894.299999999999"
"594333,Festival Offer,2023-07-17,All,App,1180,316,82,2440.55,6268.52,2.68,26.779661016949152,25.949367088607595,2.568486611624429,29.762804878048783,3827.9700000000003"
"693548,Flash Sale,2023-07-17,New Users,App,5241,163,91,3842.32,9372.34,2.85,3.11009349360809,55.828220858895705,2.439239834266797,42.223296703296704,5530.02"
"797131,Membership Drive,2023-07-17,Inactive,App,8589,623,15,3470.65,4037.69,2.93,7.253463732681337,2.4077046548956664,1.1633814991428117,231.37666666666667,567.04"
"596239,Category Promotion,2023-07-17,All,Email,1112,428,23,3880.69,7362.99,3.02,38.489208633093526,5.373831775700935,1.8973404214199021,168.72565217391303,3482.2999999999997"
"898709,App Push Notification,2023-07-17,All,Email,3485,429,89,2118.36,4079.88,2.26,12.30989956958393,20.745920745920746,1.92596159293038,23.80179775280899,1961.52"
"317129,Email Campaign,2023-07-17,New Users,Social Media,5502,792,65,3878.63,9862.89,2.0,14.394765539803709,8.207070707070708,2.5428798312806324,59.67123076923077,5984.259999999999"
"199222,Referral Program,2023-07-17,Premium,Email,8933,939,85,4416.1,4978.69,2.01,10.511586253218404,9.052183173588926,1.1273952129707205,51.95411764705883,562.5899999999992"
"627131,New User Discount,2023-07-16,Premium,Email,7454,884,96,3762.2,4249.1,3.61,11.859404346659511,10.85972850678733,1.1294189569932487,39.18958333333333,486.90000000000055"
"606358,Weekend Special,2023-07-16,New Users,Email,6477,578,85,3973.26,8902.57,2.63,8.923884514435695,14.705882352941178,2.2406210517308205,46.74423529411765,4929.3099999999995"
"391266,Festival Offer,2023-07-16,New Users,Sms,3426,703,86,3701.3,5150.94,3.4,20.519556333917105,12.233285917496444,1.3916569853835137,43.038372093023256,1449.6399999999994"
"303014,Flash Sale,2023-07-16,Premium,Social Media,3018,988,89,2779.12,9178.88,1.86,32.736911862160376,9.008097165991904,3.302800886611589,31.226067415730334,6399.759999999999"
"583600,Membership Drive,2023-07-16,All,App,5548,446,68,2215.86,7047.87,3.92,8.038932948810382,15.246636771300448,3.1806476943489206,32.586176470588235,4832.01"
"586488,Category Promotion,2023-07-16,All,App,2991,340,59,4472.45,2003.4,2.73,11.367435640254095,17.352941176470587,0.4479424029335152,75.8042372881356,-2469.0499999999997"
"712352,App Push Notification,2023-07-16,All,App,6042,331,69,4024.46,8310.67,2.49,5.478318437603442,20.84592145015106,2.065039781734692,58.32550724637681,4286.21"
"49888,Email Campaign,2023-07-16,All,Sms,4427,361,56,1865.28,7137.2,1.82,8.15450643776824,15.512465373961218,3.826342425802024,33.308571428571426,5271.92"
"220584,Referral Program,2023-07-16,All,Social Media,7197,774,45,3953.95,7591.19,2.65,10.754481033764069,5.813953488372093,1.9199003528117453,87.86555555555555,3637.24"
"106891,New User Discount,2023-07-15,Inactive,Sms,1510,289,93,1651.71,2168.58,2.55,19.13907284768212,32.17993079584775,1.3129302359373012,17.760322580645163,516.8699999999999"
"213689,Weekend Special,2023-07-15,All,Email,8209,122,96,3370.3,3068.0,3.01,1.486173711779754,78.68852459016394,0.9103047206480135,35.10729166666667,-302.3000000000002"
"423400,Festival Offer,2023-07-15,Inactive,Sms,9187,761,36,2159.06,8869.57,2.95,8.283443996952215,4.730617608409987,4.108070178688874,59.97388888888889,6710.51"
"657452,Flash Sale,2023-07-15,Premium,Social Media,7153,317,36,2016.31,9806.44,3.05,4.431706976093946,11.35646687697161,4.86355768706201,56.00861111111111,7790.130000000001"
"887333,Membership Drive,2023-07-15,Inactive,App,9984,226,13,3533.03,8919.7,2.52,2.2636217948717947,5.752212389380531,2.524660135917329,271.77153846153846,5386.67"
"305950,Category Promotion,2023-07-15,All,Email,4255,619,84,2276.84,9208.86,2.32,14.547591069330199,13.5702746365105,4.0445793292457966,27.105238095238096,6932.02"
"661714,App Push Notification,2023-07-15,Premium,Sms,3753,777,64,2350.89,8812.09,3.38,20.70343725019984,8.236808236808237,3.7484059228632565,36.73265625,6461.200000000001"
"972551,Email Campaign,2023-07-15,Inactive,Email,8852,916,55,4331.7,6232.51,1.77,10.34794396746498,6.004366812227074,1.4388138606089989,78.75818181818181,1900.8100000000004"
"68051,Referral Program,2023-07-15,New Users,Sms,1221,370,100,3246.3,3523.6,3.61,30.303030303030305,27.027027027027028,1.0854203246773249,32.463,277.2999999999997"
"306984,New User Discount,2023-07-14,New Users,Sms,8196,134,97,3213.56,3250.7,3.73,1.6349438750610055,72.38805970149254,1.0115572760427687,33.12948453608247,37.13999999999987"
"493848,Weekend Special,2023-07-14,New Users,App,8602,958,90,1964.28,4369.61,3.45,11.136944896535688,9.394572025052192,2.2245351986478505,21.825333333333333,2405.33"
"972640,Festival Offer,2023-07-14,Premium,Sms,5512,553,60,4142.86,4813.64,3.63,10.032656023222062,10.849909584086799,1.161912302129447,69.04766666666666,670.7800000000007"
"754665,Flash Sale,2023-07-14,Premium,App,1478,673,71,2062.1,4821.1,3.72,45.53450608930988,10.549777117384844,2.3379564521604195,29.043661971830986,2759.0000000000005"
"178824,Membership Drive,2023-07-14,All,Email,5858,664,100,3842.09,3792.75,2.5,11.334926596107886,15.060240963855422,0.9871580311757403,38.4209,-49.340000000000146"
"499501,Category Promotion,2023-07-14,New Users,Social Media,3931,754,27,4332.72,6614.49,2.52,19.180870007631647,3.580901856763926,1.52663684706143,160.47111111111113,2281.7699999999995"
"749308,App Push Notification,2023-07-14,Inactive,Social Media,3362,986,11,4260.64,3219.45,2.04,29.327781082688876,1.1156186612576064,0.7556259153554394,387.33090909090913,-1041.1900000000005"
"795205,Email Campaign,2023-07-14,All,Email,8204,656,82,3964.53,3924.21,1.67,7.996099463676256,12.5,0.989829815892426,48.347926829268296,-40.320000000000164"
"660894,Referral Program,2023-07-14,New Users,Sms,4502,141,79,3196.43,2660.05,2.74,3.131941359395824,56.02836879432624,0.8321940414775235,40.46113924050633,-536.3799999999997"
"393135,New User Discount,2023-07-13,New Users,Sms,5279,669,31,2196.04,9389.84,2.68,12.672854707330933,4.633781763826607,4.27580554088268,70.84,7193.8"
"125548,Weekend Special,2023-07-13,Premium,Email,6045,921,66,4797.31,7265.5,1.99,15.23573200992556,7.166123778501629,1.5144945813382915,72.68651515151515,2468.1899999999996"
"36165,Festival Offer,2023-07-13,All,Social Media,3027,142,71,3470.92,3886.22,3.32,4.691113313511728,50.0,1.119651274013806,48.886197183098595,415.2999999999997"
"25152,Flash Sale,2023-07-13,Premium,Social Media,3917,904,71,4815.28,5667.03,2.06,23.078886903242278,7.853982300884955,1.1768848332807231,67.82084507042254,851.75"
"591537,Membership Drive,2023-07-13,Inactive,Social Media,9769,164,86,1987.75,2422.76,3.35,1.6787798136963867,52.4390243902439,1.2188454282480192,23.113372093023255,435.0100000000002"
"274625,Category Promotion,2023-07-13,Inactive,App,3531,996,80,4304.59,8202.98,3.86,28.20730671197961,8.032128514056225,1.9056356122185851,53.807375,3898.3899999999994"
"306318,App Push Notification,2023-07-13,Inactive,Email,7293,720,59,4228.67,3596.5,1.64,9.872480460715755,8.194444444444445,0.8505038227149434,71.67237288135594,-632.1700000000001"
"73767,Email Campaign,2023-07-13,Inactive,Sms,5257,386,76,2884.06,7874.56,1.69,7.342590831272588,19.689119170984455,2.7303731545113488,37.948157894736845,4990.5"
"584170,Referral Program,2023-07-13,All,Email,7325,828,89,4996.63,5116.13,2.97,11.303754266211605,10.748792270531402,1.023916119464519,56.141910112359554,119.5"
"566146,New User Discount,2023-07-12,All,Social Media,6607,924,11,4683.64,6103.83,4.0,13.985167246859392,1.1904761904761905,1.3032235611618312,425.78545454545457,1420.1899999999996"
"51111,Weekend Special,2023-07-12,New Users,Social Media,1643,111,16,1865.19,2020.16,3.57,6.755934266585514,14.414414414414415,1.0830853693189433,116.574375,154.97000000000003"
"891422,Festival Offer,2023-07-12,New Users,Social Media,9961,475,81,2162.22,7878.03,2.62,4.768597530368437,17.05263157894737,3.6434914116047397,26.69407407407407,5715.8099999999995"
"133960,Flash Sale,2023-07-12,New Users,Sms,6937,730,74,3662.89,8203.02,2.66,10.523280957186104,10.136986301369863,2.239493951497315,49.498513513513515,4540.130000000001"
"824502,Membership Drive,2023-07-12,Inactive,App,7982,315,67,2214.56,9071.28,1.64,3.9463793535454776,21.26984126984127,4.096199696553717,33.053134328358205,6856.720000000001"
"983206,Category Promotion,2023-07-12,Inactive,Social Media,2426,154,83,2038.58,2045.48,2.81,6.347897774113767,53.896103896103895,1.0033847089640828,24.56120481927711,6.900000000000091"
"387796,App Push Notification,2023-07-12,All,Email,3554,533,68,3967.92,5040.3,3.36,14.997186268992685,12.757973733583489,1.2702625052924454,58.35176470588235,1072.38"
"458781,Email Campaign,2023-07-12,Premium,Email,2916,469,63,1847.14,5549.8,3.1,16.083676268861456,13.432835820895523,3.004536743289626,29.319682539682542,3702.66"
"93233,Referral Program,2023-07-12,Premium,App,2004,301,16,4868.16,9433.0,1.57,15.019960079840319,5.3156146179401995,1.937693091434957,304.26,4564.84"
"546714,New User Discount,2023-07-11,Premium,Email,9767,802,87,4676.8,4823.1,1.7,8.21132384560254,10.847880299251871,1.031282073212453,53.756321839080464,146.30000000000018"
"536321,Weekend Special,2023-07-11,Inactive,Email,5826,387,78,3214.92,6382.87,1.86,6.642636457260556,20.155038759689923,1.985389994152265,41.21692307692308,3167.95"
"67981,Festival Offer,2023-07-11,New Users,Sms,8022,515,74,4262.09,5994.99,1.51,6.419845425081028,14.36893203883495,1.406584562972626,57.59581081081081,1732.8999999999996"
"981958,Flash Sale,2023-07-11,New Users,App,8128,908,15,2476.03,4180.4,1.52,11.171259842519685,1.6519823788546255,1.6883478794683422,165.06866666666667,1704.3699999999994"
"262210,Membership Drive,2023-07-11,All,Social Media,4746,576,53,3508.13,7355.88,1.95,12.13653603034134,9.20138888888889,2.096809411281794,66.1911320754717,3847.75"
"2609,Category Promotion,2023-07-11,Premium,Sms,2631,337,61,4370.47,5547.84,2.26,12.808817939946787,18.100890207715135,1.2693920791127726,71.64704918032787,1177.37"
"8397,App Push Notification,2023-07-11,Inactive,App,4737,922,68,1445.99,5592.02,3.5,19.46379565125607,7.37527114967462,3.867260492811154,21.264558823529413,4146.030000000001"
"355668,Email Campaign,2023-07-11,Premium,App,9207,219,38,4363.03,4507.69,3.87,2.3786249592701205,17.35159817351598,1.0331558572826682,114.81657894736841,144.65999999999985"
"250230,Referral Program,2023-07-11,Inactive,Sms,2067,976,42,3649.51,5570.34,1.73,47.218190614417026,4.30327868852459,1.5263254519099825,86.89309523809524,1920.83"
"791827,New User Discount,2023-07-10,All,App,8877,364,36,4152.65,8956.32,2.39,4.100484397882168,9.89010989010989,2.1567721816189662,115.35138888888888,4803.67"
"163751,Weekend Special,2023-07-10,Premium,Email,2474,318,28,1258.0,9628.79,3.52,12.853678253839934,8.80503144654088,7.654046104928459,44.92857142857143,8370.79"
"548306,Festival Offer,2023-07-10,Premium,Social Media,4505,335,87,2215.29,2565.74,2.16,7.436182019977802,25.970149253731346,1.1581959923982863,25.463103448275863,350.4499999999998"
"312646,Flash Sale,2023-07-10,Inactive,App,3928,172,92,3838.58,7925.45,2.71,4.378818737270876,53.48837209302325,2.0646827733172164,41.72369565217391,4086.87"
"900404,Membership Drive,2023-07-10,New Users,Email,8221,262,14,2733.68,3848.13,1.99,3.186960223817054,5.343511450381679,1.4076739047730533,195.26285714285714,1114.4500000000003"
"397428,Category Promotion,2023-07-10,Premium,Social Media,8228,993,83,3886.84,5196.57,2.55,12.068546426835198,8.358509566968781,1.3369652468329027,46.829397590361445,1309.7299999999996"
"84111,App Push Notification,2023-07-10,Inactive,Social Media,2914,232,45,2469.96,4725.15,2.18,7.961564859299932,19.396551724137932,1.9130471748530338,54.888,2255.1899999999996"
"86288,Email Campaign,2023-07-10,Inactive,Sms,5812,875,53,3326.03,6404.98,1.73,15.055058499655885,6.057142857142858,1.9257132377038089,62.75528301886793,3078.9499999999994"
"121760,Referral Program,2023-07-10,Premium,Sms,4809,286,44,4945.14,7950.4,3.77,5.947182366396341,15.384615384615385,1.6077199027732276,112.38954545454546,3005.2599999999993"
"680748,New User Discount,2023-07-09,All,Sms,1775,779,24,4205.49,8473.31,3.61,43.88732394366197,3.080872913992298,2.0148211028916965,175.22875,4267.82"
"96209,Weekend Special,2023-07-09,New Users,App,9659,946,51,4252.43,6647.21,1.75,9.793974531525002,5.391120507399577,1.563155654531644,83.38098039215687,2394.7799999999997"
"546853,Festival Offer,2023-07-09,New Users,Sms,8120,966,22,1820.33,7287.29,3.57,11.89655172413793,2.2774327122153206,4.003279625122917,82.74227272727272,5466.96"
"606308,Flash Sale,2023-07-09,Inactive,App,7362,136,61,2794.09,8931.99,3.17,1.8473240967128497,44.85294117647059,3.1967438414653784,45.80475409836066,6137.9"
"592577,Membership Drive,2023-07-09,Inactive,Email,2730,433,89,4602.22,3886.62,1.65,15.86080586080586,20.554272517321014,0.8445098235199533,51.71033707865169,-715.6000000000004"
"834630,Category Promotion,2023-07-09,Premium,App,5879,696,84,1391.16,3311.49,2.48,11.838748086409254,12.068965517241379,2.3803804019667036,16.56142857142857,1920.3299999999997"
"916636,App Push Notification,2023-07-09,New Users,App,3669,123,50,2880.23,8463.22,1.7,3.3524121013900245,40.65040650406504,2.9383833929929204,57.6046,5582.99"
"624230,Email Campaign,2023-07-09,Inactive,Email,4911,678,78,4253.24,6230.01,1.82,13.805742211362249,11.504424778761061,1.4647680356622248,54.52871794871795,1976.7700000000004"
"572706,Referral Program,2023-07-09,All,Email,9759,871,89,4886.45,4480.06,3.39,8.92509478430167,10.218140068886337,0.9168332838768433,54.90393258426966,-406.3899999999994"
"649672,New User Discount,2023-07-08,All,Sms,3076,862,88,4472.4,5228.62,3.18,28.023407022106632,10.208816705336426,1.1690859493784098,50.82272727272727,756.2200000000003"
"729466,Weekend Special,2023-07-08,New Users,Email,6856,994,78,3506.31,3139.73,2.41,14.498249708284714,7.847082494969819,0.8954513434351212,44.95269230769231,-366.5799999999999"
"66951,Festival Offer,2023-07-08,New Users,App,5606,175,48,2952.1,7487.45,1.94,3.121655369247235,27.42857142857143,2.536313133023949,61.50208333333333,4535.35"
"503572,Flash Sale,2023-07-08,All,Sms,6403,893,79,1071.64,4367.98,2.75,13.94658753709199,8.846584546472565,4.075977007203911,13.565063291139241,3296.3399999999992"
"445777,Membership Drive,2023-07-08,Inactive,Email,1903,298,32,2610.63,7130.27,2.68,15.659485023646875,10.738255033557047,2.7312449485373262,81.5821875,4519.64"
"756003,Category Promotion,2023-07-08,All,Social Media,3529,479,67,2810.58,7165.08,1.94,13.573250212524796,13.987473903966595,2.5493243387485856,41.948955223880596,4354.5"
"52681,App Push Notification,2023-07-08,All,Email,6549,880,48,1623.8,3241.34,2.99,13.437165979538863,5.454545454545454,1.9961448454243136,33.829166666666666,1617.5400000000002"
"508911,Email Campaign,2023-07-08,New Users,Social Media,5516,954,85,4614.5,7033.37,3.28,17.295141406816533,8.90985324947589,1.5241889695524975,54.28823529411765,2418.87"
"834359,Referral Program,2023-07-08,All,Social Media,8529,983,61,2587.44,9390.8,2.63,11.525383984054402,6.205493387589013,3.6293788454997986,42.41704918032787,6803.359999999999"
"61544,New User Discount,2023-07-07,Premium,Email,3152,784,23,2896.94,8139.03,3.92,24.873096446700508,2.933673469387755,2.809526603933806,125.95391304347827,5242.09"
"440767,Weekend Special,2023-07-07,All,Social Media,7059,531,29,3721.46,2583.37,2.23,7.522311942201446,5.4613935969868175,0.694181853358628,128.32620689655172,-1138.0900000000001"
"216502,Festival Offer,2023-07-07,Premium,App,7863,504,17,3806.03,5042.61,3.4,6.409767264402899,3.373015873015873,1.324900224118044,223.88411764705884,1236.5799999999995"
"498643,Flash Sale,2023-07-07,Inactive,Social Media,5149,443,12,2947.59,6465.25,3.36,8.603612351912993,2.708803611738149,2.1934020674517147,245.63250000000002,3517.66"
"836506,Membership Drive,2023-07-07,New Users,Email,4746,604,83,2052.97,9466.22,1.76,12.726506531816268,13.741721854304636,4.610987983263272,24.73457831325301,7413.25"
"806869,Category Promotion,2023-07-07,Inactive,Sms,2247,489,27,4782.35,6806.02,3.08,21.762349799732977,5.521472392638037,1.4231538887785293,177.1240740740741,2023.67"
"510463,App Push Notification,2023-07-07,All,App,3574,850,59,1787.41,8917.64,1.55,23.78287632904309,6.9411764705882355,4.989140711979903,30.295084745762715,7130.23"
"407752,Email Campaign,2023-07-07,Inactive,Social Media,3775,911,35,4864.2,9444.7,3.18,24.132450331125828,3.841931942919868,1.9416759179310064,138.97714285714287,4580.500000000001"
"654403,Referral Program,2023-07-07,New Users,Sms,9905,147,60,3437.15,5621.05,3.08,1.4840989399293287,40.816326530612244,1.635381056980347,57.285833333333336,2183.9"
"337733,New User Discount,2023-07-06,New Users,Sms,7912,450,59,1538.03,6384.36,3.03,5.687563195146613,13.111111111111112,4.150998355038588,26.068305084745763,4846.33"
"237841,Weekend Special,2023-07-06,Premium,Social Media,3034,156,44,2072.19,2237.18,3.67,5.1417270929466055,28.205128205128204,1.0796210772178225,47.09522727272727,164.98999999999978"
"792947,Festival Offer,2023-07-06,Premium,Sms,3954,853,15,1618.02,2701.93,2.24,21.573090541224076,1.7584994138335288,1.6698990123731474,107.868,1083.9099999999999"
"702618,Flash Sale,2023-07-06,New Users,Email,1532,163,38,3374.94,2111.08,1.86,10.639686684073107,23.31288343558282,0.6255163054750603,88.81421052631579,-1263.8600000000001"
"290811,Membership Drive,2023-07-06,Inactive,Email,7594,302,85,4612.16,9524.85,3.05,3.9768238082696867,28.14569536423841,2.065160358703948,54.26070588235294,4912.6900000000005"
"558205,Category Promotion,2023-07-06,Premium,Email,4883,494,28,3450.1,7891.06,1.5,10.116731517509727,5.668016194331984,2.287197472537028,123.21785714285714,4440.960000000001"
"131083,App Push Notification,2023-07-06,Premium,Email,6570,274,95,4673.12,7847.89,2.94,4.170471841704718,34.67153284671533,1.6793683877152739,49.19073684210526,3174.7700000000004"
"860570,Email Campaign,2023-07-06,New Users,Email,6344,340,80,4170.07,6627.13,2.25,5.359394703656998,23.52941176470588,1.5892131307148323,52.12587499999999,2457.0600000000004"
"417084,Referral Program,2023-07-06,New Users,Social Media,7464,876,13,1392.21,3520.83,2.04,11.736334405144696,1.4840182648401825,2.5289503738660115,107.09307692307692,2128.62"
"548350,New User Discount,2023-07-05,Premium,Social Media,7274,900,95,1477.56,2181.85,2.79,12.372834753918065,10.555555555555555,1.4766574623027153,15.553263157894737,704.29"
"508060,Weekend Special,2023-07-05,All,Sms,8387,502,66,4442.91,6389.7,2.85,5.985453678311673,13.147410358565736,1.43817903131056,67.31681818181818,1946.79"
"244963,Festival Offer,2023-07-05,Premium,App,3214,786,19,2680.09,2558.92,3.17,24.45550715619166,2.4173027989821882,0.9547888317183378,141.05736842105264,-121.17000000000007"
"33033,Flash Sale,2023-07-05,New Users,App,5102,436,84,1549.17,6919.42,1.61,8.545668365346923,19.26605504587156,4.466533692235196,18.442500000000003,5370.25"
"411612,Membership Drive,2023-07-05,Inactive,Social Media,5109,131,37,1211.35,2649.4,2.67,2.564102564102564,28.24427480916031,2.1871465720064394,32.73918918918919,1438.0500000000002"
"820017,Category Promotion,2023-07-05,Premium,App,8266,394,95,2904.48,7943.16,2.48,4.766513428502298,24.111675126903553,2.7347959015038836,30.573473684210526,5038.68"
"57758,App Push Notification,2023-07-05,Premium,Social Media,1561,460,56,4290.31,7458.86,2.05,29.46828955797566,12.173913043478262,1.7385363761592982,76.61267857142857,3168.5499999999993"
"207634,Email Campaign,2023-07-05,Premium,Social Media,2710,229,77,3397.7,8539.75,1.57,8.450184501845017,33.624454148471614,2.5133914118374197,44.125974025974024,5142.05"
"307806,Referral Program,2023-07-05,Inactive,App,3720,893,18,3849.71,8762.33,3.81,24.00537634408602,2.015677491601344,2.276101316722558,213.87277777777777,4912.62"
"440542,New User Discount,2023-07-04,All,Sms,8647,189,72,1521.94,8117.54,2.48,2.1857291546200996,38.095238095238095,5.333679382892886,21.138055555555557,6595.6"
"998121,Weekend Special,2023-07-04,Inactive,Email,1539,788,93,1877.23,9041.31,3.79,51.20207927225471,11.802030456852792,4.816303809336096,20.1852688172043,7164.08"
"472849,Festival Offer,2023-07-04,All,Sms,3167,523,73,2135.12,9346.01,2.37,16.514051152510262,13.957934990439771,4.377276218666867,29.24821917808219,7210.89"
"918923,Flash Sale,2023-07-04,New Users,Sms,5250,755,19,1353.31,4084.68,1.73,14.38095238095238,2.5165562913907285,3.0182884926587406,71.22684210526316,2731.37"
"836915,Membership Drive,2023-07-04,Premium,Sms,9420,701,65,1695.38,2217.26,2.63,7.441613588110403,9.272467902995722,1.3078247944413641,26.082769230769234,521.8800000000001"
"967445,Category Promotion,2023-07-04,New Users,App,1812,820,74,1665.23,2925.88,2.7,45.253863134657834,9.024390243902438,1.75704257069594,22.50310810810811,1260.65"
"882415,App Push Notification,2023-07-04,New Users,Social Media,8273,667,19,2589.79,4291.35,1.71,8.062371570168017,2.848575712143928,1.6570262453712465,136.30473684210526,1701.5600000000004"
"308002,Email Campaign,2023-07-04,All,App,7660,156,41,2689.77,4973.65,2.69,2.0365535248041775,26.282051282051285,1.849098621815248,65.60414634146342,2283.8799999999997"
"843897,Referral Program,2023-07-04,Inactive,Email,8468,342,94,4864.68,3537.64,3.66,4.03873405762872,27.485380116959064,0.7272091895047567,51.75191489361703,-1327.0400000000004"
"72462,New User Discount,2023-07-03,New Users,App,5425,343,47,2328.86,7766.52,2.15,6.322580645161291,13.702623906705538,3.334902055082744,49.55021276595745,5437.66"
"531123,Weekend Special,2023-07-03,Premium,Email,8143,406,94,4694.8,4130.98,3.7,4.985877440746654,23.15270935960591,0.8799054272812472,49.94468085106383,-563.8200000000006"
"776302,Festival Offer,2023-07-03,New Users,Sms,6115,565,93,3485.33,6150.84,1.78,9.239574816026165,16.460176991150444,1.7647798056425075,37.47666666666667,2665.51"
"366219,Flash Sale,2023-07-03,New Users,Email,1802,370,19,4980.25,6913.78,3.8,20.532741398446174,5.135135135135135,1.3882395462075197,262.11842105263156,1933.5299999999997"
"621529,Membership Drive,2023-07-03,Premium,Email,9437,232,40,1341.63,8415.56,3.14,2.4584083924976157,17.24137931034483,6.27263850689087,33.54075,7073.929999999999"
"695116,Category Promotion,2023-07-03,New Users,Sms,7666,516,45,1754.91,2393.24,2.83,6.7310200887033655,8.720930232558139,1.3637394510259784,38.998000000000005,638.3299999999997"
"424201,App Push Notification,2023-07-03,New Users,Sms,5772,169,70,3390.48,4986.42,1.58,2.9279279279279278,41.42011834319527,1.4707121115594253,48.435428571428574,1595.94"
"485002,Email Campaign,2023-07-03,New Users,Sms,8698,897,15,1880.52,6117.57,1.56,10.312715566796966,1.6722408026755853,3.253126794716355,125.368,4237.049999999999"
"267232,Referral Program,2023-07-03,New Users,Sms,4788,997,67,2636.87,8408.7,3.23,20.822890559732667,6.720160481444333,3.1888944089014633,39.356268656716416,5771.830000000001"
"259544,New User Discount,2023-07-02,New Users,App,7919,622,16,3055.9,6126.38,2.3,7.854527086753378,2.572347266881029,2.004771098530711,190.99375,3070.48"
"588882,Weekend Special,2023-07-02,All,Sms,3285,326,88,2931.88,8566.57,2.65,9.923896499238966,26.993865030674847,2.921869244307407,33.316818181818185,5634.69"
"592999,Festival Offer,2023-07-02,New Users,App,5644,640,84,1462.52,5259.36,3.2,11.339475549255846,13.125,3.596094412384104,17.41095238095238,3796.8399999999997"
"654723,Flash Sale,2023-07-02,All,Email,1109,749,41,4853.87,3460.4,2.04,67.53832281334536,5.473965287049399,0.7129156734729196,118.38707317073171,-1393.4699999999998"
"561914,Membership Drive,2023-07-02,All,Social Media,4902,303,49,1910.7,9706.94,3.3,6.181150550795594,16.17161716171617,5.080305647145026,38.99387755102041,7796.240000000001"
"791526,Category Promotion,2023-07-02,Premium,App,6251,192,52,1466.91,7482.1,2.15,3.0715085586306192,27.083333333333332,5.100585584664363,28.209807692307695,6015.1900000000005"
"877208,App Push Notification,2023-07-02,Premium,Email,5287,342,15,2873.38,9651.04,3.0,6.468696803480234,4.385964912280701,3.358776075562578,191.55866666666668,6777.660000000001"
"245599,Email Campaign,2023-07-02,All,App,4325,936,78,3017.79,5122.5,2.11,21.641618497109828,8.333333333333332,1.6974342151044308,38.68961538461539,2104.71"
"691470,Referral Program,2023-07-02,Premium,Sms,8217,259,75,1959.42,8699.83,3.8,3.15200194718267,28.957528957528954,4.4400026538465465,26.125600000000002,6740.41"
"744000,New User Discount,2023-07-01,New Users,Email,3662,797,100,2843.71,4166.3,2.63,21.76406335335882,12.547051442910917,1.4650931353759702,28.4371,1322.5900000000001"
"286292,Weekend Special,2023-07-01,Inactive,Social Media,8622,524,39,1215.94,4362.77,2.56,6.077476223614011,7.442748091603053,3.58798131486751,31.17794871794872,3146.8300000000004"
"202428,Festival Offer,2023-07-01,Inactive,Social Media,5069,987,70,3150.51,7966.59,2.36,19.47129611363188,7.092198581560284,2.528666787282059,45.007285714285715,4816.08"
"523953,Flash Sale,2023-07-01,Premium,App,7902,116,54,3415.12,3633.13,3.76,1.4679827891672994,46.55172413793103,1.0638367026634497,63.24296296296296,218.01000000000022"
"937738,Membership Drive,2023-07-01,Premium,App,1299,860,67,1385.92,8249.69,3.44,66.20477290223249,7.790697674418605,5.952500865850843,20.68537313432836,6863.77"
"262559,Category Promotion,2023-07-01,Inactive,App,5943,700,46,1548.41,9849.99,2.9,11.778563015312132,6.571428571428571,6.361357779916172,33.66108695652174,8301.58"
"192979,App Push Notification,2023-07-01,All,Social Media,6646,766,91,2477.44,8691.84,2.28,11.525729762263015,11.879895561357703,3.5083957633686387,27.224615384615387,6214.4"
"230032,Email Campaign,2023-07-01,New Users,App,6620,818,30,2651.22,6073.19,2.48,12.356495468277947,3.6674816625916873,2.290715217899684,88.374,3421.97"
"375463,Referral Program,2023-07-01,New Users,Social Media,4489,970,47,4054.05,3823.09,3.31,21.60837603029628,4.845360824742269,0.9430298096964763,86.25638297872341,-230.96000000000004"
"766133,New User Discount,2023-06-30,Premium,Email,4847,937,55,2635.82,9932.28,2.63,19.331545285743758,5.869797225186766,3.7681935792277166,47.924,7296.460000000001"
"942536,Weekend Special,2023-06-30,All,Sms,6274,921,81,3831.34,6377.22,3.07,14.679630219955373,8.794788273615636,1.6644881425297677,47.300493827160494,2545.88"
"609852,Festival Offer,2023-06-30,All,Social Media,4977,343,39,4209.04,9701.55,3.77,6.891701828410689,11.370262390670554,2.3049317659133672,107.92410256410257,5492.509999999999"
"215418,Flash Sale,2023-06-30,Premium,App,7196,764,78,1991.59,8584.71,2.44,10.617009449694274,10.209424083769633,4.310480570800214,25.53320512820513,6593.119999999999"
"97921,Membership Drive,2023-06-30,Premium,Sms,6950,727,75,1469.42,2881.76,2.01,10.46043165467626,10.31636863823934,1.9611547413265098,19.592266666666667,1412.3400000000001"
"4443,Category Promotion,2023-06-30,Inactive,App,7651,440,33,2673.38,4999.54,1.58,5.750882237615998,7.5,1.870119474223642,81.01151515151516,2326.16"
"617245,App Push Notification,2023-06-30,All,App,3158,708,62,4046.83,4435.6,2.11,22.419252691576947,8.757062146892656,1.0960677863908295,65.27145161290322,388.77000000000044"
"430820,Email Campaign,2023-06-30,Inactive,App,2969,370,51,4646.99,9903.43,3.55,12.462108454024925,13.783783783783784,2.131149410693804,91.11745098039215,5256.4400000000005"
"715226,Referral Program,2023-06-30,New Users,Email,3916,717,46,2413.69,7436.89,1.68,18.30949948927477,6.4156206415620645,3.0811288939341837,52.47152173913044,5023.200000000001"
"96180,New User Discount,2023-06-29,Inactive,App,2819,357,95,2540.35,6163.55,3.28,12.664065271372827,26.610644257703083,2.426260161001437,26.740526315789474,3623.2000000000003"
"356176,Weekend Special,2023-06-29,New Users,Email,8569,435,76,1373.53,7561.33,2.5,5.076438324191854,17.47126436781609,5.505034473218641,18.072763157894737,6187.8"
"513444,Festival Offer,2023-06-29,New Users,Email,1725,938,50,4294.96,4817.69,3.27,54.3768115942029,5.330490405117271,1.121707769106115,85.89920000000001,522.7299999999996"
"197175,Flash Sale,2023-06-29,Inactive,App,7398,290,78,3813.4,7667.28,3.84,3.919978372533117,26.89655172413793,2.010615199034982,48.88974358974359,3853.8799999999997"
"625996,Membership Drive,2023-06-29,Premium,Social Media,7584,956,56,3928.8,3332.96,3.95,12.60548523206751,5.857740585774058,0.848340460191407,70.15714285714286,-595.8400000000001"
"883394,Category Promotion,2023-06-29,Inactive,App,3004,917,51,1044.49,4136.21,2.4,30.525965379494007,5.561613958560523,3.960028339189461,20.480196078431373,3091.7200000000003"
"106372,App Push Notification,2023-06-29,New Users,Social Media,8988,107,12,1669.84,5948.58,1.6,1.1904761904761905,11.214953271028037,3.562365256551526,139.15333333333334,4278.74"
"537935,Email Campaign,2023-06-29,Premium,App,8088,576,32,3982.47,2094.12,2.05,7.121661721068249,5.555555555555555,0.5258344695628592,124.4521875,-1888.35"
"408199,Referral Program,2023-06-29,Premium,App,6260,502,24,3484.66,2410.8,3.21,8.019169329073481,4.780876494023905,0.6918322017069098,145.19416666666666,-1073.8599999999997"
"465432,New User Discount,2023-06-28,Premium,Email,3987,549,64,4470.49,3372.47,3.35,13.769751693002258,11.657559198542804,0.7543848660885049,69.85140625,-1098.02"
"15969,Weekend Special,2023-06-28,Inactive,App,1356,209,23,1627.27,7989.47,2.32,15.41297935103245,11.004784688995215,4.909738396209603,70.75086956521739,6362.200000000001"
"528272,Festival Offer,2023-06-28,Premium,Email,7881,894,54,2936.12,3784.73,2.52,11.343738104301485,6.0402684563758395,1.2890242905603313,54.37259259259259,848.6100000000001"
"298526,Flash Sale,2023-06-28,Inactive,Email,3927,673,45,1965.36,3420.86,3.09,17.137764196587728,6.686478454680535,1.7405767900028495,43.67466666666667,1455.5000000000002"
"860847,Membership Drive,2023-06-28,New Users,Sms,6066,632,26,3782.85,9562.16,2.63,10.418727332673921,4.113924050632911,2.5277661022773836,145.49423076923077,5779.3099999999995"
"905593,Category Promotion,2023-06-28,Inactive,Email,7688,376,19,3654.01,3672.23,2.99,4.890738813735692,5.053191489361701,1.004986302719478,192.3163157894737,18.2199999999998"
"457659,App Push Notification,2023-06-28,Premium,Sms,1427,841,79,4081.54,3219.34,3.14,58.934828311142255,9.3935790725327,0.7887562047658482,51.66506329113924,-862.1999999999998"
"264110,Email Campaign,2023-06-28,New Users,Sms,4118,881,58,2377.31,7231.53,3.81,21.39388052452647,6.583427922814983,3.0418960926425247,40.98810344827586,4854.219999999999"
"800085,Referral Program,2023-06-28,Inactive,Sms,3118,409,46,3806.92,9102.28,3.47,13.117382937780627,11.246943765281173,2.390982736700535,82.7591304347826,5295.360000000001"
"699314,New User Discount,2023-06-27,Inactive,Sms,7412,508,91,1017.16,6054.02,3.52,6.853750674581758,17.913385826771652,5.951885642376815,11.177582417582418,5036.860000000001"
"71778,Weekend Special,2023-06-27,All,Email,1176,743,80,1718.37,9538.98,3.11,63.18027210884354,10.767160161507402,5.551179315281343,21.479625,7820.61"
"759176,Festival Offer,2023-06-27,Inactive,App,5980,281,20,2393.32,6796.97,3.41,4.698996655518394,7.11743772241993,2.8399754316180035,119.66600000000001,4403.65"
"892121,Flash Sale,2023-06-27,Inactive,Social Media,6499,773,82,2394.0,7431.7,1.59,11.894137559624559,10.608020698576972,3.1043024227234755,29.195121951219512,5037.7"
"587592,Membership Drive,2023-06-27,Premium,Email,7237,874,28,2119.27,8160.47,1.99,12.07682741467459,3.203661327231121,3.850604217489985,75.68821428571428,6041.200000000001"
"809235,Category Promotion,2023-06-27,All,Social Media,9683,614,84,3420.08,5970.76,2.71,6.341010017556542,13.680781758957655,1.7457954199901757,40.71523809523809,2550.6800000000003"
"649342,App Push Notification,2023-06-27,New Users,App,5533,669,17,4350.79,8243.49,2.23,12.091089824688234,2.5411061285500747,1.894711075459859,255.92882352941177,3892.7"
"379441,Email Campaign,2023-06-27,New Users,App,8793,259,55,1548.43,6501.77,3.85,2.9455248493119526,21.235521235521233,4.198943445942019,28.15327272727273,4953.34"
"799501,Referral Program,2023-06-27,Inactive,App,8182,779,16,1394.41,7147.8,2.65,9.520899535565876,2.053915275994865,5.126038969886905,87.150625,5753.39"
"131542,New User Discount,2023-06-26,Premium,Sms,5474,414,79,2286.06,2178.04,2.82,7.563025210084033,19.082125603864732,0.9527483968049832,28.93746835443038,-108.01999999999998"
"841811,Weekend Special,2023-06-26,Inactive,Sms,6661,592,46,1745.93,6189.2,2.89,8.887554421258068,7.77027027027027,3.544930209114913,37.955,4443.2699999999995"
"784708,Festival Offer,2023-06-26,Premium,Social Media,9200,216,55,4790.22,2185.33,2.5,2.3478260869565215,25.462962962962965,0.4562066042895733,87.0949090909091,-2604.8900000000003"
"433163,Flash Sale,2023-06-26,Inactive,Social Media,8823,820,83,2385.18,6511.46,3.2,9.293890966791341,10.121951219512196,2.7299658725966176,28.73710843373494,4126.280000000001"
"173175,Membership Drive,2023-06-26,Inactive,Sms,8846,109,25,3233.33,8845.91,3.58,1.2321953425276961,22.93577981651376,2.7358512740734784,129.3332,5612.58"
"610353,Category Promotion,2023-06-26,Inactive,App,9809,350,47,1086.76,9649.42,1.92,3.5681516974207366,13.428571428571429,8.8790717361699,23.122553191489363,8562.66"
"179647,App Push Notification,2023-06-26,New Users,Social Media,6655,148,38,4646.53,3329.47,3.71,2.22389181066867,25.675675675675674,0.7165497693978087,122.27710526315789,-1317.06"
"519334,Email Campaign,2023-06-26,New Users,Social Media,7547,913,56,4190.67,5663.62,1.81,12.09752219424937,6.133625410733845,1.3514831757213046,74.83339285714285,1472.9499999999998"
"96295,Referral Program,2023-06-26,New Users,App,6243,770,21,3157.51,9238.64,2.09,12.33381387153612,2.727272727272727,2.9259258086276843,150.35761904761907,6081.129999999999"
"961155,New User Discount,2023-06-25,New Users,Sms,3774,778,94,1282.09,6543.77,1.55,20.614732379438262,12.082262210796916,5.103986459608921,13.639255319148935,5261.68"
"384407,Weekend Special,2023-06-25,New Users,Email,7330,390,90,3462.23,2278.46,3.52,5.320600272851296,23.076923076923077,0.6580903059588762,38.46922222222222,-1183.77"
"675622,Festival Offer,2023-06-25,All,App,8185,839,67,1748.48,9445.97,2.5,10.250458155161882,7.985697258641239,5.402389504026354,26.096716417910446,7697.49"
"597932,Flash Sale,2023-06-25,Inactive,Social Media,9170,948,88,3345.74,8935.63,2.86,10.338058887677208,9.282700421940929,2.6707484741791054,38.01977272727272,5589.889999999999"
"795303,Membership Drive,2023-06-25,New Users,Sms,9573,160,28,4829.63,3353.51,2.47,1.6713673874438524,17.5,0.6943616798802393,172.48678571428573,-1476.12"
"810567,Category Promotion,2023-06-25,New Users,App,4586,872,71,3170.87,7199.39,2.52,19.014391626689925,8.142201834862385,2.2704778183905368,44.66014084507042,4028.5200000000004"
"17075,App Push Notification,2023-06-25,All,Email,2573,355,40,4220.54,3844.88,2.52,13.797123979790129,11.267605633802818,0.9109924322480062,105.5135,-375.65999999999985"
"153725,Email Campaign,2023-06-25,Inactive,Email,3076,113,77,2135.49,3768.9,2.72,3.673602080624187,68.14159292035397,1.764887683857101,27.73363636363636,1633.4100000000003"
"501729,Referral Program,2023-06-25,Premium,Sms,9632,684,67,2021.79,3508.23,3.96,7.101328903654484,9.7953216374269,1.7352098882673275,30.175970149253732,1486.44"
"552500,New User Discount,2023-06-24,New Users,App,7099,151,24,3009.82,3368.11,2.63,2.1270601493168053,15.894039735099339,1.1190403412828673,125.40916666666668,358.28999999999996"
"319181,Weekend Special,2023-06-24,New Users,Email,4854,245,51,1521.9,6297.75,1.72,5.047383601153688,20.816326530612244,4.138083973979893,29.841176470588238,4775.85"
"978477,Festival Offer,2023-06-24,Premium,Social Media,8682,698,19,2502.06,2814.65,3.72,8.039622206864777,2.722063037249284,1.124933055162546,131.68736842105264,312.59000000000015"
"489457,Flash Sale,2023-06-24,All,Social Media,4742,749,78,3823.17,5749.47,3.22,15.795023196963307,10.413885180240321,1.5038489002581628,49.015,1926.3000000000002"
"155602,Membership Drive,2023-06-24,Inactive,Social Media,4587,267,23,1630.61,9882.47,1.68,5.820797907128843,8.614232209737828,6.060596954513955,70.89608695652173,8251.859999999999"
"130713,Category Promotion,2023-06-24,Premium,App,9875,922,92,3578.95,2385.68,2.8,9.336708860759494,9.97830802603037,0.6665865686863466,38.901630434782604,-1193.27"
"911600,App Push Notification,2023-06-24,All,App,2547,500,80,3597.84,2329.36,2.36,19.63093835885355,16.0,0.6474329041869566,44.973,-1268.48"
"545644,Email Campaign,2023-06-24,New Users,Email,1351,555,37,1996.55,4125.16,3.51,41.08068097705404,6.666666666666667,2.0661440985700334,53.96081081081081,2128.6099999999997"
"827847,Referral Program,2023-06-24,Inactive,App,3389,926,46,4236.61,7057.23,1.95,27.323694305104752,4.967602591792657,1.6657728702901613,92.10021739130434,2820.62"
"628007,New User Discount,2023-06-23,Inactive,Social Media,8851,554,48,2116.01,4058.63,1.77,6.259179753700147,8.664259927797833,1.9180580432039545,44.08354166666667,1942.62"
"537589,Weekend Special,2023-06-23,Inactive,Social Media,8054,449,90,1913.02,7879.92,2.16,5.574869629997517,20.044543429844097,4.119099643495625,21.255777777777777,5966.9"
"797842,Festival Offer,2023-06-23,All,Social Media,5368,673,80,1549.99,6087.34,3.16,12.537257824143069,11.88707280832095,3.92734146671914,19.374875,4537.35"
"493290,Flash Sale,2023-06-23,New Users,App,5068,891,48,2854.05,3892.11,3.95,17.580899763220206,5.387205387205387,1.3637147211856835,59.459375,1038.06"
"388211,Membership Drive,2023-06-23,Inactive,Sms,8396,463,57,3632.55,6310.06,2.29,5.514530728918532,12.311015118790497,1.7370882713245517,63.72894736842105,2677.51"
"899257,Category Promotion,2023-06-23,Premium,Sms,1556,207,81,2592.1,5409.91,2.32,13.303341902313626,39.130434782608695,2.0870761158905906,32.001234567901236,2817.81"
"828170,App Push Notification,2023-06-23,Inactive,Email,1206,808,91,2170.74,2661.9,2.55,66.99834162520729,11.262376237623762,1.226263854722353,23.854285714285712,491.1600000000003"
"331219,Email Campaign,2023-06-23,Inactive,App,4656,179,77,2156.3,9559.4,3.09,3.8445017182130585,43.01675977653631,4.433242127718777,28.003896103896107,7403.099999999999"
"131311,Referral Program,2023-06-23,New Users,Email,9004,706,85,4567.8,9649.55,3.68,7.84095957352288,12.039660056657224,2.1125158719733785,53.73882352941177,5081.749999999999"
"796615,New User Discount,2023-06-22,All,Email,3091,591,75,2748.32,2050.68,3.86,19.12002588159172,12.690355329949238,0.7461576526750887,36.64426666666667,-697.6400000000003"
"927749,Weekend Special,2023-06-22,New Users,Social Media,3228,912,78,3342.97,7083.27,3.52,28.25278810408922,8.552631578947368,2.118855389070198,42.85858974358974,3740.3000000000006"
"88019,Festival Offer,2023-06-22,Inactive,Email,8393,477,50,4940.79,3900.96,2.19,5.6833075181699035,10.482180293501047,0.7895417534442872,98.8158,-1039.83"
"843543,Flash Sale,2023-06-22,All,Email,9524,781,77,4819.51,9819.42,2.9,8.200335993280135,9.859154929577464,2.037431191137688,62.59103896103896,4999.91"
"826856,Membership Drive,2023-06-22,All,Sms,1205,387,59,1763.32,4707.42,3.12,32.11618257261411,15.245478036175712,2.6696345530022914,29.88677966101695,2944.1000000000004"
"93990,Category Promotion,2023-06-22,New Users,Social Media,6947,671,44,3857.86,5572.35,2.9,9.6588455448395,6.557377049180328,1.4444147791780937,87.67863636363637,1714.4900000000002"
"130334,App Push Notification,2023-06-22,New Users,Sms,8881,756,53,1363.24,3306.94,1.82,8.512554892467064,7.01058201058201,2.425794430914586,25.721509433962265,1943.7"
"65802,Email Campaign,2023-06-22,Inactive,App,5278,693,37,2136.52,2636.05,3.9,13.12997347480106,5.339105339105339,1.2338054406230694,57.74378378378378,499.5300000000002"
"338074,Referral Program,2023-06-22,New Users,Sms,1435,743,19,4367.37,7128.16,1.56,51.77700348432056,2.557200538358008,1.6321401667365028,229.86157894736843,2760.79"
"252525,New User Discount,2023-06-21,Inactive,Social Media,1846,868,80,4311.02,2609.66,2.48,47.020585048754064,9.216589861751153,0.6053462985557941,53.887750000000004,-1701.3600000000006"
"629550,Weekend Special,2023-06-21,Inactive,App,5125,193,24,4430.93,6893.49,1.67,3.765853658536585,12.435233160621761,1.5557659452981651,184.62208333333334,2462.5599999999995"
"238006,Festival Offer,2023-06-21,Premium,Social Media,1806,251,18,2385.87,8248.1,2.63,13.898117386489481,7.171314741035857,3.457061784590108,132.54833333333332,5862.2300000000005"
"710739,Flash Sale,2023-06-21,Premium,Sms,9045,331,65,1088.95,2003.1,2.57,3.6594803758982866,19.637462235649547,1.8394783966205976,16.753076923076925,914.1499999999999"
"944187,Membership Drive,2023-06-21,Premium,Sms,5472,926,91,4757.36,3082.33,3.25,16.922514619883042,9.827213822894167,0.6479076630736376,52.278681318681315,-1675.0299999999997"
"172735,Category Promotion,2023-06-21,Inactive,App,7646,689,86,3296.51,3438.95,3.54,9.011247711221554,12.481857764876633,1.0432093335072545,38.33151162790698,142.4399999999996"
"217567,App Push Notification,2023-06-21,Premium,Email,1197,150,84,3484.97,2206.1,1.69,12.531328320802004,56.00000000000001,0.6330327090333633,41.48773809523809,-1278.87"
"289478,Email Campaign,2023-06-21,Premium,Social Media,8890,173,81,3012.18,3745.23,3.64,1.9460067491563555,46.82080924855491,1.243361950481047,37.187407407407406,733.0500000000002"
"409337,Referral Program,2023-06-21,Inactive,Email,4725,765,39,2107.29,3192.44,2.89,16.19047619047619,5.098039215686274,1.5149504814240091,54.03307692307692,1085.15"
"770120,New User Discount,2023-06-20,Inactive,Email,6855,768,26,3923.26,4942.03,1.56,11.203501094091903,3.3854166666666665,1.2596743524517875,150.8946153846154,1018.7699999999995"
"776639,Weekend Special,2023-06-20,Inactive,Email,7037,241,76,3665.15,8866.1,3.32,3.4247548671308796,31.535269709543567,2.4190278706192108,48.22565789473684,5200.950000000001"
"653369,Festival Offer,2023-06-20,All,Sms,6951,300,21,3874.36,6691.67,2.02,4.315925766076824,7.000000000000001,1.7271678419145355,184.49333333333334,2817.31"
"843160,Flash Sale,2023-06-20,Inactive,App,9651,170,21,2168.81,5077.02,2.0,1.7614754947673819,12.352941176470589,2.340924285668178,103.27666666666667,2908.2100000000005"
"353433,Membership Drive,2023-06-20,All,Social Media,5735,687,26,2317.7,7423.75,2.31,11.979075850043593,3.7845705967976713,3.2030676964231786,89.14230769230768,5106.05"
"200575,Category Promotion,2023-06-20,All,Email,9372,725,34,3041.04,4303.25,3.05,7.73580879214682,4.689655172413794,1.4150586641412148,89.44235294117647,1262.21"
"141430,App Push Notification,2023-06-20,Premium,Sms,4949,923,48,4548.78,2634.61,2.47,18.650232370175793,5.200433369447454,0.5791904642563501,94.76625,-1914.1699999999996"
"863124,Email Campaign,2023-06-20,Inactive,App,1686,778,44,2469.48,7043.63,2.14,46.144721233689204,5.655526992287918,2.852272543207477,56.124545454545455,4574.15"
"641741,Referral Program,2023-06-20,Premium,Social Media,6663,160,61,1639.02,3378.16,2.34,2.4013207263995198,38.125,2.0610852826689117,26.869180327868854,1739.1399999999999"
"509893,New User Discount,2023-06-19,Inactive,Email,3461,664,50,2233.06,2025.49,3.57,19.185206587691418,7.530120481927711,0.9070468325974224,44.6612,-207.56999999999994"
"942329,Weekend Special,2023-06-19,Inactive,Social Media,1418,637,22,2212.96,7017.8,2.34,44.92242595204514,3.453689167974882,3.171227676957559,100.58909090909091,4804.84"
"39073,Festival Offer,2023-06-19,Premium,Social Media,8575,280,98,1027.0,5171.33,3.07,3.2653061224489797,35.0,5.03537487828627,10.479591836734693,4144.33"
"255345,Flash Sale,2023-06-19,Premium,Social Media,5686,141,40,4477.44,5860.49,2.32,2.479774885684136,28.368794326241137,1.3088930281589481,111.93599999999999,1383.0500000000002"
"278509,Membership Drive,2023-06-19,Premium,Sms,6374,512,84,2768.06,9936.18,3.22,8.032632569814872,16.40625,3.5895825957529826,32.95309523809524,7168.120000000001"
"893549,Category Promotion,2023-06-19,All,App,3971,616,10,1287.52,3773.01,3.52,15.512465373961218,1.6233766233766231,2.930447682366099,128.752,2485.4900000000002"
"350266,App Push Notification,2023-06-19,Inactive,Sms,7275,539,85,4805.2,8311.55,3.59,7.40893470790378,15.769944341372913,1.729699076000999,56.53176470588235,3506.3499999999995"
"68120,Email Campaign,2023-06-19,Inactive,Email,9104,478,53,4102.26,9403.92,3.33,5.250439367311072,11.08786610878661,2.29237542232818,77.40113207547171,5301.66"
"614164,Referral Program,2023-06-19,New Users,Email,9834,473,89,2410.94,7304.83,2.41,4.809843400447427,18.816067653276956,3.029868018283325,27.089213483146068,4893.889999999999"
"901920,New User Discount,2023-06-18,Premium,App,3968,159,97,3009.26,6627.48,2.56,4.007056451612903,61.0062893081761,2.202362042495497,31.02329896907217,3618.2199999999993"
"905353,Weekend Special,2023-06-18,Inactive,Sms,8019,577,81,2996.62,3718.13,3.85,7.195410899114603,14.038128249566725,1.2407746060561566,36.995308641975306,721.5100000000002"
"700070,Festival Offer,2023-06-18,Premium,Email,6567,452,66,4834.93,8196.0,2.71,6.8828993452109035,14.601769911504425,1.6951641492224292,73.25651515151516,3361.0699999999997"
"264139,Flash Sale,2023-06-18,All,Sms,3618,521,95,4515.01,4588.08,2.17,14.400221116639027,18.234165067178505,1.0161837958276947,47.526421052631584,73.06999999999971"
"1005,Membership Drive,2023-06-18,All,Email,8276,793,68,1189.21,9253.77,1.84,9.58192363460609,8.575031525851198,7.781443142926817,17.488382352941176,8064.56"
"672953,Category Promotion,2023-06-18,New Users,Social Media,6598,187,82,3981.26,6061.99,3.22,2.834192179448318,43.85026737967914,1.5226310263584895,48.5519512195122,2080.7299999999996"
"219747,App Push Notification,2023-06-18,All,Social Media,3256,693,16,4803.86,3497.09,3.97,21.283783783783782,2.3088023088023086,0.727975003434738,300.24125,-1306.7699999999995"
"888561,Email Campaign,2023-06-18,All,Email,1045,161,31,3843.77,5559.64,2.09,15.406698564593302,19.25465838509317,1.4464028805053373,123.99258064516128,1715.8700000000003"
"973863,Referral Program,2023-06-18,Premium,App,8040,867,47,2335.31,2636.65,3.53,10.783582089552239,5.4209919261822375,1.1290364020194321,49.687446808510636,301.34000000000015"
"636228,New User Discount,2023-06-17,Premium,App,6453,999,43,4443.42,9198.15,3.03,15.481171548117153,4.3043043043043046,2.070060899037228,103.33534883720931,4754.73"
"260171,Weekend Special,2023-06-17,New Users,Social Media,5257,854,78,4266.5,8443.75,3.37,16.245006657789617,9.133489461358314,1.979081214109926,54.69871794871795,4177.25"
"512165,Festival Offer,2023-06-17,Inactive,Social Media,5095,685,91,1844.88,4132.91,3.63,13.444553483807656,13.284671532846716,2.2402053250075884,20.273406593406595,2288.0299999999997"
"675813,Flash Sale,2023-06-17,Premium,Email,2745,293,26,4055.84,3607.14,2.56,10.673952641165755,8.873720136518772,0.8893694031322734,155.99384615384616,-448.7000000000003"
"967689,Membership Drive,2023-06-17,Premium,Social Media,2926,259,79,3282.0,2779.42,2.8,8.851674641148326,30.501930501930502,0.8468677635588057,41.54430379746835,-502.5799999999999"
"564880,Category Promotion,2023-06-17,All,Sms,6746,929,19,4448.63,4688.52,1.81,13.771123628817078,2.045209903121636,1.0539244666335479,234.13842105263157,239.89000000000033"
"290348,App Push Notification,2023-06-17,All,Email,3044,138,31,1874.37,8126.32,3.08,4.533508541392904,22.463768115942027,4.335494059337271,60.46354838709677,6251.95"
"860253,Email Campaign,2023-06-17,All,Email,1782,114,21,3976.87,2539.78,2.62,6.397306397306397,18.421052631578945,0.6386379237943408,189.3747619047619,-1437.0899999999997"
"312956,Referral Program,2023-06-17,Premium,Social Media,6624,156,89,1250.48,2392.61,1.61,2.355072463768116,57.05128205128205,1.9133532723434201,14.050337078651685,1142.13"
"502631,New User Discount,2023-06-16,Inactive,App,4796,522,36,1016.85,6721.73,3.13,10.884070058381985,6.896551724137931,6.610345675370015,28.245833333333334,5704.879999999999"
"557978,Weekend Special,2023-06-16,Inactive,App,6261,176,68,3301.03,3447.48,3.37,2.811052547516371,38.63636363636363,1.0443649406397397,48.544558823529414,146.44999999999982"
"805876,Festival Offer,2023-06-16,New Users,Social Media,4036,478,29,1472.13,9488.29,2.03,11.84340931615461,6.066945606694561,6.445279968481045,50.763103448275864,8016.160000000001"
"311414,Flash Sale,2023-06-16,Inactive,Social Media,2573,320,34,1109.28,7966.87,2.62,12.436844150796736,10.625,7.182018967258041,32.625882352941176,6857.59"
"923137,Membership Drive,2023-06-16,New Users,Sms,2708,356,77,1003.02,6460.01,2.14,13.146233382570163,21.629213483146067,6.440559510278958,13.026233766233766,5456.99"
"228345,Category Promotion,2023-06-16,Inactive,Social Media,1710,710,54,2806.91,3039.44,2.8,41.52046783625731,7.605633802816901,1.0828419863836034,51.97981481481481,232.5300000000002"
"620123,App Push Notification,2023-06-16,All,Social Media,8697,390,84,4022.76,2446.83,3.67,4.484304932735426,21.53846153846154,0.6082465769770008,47.89,-1575.9300000000003"
"575919,Email Campaign,2023-06-16,Premium,Sms,3788,648,74,3904.25,9663.17,3.79,17.106652587117214,11.419753086419753,2.4750387398347953,52.76013513513514,5758.92"
"261678,Referral Program,2023-06-16,New Users,Sms,7390,911,29,2960.98,9497.75,1.85,12.327469553450609,3.1833150384193196,3.20763733628731,102.10275862068966,6536.77"
"942081,New User Discount,2023-06-15,New Users,Social Media,1925,960,25,2966.34,3250.58,3.7,49.87012987012987,2.604166666666667,1.095821787118132,118.65360000000001,284.2399999999998"
"852499,Weekend Special,2023-06-15,Inactive,App,5775,931,98,1325.7,6922.75,1.65,16.12121212121212,10.526315789473683,5.221958210756581,13.527551020408163,5597.05"
"985922,Festival Offer,2023-06-15,Inactive,App,6440,880,49,2928.03,3472.7,2.7,13.664596273291925,5.568181818181818,1.1860192689282554,59.75571428571429,544.6699999999996"
"366234,Flash Sale,2023-06-15,New Users,App,1720,410,31,2967.56,4915.51,3.86,23.837209302325583,7.560975609756097,1.656414697596679,95.72774193548386,1947.9500000000003"
"765417,Membership Drive,2023-06-15,Premium,Social Media,7859,352,51,4064.73,2230.84,3.52,4.47894134113755,14.488636363636365,0.5488285814801968,79.70058823529412,-1833.8899999999999"
"636604,Category Promotion,2023-06-15,All,Email,5383,322,31,3052.48,9687.54,3.01,5.981794538361508,9.627329192546584,3.173662071495964,98.46709677419355,6635.060000000001"
"684464,App Push Notification,2023-06-15,Premium,Email,2279,154,87,2602.88,4331.01,2.7,6.757349714787188,56.493506493506494,1.6639299545119253,29.91816091954023,1728.13"
"667257,Email Campaign,2023-06-15,All,Email,3548,808,53,1295.21,2568.02,1.64,22.77339346110485,6.5594059405940595,1.9827055072150461,24.437924528301888,1272.81"
"984732,Referral Program,2023-06-15,Inactive,App,5019,785,22,3146.73,9894.03,3.25,15.640565849770871,2.802547770700637,3.144225910707306,143.03318181818182,6747.300000000001"
"369759,New User Discount,2023-06-14,Inactive,Email,7167,918,93,3952.12,7022.54,3.89,12.80870657178736,10.130718954248366,1.7769045474327703,42.49591397849462,3070.42"
"83907,Weekend Special,2023-06-14,Premium,Social Media,8305,312,23,2419.43,6245.97,3.84,3.756773028296207,7.371794871794872,2.5815873986848143,105.19260869565217,3826.5400000000004"
"500070,Festival Offer,2023-06-14,Premium,App,6217,493,77,2596.57,4209.58,1.72,7.929869712079782,15.618661257606492,1.6212079782174174,33.72168831168831,1613.0099999999998"
"57508,Flash Sale,2023-06-14,Inactive,Social Media,4090,605,23,1526.85,3045.82,3.41,14.792176039119804,3.8016528925619832,1.9948390477126112,66.38478260869564,1518.9700000000003"
"373659,Membership Drive,2023-06-14,All,Social Media,5839,917,79,4139.86,5312.39,3.52,15.704743963007365,8.615049073064341,1.2832293845685605,52.4032911392405,1172.5300000000007"
"798347,Category Promotion,2023-06-14,All,Sms,3330,239,12,2260.27,2263.56,2.07,7.177177177177177,5.02092050209205,1.001455578315865,188.35583333333332,3.2899999999999636"
"912246,App Push Notification,2023-06-14,New Users,Email,5127,279,21,1835.65,2006.13,3.27,5.441778818022235,7.526881720430108,1.0928717348078338,87.41190476190476,170.48000000000002"
"75283,Email Campaign,2023-06-14,Premium,Sms,4151,235,66,2975.34,5299.99,3.21,5.661286437003132,28.085106382978726,1.7813056659070894,45.080909090909095,2324.6499999999996"
"809224,Referral Program,2023-06-14,All,Sms,7734,126,12,1867.36,5836.29,2.32,1.6291698991466252,9.523809523809524,3.1254230571502015,155.61333333333332,3968.9300000000003"
"896707,New User Discount,2023-06-13,Inactive,Email,4177,213,91,2254.78,7837.21,2.01,5.0993536030644,42.72300469483568,3.4758202574087047,24.7778021978022,5582.43"
"700060,Weekend Special,2023-06-13,New Users,Social Media,7381,747,47,3555.16,7621.48,2.28,10.120579867226663,6.291834002677376,2.1437797454966865,75.64170212765957,4066.3199999999997"
"623276,Festival Offer,2023-06-13,All,App,5416,925,31,4861.23,7886.02,3.91,17.079025110782865,3.3513513513513513,1.6222272963838373,156.81387096774193,3024.790000000001"
"152982,Flash Sale,2023-06-13,Premium,Sms,5189,752,20,2286.81,3645.64,2.26,14.492195027943728,2.6595744680851063,1.5942032788032237,114.34049999999999,1358.83"
"807949,Membership Drive,2023-06-13,Premium,Social Media,3091,296,12,1609.31,9197.64,2.3,9.576188935619541,4.054054054054054,5.715269276895067,134.10916666666665,7588.33"
"468772,Category Promotion,2023-06-13,Inactive,Social Media,8638,249,10,4008.52,2585.21,2.9,2.882611715674925,4.016064257028113,0.6449288016524802,400.852,-1423.31"
"608780,App Push Notification,2023-06-13,All,Sms,5979,102,62,2516.95,7585.38,1.84,1.7059708981435024,60.78431372549019,3.013718985279803,40.59596774193548,5068.43"
"245337,Email Campaign,2023-06-13,Inactive,Email,3453,870,83,3538.74,3243.24,2.25,25.19548218940052,9.540229885057471,0.9164957018599841,42.63542168674699,-295.5"
"730978,Referral Program,2023-06-13,All,Sms,7873,407,12,4123.63,5917.27,1.55,5.169566874126763,2.9484029484029484,1.4349662797098675,343.6358333333333,1793.6400000000003"
"25710,New User Discount,2023-06-12,All,Social Media,7236,704,45,2646.41,3578.14,2.91,9.729132117191819,6.392045454545454,1.3520731859386868,58.80911111111111,931.73"
"115539,Weekend Special,2023-06-12,All,Sms,6580,723,48,3819.53,6820.09,3.14,10.987841945288753,6.639004149377594,1.7855835665644726,79.57354166666667,3000.56"
"673827,Festival Offer,2023-06-12,All,Email,3736,247,46,4984.88,5744.47,3.0,6.6113490364025695,18.62348178137652,1.1523787934714578,108.36695652173913,759.5900000000001"
"491855,Flash Sale,2023-06-12,New Users,Social Media,4931,935,59,2284.24,2661.21,3.13,18.961671060636785,6.310160427807486,1.165030819878822,38.715932203389826,376.97000000000025"
"616782,Membership Drive,2023-06-12,All,App,7634,169,44,1604.07,9147.03,3.93,2.213780455855384,26.035502958579883,5.70238829976248,36.45613636363636,7542.960000000001"
"972675,Category Promotion,2023-06-12,New Users,App,6925,277,20,1008.16,3780.37,1.84,4.0,7.2202166064981945,3.7497718616092683,50.408,2772.21"
"767837,App Push Notification,2023-06-12,Premium,Sms,6348,885,39,1757.8,4216.96,3.34,13.9413988657845,4.406779661016949,2.3989987484355444,45.07179487179487,2459.16"
"380528,Email Campaign,2023-06-12,Premium,Social Media,9716,789,47,4974.71,5443.38,2.58,8.120625771922601,5.9569074778200255,1.0942105167939438,105.84489361702127,468.6700000000001"
"689654,Referral Program,2023-06-12,New Users,Email,8762,229,48,4223.37,9273.05,2.62,2.6135585482766492,20.96069868995633,2.1956518135990923,87.986875,5049.679999999999"
"683367,New User Discount,2023-06-11,All,Email,8010,620,76,1590.37,8970.86,3.82,7.740324594257178,12.258064516129032,5.640737689971517,20.925921052631576,7380.490000000001"
"567543,Weekend Special,2023-06-11,New Users,App,9600,168,85,4484.11,6606.25,3.77,1.7500000000000002,50.595238095238095,1.473257792516241,52.75423529411764,2122.1400000000003"
"644154,Festival Offer,2023-06-11,Premium,Sms,3806,180,70,1661.56,8410.05,3.4,4.729374671571204,38.88888888888889,5.061538554129854,23.736571428571427,6748.49"
"396968,Flash Sale,2023-06-11,Inactive,Social Media,3388,279,11,2532.5,4837.96,3.6,8.234946871310507,3.942652329749104,1.9103494570582429,230.22727272727272,2305.46"
"633944,Membership Drive,2023-06-11,New Users,App,3253,778,27,1503.71,8547.83,3.5,23.91638487549954,3.470437017994859,5.684493685617572,55.692962962962966,7044.12"
"451132,Category Promotion,2023-06-11,All,Email,2417,717,45,4175.39,3018.22,2.83,29.664873810508897,6.2761506276150625,0.7228594215151158,92.78644444444446,-1157.1700000000005"
"703847,App Push Notification,2023-06-11,Inactive,Sms,5579,291,46,3716.51,6510.25,2.48,5.21598852841011,15.807560137457044,1.7517106102230318,80.79369565217392,2793.74"
"796512,Email Campaign,2023-06-11,New Users,Social Media,3238,254,25,3629.91,2185.67,3.13,7.8443483631871525,9.84251968503937,0.6021278764487275,145.19639999999998,-1444.2399999999998"
"674767,Referral Program,2023-06-11,Inactive,Sms,8384,376,94,3637.26,7582.97,3.61,4.484732824427481,25.0,2.0848028460984365,38.69425531914894,3945.71"
"642178,New User Discount,2023-06-10,New Users,App,1642,246,39,3213.01,9571.06,2.84,14.981729598051158,15.853658536585366,2.9788453817448435,82.3848717948718,6358.049999999999"
"17254,Weekend Special,2023-06-10,Inactive,App,9009,599,38,3378.6,9573.46,3.41,6.6489066489066495,6.3439065108514185,2.833558278576925,88.91052631578947,6194.859999999999"
"753753,Festival Offer,2023-06-10,Premium,Sms,6353,729,65,3055.02,5270.67,3.38,11.474893750983787,8.916323731138547,1.7252489345405269,47.00030769230769,2215.65"
"378111,Flash Sale,2023-06-10,Premium,App,1473,904,26,1558.75,6339.54,3.28,61.37135098438561,2.8761061946902653,4.067066559743384,59.95192307692308,4780.79"
"269649,Membership Drive,2023-06-10,New Users,App,2292,346,37,2520.85,9149.52,3.74,15.095986038394415,10.69364161849711,3.6295376559493824,68.13108108108108,6628.67"
"795124,Category Promotion,2023-06-10,Premium,Social Media,6741,815,38,3588.59,2006.21,2.21,12.090194333184987,4.662576687116564,0.5590524412095002,94.43657894736843,-1582.38"
"917664,App Push Notification,2023-06-10,Inactive,Sms,9059,315,64,2529.12,7126.76,3.01,3.4772049895131913,20.317460317460316,2.817881318403239,39.5175,4597.64"
"171648,Email Campaign,2023-06-10,New Users,Sms,3087,687,51,3512.53,4414.07,1.54,22.25461613216715,7.423580786026202,1.2566640000227756,68.87313725490196,901.5399999999995"
"837766,Referral Program,2023-06-10,Inactive,Social Media,7616,147,95,4275.82,2986.11,3.26,1.9301470588235294,64.62585034013605,0.6983713065564033,45.008631578947366,-1289.7099999999996"
"35201,New User Discount,2023-06-09,New Users,App,2094,275,49,2507.89,9695.51,2.96,13.132760267430754,17.81818181818182,3.86600289486381,51.18142857142857,7187.620000000001"
"707345,Weekend Special,2023-06-09,New Users,Sms,1194,302,53,1206.21,5692.15,3.77,25.29313232830821,17.549668874172188,4.719037315227033,22.75867924528302,4485.94"
"457791,Festival Offer,2023-06-09,New Users,App,3149,234,11,1315.22,6559.49,1.59,7.430930454112417,4.700854700854701,4.987370934140296,119.56545454545454,5244.2699999999995"
"225199,Flash Sale,2023-06-09,Premium,App,3778,512,83,1351.79,7406.28,1.51,13.552143991529912,16.2109375,5.478868759200763,16.286626506024096,6054.49"
"956733,Membership Drive,2023-06-09,New Users,App,5807,550,26,3989.78,9582.55,3.68,9.471327707938695,4.7272727272727275,2.4017740326534294,153.45307692307694,5592.769999999999"
"906705,Category Promotion,2023-06-09,All,Social Media,6928,108,31,4835.71,9683.02,1.82,1.558891454965358,28.703703703703702,2.002398820442086,155.99064516129033,4847.31"
"225007,App Push Notification,2023-06-09,Inactive,Social Media,6875,914,19,1892.68,2233.64,2.33,13.294545454545453,2.0787746170678334,1.1801466703299024,99.61473684210527,340.9599999999998"
"532712,Email Campaign,2023-06-09,All,Sms,4207,387,42,1066.1,5823.31,2.94,9.198954124078917,10.852713178294573,5.462254947941094,25.383333333333333,4757.210000000001"
"876064,Referral Program,2023-06-09,New Users,Social Media,7303,702,13,2838.83,5063.25,2.19,9.612488018622484,1.8518518518518516,1.7835692873472522,218.37153846153845,2224.42"
"763587,New User Discount,2023-06-08,New Users,Email,1290,837,18,2175.58,5868.02,1.83,64.88372093023256,2.1505376344086025,2.6972209709594686,120.86555555555555,3692.4400000000005"
"424584,Weekend Special,2023-06-08,Premium,Email,2297,371,56,3008.85,9441.19,3.64,16.15150195907706,15.09433962264151,3.1378068032637056,53.729464285714286,6432.34"
"182690,Festival Offer,2023-06-08,Premium,App,7433,251,37,2973.35,4816.82,3.55,3.3768330418404413,14.741035856573706,1.6199976457531067,80.3608108108108,1843.4699999999998"
"284073,Flash Sale,2023-06-08,Inactive,Email,5697,843,19,2582.57,8482.91,1.68,14.797261716692997,2.2538552787663106,3.284677666045838,135.92473684210526,5900.34"
"717556,Membership Drive,2023-06-08,Inactive,Email,6945,160,53,4428.9,7078.07,2.07,2.3038156947444204,33.125,1.5981552981552982,83.56415094339621,2649.17"
"976412,Category Promotion,2023-06-08,Premium,Social Media,6231,697,57,4661.65,8804.22,2.55,11.186005456588028,8.17790530846485,1.8886488689627063,81.78333333333333,4142.57"
"744926,App Push Notification,2023-06-08,New Users,Sms,6573,163,85,2220.33,2312.97,3.78,2.479841776966378,52.14723926380368,1.0417235275837375,26.121529411764705,92.63999999999987"
"49757,Email Campaign,2023-06-08,All,App,7805,292,99,1006.57,8402.5,2.86,3.7411915438821266,33.9041095890411,8.347655900732189,10.167373737373739,7395.93"
"171468,Referral Program,2023-06-08,Premium,Sms,7995,766,44,2717.25,7512.68,3.79,9.580988117573483,5.7441253263707575,2.7648100101205264,61.75568181818182,4795.43"
"485933,New User Discount,2023-06-07,Inactive,Email,1297,583,77,1984.37,9403.3,2.4,44.94988434849653,13.20754716981132,4.738682806129905,25.77103896103896,7418.929999999999"
"40931,Weekend Special,2023-06-07,Premium,Sms,2369,517,28,4252.68,3323.87,1.94,21.82355424229633,5.415860735009671,0.781594194719565,151.8814285714286,-928.8100000000004"
"326526,Festival Offer,2023-06-07,All,App,7823,712,99,1070.54,5989.36,2.0,9.101367761728238,13.904494382022472,5.594709212173296,10.813535353535354,4918.82"
"285081,Flash Sale,2023-06-07,Premium,Social Media,1323,746,97,4557.34,5022.52,2.89,56.3869992441421,13.002680965147453,1.102072700303247,46.98288659793815,465.1800000000003"
"784977,Membership Drive,2023-06-07,Premium,Email,2685,863,94,1566.57,7286.54,2.34,32.141527001862194,10.89223638470452,4.651269971976994,16.66563829787234,5719.97"
"893735,Category Promotion,2023-06-07,New Users,Sms,8952,648,38,4062.51,2927.1,2.11,7.238605898123325,5.864197530864197,0.7205151495011703,106.90815789473685,-1135.4100000000003"
"41094,App Push Notification,2023-06-07,New Users,Email,2471,642,64,4045.98,5552.56,3.91,25.981384055038447,9.968847352024921,1.372364668139734,63.2184375,1506.5800000000004"
"462395,Email Campaign,2023-06-07,Inactive,Sms,7274,873,98,1153.43,8169.68,3.66,12.001649711300523,11.225658648339062,7.082943915105381,11.76969387755102,7016.25"
"247777,Referral Program,2023-06-07,Inactive,Email,2509,552,47,1595.51,9398.25,2.56,22.00079713033081,8.51449275362319,5.8904362868299165,33.94702127659574,7802.74"
"411048,New User Discount,2023-06-06,All,App,6635,455,25,2099.3,9378.71,3.57,6.857573474001508,5.4945054945054945,4.4675415614728715,83.97200000000001,7279.409999999999"
"698231,Weekend Special,2023-06-06,Premium,Email,6425,976,57,2806.21,5759.19,3.4,15.190661478599221,5.84016393442623,2.052301859091087,49.23175438596491,2952.9799999999996"
"689019,Festival Offer,2023-06-06,Premium,Sms,7434,418,53,4683.18,4640.34,2.44,5.622814097390369,12.679425837320574,0.9908523695437715,88.36188679245284,-42.840000000000146"
"663091,Flash Sale,2023-06-06,All,App,5756,530,14,4207.9,5316.03,1.9,9.207783182765809,2.6415094339622645,1.26334513652891,300.5642857142857,1108.13"
"721775,Membership Drive,2023-06-06,Inactive,Email,1375,707,65,1649.25,9822.15,3.58,51.41818181818182,9.193776520509193,5.955525238744884,25.373076923076923,8172.9"
"835356,Category Promotion,2023-06-06,All,Social Media,3237,418,39,4269.68,3217.93,2.87,12.913191226444237,9.330143540669857,0.7536700642671113,109.47897435897437,-1051.7500000000005"
"893210,App Push Notification,2023-06-06,Inactive,Email,5680,440,76,1360.36,4783.8,3.0,7.746478873239436,17.272727272727273,3.516569143462025,17.899473684210523,3423.4400000000005"
"268419,Email Campaign,2023-06-06,Inactive,Email,8304,919,60,4526.3,5476.0,3.84,11.066955684007706,6.528835690968444,1.2098181737843272,75.43833333333333,949.6999999999998"
"985626,Referral Program,2023-06-06,Premium,Sms,9646,185,41,2985.31,6802.5,1.65,1.9178934273273895,22.162162162162165,2.278657827830276,72.81243902439024,3817.19"
"636553,New User Discount,2023-06-05,Premium,Email,1709,741,21,4067.01,4039.3,3.71,43.358689291983616,2.834008097165992,0.9931866407999981,193.66714285714286,-27.710000000000036"
"948478,Weekend Special,2023-06-05,Inactive,Sms,9971,524,56,3312.09,3390.7,3.56,5.255240196570053,10.687022900763358,1.0237342584289677,59.144464285714285,78.60999999999967"
"595859,Festival Offer,2023-06-05,Inactive,Sms,2570,852,12,2363.86,9723.35,2.15,33.15175097276264,1.4084507042253522,4.113335815149798,196.98833333333334,7359.49"
"699427,Flash Sale,2023-06-05,New Users,Sms,3072,574,58,4457.72,6890.33,2.46,18.684895833333336,10.104529616724738,1.5457072225263138,76.85724137931035,2432.6099999999997"
"800353,Membership Drive,2023-06-05,New Users,App,7831,330,20,4609.61,2173.09,3.13,4.214021197803601,6.0606060606060606,0.471425999162619,230.48049999999998,-2436.5199999999995"
"338070,Category Promotion,2023-06-05,Inactive,App,1081,303,42,2049.84,6936.62,1.64,28.02960222016651,13.861386138613863,3.383981188775709,48.80571428571429,4886.78"
"821806,App Push Notification,2023-06-05,New Users,App,8763,138,46,3480.85,4810.86,1.86,1.574803149606299,33.33333333333333,1.382093454185041,75.67065217391304,1330.0099999999998"
"61068,Email Campaign,2023-06-05,Premium,Email,5700,685,40,4073.06,8323.42,3.63,12.017543859649123,5.839416058394161,2.043529925903375,101.8265,4250.360000000001"
"486447,Referral Program,2023-06-05,New Users,App,1983,800,54,3361.02,8495.18,1.72,40.34291477559254,6.75,2.527560085926296,62.24111111111111,5134.16"
"318398,New User Discount,2023-06-04,Inactive,Email,3618,460,49,3417.46,2724.52,2.33,12.71420674405749,10.652173913043478,0.7972353736400718,69.74408163265306,-692.94"
"56958,Weekend Special,2023-06-04,New Users,Email,3044,581,93,1177.56,4539.82,3.81,19.086727989487517,16.00688468158348,3.8552770134855123,12.661935483870968,3362.2599999999998"
"130716,Festival Offer,2023-06-04,All,Social Media,4120,115,65,4101.46,7378.76,2.72,2.7912621359223304,56.52173913043478,1.7990569211939162,63.099384615384615,3277.3"
"148626,Flash Sale,2023-06-04,Inactive,Email,9738,418,45,2066.19,6388.15,3.8,4.2924625179708364,10.76555023923445,3.091753420546997,45.915333333333336,4321.959999999999"
"325150,Membership Drive,2023-06-04,Inactive,Email,6036,246,51,4362.18,2403.82,2.48,4.075546719681909,20.73170731707317,0.5510593327189616,85.5329411764706,-1958.3600000000001"
"196212,Category Promotion,2023-06-04,Inactive,App,8644,727,74,4223.43,3046.09,2.93,8.410458121240167,10.178817056396149,0.7212360569489727,57.07337837837838,-1177.3400000000001"
"465873,App Push Notification,2023-06-04,Premium,App,4749,168,97,2996.45,3237.62,2.71,3.5375868603916616,57.738095238095234,1.080485240868361,30.89123711340206,241.17000000000007"
"717018,Email Campaign,2023-06-04,Inactive,App,2462,988,48,1074.4,7441.01,3.5,40.12997562956945,4.8582995951417,6.925735294117647,22.383333333333336,6366.610000000001"
"584175,Referral Program,2023-06-04,New Users,Social Media,7061,527,89,3990.71,8065.38,3.83,7.463532077609404,16.888045540796963,2.021038862758757,44.839438202247194,4074.67"
"905779,New User Discount,2023-06-03,Inactive,Email,6475,815,92,4561.17,5940.69,3.68,12.586872586872586,11.28834355828221,1.3024487138168495,49.57793478260869,1379.5199999999995"
"390676,Weekend Special,2023-06-03,New Users,Social Media,3936,489,19,3341.3,5816.26,3.74,12.423780487804878,3.885480572597137,1.7407176847334869,175.85789473684213,2474.96"
"95720,Festival Offer,2023-06-03,New Users,Social Media,2982,789,90,4994.4,2464.03,2.42,26.458752515090545,11.406844106463879,0.4933585615889797,55.49333333333333,-2530.3699999999994"
"86995,Flash Sale,2023-06-03,Inactive,App,6088,781,66,4076.19,9543.06,3.35,12.828515111695138,8.450704225352112,2.3411715351835904,61.76045454545454,5466.869999999999"
"500656,Membership Drive,2023-06-03,New Users,App,4594,548,42,2595.32,3104.64,2.7,11.928602525032652,7.664233576642336,1.1962455496817348,61.79333333333334,509.3199999999997"
"164983,Category Promotion,2023-06-03,New Users,Email,2100,493,51,3052.21,8986.16,3.32,23.476190476190474,10.344827586206897,2.944148666048535,59.84725490196079,5933.95"
"698392,App Push Notification,2023-06-03,Premium,Social Media,5745,999,53,3512.61,4534.84,2.4,17.389033942558747,5.305305305305305,1.2910172208130137,66.27566037735849,1022.23"
"888795,Email Campaign,2023-06-03,All,Social Media,1281,239,50,4295.74,3307.01,1.62,18.657298985167838,20.920502092050206,0.7698347665361499,85.9148,-988.7299999999996"
"877692,Referral Program,2023-06-03,Inactive,Email,6633,614,89,3646.09,9565.98,1.77,9.256746570179406,14.495114006514658,2.623626953805309,40.96730337078652,5919.889999999999"
"502324,New User Discount,2023-06-02,Inactive,App,3670,564,42,1794.97,2459.6,2.22,15.36784741144414,7.446808510638298,1.3702735978874299,42.73738095238095,664.6299999999999"
"970084,Weekend Special,2023-06-02,New Users,Email,3703,112,68,3703.4,9735.77,3.54,3.0245746691871456,60.71428571428571,2.628873467624345,54.46176470588235,6032.370000000001"
"715962,Festival Offer,2023-06-02,Inactive,App,3484,314,63,3056.46,2920.09,2.12,9.012629161882893,20.063694267515924,0.9553830248064755,48.5152380952381,-136.3699999999999"
"489080,Flash Sale,2023-06-02,Premium,App,4785,332,76,1890.89,9344.18,2.74,6.938349007314525,22.89156626506024,4.941683545843492,24.88013157894737,7453.29"
"743717,Membership Drive,2023-06-02,New Users,Sms,4890,533,18,1227.4,9068.41,3.2,10.899795501022496,3.377110694183865,7.38830861984683,68.1888888888889,7841.01"
"837699,Category Promotion,2023-06-02,Premium,Sms,1527,612,53,3240.11,6536.12,2.71,40.078585461689585,8.660130718954248,2.017252500686705,61.13415094339623,3296.0099999999998"
"153735,App Push Notification,2023-06-02,Premium,Sms,3591,612,90,3503.65,5937.43,3.19,17.042606516290725,14.705882352941178,1.694641302641531,38.92944444444444,2433.78"
"19412,Email Campaign,2023-06-02,All,App,4784,241,32,3372.36,8273.65,1.84,5.037625418060201,13.278008298755188,2.4533709331150884,105.38625,4901.289999999999"
"18874,Referral Program,2023-06-02,All,Email,6897,236,89,2341.18,2705.61,1.91,3.42177758445701,37.71186440677966,1.1556608206118284,26.305393258426964,364.4300000000003"
"805673,New User Discount,2023-06-01,Inactive,Email,7589,548,93,3874.9,3747.72,2.23,7.220977730926341,16.970802919708028,0.9671785078324601,41.66559139784946,-127.18000000000029"
"332876,Weekend Special,2023-06-01,All,Email,6063,733,26,3903.7,6565.62,3.82,12.089724558799274,3.547066848567531,1.6818966621410458,150.1423076923077,2661.92"
"722989,Festival Offer,2023-06-01,New Users,Social Media,5670,471,10,3247.79,7099.74,3.65,8.306878306878307,2.1231422505307855,2.18602187949344,324.779,3851.95"
"251406,Flash Sale,2023-06-01,All,Email,1800,493,61,4331.02,9421.91,3.3,27.38888888888889,12.373225152129818,2.175448277772903,71.00032786885247,5090.889999999999"
"350370,Membership Drive,2023-06-01,All,Email,3446,885,75,4795.86,5077.16,2.39,25.68195008705746,8.47457627118644,1.0586547563940565,63.944799999999994,281.3000000000002"
"138432,Category Promotion,2023-06-01,New Users,Sms,4229,800,26,1416.49,9591.84,3.9,18.917001655237645,3.25,6.771555040981581,54.480384615384615,8175.35"
"386827,App Push Notification,2023-06-01,Inactive,Sms,5244,112,85,4712.44,8653.29,3.39,2.135774218154081,75.89285714285714,1.8362652893193339,55.44047058823529,3940.8500000000013"
"770100,Email Campaign,2023-06-01,Premium,Email,1172,789,69,4737.23,6706.24,2.91,67.32081911262799,8.745247148288973,1.4156458521118882,68.6555072463768,1969.0100000000002"
"813461,Referral Program,2023-06-01,All,Sms,9937,323,94,2416.2,2303.77,2.02,3.2504780114722758,29.102167182662537,0.9534682559390779,25.704255319148935,-112.42999999999984"
"727793,New User Discount,2023-05-31,Inactive,App,2128,477,79,2142.81,3920.9,2.18,22.415413533834585,16.561844863731658,1.829793588792287,27.124177215189874,1778.0900000000001"
"380443,Weekend Special,2023-05-31,All,App,9542,386,19,3228.72,6145.18,1.99,4.045273527562356,4.922279792746114,1.9032867514061302,169.93263157894737,2916.4600000000005"
"850012,Festival Offer,2023-05-31,All,Email,3652,385,63,1465.34,3709.88,2.19,10.542168674698797,16.363636363636363,2.5317537226855205,23.25936507936508,2244.54"
"254918,Flash Sale,2023-05-31,Premium,App,2275,814,30,3896.3,7958.64,1.51,35.78021978021978,3.6855036855036856,2.0426147883889842,129.87666666666667,4062.34"
"447700,Membership Drive,2023-05-31,All,Social Media,6671,803,49,4763.33,5684.55,1.72,12.03717583570679,6.102117061021171,1.193398315884056,97.2108163265306,921.2200000000003"
"951138,Category Promotion,2023-05-31,Inactive,Sms,1981,741,72,2700.0,5350.12,1.68,37.40535083291267,9.7165991902834,1.981525925925926,37.5,2650.12"
"391056,App Push Notification,2023-05-31,New Users,App,1497,854,87,2878.23,5732.71,2.06,57.047428189712754,10.187353629976581,1.9917484009269586,33.083103448275864,2854.48"
"673857,Email Campaign,2023-05-31,New Users,Email,8475,751,63,3744.16,3709.46,2.05,8.861356932153393,8.388814913448735,0.990732233665228,59.43111111111111,-34.69999999999982"
"126509,Referral Program,2023-05-31,Inactive,Sms,8961,407,55,1928.66,7535.75,3.26,4.5419038053788645,13.513513513513514,3.9072464820134183,35.066545454545455,5607.09"
"643416,New User Discount,2023-05-30,Inactive,App,7041,486,12,4702.71,4736.4,1.91,6.902428632296549,2.4691358024691357,1.0071639544007602,391.8925,33.6899999999996"
"167455,Weekend Special,2023-05-30,Inactive,Email,6545,460,88,1055.0,6865.87,2.23,7.028265851795264,19.130434782608695,6.507933649289099,11.988636363636363,5810.87"
"80814,Festival Offer,2023-05-30,New Users,Email,9761,460,63,4678.02,8689.9,1.8,4.712631902469009,13.695652173913043,1.857602147917281,74.25428571428571,4011.879999999999"
"922087,Flash Sale,2023-05-30,All,Sms,1616,726,75,3900.24,8308.11,1.71,44.92574257425743,10.330578512396695,2.1301535290135996,52.0032,4407.870000000001"
"235061,Membership Drive,2023-05-30,Inactive,Social Media,3547,191,25,3814.6,5656.97,2.93,5.384832252607838,13.089005235602095,1.4829785560740314,152.584,1842.3700000000003"
"171448,Category Promotion,2023-05-30,Inactive,Sms,2793,332,55,4070.81,3319.26,1.52,11.886860007160758,16.566265060240966,0.8153807227554222,74.01472727272727,-751.5499999999997"
"229811,App Push Notification,2023-05-30,All,App,2005,884,82,2318.16,5237.14,2.14,44.089775561097255,9.276018099547512,2.25917969424026,28.270243902439024,2918.9800000000005"
"635603,Email Campaign,2023-05-30,Inactive,Social Media,2494,460,52,4544.56,7422.52,2.84,18.444266238973537,11.304347826086957,1.6332758286830849,87.39538461538463,2877.96"
"642121,Referral Program,2023-05-30,Inactive,Sms,7246,295,57,2682.13,5728.17,3.76,4.071211703008556,19.322033898305087,2.135679478623333,47.05491228070176,3046.04"
"22916,New User Discount,2023-05-29,Premium,App,3611,533,38,4786.95,5036.45,2.23,14.760454167820548,7.129455909943714,1.0521208702827478,125.97236842105262,249.5"
"336790,Weekend Special,2023-05-29,All,Email,3173,237,79,2500.72,3972.07,2.07,7.469271982351088,33.33333333333333,1.588370549281807,31.654683544303793,1471.3500000000004"
"954347,Festival Offer,2023-05-29,New Users,Social Media,4934,202,33,3145.79,2408.05,1.84,4.094041345764086,16.33663366336634,0.7654833920891096,95.3269696969697,-737.7399999999998"
"828331,Flash Sale,2023-05-29,New Users,Sms,4967,795,66,2471.03,5679.07,2.41,16.005637205556674,8.30188679245283,2.2982602396571465,37.43984848484849,3208.0399999999995"
"689707,Membership Drive,2023-05-29,Premium,Sms,2316,800,58,1493.02,3450.01,3.5,34.542314335060446,7.249999999999999,2.3107594004099075,25.741724137931033,1956.9900000000002"
"769466,Category Promotion,2023-05-29,Inactive,Sms,7999,953,95,2016.56,2802.87,2.15,11.913989248656081,9.968520461699896,1.3899264093307415,21.22694736842105,786.31"
"152082,App Push Notification,2023-05-29,New Users,Email,9261,294,93,2337.25,7010.37,3.22,3.1746031746031744,31.63265306122449,2.9994095625200554,25.131720430107528,4673.12"
"103827,Email Campaign,2023-05-29,Premium,Social Media,2912,405,71,1833.72,2287.58,2.84,13.907967032967033,17.530864197530864,1.2475077983552558,25.827042253521128,453.8599999999999"
"387710,Referral Program,2023-05-29,Inactive,Social Media,3932,451,19,2448.26,6924.12,2.09,11.46998982706002,4.212860310421286,2.828180013560651,128.8557894736842,4475.86"
"104955,New User Discount,2023-05-28,Premium,Email,9262,560,53,1657.42,5616.4,1.51,6.046210321744764,9.464285714285714,3.388640175694754,31.272075471698116,3958.9799999999996"
"529135,Weekend Special,2023-05-28,New Users,Social Media,7513,200,36,4026.88,5110.0,2.17,2.662052442433116,18.0,1.2689725047679592,111.85777777777778,1083.12"
"110811,Festival Offer,2023-05-28,Premium,Social Media,2071,668,27,2354.9,2587.06,2.61,32.25494929985514,4.04191616766467,1.098585927215593,87.21851851851852,232.15999999999985"
"425660,Flash Sale,2023-05-28,New Users,App,5970,743,70,3235.8,6256.18,2.03,12.445561139028475,9.421265141318976,1.933426046109154,46.22571428571429,3020.38"
"699355,Membership Drive,2023-05-28,Premium,Sms,7335,318,74,3278.28,2723.44,2.44,4.335378323108385,23.270440251572328,0.8307527117878888,44.30108108108109,-554.8400000000001"
"54529,Category Promotion,2023-05-28,Premium,Social Media,8634,825,79,2733.58,2227.59,1.67,9.555246699096594,9.575757575757576,0.8148984116067575,34.602278481012654,-505.9899999999998"
"597540,App Push Notification,2023-05-28,Premium,Email,3374,963,94,4855.05,6635.72,3.48,28.54179016004742,9.76116303219107,1.36676656265126,51.649468085106385,1780.67"
"633594,Email Campaign,2023-05-28,All,Sms,9717,823,44,2500.25,3999.43,2.89,8.469692291859628,5.34629404617254,1.5996120387961204,56.82386363636363,1499.1799999999998"
"601834,Referral Program,2023-05-28,New Users,Social Media,5371,688,10,2447.76,8878.31,2.59,12.809532675479426,1.4534883720930232,3.6271162205444973,244.776,6430.549999999999"
"357256,New User Discount,2023-05-27,Inactive,Email,2924,338,40,3502.88,3431.33,3.48,11.559507523939809,11.834319526627219,0.9795739505778102,87.572,-71.55000000000018"
"128641,Weekend Special,2023-05-27,Premium,Social Media,6567,652,53,2608.26,2392.45,2.99,9.928430028932542,8.128834355828221,0.9172590155889365,49.21245283018868,-215.8100000000004"
"821879,Festival Offer,2023-05-27,New Users,Social Media,3401,479,74,4629.14,2655.61,3.36,14.084092913848867,15.44885177453027,0.5736724315963656,62.55594594594595,-1973.5300000000002"
"8471,Flash Sale,2023-05-27,All,Sms,4776,598,26,4970.87,6411.89,3.9,12.520938023450586,4.3478260869565215,1.2898929161293697,191.18730769230768,1441.0200000000004"
"59743,Membership Drive,2023-05-27,All,Email,6728,760,78,4676.56,2483.69,3.88,11.296076099881095,10.263157894736842,0.5310933677746035,59.95589743589744,-2192.8700000000003"
"669836,Category Promotion,2023-05-27,All,App,8321,536,36,4319.61,7058.1,3.03,6.441533469534912,6.7164179104477615,1.633966955350136,119.98916666666666,2738.4900000000007"
"335030,App Push Notification,2023-05-27,All,App,4547,380,36,2215.34,5468.05,1.72,8.35715856608753,9.473684210526317,2.4682667220381522,61.537222222222226,3252.71"
"224993,Email Campaign,2023-05-27,Inactive,Social Media,3125,575,64,4557.63,3868.44,1.76,18.4,11.130434782608695,0.848783249188723,71.21296875,-689.19"
"593512,Referral Program,2023-05-27,New Users,Email,2125,159,43,3290.98,3615.42,3.29,7.482352941176471,27.044025157232703,1.0985846161325805,76.53441860465117,324.44000000000005"
"271488,New User Discount,2023-05-26,Inactive,App,7884,199,53,2683.61,3963.7,3.2,2.524099441907661,26.633165829145728,1.4770029922380672,50.63415094339623,1280.0899999999997"
"757422,Weekend Special,2023-05-26,New Users,App,6078,673,92,1722.81,6445.21,2.03,11.072721289897993,13.670133729569093,3.7411031976828553,18.726195652173914,4722.4"
"929568,Festival Offer,2023-05-26,Premium,App,5965,887,28,3822.58,9317.11,2.57,14.870075440067057,3.1567080045095826,2.4373878375338123,136.5207142857143,5494.530000000001"
"162601,Flash Sale,2023-05-26,New Users,Email,8867,452,58,3225.88,5967.71,2.06,5.0975527235818205,12.831858407079647,1.8499479211873968,55.618620689655174,2741.83"
"998051,Membership Drive,2023-05-26,Premium,Social Media,6555,928,37,3224.24,7077.43,3.1,14.157131960335622,3.9870689655172415,2.1950692256159594,87.14162162162161,3853.1900000000005"
"914426,Category Promotion,2023-05-26,New Users,Social Media,1902,908,18,2997.54,9283.65,1.67,47.73922187171398,1.9823788546255507,3.097089613483056,166.53,6286.11"
"571933,App Push Notification,2023-05-26,Inactive,Email,7386,176,79,2834.39,9337.1,3.15,2.3828865421066885,44.88636363636363,3.294218509097196,35.878354430379744,6502.710000000001"
"985926,Email Campaign,2023-05-26,All,Social Media,3698,796,84,4400.21,2105.74,2.22,21.525148729042726,10.552763819095476,0.4785544326293517,52.383452380952384,-2294.4700000000003"
"172107,Referral Program,2023-05-26,Premium,Email,8074,779,52,4004.93,8535.88,2.59,9.648253653703245,6.675224646983311,2.1313431196050865,77.01788461538462,4530.949999999999"
"585687,New User Discount,2023-05-25,All,App,8366,556,15,4932.54,4414.37,2.78,6.6459478842935695,2.697841726618705,0.8949486471473115,328.836,-518.1700000000001"
"402517,Weekend Special,2023-05-25,New Users,Sms,1553,736,47,3782.54,4133.94,3.94,47.39214423696072,6.385869565217392,1.0929005377339036,80.4795744680851,351.39999999999964"
"92123,Festival Offer,2023-05-25,Inactive,Social Media,2085,688,59,2375.65,2728.75,1.54,32.99760191846523,8.575581395348838,1.1486330057037022,40.26525423728814,353.0999999999999"
"292188,Flash Sale,2023-05-25,New Users,App,7725,570,43,3611.85,3084.04,3.95,7.3786407766990285,7.5438596491228065,0.853867131802262,83.99651162790697,-527.81"
"741446,Membership Drive,2023-05-25,Premium,Social Media,1320,848,73,3574.15,8044.11,2.62,64.24242424242425,8.608490566037736,2.2506358155085824,48.96095890410959,4469.959999999999"
"540653,Category Promotion,2023-05-25,All,Email,5120,806,98,4287.13,2637.49,3.84,15.742187499999998,12.158808933002481,0.6152111085971267,43.74622448979592,-1649.6400000000003"
"172859,App Push Notification,2023-05-25,New Users,Sms,5146,176,67,4470.79,9770.5,1.57,3.4201321414691024,38.06818181818182,2.1854079480360293,66.72820895522388,5299.71"
"447102,Email Campaign,2023-05-25,All,Email,6240,245,85,2035.8,7839.12,1.62,3.926282051282051,34.69387755102041,3.850633657530209,23.950588235294116,5803.32"
"887774,Referral Program,2023-05-25,All,Social Media,5841,672,87,2306.33,9691.95,3.39,11.50487930148947,12.946428571428573,4.202325772981317,26.509540229885058,7385.620000000001"
"980333,New User Discount,2023-05-24,New Users,Email,9783,858,27,2215.15,9447.09,3.51,8.770315854032505,3.146853146853147,4.2647631085930975,82.0425925925926,7231.9400000000005"
"379239,Weekend Special,2023-05-24,Premium,App,5575,194,90,4205.2,5526.17,3.35,3.4798206278026904,46.391752577319586,1.3141277465994483,46.724444444444444,1320.9700000000003"
"893923,Festival Offer,2023-05-24,Premium,Email,4060,362,66,3634.07,3803.65,1.86,8.916256157635468,18.23204419889503,1.0466639332759138,55.06166666666667,169.57999999999993"
"689126,Flash Sale,2023-05-24,Inactive,Social Media,3142,342,65,4014.81,6286.45,1.7,10.884786760025461,19.005847953216374,1.5658150697044193,61.76630769230769,2271.64"
"699420,Membership Drive,2023-05-24,Inactive,Sms,2380,574,17,2111.88,9893.35,2.44,24.11764705882353,2.961672473867596,4.684617497206281,124.22823529411765,7781.47"
"146921,Category Promotion,2023-05-24,All,Social Media,4841,303,30,2839.45,9482.27,2.88,6.2590373889692215,9.900990099009901,3.339474193946011,94.64833333333333,6642.820000000001"
"304963,App Push Notification,2023-05-24,Inactive,Social Media,7157,531,88,4436.07,9671.04,2.11,7.41930976666201,16.57250470809793,2.180091838045838,50.40988636363636,5234.970000000001"
"725674,Email Campaign,2023-05-24,Premium,App,6505,420,62,2275.56,2059.29,3.5,6.456571867794005,14.761904761904763,0.9049596582819174,36.70258064516129,-216.26999999999998"
"464727,Referral Program,2023-05-24,Inactive,App,4373,686,98,3671.76,4587.09,3.71,15.687171278298651,14.285714285714285,1.2492891692267467,37.46693877551021,915.3299999999999"
"828826,New User Discount,2023-05-23,All,Social Media,3409,250,21,3227.9,4806.4,3.9,7.333528894103843,8.4,1.4890176275597136,153.7095238095238,1578.4999999999995"
"163865,Weekend Special,2023-05-23,Premium,Social Media,1635,130,78,1385.45,4387.34,3.37,7.951070336391437,60.0,3.1667256126168395,17.762179487179488,3001.8900000000003"
"881609,Festival Offer,2023-05-23,Premium,Sms,8653,481,24,3608.98,9134.47,2.28,5.558765745984052,4.98960498960499,2.5310392410043834,150.37416666666667,5525.49"
"726165,Flash Sale,2023-05-23,Premium,App,9328,384,19,4633.54,3547.82,1.51,4.1166380789022305,4.947916666666666,0.7656823940227127,243.87052631578948,-1085.7199999999998"
"594913,Membership Drive,2023-05-23,Inactive,Social Media,6876,559,37,2339.56,7800.83,2.97,8.129726585223967,6.618962432915922,3.334314999401597,63.23135135135135,5461.27"
"424752,Category Promotion,2023-05-23,Inactive,Social Media,5719,920,83,2031.55,5147.51,2.74,16.08672844902955,9.021739130434783,2.5337845487435704,24.476506024096384,3115.96"
"511901,App Push Notification,2023-05-23,New Users,Social Media,1449,461,10,2119.85,9087.87,2.85,31.815044858523116,2.1691973969631237,4.287034459985377,211.98499999999999,6968.02"
"745710,Email Campaign,2023-05-23,Inactive,Social Media,8922,583,87,4781.54,6043.32,1.76,6.534409325263393,14.922813036020582,1.2638856937304717,54.96022988505747,1261.7799999999997"
"443697,Referral Program,2023-05-23,Premium,Email,6922,694,31,2767.91,9151.97,2.76,10.026004045073677,4.46685878962536,3.3064550509228985,89.2874193548387,6384.0599999999995"
"725504,New User Discount,2023-05-22,Inactive,Email,1264,865,10,2599.59,7936.39,3.75,68.43354430379746,1.1560693641618496,3.052939117322347,259.959,5336.8"
"593696,Weekend Special,2023-05-22,Premium,App,9432,159,38,1055.13,5290.52,3.62,1.6857506361323156,23.89937106918239,5.01409305014548,27.766578947368423,4235.39"
"861857,Festival Offer,2023-05-22,All,Sms,8367,146,47,4376.09,9735.68,3.66,1.744950400382455,32.19178082191781,2.224744006636061,93.10829787234043,5359.59"
"332755,Flash Sale,2023-05-22,Premium,Social Media,4619,782,11,2313.35,9280.62,3.28,16.930071444035505,1.4066496163682864,4.0117664858322355,210.30454545454543,6967.27"
"760109,Membership Drive,2023-05-22,New Users,Sms,7742,377,64,4111.23,5638.48,3.51,4.869542753810385,16.976127320954905,1.3714825003709352,64.23796875,1527.25"
"146258,Category Promotion,2023-05-22,Premium,Social Media,7729,716,79,3633.66,3503.23,3.39,9.263811618579377,11.033519553072626,0.9641050621136815,45.99569620253165,-130.42999999999984"
"199843,App Push Notification,2023-05-22,All,Email,1630,275,58,4160.92,3507.75,3.89,16.87116564417178,21.09090909090909,0.8430226969035693,71.74,-653.1700000000001"
"78089,Email Campaign,2023-05-22,All,Email,3597,323,46,3079.75,9804.79,3.44,8.979705309980538,14.241486068111456,3.183631788294505,66.95108695652173,6725.040000000001"
"269570,Referral Program,2023-05-22,Premium,App,9200,795,33,3942.72,7479.21,1.59,8.641304347826088,4.150943396226415,1.8969670684197713,119.47636363636363,3536.4900000000002"
"767022,New User Discount,2023-05-21,New Users,Social Media,1037,620,45,4608.97,2443.1,3.73,59.787849566055925,7.258064516129033,0.5300750493060271,102.42155555555556,-2165.8700000000003"
"154831,Weekend Special,2023-05-21,New Users,Social Media,7975,764,12,1143.09,6710.07,3.69,9.579937304075235,1.5706806282722512,5.870115214025143,95.2575,5566.98"
"655044,Festival Offer,2023-05-21,Premium,Sms,9031,699,39,3407.01,4568.62,2.22,7.740006643782527,5.579399141630901,1.340947047411073,87.35923076923078,1161.6099999999997"
"490094,Flash Sale,2023-05-21,New Users,App,7155,631,56,4854.84,5559.44,3.85,8.819007686932215,8.874801901743265,1.1451335162435836,86.69357142857143,704.5999999999995"
"428168,Membership Drive,2023-05-21,Inactive,Sms,9393,571,16,4693.06,2106.99,1.62,6.0789949962738214,2.8021015761821366,0.44895867515011517,293.31625,-2586.0700000000006"
"448094,Category Promotion,2023-05-21,All,Email,4837,492,78,2551.81,3954.98,2.63,10.17159396320033,15.853658536585366,1.5498724434812936,32.71551282051282,1403.17"
"52598,App Push Notification,2023-05-21,Premium,Email,4796,897,99,3865.85,3288.22,2.14,18.703085904920766,11.036789297658862,0.8505813727899427,39.048989898989895,-577.6300000000001"
"795341,Email Campaign,2023-05-21,Premium,Sms,4450,242,93,2131.65,4179.78,2.12,5.438202247191011,38.429752066115704,1.9608190838083173,22.920967741935485,2048.1299999999997"
"786693,Referral Program,2023-05-21,New Users,Social Media,9608,991,46,1449.82,4420.9,1.65,10.314321398834304,4.641775983854692,3.049275082424025,31.51782608695652,2971.08"
"716080,New User Discount,2023-05-20,Inactive,Social Media,2030,566,63,3198.63,7467.71,2.09,27.88177339901478,11.130742049469964,2.334658900841923,50.771904761904764,4269.08"
"226542,Weekend Special,2023-05-20,Premium,App,8000,999,24,3815.1,8880.29,3.53,12.4875,2.4024024024024024,2.3276689995019795,158.9625,5065.1900000000005"
"852556,Festival Offer,2023-05-20,Inactive,App,7485,158,84,2348.43,3279.72,1.69,2.1108884435537743,53.16455696202531,1.3965585518835988,27.9575,931.29"
"797926,Flash Sale,2023-05-20,Inactive,Sms,2195,641,73,3647.57,5904.32,2.72,29.202733485193622,11.388455538221528,1.618699572592164,49.96671232876712,2256.7499999999995"
"225311,Membership Drive,2023-05-20,All,App,7308,105,57,1931.97,5372.46,2.84,1.4367816091954022,54.285714285714285,2.780819577943757,33.89421052631579,3440.49"
"845496,Category Promotion,2023-05-20,Inactive,Social Media,7466,446,31,1462.82,7247.3,3.87,5.973747656040718,6.950672645739911,4.954334778031474,47.18774193548387,5784.4800000000005"
"530817,App Push Notification,2023-05-20,All,Email,8152,865,44,4771.08,6642.73,3.0,10.610893032384691,5.086705202312139,1.3922906344056272,108.43363636363637,1871.6499999999996"
"682797,Email Campaign,2023-05-20,New Users,Social Media,4590,546,89,1627.12,9253.4,3.88,11.895424836601306,16.3003663003663,5.686980677516102,18.282247191011233,7626.28"
"412691,Referral Program,2023-05-20,Premium,App,5998,321,11,4312.75,7287.61,3.73,5.351783927975992,3.4267912772585665,1.689782621297316,392.0681818181818,2974.8599999999997"
"860359,New User Discount,2023-05-19,New Users,Sms,9073,190,93,3194.31,7491.99,3.57,2.0941254270913703,48.94736842105264,2.3454173201724315,34.347419354838706,4297.68"
"966350,Weekend Special,2023-05-19,Premium,Email,8310,936,61,4366.54,5555.01,3.97,11.263537906137184,6.517094017094018,1.2721765974890875,71.58262295081967,1188.4700000000003"
"495600,Festival Offer,2023-05-19,All,Email,1871,685,87,2619.39,9943.88,3.11,36.611437733832176,12.700729927007298,3.7962579073753813,30.107931034482757,7324.49"
"998736,Flash Sale,2023-05-19,Inactive,Sms,6061,197,63,3108.63,4748.99,3.2,3.2502887312324704,31.979695431472084,1.5276793957466792,49.343333333333334,1640.3599999999997"
"497921,Membership Drive,2023-05-19,New Users,App,5895,475,42,3624.61,6787.74,2.09,8.057675996607294,8.842105263157894,1.8726814746965879,86.3002380952381,3163.1299999999997"
"801854,Category Promotion,2023-05-19,New Users,App,1432,100,64,2069.34,2759.29,1.93,6.983240223463687,64.0,1.3334154851305247,32.3334375,689.9499999999998"
"696280,App Push Notification,2023-05-19,Inactive,App,4912,984,55,4671.84,4690.73,3.85,20.03257328990228,5.589430894308943,1.0040433747731086,84.94254545454545,18.889999999999418"
"223682,Email Campaign,2023-05-19,All,Email,3897,838,23,3237.0,6154.37,1.78,21.503720810880164,2.7446300715990453,1.9012573370404695,140.7391304347826,2917.37"
"659617,Referral Program,2023-05-19,Premium,Sms,2025,282,66,1895.95,2235.52,3.09,13.925925925925926,23.404255319148938,1.1791028244415729,28.72651515151515,339.56999999999994"
"111755,New User Discount,2023-05-18,All,Email,4901,342,40,2155.78,4051.32,3.64,6.978167720873291,11.695906432748536,1.8792826726289324,53.89450000000001,1895.54"
"152531,Weekend Special,2023-05-18,New Users,Social Media,7779,322,98,4346.54,8552.15,1.75,4.139349530788019,30.434782608695656,1.967576509131401,44.352448979591834,4205.61"
"198692,Festival Offer,2023-05-18,Inactive,Email,2573,330,26,3661.44,7338.73,2.48,12.825495530509134,7.878787878787878,2.004328897919944,140.82461538461538,3677.2899999999995"
"424620,Flash Sale,2023-05-18,Premium,App,5867,597,41,2342.24,5906.3,2.56,10.175558206920062,6.867671691792294,2.521645945761323,57.12780487804878,3564.0600000000004"
"399294,Membership Drive,2023-05-18,Premium,Email,1833,787,74,3387.71,4482.05,2.75,42.93507910529188,9.40279542566709,1.3230323729008682,45.77986486486486,1094.3400000000001"
"573419,Category Promotion,2023-05-18,All,Sms,1419,958,74,3395.06,8425.04,3.45,67.51233262861169,7.724425887265135,2.4815584997025093,45.87918918918919,5029.980000000001"
"652498,App Push Notification,2023-05-18,All,Email,5595,923,32,1951.84,6666.66,3.81,16.49687220732797,3.4669555796316356,3.4155770964833185,60.995,4714.82"
"476221,Email Campaign,2023-05-18,New Users,Email,8932,868,95,2019.8,8469.72,3.31,9.717868338557993,10.944700460829493,4.19334587582929,21.26105263157895,6449.919999999999"
"333172,Referral Program,2023-05-18,Premium,App,8099,519,87,3615.69,5282.47,2.69,6.408198543030004,16.76300578034682,1.4609853167721791,41.55965517241379,1666.7800000000002"
"836950,New User Discount,2023-05-17,All,Sms,1129,359,77,4383.95,9985.75,3.77,31.798051372896367,21.448467966573816,2.27779742013481,56.93441558441558,5601.8"
"624461,Weekend Special,2023-05-17,Premium,Email,6041,552,32,3314.93,5418.18,2.73,9.13756000662142,5.797101449275362,1.6344779527772835,103.5915625,2103.2500000000005"
"524799,Festival Offer,2023-05-17,All,Social Media,3456,862,87,4344.55,9743.25,2.5,24.94212962962963,10.092807424593968,2.2426373272260647,49.93735632183908,5398.7"
"748629,Flash Sale,2023-05-17,Inactive,Email,6892,563,49,3955.82,8077.33,2.02,8.168891468369123,8.703374777975133,2.041885121163248,80.73102040816327,4121.51"
"160000,Membership Drive,2023-05-17,Inactive,Sms,7740,584,28,3544.44,6340.95,2.79,7.5452196382428935,4.794520547945205,1.7889850018620712,126.58714285714287,2796.5099999999998"
"697974,Category Promotion,2023-05-17,New Users,App,5973,188,24,1076.66,4624.89,1.56,3.147497070149004,12.76595744680851,4.295590065573162,44.86083333333334,3548.2300000000005"
"997865,App Push Notification,2023-05-17,Inactive,App,4064,367,34,3256.24,4827.3,2.18,9.030511811023622,9.264305177111716,1.4824767216175714,95.77176470588235,1571.0600000000004"
"915584,Email Campaign,2023-05-17,All,Social Media,6515,463,64,2714.06,7829.58,3.54,7.106676899462778,13.822894168466524,2.884822000987451,42.4071875,5115.52"
"696161,Referral Program,2023-05-17,Inactive,Email,8097,257,84,2761.41,4383.74,3.47,3.17401506730888,32.68482490272373,1.5875005884674858,32.87392857142857,1622.33"
"593516,New User Discount,2023-05-16,New Users,Sms,8634,708,30,4965.57,6027.94,2.06,8.200138985406532,4.23728813559322,1.2139472406994565,165.51899999999998,1062.37"
"679337,Weekend Special,2023-05-16,All,Sms,9915,481,57,3713.96,4064.65,2.98,4.851235501765003,11.85031185031185,1.0944248187918018,65.15719298245614,350.69000000000005"
"583577,Festival Offer,2023-05-16,Premium,Email,5138,598,63,1690.7,9992.76,3.45,11.638769949396652,10.535117056856187,5.910427633524575,26.83650793650794,8302.06"
"448415,Flash Sale,2023-05-16,New Users,App,8967,126,79,4963.72,8440.25,3.85,1.405152224824356,62.698412698412696,1.7003880154400328,62.831898734177216,3476.5299999999997"
"934062,Membership Drive,2023-05-16,All,App,5428,567,22,3999.89,4399.76,3.91,10.445836403831981,3.880070546737213,1.0999702491818526,181.81318181818182,399.87000000000035"
"650093,Category Promotion,2023-05-16,Premium,Social Media,9181,894,93,2995.42,6519.68,3.25,9.737501361507462,10.40268456375839,2.1765495322859567,32.20881720430108,3524.26"
"735186,App Push Notification,2023-05-16,All,App,8012,785,26,4604.77,2931.72,3.66,9.797803295057413,3.3121019108280256,0.6366702354297825,177.1065384615385,-1673.0500000000006"
"336779,Email Campaign,2023-05-16,New Users,Social Media,1436,800,18,1213.86,7146.98,3.34,55.71030640668524,2.25,5.887812433064768,67.43666666666667,5933.12"
"435981,Referral Program,2023-05-16,Inactive,Sms,2997,256,50,1878.3,7947.33,2.75,8.541875208541876,19.53125,4.231129212585849,37.566,6069.03"
"970628,New User Discount,2023-05-15,All,Email,1458,883,96,1667.03,9824.17,3.63,60.56241426611797,10.87202718006795,5.893217278633258,17.364895833333332,8157.14"
"64454,Weekend Special,2023-05-15,Inactive,Social Media,4536,628,47,3309.39,3421.24,1.9,13.844797178130511,7.484076433121019,1.033797769377438,70.41255319148937,111.84999999999991"
"989288,Festival Offer,2023-05-15,All,Sms,2666,553,97,1050.76,6751.72,3.61,20.742685671417853,17.540687160940323,6.42555864326773,10.832577319587628,5700.96"
"17827,Flash Sale,2023-05-15,All,Email,3256,289,91,1968.37,6523.2,2.09,8.875921375921376,31.4878892733564,3.314011085314245,21.63043956043956,4554.83"
"684574,Membership Drive,2023-05-15,New Users,Email,6471,313,43,1051.0,6833.46,1.57,4.836964920414156,13.738019169329075,6.5018648905804,24.441860465116278,5782.46"
"187926,Category Promotion,2023-05-15,New Users,Social Media,4778,267,77,2565.27,7402.77,2.82,5.588112180828799,28.83895131086142,2.885766410553275,33.31519480519481,4837.5"
"115385,App Push Notification,2023-05-15,Inactive,Sms,1128,913,13,1856.37,8250.26,2.1,80.93971631205675,1.4238773274917853,4.4442972036824555,142.7976923076923,6393.89"
"489166,Email Campaign,2023-05-15,All,Social Media,3093,203,78,1610.75,9035.59,3.06,6.563207242159716,38.42364532019704,5.609554555331368,20.650641025641026,7424.84"
"16774,Referral Program,2023-05-15,New Users,App,7840,315,32,1628.5,6223.44,3.45,4.017857142857143,10.158730158730158,3.8215781393920785,50.890625,4594.94"
"931273,New User Discount,2023-05-14,New Users,Sms,1472,771,13,4904.82,7893.06,2.68,52.377717391304344,1.6861219195849546,1.609245599226883,377.2938461538461,2988.2400000000007"
"824412,Weekend Special,2023-05-14,New Users,App,8099,327,74,2393.83,2682.42,3.52,4.037535498209655,22.629969418960243,1.1205557621050786,32.34905405405405,288.59000000000015"
"558754,Festival Offer,2023-05-14,New Users,Sms,4050,467,80,1447.59,2943.29,1.59,11.530864197530864,17.130620985010705,2.0332345484564,18.094875,1495.7"
"240519,Flash Sale,2023-05-14,Premium,Email,3894,694,97,1870.39,9762.51,3.42,17.822290703646637,13.976945244956774,5.21950502301659,19.282371134020618,7892.12"
"933333,Membership Drive,2023-05-14,All,Email,9026,933,79,3755.75,5240.48,2.84,10.336804786173277,8.467309753483388,1.39532183984557,47.54113924050633,1484.7299999999996"
"136074,Category Promotion,2023-05-14,Inactive,Social Media,9292,482,11,4096.0,3484.87,1.89,5.187257856220405,2.2821576763485476,0.85079833984375,372.3636363636364,-611.1300000000001"
"36759,App Push Notification,2023-05-14,New Users,Email,7422,812,57,2883.81,9742.37,1.54,10.940447318782,7.0197044334975365,3.37829815417798,50.59315789473684,6858.560000000001"
"956541,Email Campaign,2023-05-14,All,App,1790,957,63,4042.33,7574.75,2.15,53.46368715083799,6.583072100313479,1.8738574040219378,64.16396825396825,3532.42"
"849059,Referral Program,2023-05-14,All,Sms,9157,544,12,3730.72,3156.47,3.45,5.940810309053184,2.2058823529411766,0.8460752884161771,310.8933333333333,-574.25"
"163857,New User Discount,2023-05-13,Inactive,Social Media,4659,549,23,2561.63,9141.66,1.88,11.783644558918223,4.189435336976321,3.568688686500392,111.37521739130435,6580.03"
"21048,Weekend Special,2023-05-13,All,Social Media,6701,715,31,1156.09,7542.31,1.79,10.670049246381136,4.335664335664335,6.523981696926711,37.29322580645161,6386.22"
"51352,Festival Offer,2023-05-13,New Users,App,2185,157,66,4498.95,5350.64,3.54,7.185354691075514,42.038216560509554,1.1893086164549507,68.16590909090908,851.6900000000005"
"602174,Flash Sale,2023-05-13,Premium,Sms,3197,344,75,2565.9,7676.89,3.63,10.760087582108227,21.802325581395348,2.991889785260532,34.212,5110.99"
"470591,Membership Drive,2023-05-13,Premium,Social Media,5111,625,10,2761.91,9749.57,2.01,12.22852670710233,1.6,3.530010029291324,276.191,6987.66"
"767585,Category Promotion,2023-05-13,Premium,Email,7895,997,83,4816.44,5470.79,1.76,12.628245725142495,8.324974924774322,1.1358576043716937,58.02939759036144,654.3500000000004"
"483179,App Push Notification,2023-05-13,Inactive,Social Media,8467,947,36,2846.47,6271.59,2.75,11.18459903153419,3.8014783526927136,2.203286878133267,79.06861111111111,3425.1200000000003"
"847895,Email Campaign,2023-05-13,New Users,Sms,2415,838,78,3556.84,7048.13,3.51,34.69979296066252,9.307875894988067,1.981570720077372,45.600512820512826,3491.29"
"895242,Referral Program,2023-05-13,Premium,App,2241,105,74,1606.96,8635.18,2.34,4.685408299866131,70.47619047619048,5.3736122865534925,21.715675675675676,7028.22"
"924043,New User Discount,2023-05-12,Inactive,App,8550,486,89,2206.49,3029.02,3.82,5.684210526315789,18.31275720164609,1.3727775788696075,24.79202247191011,822.5300000000002"
"127407,Weekend Special,2023-05-12,New Users,Social Media,4679,322,62,2376.58,9638.16,1.86,6.881812353066895,19.25465838509317,4.055474673690766,38.331935483870964,7261.58"
"550201,Festival Offer,2023-05-12,All,Social Media,1195,153,11,4244.67,9038.57,3.1,12.803347280334728,7.18954248366013,2.129392862107066,385.8790909090909,4793.9"
"37189,Flash Sale,2023-05-12,New Users,Social Media,3574,237,26,2570.46,3802.92,2.76,6.631225517627308,10.970464135021098,1.47947060059289,98.86384615384615,1232.46"
"68501,Membership Drive,2023-05-12,Premium,Sms,8379,721,77,2955.57,8980.91,2.74,8.60484544695071,10.679611650485436,3.038638908907588,38.384025974025974,6025.34"
"275016,Category Promotion,2023-05-12,All,Sms,1181,748,47,1510.24,2351.9,3.05,63.336155800169344,6.283422459893048,1.557302150651552,32.13276595744681,841.6600000000001"
"506222,App Push Notification,2023-05-12,New Users,App,4647,880,76,2772.02,3812.75,1.61,18.93694856896923,8.636363636363637,1.3754410141340971,36.47394736842105,1040.73"
"524490,Email Campaign,2023-05-12,All,Social Media,7262,268,96,1897.05,7945.95,2.11,3.6904434040209306,35.82089552238806,4.188582272475686,19.7609375,6048.9"
"864140,Referral Program,2023-05-12,All,Email,2879,665,40,1212.32,6783.54,2.12,23.098298020145883,6.015037593984962,5.595502837534645,30.308,5571.22"
"733736,New User Discount,2023-05-11,Premium,Social Media,4052,544,75,1319.8,4403.52,3.18,13.425468904244816,13.786764705882353,3.3365055311410825,17.59733333333333,3083.7200000000003"
"325390,Weekend Special,2023-05-11,New Users,Sms,4058,329,54,2570.61,8558.83,1.67,8.10744208969936,16.41337386018237,3.3294937777414697,47.60388888888889,5988.219999999999"
"981182,Festival Offer,2023-05-11,Premium,Sms,6182,877,91,4498.48,3360.27,3.0,14.186347460368811,10.376282782212087,0.7469789795664314,49.43384615384615,-1138.2099999999996"
"465503,Flash Sale,2023-05-11,Premium,Email,1263,154,68,2137.68,4163.69,2.34,12.193190815518607,44.15584415584416,1.9477611242094233,31.43647058823529,2026.0099999999998"
"235131,Membership Drive,2023-05-11,New Users,App,3814,608,44,2747.55,9350.96,1.97,15.941269008914524,7.236842105263158,3.403381194154792,62.44431818181818,6603.409999999999"
"818661,Category Promotion,2023-05-11,Premium,App,7272,363,24,2576.11,6645.25,2.9,4.991749174917492,6.6115702479338845,2.579567642686065,107.33791666666667,4069.14"
"769087,App Push Notification,2023-05-11,All,Sms,1721,211,20,4935.87,3652.05,2.45,12.260313771063336,9.47867298578199,0.7398999568465134,246.7935,-1283.8199999999997"
"23763,Email Campaign,2023-05-11,Premium,App,1868,547,92,4430.56,7795.23,2.18,29.282655246252677,16.819012797074954,1.7594231880394349,48.15826086956522,3364.669999999999"
"605119,Referral Program,2023-05-11,All,Sms,3371,439,28,2000.59,2927.71,1.51,13.022841886680512,6.378132118451026,1.463423290129412,71.44964285714285,927.1200000000001"
"22873,New User Discount,2023-05-10,Premium,Email,4915,238,15,2770.37,9548.93,2.43,4.842319430315361,6.302521008403361,3.446806744225501,184.69133333333332,6778.56"
"971506,Weekend Special,2023-05-10,Premium,Sms,5574,350,20,4412.98,7725.6,1.66,6.279153211338357,5.714285714285714,1.7506537532461062,220.64899999999997,3312.620000000001"
"954185,Festival Offer,2023-05-10,Premium,App,8489,352,42,2584.65,8080.76,3.21,4.1465425845211445,11.931818181818182,3.1264426518097226,61.53928571428572,5496.110000000001"
"417625,Flash Sale,2023-05-10,New Users,Email,2499,715,78,2583.46,7593.75,2.26,28.61144457783113,10.909090909090908,2.939372004985562,33.12128205128205,5010.29"
"279189,Membership Drive,2023-05-10,New Users,Social Media,7733,542,79,3201.35,7387.87,2.29,7.008922798396483,14.575645756457565,2.307735798959814,40.52341772151899,4186.52"
"383252,Category Promotion,2023-05-10,Inactive,Social Media,2173,304,100,4321.09,9490.74,2.62,13.989875747814082,32.89473684210527,2.1963763772566645,43.2109,5169.65"
"341661,App Push Notification,2023-05-10,Inactive,Email,3207,695,84,1010.36,9099.22,1.78,21.671343935141877,12.086330935251798,9.005918682449819,12.028095238095238,8088.86"
"249341,Email Campaign,2023-05-10,Premium,Sms,6523,817,45,4325.82,4887.38,1.57,12.524911850375595,5.507955936352509,1.1298158499429012,96.12933333333332,561.5600000000004"
"642699,Referral Program,2023-05-10,New Users,App,7830,837,10,3988.21,8273.47,2.8,10.689655172413794,1.1947431302270013,2.074482035800522,398.821,4285.259999999999"
"768915,New User Discount,2023-05-09,New Users,Sms,2990,779,96,4311.15,7648.5,2.42,26.053511705685615,12.323491655969192,1.7741205942729898,44.9078125,3337.3500000000004"
"228887,Weekend Special,2023-05-09,All,Sms,8237,689,17,2201.69,7904.5,3.4,8.364695884423941,2.467343976777939,3.590196621686068,129.51117647058823,5702.8099999999995"
"949625,Festival Offer,2023-05-09,Inactive,Sms,2917,706,70,3192.64,3819.96,3.7,24.202948234487486,9.91501416430595,1.196489425679062,45.60914285714286,627.3200000000002"
"812143,Flash Sale,2023-05-09,All,Social Media,7690,574,65,2423.35,9125.05,3.5,7.464239271781535,11.32404181184669,3.7654692883817855,37.28230769230769,6701.699999999999"
"354702,Membership Drive,2023-05-09,New Users,Email,6092,899,14,1707.94,7839.92,3.48,14.757058437294813,1.557285873192436,4.590278347014532,121.99571428571429,6131.98"
"635834,Category Promotion,2023-05-09,Premium,Email,7222,355,30,3911.2,3435.73,2.32,4.915535862641927,8.450704225352112,0.8784337287788915,130.37333333333333,-475.4699999999998"
"27094,App Push Notification,2023-05-09,Premium,Email,6290,231,16,3026.27,6913.03,3.71,3.672496025437202,6.926406926406926,2.2843401282767233,189.141875,3886.7599999999998"
"691955,Email Campaign,2023-05-09,Premium,Sms,8921,476,19,4150.37,7743.9,1.76,5.33572469454097,3.9915966386554618,1.8658336485662723,218.44052631578947,3593.5299999999997"
"294518,Referral Program,2023-05-09,All,Email,9559,589,58,4692.28,9397.17,3.27,6.161732398786484,9.847198641765704,2.002687392909204,80.90137931034482,4704.89"
"313445,New User Discount,2023-05-08,Premium,App,8648,676,16,2291.51,2415.72,1.74,7.816836262719703,2.366863905325444,1.054204432884866,143.219375,124.20999999999958"
"574878,Weekend Special,2023-05-08,Inactive,Email,5050,900,95,1766.32,5655.25,3.39,17.82178217821782,10.555555555555555,3.2017131663571723,18.592842105263156,3888.9300000000003"
"509547,Festival Offer,2023-05-08,Premium,Sms,5454,512,27,3545.43,7088.76,1.63,9.387605427209387,5.2734375,1.9994076882070724,131.3122222222222,3543.3300000000004"
"157620,Flash Sale,2023-05-08,All,Email,8950,646,55,2829.44,9003.92,1.65,7.217877094972066,8.513931888544892,3.182226871748473,51.44436363636364,6174.48"
"126790,Membership Drive,2023-05-08,All,App,6252,296,95,2488.25,2991.15,2.81,4.73448496481126,32.0945945945946,1.202109916608058,26.192105263157895,502.9000000000001"
"332833,Category Promotion,2023-05-08,New Users,App,1147,665,11,3562.23,4494.17,3.16,57.97733217088056,1.6541353383458646,1.2616170207987694,323.8390909090909,931.94"
"680945,App Push Notification,2023-05-08,Inactive,Sms,4448,790,21,1508.5,8223.6,2.71,17.760791366906474,2.6582278481012658,5.4515081206496525,71.83333333333333,6715.1"
"783070,Email Campaign,2023-05-08,New Users,Email,7586,997,11,1925.16,8274.98,1.54,13.142631162668073,1.103309929789368,4.29833364499574,175.01454545454547,6349.82"
"2127,Referral Program,2023-05-08,Inactive,Social Media,6947,625,57,2830.06,5541.54,2.94,8.99668921836764,9.120000000000001,1.9580998282721922,49.65017543859649,2711.48"
"126382,New User Discount,2023-05-07,All,Social Media,3323,784,75,1856.61,6204.88,2.35,23.593138730063195,9.566326530612244,3.3420481415052166,24.7548,4348.27"
"118442,Weekend Special,2023-05-07,Premium,App,8598,916,17,1896.58,7115.31,3.73,10.653640381484065,1.8558951965065504,3.7516529753556407,111.5635294117647,5218.7300000000005"
"298334,Festival Offer,2023-05-07,Inactive,Email,8008,136,69,3536.97,7224.78,2.99,1.6983016983016983,50.73529411764706,2.0426466721515872,51.26043478260869,3687.81"
"267743,Flash Sale,2023-05-07,All,Email,5779,243,72,2532.58,4762.02,1.91,4.204879736978715,29.629629629629626,1.880303879837952,35.17472222222222,2229.4400000000005"
"205249,Membership Drive,2023-05-07,Inactive,Sms,1004,804,37,4011.21,8654.03,2.14,80.0796812749004,4.601990049751244,2.1574612149451164,108.41108108108108,4642.820000000001"
"925862,Category Promotion,2023-05-07,New Users,Email,7569,906,49,4127.7,3752.23,1.54,11.969877130400317,5.408388520971302,0.9090365094362478,84.23877551020408,-375.4699999999998"
"168190,App Push Notification,2023-05-07,New Users,App,8687,332,14,3770.41,7258.14,3.02,3.821802693680212,4.216867469879518,1.9250267212319085,269.315,3487.7300000000005"
"230235,Email Campaign,2023-05-07,All,Sms,9057,754,85,3967.16,9205.8,3.32,8.32505244562217,11.273209549071618,2.3205013158027405,46.67247058823529,5238.639999999999"
"860299,Referral Program,2023-05-07,New Users,Social Media,3698,856,13,1556.31,6209.86,3.34,23.14764737696052,1.5186915887850467,3.990117650082567,119.71615384615384,4653.549999999999"
"76521,New User Discount,2023-05-06,Premium,Sms,5675,722,38,2316.16,2219.3,1.87,12.722466960352422,5.263157894736842,0.9581807819839736,60.95157894736842,-96.85999999999967"
"787411,Weekend Special,2023-05-06,All,Sms,5295,972,18,2027.96,7980.62,2.31,18.356940509915017,1.8518518518518516,3.9352945817471743,112.66444444444444,5952.66"
"527274,Festival Offer,2023-05-06,All,Sms,8269,849,65,3321.08,2485.77,2.9,10.267263272463417,7.656065959952886,0.7484824213809965,51.09353846153846,-835.31"
"714997,Flash Sale,2023-05-06,New Users,Social Media,8109,825,80,3970.09,2950.73,1.76,10.17388087310396,9.696969696969697,0.7432400776808586,49.626125,-1019.3600000000001"
"404213,Membership Drive,2023-05-06,All,Social Media,2169,219,18,2196.53,5040.59,2.3,10.096818810511756,8.21917808219178,2.2947967931236994,122.02944444444445,2844.06"
"334438,Category Promotion,2023-05-06,Inactive,Email,3617,679,16,4131.56,7044.96,2.95,18.772463367431573,2.3564064801178204,1.7051573739701225,258.2225,2913.3999999999996"
"903816,App Push Notification,2023-05-06,New Users,App,2128,390,26,4335.38,6926.23,3.98,18.327067669172934,6.666666666666667,1.5976062075296744,166.7453846153846,2590.8499999999995"
"487893,Email Campaign,2023-05-06,New Users,Email,1874,845,13,3704.75,5271.18,2.36,45.090715048025615,1.5384615384615385,1.4228166542951617,284.9807692307692,1566.4300000000003"
"505743,Referral Program,2023-05-06,Inactive,Sms,7418,751,19,2351.5,6873.12,2.23,10.124022647613911,2.5299600532623168,2.9228662555815434,123.76315789473684,4521.62"
"932860,New User Discount,2023-05-05,Premium,Social Media,2155,819,62,4599.44,9198.45,1.78,38.0046403712297,7.57020757020757,1.999906510357783,74.18451612903225,4599.010000000001"
"701379,Weekend Special,2023-05-05,Premium,App,4414,290,88,1740.64,8910.38,3.87,6.570004531037607,30.344827586206897,5.1190251861384315,19.78,7169.739999999999"
"181141,Festival Offer,2023-05-05,All,Sms,8451,312,32,2196.57,5125.65,1.54,3.691870784522542,10.256410256410255,2.333479015009765,68.6428125,2929.0799999999995"
"822622,Flash Sale,2023-05-05,New Users,Email,9066,533,98,4267.44,7357.0,1.53,5.879108757996911,18.386491557223263,1.7239844028269877,43.54530612244898,3089.5600000000004"
"377827,Membership Drive,2023-05-05,All,App,6100,227,92,1031.21,2440.64,2.91,3.721311475409836,40.52863436123348,2.366773014226006,11.208804347826087,1409.4299999999998"
"719654,Category Promotion,2023-05-05,New Users,Sms,1077,581,42,2297.16,6388.8,3.95,53.946146703806875,7.228915662650602,2.7811732748263074,54.69428571428571,4091.6400000000003"
"515134,App Push Notification,2023-05-05,Premium,Sms,1482,165,62,3927.43,9233.1,3.3,11.133603238866396,37.57575757575757,2.350926687426638,63.34564516129032,5305.67"
"459615,Email Campaign,2023-05-05,Premium,Email,6571,635,91,2183.69,7923.88,3.36,9.663673717851164,14.330708661417324,3.6286652409453724,23.99659340659341,5740.1900000000005"
"461552,Referral Program,2023-05-05,All,Email,1897,170,36,2828.31,5297.27,1.78,8.961518186610437,21.176470588235293,1.8729453277752441,78.56416666666667,2468.9600000000005"
"993622,New User Discount,2023-05-04,All,Sms,3482,303,98,4095.83,2125.48,2.83,8.701895462377944,32.34323432343234,0.5189375535605726,41.794183673469384,-1970.35"
"638364,Weekend Special,2023-05-04,Premium,Email,5049,866,70,2992.47,7641.51,2.92,17.15191126955833,8.083140877598153,2.5535794845061104,42.74957142857143,4649.040000000001"
"768061,Festival Offer,2023-05-04,All,App,1172,496,29,4065.3,7389.65,2.27,42.32081911262799,5.846774193548387,1.8177379283201731,140.18275862068967,3324.3499999999995"
"804950,Flash Sale,2023-05-04,All,App,1155,407,89,1133.64,2467.66,2.91,35.23809523809524,21.867321867321866,2.1767580537031153,12.737528089887642,1334.0199999999998"
"914035,Membership Drive,2023-05-04,New Users,Social Media,8731,920,71,3251.26,9169.15,2.64,10.537166418508761,7.717391304347826,2.8201835596045837,45.792394366197186,5917.889999999999"
"194588,Category Promotion,2023-05-04,Inactive,Email,8610,118,46,3350.49,9849.44,1.65,1.3704994192799071,38.983050847457626,2.93970135711493,72.83673913043478,6498.950000000001"
"295179,App Push Notification,2023-05-04,New Users,App,1137,211,43,4203.53,5246.05,3.16,18.557607739665787,20.379146919431278,1.2480106006142457,97.75651162790697,1042.5200000000004"
"458372,Email Campaign,2023-05-04,New Users,App,4808,158,26,3325.73,3019.0,2.42,3.2861896838602327,16.455696202531644,0.9077706247951578,127.91269230769231,-306.73"
"437770,Referral Program,2023-05-04,All,Sms,4341,312,44,3753.58,5174.18,2.73,7.18728403593642,14.102564102564102,1.37846535840451,85.30863636363637,1420.6000000000004"
"527629,New User Discount,2023-05-03,All,Social Media,6693,729,98,4007.44,4946.38,2.98,10.891976692066338,13.443072702331962,1.2342992034815243,40.89224489795919,938.94"
"362529,Weekend Special,2023-05-03,Premium,Social Media,1865,361,98,4700.17,3408.23,1.94,19.35656836461126,27.146814404432135,0.7251290910754292,47.96091836734694,-1291.94"
"456116,Festival Offer,2023-05-03,Inactive,Social Media,4998,868,85,3359.48,2183.8,3.89,17.366946778711483,9.7926267281106,0.6500410777858479,39.52329411764706,-1175.6799999999998"
"846135,Flash Sale,2023-05-03,Premium,App,7863,185,51,4158.5,2650.27,1.59,2.352791555385985,27.56756756756757,0.6373139353132139,81.53921568627452,-1508.23"
"218497,Membership Drive,2023-05-03,All,Sms,1768,670,11,3703.38,3450.02,3.89,37.89592760180995,1.6417910447761193,0.9315868206881281,336.6709090909091,-253.36000000000013"
"632360,Category Promotion,2023-05-03,All,App,3500,874,20,4916.51,2253.37,1.68,24.97142857142857,2.2883295194508007,0.45832714669552177,245.8255,-2663.1400000000003"
"840265,App Push Notification,2023-05-03,Inactive,Email,6663,298,15,4955.72,2736.37,3.3,4.472459852919106,5.033557046979865,0.5521639640657664,330.3813333333334,-2219.3500000000004"
"203842,Email Campaign,2023-05-03,New Users,Email,1516,839,61,1899.54,2384.38,1.52,55.34300791556728,7.270560190703218,1.2552407424955516,31.14,484.84000000000015"
"147272,Referral Program,2023-05-03,All,Social Media,7768,825,10,3910.75,3783.4,3.28,10.620494335736353,1.2121212121212122,0.967435913827271,391.075,-127.34999999999991"
"680386,New User Discount,2023-05-02,Inactive,App,6334,376,79,4847.86,6773.88,2.45,5.936217240290496,21.01063829787234,1.3972928261129653,61.365316455696195,1926.0200000000004"
"888253,Weekend Special,2023-05-02,New Users,Sms,3608,484,21,4152.65,6404.07,2.64,13.414634146341465,4.338842975206612,1.5421646418552009,197.74523809523808,2251.42"
"781740,Festival Offer,2023-05-02,New Users,Email,6603,859,83,4123.17,3291.99,2.95,13.009238225049218,9.662398137369035,0.798412386586049,49.67674698795181,-831.1800000000003"
"57397,Flash Sale,2023-05-02,Inactive,Social Media,8543,227,44,1371.53,8075.42,2.91,2.6571462015685356,19.383259911894275,5.887891624681925,31.171136363636364,6703.89"
"810994,Membership Drive,2023-05-02,New Users,App,8932,839,20,4350.29,8068.04,3.31,9.39319301388267,2.3837902264600714,1.8545981992005132,217.5145,3717.75"
"387897,Category Promotion,2023-05-02,Inactive,Sms,1219,619,53,1937.58,4427.59,2.04,50.779327317473346,8.562197092084006,2.2851133888665243,36.558113207547166,2490.01"
"432760,App Push Notification,2023-05-02,New Users,App,2992,417,68,2014.76,2755.88,2.27,13.93716577540107,16.30695443645084,1.3678453016736485,29.628823529411765,741.1200000000001"
"147648,Email Campaign,2023-05-02,All,Email,8093,218,95,2061.9,9766.32,3.22,2.693685901396268,43.57798165137615,4.736563363887676,21.70421052631579,7704.42"
"860480,Referral Program,2023-05-02,All,Social Media,2026,882,97,1143.15,8138.32,3.57,43.53405725567621,10.997732426303855,7.1192057035384675,11.785051546391754,6995.17"
"288640,New User Discount,2023-05-01,All,Social Media,2236,115,80,2338.12,8799.05,3.87,5.143112701252236,69.56521739130434,3.7633012847929104,29.226499999999998,6460.929999999999"
"773293,Weekend Special,2023-05-01,Premium,Sms,9775,238,86,2093.79,7166.28,2.81,2.4347826086956523,36.134453781512605,3.422635507858954,24.34639534883721,5072.49"
"426086,Festival Offer,2023-05-01,All,Social Media,4187,497,18,3573.18,5398.09,3.12,11.870074038691188,3.6217303822937628,1.51072434078328,198.51,1824.9100000000003"
"384946,Flash Sale,2023-05-01,Inactive,App,6335,993,77,1075.96,9185.55,2.9,15.674822415153908,7.754279959718026,8.537073868917059,13.973506493506495,8109.589999999999"
"479548,Membership Drive,2023-05-01,Premium,App,9198,125,20,3370.41,8731.99,2.52,1.358991085018482,16.0,2.5907797567654973,168.5205,5361.58"
"775539,Category Promotion,2023-05-01,Premium,Sms,9419,876,23,2837.62,3495.72,1.96,9.300350355664083,2.6255707762557075,1.2319197073603936,123.37478260869565,658.0999999999999"
"994496,App Push Notification,2023-05-01,All,Sms,9667,322,72,4537.64,5847.0,3.91,3.33091962346126,22.36024844720497,1.2885552842446732,63.02277777777778,1309.3599999999997"
"959200,Email Campaign,2023-05-01,Inactive,Sms,5075,848,65,2325.88,5110.7,2.94,16.70935960591133,7.665094339622641,2.197318864257829,35.78276923076923,2784.8199999999997"
"251405,Referral Program,2023-05-01,Premium,Email,4923,577,49,2400.1,3474.78,3.15,11.720495632744262,8.492201039861353,1.4477646764718137,48.981632653061226,1074.6800000000003"
"611913,New User Discount,2023-04-30,Inactive,App,1112,113,41,3242.38,7915.72,1.99,10.161870503597124,36.283185840707965,2.441330134037343,79.08243902439024,4673.34"
"905847,Weekend Special,2023-04-30,All,App,4374,236,83,3164.56,3144.28,1.84,5.3955189757658895,35.16949152542373,0.993591526152135,38.12722891566265,-20.279999999999745"
"203084,Festival Offer,2023-04-30,All,Sms,4642,980,80,4762.46,5680.11,1.81,21.11158983196898,8.16326530612245,1.1926840330417472,59.53075,917.6499999999996"
"682159,Flash Sale,2023-04-30,Premium,Sms,3097,308,27,3168.95,2350.1,2.01,9.945108169195995,8.766233766233766,0.7416021079537386,117.36851851851851,-818.8499999999999"
"513309,Membership Drive,2023-04-30,New Users,App,2397,406,99,2400.48,6194.57,2.0,16.937838965373384,24.38423645320197,2.5805547223888556,24.247272727272726,3794.0899999999997"
"278796,Category Promotion,2023-04-30,Premium,Email,3814,746,32,4636.3,5441.7,3.06,19.559517566858943,4.289544235924933,1.1737161098289584,144.884375,805.3999999999996"
"223366,App Push Notification,2023-04-30,New Users,Social Media,7641,512,10,4515.19,9561.4,2.44,6.70069362648868,1.953125,2.1176074539498893,451.51899999999995,5046.21"
"378707,Email Campaign,2023-04-30,Inactive,Social Media,2347,919,32,4792.94,5506.96,1.94,39.156369833830425,3.4820457018498367,1.1489732815349243,149.779375,714.0200000000004"
"796926,Referral Program,2023-04-30,Inactive,App,1560,761,29,2492.53,3711.71,3.66,48.78205128205128,3.8107752956636007,1.4891335309905998,85.9493103448276,1219.1799999999998"
"976500,New User Discount,2023-04-29,Premium,App,3018,151,91,3020.85,4867.2,1.59,5.003313452617627,60.264900662251655,1.6112021450916132,33.19615384615385,1846.35"
"409612,Weekend Special,2023-04-29,Premium,Social Media,3181,324,66,2743.83,8970.21,3.1,10.185476265325368,20.37037037037037,3.269229507659002,41.573181818181816,6226.379999999999"
"9650,Festival Offer,2023-04-29,Premium,Social Media,5010,232,91,1582.17,8900.41,2.18,4.630738522954092,39.224137931034484,5.625444800495521,17.386483516483516,7318.24"
"519826,Flash Sale,2023-04-29,New Users,Sms,5865,212,94,2221.65,9322.73,2.04,3.6146632566069905,44.339622641509436,4.196309049580266,23.63457446808511,7101.08"
"929941,Membership Drive,2023-04-29,All,Sms,8856,788,40,3076.29,5633.32,1.71,8.897922312556458,5.0761421319796955,1.8312057705872982,76.90725,2557.0299999999997"
"478646,Category Promotion,2023-04-29,Premium,Email,1112,322,64,1715.26,6831.32,2.99,28.9568345323741,19.875776397515526,3.982673180742278,26.8009375,5116.0599999999995"
"820037,App Push Notification,2023-04-29,Inactive,Sms,2015,738,40,4032.39,3433.97,3.43,36.62531017369727,5.420054200542006,0.8515966957561149,100.80975,-598.4200000000001"
"907515,Email Campaign,2023-04-29,New Users,Email,8751,633,46,1972.16,6814.81,2.33,7.233459033253342,7.266982622432859,3.4555056384877494,42.87304347826087,4842.650000000001"
"139388,Referral Program,2023-04-29,New Users,Email,1213,656,99,2957.67,8154.87,2.51,54.08079142621599,15.091463414634147,2.7571940074450496,29.875454545454545,5197.2"
"807270,New User Discount,2023-04-28,Inactive,Social Media,9827,627,60,1448.96,7026.95,1.83,6.3803805841050165,9.569377990430622,4.849650784010601,24.149333333333335,5577.99"
"108229,Weekend Special,2023-04-28,New Users,App,8600,221,57,2650.04,7589.09,3.4,2.5697674418604652,25.791855203619914,2.863764320538558,46.4919298245614,4939.05"
"983126,Festival Offer,2023-04-28,New Users,Social Media,3878,183,100,2116.21,3599.86,2.18,4.718927282104177,54.644808743169406,1.7010882662873723,21.1621,1483.65"
"292097,Flash Sale,2023-04-28,Premium,Email,1987,154,56,2468.2,4483.86,1.7,7.750377453447409,36.36363636363637,1.8166518110363827,44.074999999999996,2015.6599999999999"
"843992,Membership Drive,2023-04-28,New Users,Email,3111,764,23,1265.7,8152.75,3.06,24.55801992928319,3.0104712041884816,6.441297305838666,55.0304347826087,6887.05"
"868947,Category Promotion,2023-04-28,New Users,App,6619,134,62,4405.54,8114.92,3.38,2.0244749962229944,46.26865671641791,1.8419807787467597,71.05709677419355,3709.38"
"390817,App Push Notification,2023-04-28,Premium,Social Media,5939,550,47,2675.93,7084.72,3.11,9.260818319582421,8.545454545454545,2.647572993314474,56.934680851063824,4408.790000000001"
"126056,Email Campaign,2023-04-28,Premium,Social Media,4735,277,68,1834.31,6566.1,1.52,5.850052798310454,24.548736462093864,3.5796021392240136,26.975147058823527,4731.790000000001"
"272636,Referral Program,2023-04-28,Premium,Sms,9012,277,87,3199.45,4950.54,3.44,3.073679538393254,31.40794223826715,1.5473096938536313,36.77528735632184,1751.0900000000001"
"613112,New User Discount,2023-04-27,Inactive,Email,7747,306,36,2953.49,5443.03,3.22,3.9499160965535047,11.76470588235294,1.8429146535116083,82.04138888888889,2489.54"
"418387,Weekend Special,2023-04-27,Inactive,Sms,8823,490,24,3198.19,3477.77,3.21,5.553666553326533,4.8979591836734695,1.0874181959170655,133.25791666666666,279.5799999999999"
"717858,Festival Offer,2023-04-27,All,Email,7381,474,73,1866.17,8215.22,2.14,6.4218940522964365,15.400843881856542,4.402182009141717,25.563972602739728,6349.049999999999"
"463464,Flash Sale,2023-04-27,Inactive,Sms,6183,918,32,4814.38,6086.32,3.84,14.847161572052403,3.485838779956427,1.2641960127783847,150.449375,1271.9399999999996"
"405861,Membership Drive,2023-04-27,All,App,4445,660,50,3757.79,2060.73,2.83,14.848143982002249,7.575757575757576,0.5483888136378031,75.1558,-1697.06"
"871327,Category Promotion,2023-04-27,Inactive,Email,7002,293,14,3709.21,6831.3,3.14,4.184518708940303,4.778156996587031,1.8417129253938171,264.94357142857143,3122.09"
"775726,App Push Notification,2023-04-27,Premium,App,7302,180,76,3688.79,6023.25,2.91,2.4650780608052587,42.22222222222222,1.6328525071907047,48.53671052631579,2334.46"
"933013,Email Campaign,2023-04-27,All,App,5635,887,61,4177.0,9459.93,2.91,15.740905057675244,6.877113866967305,2.264766578884367,68.47540983606558,5282.93"
"961794,Referral Program,2023-04-27,Inactive,Sms,1330,339,19,2989.43,7456.78,1.94,25.48872180451128,5.604719764011799,2.4943818721294697,157.33842105263156,4467.35"
"600097,New User Discount,2023-04-26,Premium,App,8113,530,79,4603.36,6575.42,3.96,6.532725255762356,14.90566037735849,1.4283957804733936,58.27037974683544,1972.0600000000004"
"877254,Weekend Special,2023-04-26,Inactive,Sms,4045,472,57,1718.15,4723.34,2.26,11.668726823238567,12.076271186440678,2.749084771411111,30.142982456140352,3005.19"
"761714,Festival Offer,2023-04-26,All,Social Media,7696,821,22,4575.35,2907.22,2.97,10.667879417879417,2.679658952496955,0.635409312948736,207.97045454545457,-1668.1300000000006"
"709793,Flash Sale,2023-04-26,Premium,Social Media,2342,151,57,2804.82,6975.47,3.65,6.447480785653288,37.74834437086093,2.486958164873325,49.207368421052635,4170.65"
"359615,Membership Drive,2023-04-26,Inactive,App,7172,509,80,2870.11,3214.21,3.43,7.097044060234245,15.717092337917485,1.1198908752626207,35.876375,344.0999999999999"
"769330,Category Promotion,2023-04-26,Premium,Social Media,4243,112,11,2859.77,9781.45,1.65,2.6396417629036057,9.821428571428571,3.4203624767026723,259.9790909090909,6921.68"
"795749,App Push Notification,2023-04-26,Premium,Social Media,8392,219,37,1029.76,6018.12,1.86,2.609628217349857,16.894977168949772,5.8441967060285895,27.83135135135135,4988.36"
"714155,Email Campaign,2023-04-26,Premium,Sms,7110,641,91,2208.24,5015.83,2.01,9.0154711673699,14.19656786271451,2.271415244719777,24.266373626373625,2807.59"
"576438,Referral Program,2023-04-26,All,Social Media,6544,598,38,4692.28,9638.59,2.19,9.138141809290953,6.354515050167224,2.054137860485734,123.48105263157895,4946.31"
"667892,New User Discount,2023-04-25,Premium,Sms,8041,524,87,2507.59,2960.87,2.62,6.516602412635245,16.603053435114504,1.1807632029159472,28.822873563218394,453.27999999999975"
"501523,Weekend Special,2023-04-25,New Users,Social Media,5106,538,19,2177.75,7883.2,1.91,10.53662358010184,3.5315985130111525,3.619882906669728,114.61842105263158,5705.45"
"592539,Festival Offer,2023-04-25,Premium,Sms,9938,839,53,2116.03,2735.69,2.1,8.442342523646609,6.31704410011919,1.2928408387404715,39.925094339622646,619.6599999999999"
"944351,Flash Sale,2023-04-25,Premium,Email,2931,229,98,3971.66,5937.54,2.9,7.813033094506993,42.79475982532751,1.4949769114173923,40.527142857142856,1965.88"
"863399,Membership Drive,2023-04-25,All,Sms,4709,982,51,2212.54,3335.9,2.82,20.853684434062433,5.193482688391039,1.5077241541395863,43.38313725490196,1123.3600000000001"
"642380,Category Promotion,2023-04-25,New Users,Email,8991,116,54,1649.92,4039.13,3.38,1.2901790679568457,46.55172413793103,2.4480762703646235,30.554074074074077,2389.21"
"178703,App Push Notification,2023-04-25,Premium,Email,5015,568,26,1472.31,3712.89,2.93,11.326021934197408,4.577464788732395,2.52181266173564,56.62730769230769,2240.58"
"521134,Email Campaign,2023-04-25,Premium,Social Media,5548,187,24,1236.49,5631.47,2.99,3.3705839942321556,12.834224598930483,4.554399954710512,51.52041666666667,4394.9800000000005"
"492194,Referral Program,2023-04-25,Premium,Social Media,2341,674,70,1363.33,2589.95,2.27,28.791114908158903,10.385756676557865,1.899723471206531,19.476142857142857,1226.62"
"358779,New User Discount,2023-04-24,Premium,Email,3894,771,63,2580.62,7719.94,2.88,19.79969183359014,8.171206225680933,2.9915059171826925,40.96222222222222,5139.32"
"846164,Weekend Special,2023-04-24,Premium,Email,5555,914,50,3573.35,6055.92,2.28,16.453645364536452,5.470459518599562,1.6947458267452111,71.467,2482.57"
"977801,Festival Offer,2023-04-24,Premium,App,8793,474,11,2928.88,2978.06,3.79,5.39065165472535,2.320675105485232,1.016791401491355,266.26181818181817,49.179999999999836"
"702142,Flash Sale,2023-04-24,Premium,Sms,6406,831,58,3113.07,6131.49,2.82,12.972213549797065,6.979542719614922,1.9695959294201542,53.67362068965517,3018.4199999999996"
"967776,Membership Drive,2023-04-24,All,App,3989,866,97,3228.59,8028.08,2.41,21.709701679618952,11.200923787528868,2.4865591481110947,33.28443298969072,4799.49"
"272895,Category Promotion,2023-04-24,Inactive,Social Media,7135,813,100,1099.78,8085.2,2.7,11.394533987386126,12.300123001230013,7.3516521486115405,10.9978,6985.42"
"182746,App Push Notification,2023-04-24,All,Email,7710,470,51,1536.87,6137.65,3.63,6.09597924773022,10.851063829787234,3.993603883217188,30.13470588235294,4600.78"
"585465,Email Campaign,2023-04-24,Inactive,Sms,7953,571,56,2339.56,6799.55,2.11,7.1796806236640265,9.807355516637479,2.906337089025287,41.777857142857144,4459.99"
"439533,Referral Program,2023-04-24,Inactive,Email,1435,710,43,2460.26,5715.12,3.57,49.47735191637631,6.056338028169014,2.322973994618455,57.215348837209305,3254.8599999999997"
"452054,New User Discount,2023-04-23,Premium,App,4448,846,55,4622.39,4638.01,3.79,19.019784172661872,6.501182033096926,1.0033792042644605,84.04345454545455,15.61999999999989"
"769588,Weekend Special,2023-04-23,New Users,Email,4453,581,73,1020.54,3953.43,2.4,13.047383786211542,12.564543889845096,3.873860897172085,13.979999999999999,2932.89"
"292667,Festival Offer,2023-04-23,New Users,Email,3840,979,41,4195.22,4568.52,2.85,25.494791666666668,4.187946884576098,1.088982222624797,102.32243902439025,373.3000000000002"
"290059,Flash Sale,2023-04-23,All,Email,8577,817,78,4918.88,3113.7,2.8,9.525475107846566,9.547123623011016,0.6330099534853462,63.0625641025641,-1805.1800000000003"
"161129,Membership Drive,2023-04-23,Premium,App,4424,255,53,4342.66,9193.64,3.59,5.764014466546112,20.784313725490197,2.1170526819967486,81.93698113207547,4850.98"
"489367,Category Promotion,2023-04-23,Inactive,Email,5757,670,38,3584.1,3067.07,3.11,11.638005905853744,5.6716417910447765,0.8557434223375464,94.31842105263158,-517.0299999999997"
"605188,App Push Notification,2023-04-23,New Users,App,9768,169,27,2502.16,2208.02,2.84,1.7301392301392302,15.976331360946746,0.882445567030086,92.6725925925926,-294.1399999999999"
"705775,Email Campaign,2023-04-23,Inactive,App,6592,101,10,4435.05,5067.37,2.19,1.5321601941747574,9.900990099009901,1.1425733644491043,443.505,632.3199999999997"
"273217,Referral Program,2023-04-23,Premium,App,8875,910,31,4575.04,7774.59,2.62,10.253521126760564,3.4065934065934065,1.6993490767293837,147.58193548387098,3199.55"
"601617,New User Discount,2023-04-22,All,Sms,6424,918,78,1161.82,5149.61,2.69,14.290161892901617,8.49673202614379,4.4323647380833515,14.895128205128204,3987.79"
"762053,Weekend Special,2023-04-22,Premium,Email,8387,649,84,2245.03,6244.0,3.4,7.73816620961011,12.942989214175654,2.7812545934798196,26.726547619047622,3998.97"
"431436,Festival Offer,2023-04-22,Premium,Email,4659,442,51,1608.02,9395.69,2.17,9.487014380768406,11.538461538461538,5.843018121665154,31.52980392156863,7787.67"
"621508,Flash Sale,2023-04-22,Inactive,App,2438,543,30,4297.63,6373.14,3.8,22.27235438884331,5.524861878453039,1.4829429243559822,143.25433333333334,2075.51"
"976829,Membership Drive,2023-04-22,All,Sms,8137,112,22,3481.66,5034.83,2.29,1.3764286592110115,19.642857142857142,1.4461004233612702,158.25727272727272,1553.17"
"730085,Category Promotion,2023-04-22,All,Social Media,7079,413,98,2924.16,2414.84,3.34,5.834157366859726,23.728813559322035,0.8258234843510616,29.838367346938774,-509.3199999999997"
"21583,App Push Notification,2023-04-22,All,Email,6287,572,18,4799.81,4253.05,2.81,9.098139017019246,3.146853146853147,0.8860871576166556,266.65611111111116,-546.7600000000002"
"749734,Email Campaign,2023-04-22,Premium,Social Media,7906,249,97,1698.27,5717.08,2.35,3.149506703769289,38.95582329317269,3.3664140566576575,17.5079381443299,4018.81"
"940610,Referral Program,2023-04-22,Premium,Social Media,3856,267,98,4033.47,8017.89,1.52,6.924273858921162,36.70411985018727,1.9878392550335073,41.15785714285714,3984.4200000000005"
"763191,New User Discount,2023-04-21,Premium,App,2244,417,94,2120.49,4531.47,2.07,18.58288770053476,22.54196642685851,2.1369919216784803,22.558404255319147,2410.9800000000005"
"227522,Weekend Special,2023-04-21,Inactive,Email,6947,475,99,2458.85,2555.47,2.83,6.837483805959407,20.842105263157894,1.0392947922809443,24.836868686868687,96.61999999999989"
"69342,Festival Offer,2023-04-21,All,App,5630,462,14,3372.27,3064.53,1.81,8.206039076376555,3.0303030303030303,0.9087439617824197,240.87642857142856,-307.7399999999998"
"379241,Flash Sale,2023-04-21,Inactive,Social Media,3960,271,98,4337.96,3897.25,3.93,6.843434343434343,36.162361623616235,0.8984061632656825,44.26489795918367,-440.71000000000004"
"890911,Membership Drive,2023-04-21,Inactive,Social Media,4785,225,68,4414.5,8979.22,2.61,4.702194357366771,30.22222222222222,2.034028768829992,64.91911764705883,4564.719999999999"
"839825,Category Promotion,2023-04-21,New Users,App,1647,803,93,4582.52,5311.79,2.38,48.755312689738915,11.581569115815691,1.1591416949625968,49.274408602150544,729.2699999999995"
"931869,App Push Notification,2023-04-21,New Users,App,5499,236,14,3384.98,2388.79,2.58,4.291689398072377,5.932203389830509,0.7057028401940336,241.78428571428572,-996.19"
"741618,Email Campaign,2023-04-21,New Users,App,9349,640,31,1777.09,4003.69,1.59,6.845651941384105,4.84375,2.2529472339611387,57.32548387096774,2226.6000000000004"
"586420,Referral Program,2023-04-21,New Users,App,2334,352,52,3231.24,3690.68,2.23,15.081405312767782,14.772727272727273,1.1421869003849916,62.139230769230764,459.44000000000005"
"590957,New User Discount,2023-04-20,Premium,Email,2351,724,18,4056.52,4894.73,3.69,30.79540621012335,2.4861878453038675,1.2066327788350606,225.36222222222221,838.2099999999996"
"491022,Weekend Special,2023-04-20,All,App,2096,582,52,2327.74,4705.85,3.05,27.767175572519083,8.934707903780069,2.021639014666587,44.764230769230764,2378.1100000000006"
"489464,Festival Offer,2023-04-20,Premium,Sms,1309,350,100,2826.88,6372.4,2.18,26.737967914438503,28.57142857142857,2.2542166628933664,28.268800000000002,3545.5199999999995"
"513571,Flash Sale,2023-04-20,All,Social Media,6778,416,25,2285.44,2843.67,2.04,6.137503688403659,6.009615384615385,1.2442549355922712,91.41760000000001,558.23"
"765157,Membership Drive,2023-04-20,Premium,Sms,9581,997,42,2578.4,4447.42,1.66,10.406011898549213,4.212637913741224,1.7248758920260627,61.39047619047619,1869.02"
"276239,Category Promotion,2023-04-20,All,App,8064,759,85,2251.35,9052.54,3.1,9.412202380952381,11.198945981554678,4.020938547982322,26.486470588235292,6801.1900000000005"
"456764,App Push Notification,2023-04-20,Premium,App,9425,243,37,3016.75,8671.94,2.5,2.5782493368700266,15.22633744855967,2.874596834341593,81.53378378378379,5655.1900000000005"
"460778,Email Campaign,2023-04-20,Inactive,Email,7107,734,62,4143.83,5436.41,1.89,10.327845785844941,8.446866485013624,1.311928819473772,66.83596774193548,1292.58"
"350956,Referral Program,2023-04-20,Inactive,Sms,3667,710,65,4811.1,6180.77,2.79,19.361876193073357,9.15492957746479,1.2846895720313443,74.01692307692308,1369.67"
"580945,New User Discount,2023-04-19,New Users,App,9352,299,99,4878.03,8217.49,1.64,3.1971770744225836,33.11036789297659,1.6845919356789525,49.2730303030303,3339.46"
"722642,Weekend Special,2023-04-19,All,Sms,4350,246,64,1474.35,7618.68,3.5,5.655172413793103,26.01626016260163,5.16748397598942,23.03671875,6144.33"
"854007,Festival Offer,2023-04-19,All,App,9178,649,55,2260.39,3459.7,1.66,7.071257354543474,8.47457627118644,1.5305765819172799,41.098,1199.31"
"517882,Flash Sale,2023-04-19,New Users,App,8707,905,23,3455.71,7875.24,3.14,10.39393591363271,2.541436464088398,2.2789065054648683,150.24826086956523,4419.53"
"860706,Membership Drive,2023-04-19,Inactive,Sms,8560,530,28,2895.57,8546.35,2.58,6.191588785046729,5.283018867924529,2.9515259517124433,103.41321428571429,5650.780000000001"
"175630,Category Promotion,2023-04-19,New Users,Social Media,7164,241,40,2236.07,6012.69,3.18,3.364042434394193,16.59751037344398,2.6889542813954836,55.90175000000001,3776.6199999999994"
"592245,App Push Notification,2023-04-19,All,App,8654,207,75,3616.01,8344.03,3.66,2.3919574763115325,36.231884057971016,2.3075240389268834,48.21346666666667,4728.02"
"901493,Email Campaign,2023-04-19,Premium,Social Media,7263,157,40,1736.23,4790.27,1.54,2.1616411950984444,25.477707006369428,2.759006583229181,43.40575,3054.0400000000004"
"492382,Referral Program,2023-04-19,Premium,Social Media,2893,245,11,4754.62,2937.32,3.72,8.46871759419288,4.489795918367347,0.6177822833370491,432.23818181818183,-1817.2999999999997"
"425932,New User Discount,2023-04-18,Inactive,Sms,4822,359,63,3853.98,2376.13,1.83,7.445043550394027,17.548746518105848,0.6165392659017431,61.174285714285716,-1477.85"
"64743,Weekend Special,2023-04-18,All,Email,7827,866,42,2956.06,7615.61,3.23,11.06426472467101,4.849884526558892,2.5762704410600596,70.38238095238096,4659.549999999999"
"403509,Festival Offer,2023-04-18,Inactive,App,1926,501,100,4887.72,3946.11,2.13,26.012461059190027,19.960079840319363,0.8073518941346886,48.8772,-941.6100000000001"
"98114,Flash Sale,2023-04-18,Premium,Sms,7037,457,78,3840.41,4361.92,2.55,6.494244706551087,17.067833698030636,1.1357953968456493,49.23602564102564,521.5100000000002"
"666677,Membership Drive,2023-04-18,Premium,Social Media,5785,217,24,3021.9,6470.08,2.68,3.7510803802938635,11.059907834101383,2.1410635692776068,125.91250000000001,3448.18"
"151163,Category Promotion,2023-04-18,All,Email,1458,682,56,1422.03,9435.14,3.21,46.776406035665296,8.211143695014663,6.634979571457705,25.393392857142857,8013.11"
"574873,App Push Notification,2023-04-18,All,Sms,9681,634,42,1246.55,3028.84,2.37,6.548910236545812,6.624605678233439,2.4297781877983238,29.679761904761904,1782.2900000000002"
"292549,Email Campaign,2023-04-18,All,Sms,8784,271,81,1416.16,8142.02,3.75,3.0851548269581053,29.88929889298893,5.74936447858999,17.48345679012346,6725.860000000001"
"678124,Referral Program,2023-04-18,New Users,Social Media,2228,250,84,4096.23,3558.65,2.87,11.220825852782765,33.6,0.8687622521196321,48.76464285714285,-537.5799999999995"
"350389,New User Discount,2023-04-17,Inactive,App,3538,777,15,2206.96,9897.86,2.11,21.961560203504803,1.9305019305019304,4.48483887338239,147.13066666666666,7690.900000000001"
"565127,Weekend Special,2023-04-17,Premium,Sms,1656,344,59,2052.13,7427.75,3.54,20.77294685990338,17.151162790697676,3.619531901000424,34.78186440677966,5375.62"
"933249,Festival Offer,2023-04-17,Premium,App,7878,717,11,3575.32,6148.18,3.9,9.1012947448591,1.5341701534170153,1.7196167056375373,325.02909090909094,2572.86"
"262898,Flash Sale,2023-04-17,All,Social Media,2594,996,57,4756.74,2792.49,2.42,38.396299151888975,5.72289156626506,0.587059624869133,83.45157894736842,-1964.25"
"194090,Membership Drive,2023-04-17,Inactive,Sms,9374,522,13,3939.8,6900.26,1.84,5.568593983358225,2.490421455938697,1.7514239301487384,303.0615384615385,2960.46"
"356409,Category Promotion,2023-04-17,Inactive,Social Media,2576,580,63,3491.13,4789.0,3.48,22.51552795031056,10.86206896551724,1.3717621515096832,55.4147619047619,1297.87"
"596915,App Push Notification,2023-04-17,Premium,Social Media,3386,789,46,1782.13,8154.42,3.08,23.301831069108093,5.830164765525982,4.575659463675489,38.741956521739134,6372.29"
"432127,Email Campaign,2023-04-17,All,Social Media,2552,267,86,2402.89,6134.39,1.63,10.462382445141067,32.20973782771536,2.552921690131467,27.940581395348836,3731.5000000000005"
"958437,Referral Program,2023-04-17,Inactive,Sms,4941,596,80,1826.15,3855.28,2.5,12.06233555960332,13.422818791946309,2.111151876899488,22.826875,2029.13"
"379633,New User Discount,2023-04-16,All,App,9641,489,25,4510.43,8415.9,3.58,5.072087957680738,5.112474437627812,1.8658753156572654,180.4172,3905.4699999999993"
"114071,Weekend Special,2023-04-16,New Users,App,7055,468,60,4000.89,5940.12,3.06,6.633593196314671,12.82051282051282,1.4846996543269122,66.6815,1939.23"
"545750,Festival Offer,2023-04-16,Premium,Social Media,4577,938,31,3481.5,8542.15,3.25,20.493773213895565,3.304904051172708,2.45358322562114,112.30645161290323,5060.65"
"976657,Flash Sale,2023-04-16,New Users,Sms,7694,439,85,2024.19,6005.19,1.87,5.705744736158045,19.362186788154897,2.9667126109703137,23.814,3980.9999999999995"
"337633,Membership Drive,2023-04-16,Inactive,Sms,9758,517,41,4354.3,7552.45,1.68,5.298216847714696,7.930367504835589,1.7344808580024342,106.20243902439024,3198.1499999999996"
"953661,Category Promotion,2023-04-16,Inactive,App,9562,682,60,1641.26,5992.35,3.33,7.13239907969044,8.797653958944283,3.6510668632635905,27.354333333333333,4351.09"
"314738,App Push Notification,2023-04-16,Inactive,Sms,5776,665,49,4563.33,7201.74,2.33,11.513157894736842,7.368421052631578,1.5781764632406599,93.12918367346938,2638.41"
"712505,Email Campaign,2023-04-16,Inactive,Sms,1913,625,93,4740.54,9242.25,2.58,32.67119707266074,14.879999999999999,1.94961966358263,50.97354838709678,4501.71"
"768168,Referral Program,2023-04-16,New Users,Sms,8603,995,99,2933.06,4409.47,2.77,11.565732883877718,9.949748743718594,1.5033684957007358,29.626868686868686,1476.4100000000003"
"509467,New User Discount,2023-04-15,New Users,Email,5271,423,34,3168.18,8776.82,3.94,8.025042686397269,8.037825059101655,2.770303454980462,93.18176470588234,5608.639999999999"
"393654,Weekend Special,2023-04-15,New Users,App,4666,201,93,4868.23,3181.23,3.83,4.30775825117874,46.26865671641791,0.6534674820211864,52.346559139784944,-1686.9999999999995"
"415708,Festival Offer,2023-04-15,Inactive,Email,6067,422,84,3522.37,8178.42,2.38,6.9556617768254485,19.90521327014218,2.321851480679202,41.93297619047619,4656.05"
"120812,Flash Sale,2023-04-15,Inactive,Email,1872,386,45,4122.33,2991.89,2.39,20.61965811965812,11.658031088082902,0.7257764419636468,91.60733333333333,-1130.44"
"224487,Membership Drive,2023-04-15,Premium,App,5837,386,77,2230.47,5876.68,2.27,6.612986123008395,19.94818652849741,2.634727209960233,28.967142857142854,3646.2100000000005"
"575516,Category Promotion,2023-04-15,Premium,Email,1630,255,76,1894.59,9935.59,1.66,15.644171779141105,29.80392156862745,5.244190035838889,24.928815789473685,8041.0"
"859693,App Push Notification,2023-04-15,Inactive,Social Media,4696,413,97,4479.25,8137.79,3.99,8.794718909710392,23.486682808716708,1.8167751297650276,46.17783505154639,3658.54"
"836553,Email Campaign,2023-04-15,New Users,Sms,6925,666,36,4068.72,8087.81,2.0,9.617328519855596,5.405405405405405,1.9878020605989108,113.02,4019.0900000000006"
"601966,Referral Program,2023-04-15,All,Sms,1050,997,38,1550.31,3171.49,2.68,94.95238095238095,3.8114343029087263,2.04571343795757,40.79763157894737,1621.1799999999998"
"811435,New User Discount,2023-04-14,New Users,Email,5662,124,88,2275.81,7033.22,3.98,2.190038855528082,70.96774193548387,3.090424947601074,25.86147727272727,4757.41"
"773570,Weekend Special,2023-04-14,Premium,App,4915,900,10,3667.09,9303.79,2.24,18.311291963377414,1.1111111111111112,2.5371043524974843,366.709,5636.700000000001"
"991848,Festival Offer,2023-04-14,New Users,Sms,3195,914,90,4085.11,4280.95,2.43,28.607198748043817,9.846827133479213,1.0479399575531625,45.39011111111111,195.8399999999997"
"341725,Flash Sale,2023-04-14,New Users,App,7511,272,46,4031.61,5289.69,3.6,3.621355345493277,16.911764705882355,1.312053993317806,87.64369565217392,1258.0799999999995"
"891576,Membership Drive,2023-04-14,New Users,App,6440,437,40,4331.58,4130.48,3.81,6.785714285714286,9.153318077803203,0.9535735228253893,108.2895,-201.10000000000036"
"771295,Category Promotion,2023-04-14,All,Sms,4457,530,55,1835.35,5808.48,2.73,11.8914067758582,10.377358490566039,3.164780559566295,33.37,3973.1299999999997"
"176606,App Push Notification,2023-04-14,New Users,Social Media,5120,513,39,3777.84,8997.78,3.13,10.01953125,7.602339181286549,2.38172606568833,96.86769230769231,5219.9400000000005"
"670546,Email Campaign,2023-04-14,Inactive,App,2683,821,62,3545.74,9962.45,1.64,30.60007454342154,7.551766138855055,2.8096955783559996,57.189354838709676,6416.710000000001"
"212680,Referral Program,2023-04-14,All,App,2520,197,83,2689.71,3524.07,2.68,7.817460317460317,42.13197969543147,1.3102044458324504,32.40614457831325,834.3600000000001"
"328135,New User Discount,2023-04-13,All,App,5833,156,78,2917.95,5899.36,2.09,2.6744385393451053,50.0,2.0217481451018693,37.409615384615385,2981.41"
"585057,Weekend Special,2023-04-13,Inactive,Social Media,9712,305,10,1327.54,4883.8,1.76,3.140444810543657,3.278688524590164,3.678834536059177,132.754,3556.26"
"523780,Festival Offer,2023-04-13,All,Email,3631,257,11,2967.62,4735.87,2.53,7.077939961443129,4.280155642023346,1.5958478511399707,269.78363636363633,1768.25"
"870335,Flash Sale,2023-04-13,Premium,Email,3708,697,10,1784.11,5207.17,3.51,18.797195253505933,1.4347202295552368,2.9186373037536923,178.411,3423.0600000000004"
"1836,Membership Drive,2023-04-13,All,App,4198,926,88,3265.42,7039.53,2.89,22.05812291567413,9.503239740820735,2.1557808796418225,37.10704545454546,3774.1099999999997"
"435597,Category Promotion,2023-04-13,All,Sms,9282,647,74,3637.49,8327.82,3.67,6.970480499892265,11.437403400309119,2.289441345543218,49.155270270270265,4690.33"
"110926,App Push Notification,2023-04-13,Premium,App,7076,760,41,2419.99,4756.83,2.57,10.740531373657433,5.394736842105264,1.96564035388576,59.02414634146341,2336.84"
"937264,Email Campaign,2023-04-13,All,App,6308,481,69,4422.93,2197.34,2.92,7.625237793278377,14.345114345114347,0.4968064156565896,64.1004347826087,-2225.59"
"54476,Referral Program,2023-04-13,Premium,Sms,1211,935,99,3091.76,3766.76,3.83,77.20891824938067,10.588235294117647,1.2183222501099698,31.22989898989899,675.0"
"369077,New User Discount,2023-04-12,All,Social Media,1905,564,42,3361.55,5003.01,3.71,29.606299212598426,7.446808510638298,1.4883045023872916,80.03690476190476,1641.46"
"350914,Weekend Special,2023-04-12,Premium,Social Media,9488,354,39,3685.71,5152.89,3.11,3.7310286677908935,11.016949152542372,1.398072555898321,94.50538461538461,1467.1800000000003"
"137049,Festival Offer,2023-04-12,All,Sms,4453,770,56,2491.75,7993.02,3.01,17.29171345160566,7.2727272727272725,3.207793719273603,44.495535714285715,5501.27"
"736163,Flash Sale,2023-04-12,Premium,Social Media,3942,604,72,2875.7,2616.97,2.68,15.322171486555048,11.920529801324504,0.9100288625378169,39.94027777777777,-258.73"
"458871,Membership Drive,2023-04-12,Premium,Email,3564,633,12,1458.28,6504.13,2.32,17.76094276094276,1.8957345971563981,4.460137970760074,121.52333333333333,5045.85"
"881790,Category Promotion,2023-04-12,Premium,Sms,1715,733,35,1401.25,5272.33,3.58,42.74052478134111,4.774897680763983,3.7625905441570024,40.035714285714285,3871.08"
"704949,App Push Notification,2023-04-12,Premium,Social Media,6877,943,52,2374.55,6040.92,1.56,13.712374581939798,5.514316012725344,2.5440272893811455,45.66442307692308,3666.37"
"496238,Email Campaign,2023-04-12,All,App,4938,657,81,4955.58,2649.51,3.08,13.304981773997572,12.32876712328767,0.5346518470088265,61.18,-2306.0699999999997"
"691355,Referral Program,2023-04-12,All,Email,8021,464,16,3246.1,2130.42,2.04,5.7848148609899015,3.4482758620689653,0.6563014078432581,202.88125,-1115.6799999999998"
"542979,New User Discount,2023-04-11,All,Sms,2887,535,50,3410.67,6461.03,1.53,18.531347419466574,9.345794392523365,1.8943580000410476,68.21340000000001,3050.3599999999997"
"718585,Weekend Special,2023-04-11,Premium,App,9499,131,57,1913.48,6887.1,2.15,1.379092536056427,43.51145038167939,3.5992537157430444,33.56982456140351,4973.620000000001"
"542200,Festival Offer,2023-04-11,All,Social Media,9920,666,15,1246.61,3534.43,1.87,6.713709677419355,2.2522522522522523,2.8352331523090624,83.10733333333333,2287.8199999999997"
"55061,Flash Sale,2023-04-11,Inactive,Sms,9905,575,43,1377.87,7318.25,3.04,5.805148914689551,7.478260869565218,5.311277551583241,32.04348837209302,5940.38"
"609208,Membership Drive,2023-04-11,Premium,Social Media,6238,475,69,4647.28,5720.01,2.99,7.6146200705354286,14.526315789473685,1.2308296465889725,67.351884057971,1072.7300000000005"
"588500,Category Promotion,2023-04-11,Premium,Email,3743,295,68,4638.37,9110.79,2.99,7.881378573336896,23.050847457627118,1.9642223453497676,68.21132352941176,4472.420000000001"
"895468,App Push Notification,2023-04-11,New Users,Email,2741,891,81,4097.76,4017.56,3.64,32.50638453119299,9.090909090909092,0.9804283315762757,50.589629629629634,-80.20000000000027"
"234128,Email Campaign,2023-04-11,All,Sms,6688,315,16,3255.99,7359.21,1.66,4.7099282296650715,5.079365079365079,2.260206573116011,203.499375,4103.22"
"219946,Referral Program,2023-04-11,Inactive,Sms,7785,285,93,2843.66,4366.85,2.04,3.6608863198458574,32.631578947368425,1.5356442050034114,30.576989247311825,1523.1900000000005"
"705949,New User Discount,2023-04-10,All,Social Media,9221,106,70,2141.32,5650.53,3.93,1.1495499403535407,66.0377358490566,2.6388069041525783,30.590285714285717,3509.2099999999996"
"271358,Weekend Special,2023-04-10,All,Email,5495,897,63,1860.21,8585.32,2.56,16.32393084622384,7.023411371237458,4.6152423651093155,29.52714285714286,6725.11"
"467919,Festival Offer,2023-04-10,Premium,App,7596,500,58,4690.29,3764.12,2.29,6.582411795681938,11.600000000000001,0.802534598073893,80.86706896551723,-926.1700000000001"
"479178,Flash Sale,2023-04-10,Inactive,App,4037,401,14,2404.75,7676.71,2.9,9.933118652464701,3.4912718204488775,3.192311051044807,171.76785714285714,5271.96"
"324254,Membership Drive,2023-04-10,Inactive,Sms,9756,162,89,4006.37,4930.31,2.18,1.6605166051660518,54.93827160493827,1.2306177412470642,45.01539325842697,923.9400000000005"
"228000,Category Promotion,2023-04-10,All,Email,3411,895,89,3497.26,2786.06,3.83,26.238639695104077,9.944134078212292,0.7966407987967723,39.29505617977529,-711.2000000000003"
"553566,App Push Notification,2023-04-10,Premium,Email,3789,575,88,2485.95,5839.97,1.99,15.175508049617314,15.304347826086955,2.34919045033086,28.249431818181815,3354.0200000000004"
"808912,Email Campaign,2023-04-10,Premium,Social Media,5490,485,89,3655.44,5802.17,2.96,8.83424408014572,18.350515463917525,1.5872699319370582,41.0723595505618,2146.73"
"34479,Referral Program,2023-04-10,New Users,Sms,8100,801,84,1934.35,5040.8,2.94,9.88888888888889,10.486891385767791,2.6059399798381886,23.02797619047619,3106.4500000000003"
"804902,New User Discount,2023-04-09,Premium,Sms,9653,452,61,3429.33,8343.56,2.47,4.682482129907801,13.495575221238937,2.433000032076236,56.21852459016393,4914.23"
"178137,Weekend Special,2023-04-09,Inactive,Social Media,4705,578,38,3796.73,6764.18,2.8,12.28480340063762,6.5743944636678195,1.7815804652951357,99.91394736842105,2967.4500000000003"
"688255,Festival Offer,2023-04-09,Premium,Social Media,4826,689,21,4126.58,5222.03,3.83,14.27683381682553,3.0478955007256894,1.2654619563900373,196.5038095238095,1095.4499999999998"
"189210,Flash Sale,2023-04-09,All,Sms,9325,732,90,3843.93,9037.68,1.94,7.849865951742626,12.295081967213115,2.3511562385371225,42.71033333333333,5193.75"
"363455,Membership Drive,2023-04-09,New Users,Email,1221,365,82,2263.96,7378.56,2.89,29.89352989352989,22.465753424657535,3.259138854043358,27.609268292682927,5114.6"
"355933,Category Promotion,2023-04-09,All,Social Media,6882,653,74,2665.84,6708.83,2.23,9.488520778843359,11.3323124042879,2.516591393331933,36.02486486486487,4042.99"
"695492,App Push Notification,2023-04-09,New Users,App,4714,946,98,3149.49,9236.8,1.74,20.06788290199406,10.359408033826638,2.932792293355432,32.13765306122449,6087.3099999999995"
"233201,Email Campaign,2023-04-09,Inactive,Sms,1889,195,75,1141.53,9069.01,3.52,10.322922181048174,38.46153846153847,7.944609427697914,15.2204,7927.4800000000005"
"907773,Referral Program,2023-04-09,Inactive,App,6220,163,55,4938.44,2118.01,2.53,2.620578778135048,33.74233128834356,0.4288824001101563,89.78981818181818,-2820.4299999999994"
"955492,New User Discount,2023-04-08,Premium,Social Media,5814,302,24,4207.31,8538.37,2.69,5.194358445132439,7.9470198675496695,2.029413092926359,175.30458333333334,4331.06"
"565634,Weekend Special,2023-04-08,All,Email,6667,127,87,1401.4,7050.13,2.11,1.904904754762262,68.50393700787401,5.0307763664906515,16.108045977011496,5648.73"
"832376,Festival Offer,2023-04-08,Inactive,App,6081,453,21,1913.55,4301.5,3.1,7.449432659102122,4.635761589403973,2.247916176739568,91.12142857142857,2387.95"
"48515,Flash Sale,2023-04-08,New Users,Social Media,9969,985,66,4713.06,5157.51,3.51,9.880629952853846,6.7005076142131985,1.0943017911929829,71.41000000000001,444.4499999999998"
"413148,Membership Drive,2023-04-08,All,Email,1695,911,99,2981.81,9680.96,2.01,53.74631268436578,10.867178924259056,3.246672323186252,30.11929292929293,6699.15"
"268743,Category Promotion,2023-04-08,Premium,Sms,6482,464,85,1297.2,5269.53,2.44,7.158284480098735,18.318965517241377,4.062234042553191,15.261176470588236,3972.33"
"545556,App Push Notification,2023-04-08,Premium,Social Media,7293,430,24,3428.23,4994.9,2.22,5.896064719594132,5.5813953488372094,1.4569909253463156,142.84291666666667,1566.6699999999996"
"336935,Email Campaign,2023-04-08,New Users,App,4972,684,66,3356.86,7895.98,3.41,13.757039420756234,9.649122807017543,2.352192227259999,50.86151515151516,4539.119999999999"
"182260,Referral Program,2023-04-08,All,Sms,5127,218,18,3980.61,7601.79,1.6,4.251999219816657,8.256880733944955,1.909704793988861,221.145,3621.18"
"524447,New User Discount,2023-04-07,Inactive,Social Media,6558,630,74,3233.39,4216.39,2.21,9.606587374199451,11.746031746031745,1.3040152904536726,43.69445945945946,983.0000000000005"
"163962,Weekend Special,2023-04-07,New Users,Sms,5940,157,61,4353.75,2476.51,2.76,2.643097643097643,38.853503184713375,0.5688222796439851,71.37295081967213,-1877.2399999999998"
"106401,Festival Offer,2023-04-07,Premium,Sms,7906,800,84,2279.22,5312.62,2.15,10.118897040222615,10.5,2.3308939022999096,27.133571428571425,3033.4"
"848154,Flash Sale,2023-04-07,All,Sms,4640,275,27,2380.65,7555.88,2.36,5.926724137931035,9.818181818181818,3.1738726818305922,88.17222222222223,5175.23"
"438903,Membership Drive,2023-04-07,All,Sms,6787,776,20,4189.85,6658.06,3.68,11.433623102991012,2.5773195876288657,1.5890926882823968,209.4925,2468.21"
"254296,Category Promotion,2023-04-07,Premium,Social Media,7164,906,77,2895.95,3459.66,3.49,12.646566164154105,8.49889624724062,1.1946546038432984,37.609740259740256,563.71"
"294088,App Push Notification,2023-04-07,Premium,Social Media,2713,203,31,2378.54,3510.08,2.24,7.482491706597862,15.270935960591133,1.4757288084287,76.72709677419354,1131.54"
"902106,Email Campaign,2023-04-07,All,App,5209,992,56,3532.78,8219.88,2.56,19.043962372816278,5.64516129032258,2.326745509202384,63.08535714285715,4687.0999999999985"
"417894,Referral Program,2023-04-07,Premium,Social Media,9439,659,79,1836.98,7774.9,3.84,6.981671787265601,11.987860394537178,4.2324358457903735,23.252911392405064,5937.92"
"458783,New User Discount,2023-04-06,New Users,Email,2005,226,46,2727.19,3898.02,3.89,11.271820448877804,20.353982300884958,1.4293173559597974,59.28673913043478,1170.83"
"381347,Weekend Special,2023-04-06,New Users,Sms,3852,442,98,1743.38,9520.66,2.83,11.474558670820354,22.171945701357465,5.461035459853846,17.789591836734694,7777.28"
"872964,Festival Offer,2023-04-06,Inactive,Email,7024,872,78,2302.55,5192.68,1.61,12.414578587699317,8.944954128440367,2.2551866408981347,29.519871794871797,2890.13"
"952584,Flash Sale,2023-04-06,Inactive,Email,5728,847,26,2662.2,7112.61,1.68,14.787011173184359,3.0696576151121606,2.6717038539553752,102.39230769230768,4450.41"
"55131,Membership Drive,2023-04-06,New Users,Email,4990,746,21,3226.93,5352.11,1.52,14.949899799599198,2.8150134048257374,1.6585764178336686,153.66333333333333,2125.18"
"137461,Category Promotion,2023-04-06,New Users,App,5414,690,58,4849.92,6865.5,2.36,12.744735869966753,8.405797101449275,1.415590360253365,83.61931034482758,2015.58"
"13677,App Push Notification,2023-04-06,Premium,App,5698,744,99,3873.04,5814.04,3.76,13.057213057213058,13.306451612903224,1.5011567141057154,39.12161616161616,1941.0"
"412891,Email Campaign,2023-04-06,Inactive,Sms,5064,881,62,2570.22,6222.32,2.06,17.39731437598736,7.037457434733257,2.420928947716538,41.45516129032258,3652.1"
"320308,Referral Program,2023-04-06,All,Social Media,1864,690,52,3695.71,9724.87,2.47,37.01716738197425,7.536231884057972,2.6313942381842734,71.07134615384615,6029.160000000001"
"262320,New User Discount,2023-04-05,All,Social Media,4187,927,82,4754.69,4866.84,2.48,22.139957009792212,8.845738942826321,1.0235872370228134,57.984024390243896,112.15000000000055"
"221023,Weekend Special,2023-04-05,All,Email,5300,301,77,1913.78,9351.66,2.7,5.679245283018868,25.581395348837212,4.886486429997178,24.854285714285712,7437.88"
"95809,Festival Offer,2023-04-05,Premium,Social Media,7272,706,96,2800.01,9179.48,3.85,9.708470847084708,13.59773371104816,3.278374005807122,29.166770833333334,6379.469999999999"
"467722,Flash Sale,2023-04-05,New Users,Sms,3655,280,53,4906.1,7788.79,1.61,7.660738714090288,18.928571428571427,1.5875726136850044,92.56792452830189,2882.6899999999996"
"759562,Membership Drive,2023-04-05,All,Social Media,6323,782,20,4336.85,3994.19,3.57,12.367547050450735,2.557544757033248,0.920988736064194,216.84250000000003,-342.6600000000003"
"556108,Category Promotion,2023-04-05,All,App,5089,475,14,3669.8,8122.74,3.96,9.333857339359403,2.9473684210526314,2.2134012752738568,262.12857142857143,4452.94"
"746123,App Push Notification,2023-04-05,Premium,App,8629,397,76,1873.02,7239.5,2.74,4.600764862672384,19.143576826196472,3.86514826323264,24.645,5366.48"
"689759,Email Campaign,2023-04-05,All,Email,2187,460,40,4454.92,7995.66,1.51,21.033379058070416,8.695652173913043,1.7947931724924353,111.373,3540.74"
"449091,Referral Program,2023-04-05,Inactive,Sms,9999,712,69,1239.22,9901.62,2.45,7.12071207120712,9.691011235955056,7.990203515114347,17.959710144927538,8662.400000000001"
"167941,New User Discount,2023-04-04,All,Social Media,3648,518,59,2039.34,5897.25,2.15,14.199561403508772,11.389961389961389,2.8917443878902,34.56508474576271,3857.91"
"529073,Weekend Special,2023-04-04,All,Social Media,2604,950,48,4661.81,4031.15,3.06,36.48233486943164,5.052631578947368,0.8647177812909578,97.12104166666667,-630.6600000000003"
"273357,Festival Offer,2023-04-04,Inactive,Sms,2331,411,50,2996.79,7260.03,2.35,17.63191763191763,12.165450121654501,2.422602184337241,59.9358,4263.24"
"208085,Flash Sale,2023-04-04,New Users,Email,8729,599,97,3266.41,4890.52,3.96,6.862183526177111,16.193656093489146,1.4972155975520527,33.67432989690722,1624.1100000000006"
"193199,Membership Drive,2023-04-04,All,Email,1201,352,53,2753.95,3038.88,1.6,29.308909242298085,15.056818181818182,1.1034622996060206,51.96132075471698,284.9300000000003"
"937642,Category Promotion,2023-04-04,Premium,Email,2550,684,33,2725.61,7262.73,1.67,26.823529411764707,4.824561403508771,2.6646255333668423,82.59424242424242,4537.119999999999"
"469575,App Push Notification,2023-04-04,New Users,Email,5340,226,93,2312.99,8791.84,1.7,4.2322097378277155,41.150442477876105,3.80107134055919,24.87086021505376,6478.85"
"175791,Email Campaign,2023-04-04,Inactive,Social Media,5452,579,50,1988.75,7141.62,1.76,10.61995597945708,8.635578583765112,3.5910094280326836,39.775,5152.87"
"325854,Referral Program,2023-04-04,Premium,Sms,7036,465,62,3597.51,6452.14,3.05,6.60886867538374,13.333333333333334,1.7935016163957849,58.024354838709684,2854.63"
"625299,New User Discount,2023-04-03,All,App,1814,370,46,4990.65,4224.52,3.6,20.39691289966924,12.432432432432433,0.8464869305601477,108.49239130434782,-766.1299999999992"
"77364,Weekend Special,2023-04-03,Premium,Social Media,9810,153,97,3459.95,3258.79,3.04,1.5596330275229358,63.39869281045751,0.9418604315091259,35.669587628865976,-201.15999999999985"
"337961,Festival Offer,2023-04-03,All,App,7960,214,66,1764.94,3109.38,1.54,2.688442211055276,30.8411214953271,1.761748274728886,26.741515151515152,1344.44"
"31741,Flash Sale,2023-04-03,All,App,8803,629,21,1692.28,8811.75,3.55,7.145291377939339,3.338632750397456,5.207028387737254,80.5847619047619,7119.47"
"725385,Membership Drive,2023-04-03,Inactive,Sms,4414,704,17,3751.18,3299.71,1.66,15.949252378794743,2.414772727272727,0.879645871432456,220.65764705882353,-451.4699999999998"
"833546,Category Promotion,2023-04-03,Inactive,Email,8045,263,58,2276.2,4167.68,1.68,3.26911124922312,22.0532319391635,1.830981460328618,39.244827586206895,1891.4800000000005"
"260737,App Push Notification,2023-04-03,New Users,Social Media,3693,151,77,3418.02,7337.66,2.52,4.088816680205794,50.993377483443716,2.146757479476422,44.38987012987013,3919.64"
"904089,Email Campaign,2023-04-03,All,Sms,7069,267,79,4027.71,5202.95,1.6,3.77705474607441,29.588014981273407,1.2917886342363278,50.98367088607595,1175.2399999999998"
"211473,Referral Program,2023-04-03,Premium,App,6711,960,12,1727.22,9750.26,1.61,14.30487259722843,1.25,5.64505969129584,143.935,8023.04"
"123265,New User Discount,2023-04-02,All,App,5344,808,81,3865.49,4650.29,2.29,15.119760479041917,10.024752475247526,1.203027300549219,47.722098765432094,784.8000000000002"
"717154,Weekend Special,2023-04-02,Inactive,App,8668,883,65,3581.02,7202.22,3.13,10.186894323950161,7.361268403171008,2.011220266851344,55.092615384615385,3621.2000000000003"
"731136,Festival Offer,2023-04-02,Inactive,App,3368,381,20,2798.5,2926.03,2.03,11.312351543942993,5.2493438320209975,1.0455708415222442,139.925,127.5300000000002"
"923434,Flash Sale,2023-04-02,New Users,Sms,3753,665,62,4954.56,6691.3,2.21,17.719158006927792,9.323308270676693,1.3505336498094684,79.91225806451614,1736.7399999999998"
"569999,Membership Drive,2023-04-02,Inactive,Sms,6647,231,84,1138.22,4570.85,3.29,3.475251993380472,36.36363636363637,4.01578780903516,13.550238095238095,3432.63"
"432920,Category Promotion,2023-04-02,New Users,App,5007,389,76,1379.33,2906.82,3.82,7.769123227481526,19.53727506426735,2.107414469343812,18.14907894736842,1527.4900000000002"
"350572,App Push Notification,2023-04-02,All,Email,9689,823,12,1464.18,4749.32,3.5,8.494168644854991,1.4580801944106925,3.24367222609242,122.015,3285.1399999999994"
"398153,Email Campaign,2023-04-02,New Users,App,7939,792,42,4165.22,2196.74,1.56,9.976067514800354,5.303030303030303,0.5274007135277368,99.17190476190477,-1968.4800000000005"
"443885,Referral Program,2023-04-02,Inactive,Social Media,3520,102,78,3314.57,9933.94,1.95,2.8977272727272725,76.47058823529412,2.997052408004658,42.49448717948718,6619.370000000001"
"352798,New User Discount,2023-04-01,Premium,App,9872,738,83,4036.72,7549.84,2.74,7.475688816855754,11.246612466124661,1.8702907310886068,48.63518072289156,3513.1200000000003"
"645782,Weekend Special,2023-04-01,Inactive,App,3514,796,25,4117.71,7046.68,2.67,22.652248150256117,3.1407035175879394,1.7113104128265468,164.7084,2928.9700000000003"
"533892,Festival Offer,2023-04-01,Premium,Social Media,9798,706,41,3727.11,3669.94,2.57,7.205552153500714,5.807365439093484,0.9846610376404238,90.90512195121951,-57.17000000000007"
"941479,Flash Sale,2023-04-01,New Users,Sms,3633,222,91,2162.37,5409.96,2.1,6.11065235342692,40.99099099099099,2.501866008129969,23.76230769230769,3247.59"
"204569,Membership Drive,2023-04-01,Premium,Social Media,9581,336,20,4465.4,8748.32,1.87,3.506940820373656,5.952380952380952,1.959134679983876,223.26999999999998,4282.92"
"656675,Category Promotion,2023-04-01,Inactive,Email,1377,587,79,4314.61,6890.15,3.54,42.62890341321714,13.458262350936966,1.596934601273348,54.615316455696195,2575.54"
"16552,App Push Notification,2023-04-01,Premium,Social Media,5791,466,38,3477.78,6151.75,3.76,8.046969435330684,8.15450643776824,1.768872671646855,91.52052631578948,2673.97"
"644736,Email Campaign,2023-04-01,All,Email,9101,381,12,4617.46,8721.38,2.64,4.186353148005714,3.149606299212598,1.8887830105729122,384.78833333333336,4103.919999999999"
"22573,Referral Program,2023-04-01,All,Social Media,2166,546,22,3019.56,2248.48,2.86,25.20775623268698,4.029304029304029,0.7446382916716343,137.25272727272727,-771.0799999999999"
"276546,New User Discount,2023-03-31,New Users,Sms,3911,844,74,2361.64,3959.62,3.92,21.580158527230886,8.767772511848342,1.6766399620602632,31.914054054054052,1597.98"
"171017,Weekend Special,2023-03-31,Inactive,Social Media,2642,607,14,2754.4,5412.99,1.99,22.975018925056776,2.3064250411861615,1.9652156549520765,196.74285714285716,2658.5899999999997"
"410776,Festival Offer,2023-03-31,Premium,Social Media,2677,871,44,4177.77,5813.68,3.73,32.53642136720209,5.05166475315729,1.391574931123542,94.94931818181819,1635.9099999999999"
"260088,Flash Sale,2023-03-31,New Users,App,5124,627,77,4041.52,2385.37,3.78,12.236533957845433,12.280701754385964,0.5902160573249668,52.487272727272725,-1656.15"
"569767,Membership Drive,2023-03-31,New Users,Sms,3306,321,82,1184.56,7495.76,3.88,9.709618874773138,25.54517133956386,6.327885459579929,14.445853658536585,6311.200000000001"
"310654,Category Promotion,2023-03-31,All,Email,9458,834,26,2352.62,4444.8,1.84,8.817931909494607,3.117505995203837,1.8892978891618708,90.48538461538462,2092.1800000000003"
"752351,App Push Notification,2023-03-31,All,Email,2580,472,95,3725.26,5458.71,1.83,18.294573643410853,20.127118644067796,1.4653232257614233,39.21326315789474,1733.4499999999998"
"790611,Email Campaign,2023-03-31,New Users,App,6135,881,26,2317.4,4012.86,3.14,14.360228198859007,2.9511918274687856,1.7316216449469233,89.13076923076923,1695.46"
"826193,Referral Program,2023-03-31,Premium,App,9396,655,83,2128.82,2492.54,2.43,6.971051511281397,12.67175572519084,1.1708552155654306,25.64843373493976,363.7199999999998"
"27431,New User Discount,2023-03-30,All,Sms,7902,167,99,2021.45,5977.6,1.53,2.1133890154391293,59.2814371257485,2.9570852605802767,20.41868686868687,3956.1500000000005"
"257323,Weekend Special,2023-03-30,All,Email,8929,294,98,1369.45,5560.78,2.4,3.292641953186247,33.33333333333333,4.0605936689912,13.973979591836736,4191.33"
"946149,Festival Offer,2023-03-30,New Users,Email,4391,498,41,1318.85,2947.82,4.0,11.341380095650194,8.23293172690763,2.235144254464117,32.167073170731705,1628.9700000000003"
"241483,Flash Sale,2023-03-30,Inactive,Sms,8892,686,46,4883.96,8800.23,2.73,7.714799820062979,6.705539358600583,1.8018636516269584,106.17304347826087,3916.2699999999995"
"665011,Membership Drive,2023-03-30,All,Email,1976,569,16,1843.14,4728.41,1.91,28.795546558704455,2.8119507908611596,2.5654101153466367,115.19625,2885.2699999999995"
"5957,Category Promotion,2023-03-30,Premium,Sms,3916,775,96,3366.67,6669.28,1.77,19.790602655771195,12.387096774193548,1.9809722960670335,35.06947916666667,3302.6099999999997"
"919079,App Push Notification,2023-03-30,New Users,App,4489,648,96,3199.57,8519.89,2.61,14.43528625529071,14.814814814814813,2.662823441900005,33.328854166666666,5320.32"
"111429,Email Campaign,2023-03-30,All,Sms,3672,172,16,4188.2,6808.85,2.65,4.684095860566448,9.30232558139535,1.6257222673224776,261.7625,2620.6500000000005"
"436899,Referral Program,2023-03-30,New Users,Social Media,4993,143,87,2684.33,5713.54,1.59,2.864009613458842,60.83916083916085,2.12847898730782,30.854367816091955,3029.21"
"374635,New User Discount,2023-03-29,Premium,Email,1864,674,75,4081.7,5808.31,1.58,36.1587982832618,11.127596439169139,1.4230124702942404,54.422666666666665,1726.6100000000006"
"151395,Weekend Special,2023-03-29,Premium,Sms,4834,408,89,1574.27,5312.99,1.84,8.440215142738932,21.813725490196077,3.3748912194223353,17.688426966292134,3738.72"
"65159,Festival Offer,2023-03-29,Premium,App,3011,896,71,3345.6,4694.52,2.63,29.757555629359018,7.924107142857142,1.4031922525107605,47.12112676056338,1348.9200000000005"
"60990,Flash Sale,2023-03-29,New Users,App,7888,798,61,3170.66,4184.41,2.32,10.116632860040568,7.644110275689223,1.3197283846265446,51.978032786885244,1013.75"
"736093,Membership Drive,2023-03-29,All,Social Media,4671,547,96,4821.81,5426.91,1.99,11.710554485120959,17.550274223034734,1.1254922943873773,50.22718750000001,605.0999999999995"
"164441,Category Promotion,2023-03-29,All,Sms,5091,298,76,4098.68,9981.75,2.45,5.853466902376743,25.503355704697988,2.4353572369640957,53.93000000000001,5883.07"
"619606,App Push Notification,2023-03-29,All,Social Media,5439,267,50,1138.46,3606.7,3.11,4.908990623276337,18.726591760299627,3.168051578448079,22.7692,2468.24"
"204858,Email Campaign,2023-03-29,Inactive,Email,8009,487,22,2485.6,9232.8,3.23,6.080659258334374,4.517453798767967,3.714515609913099,112.98181818181818,6747.199999999999"
"896959,Referral Program,2023-03-29,All,Email,4563,826,40,3132.83,9986.03,3.97,18.102125794433487,4.842615012106537,3.187542892528481,78.32075,6853.200000000001"
"750763,New User Discount,2023-03-28,Premium,Email,4839,196,99,2856.05,3628.72,3.8,4.050423641248192,50.51020408163265,1.2705379807776473,28.848989898989903,772.6699999999996"
"225908,Weekend Special,2023-03-28,Inactive,Sms,1404,578,22,3003.2,5171.68,1.93,41.168091168091166,3.8062283737024223,1.7220564730953651,136.5090909090909,2168.4800000000005"
"346502,Festival Offer,2023-03-28,All,Email,7055,492,69,1250.01,6591.15,3.8,6.973777462792345,14.02439024390244,5.272877816977464,18.116086956521738,5341.139999999999"
"141742,Flash Sale,2023-03-28,Premium,Email,4433,601,35,3808.59,6844.83,1.99,13.557410331603881,5.823627287853577,1.7972084157129016,108.81685714285715,3036.24"
"432100,Membership Drive,2023-03-28,Premium,Sms,2415,959,54,3156.4,9044.93,2.42,39.710144927536234,5.630865484880084,2.8655842098593336,58.451851851851856,5888.530000000001"
"631902,Category Promotion,2023-03-28,Premium,Sms,1983,714,96,3018.52,2258.47,2.41,36.00605143721634,13.445378151260504,0.7482044180591813,31.442916666666665,-760.0500000000002"
"129327,App Push Notification,2023-03-28,Inactive,Sms,3877,644,77,2547.18,6142.99,2.49,16.61078153211246,11.956521739130435,2.411682723639476,33.08025974025974,3595.81"
"546333,Email Campaign,2023-03-28,Premium,Sms,7778,339,22,4590.96,3003.48,2.98,4.3584469015171,6.489675516224189,0.6542161116629202,208.68,-1587.48"
"887772,Referral Program,2023-03-28,New Users,Email,1746,812,54,4129.05,5963.97,3.25,46.506300114547535,6.65024630541872,1.444392777999782,76.46388888888889,1834.92"
"177980,New User Discount,2023-03-27,Inactive,Social Media,2168,995,14,3727.85,3882.81,3.43,45.89483394833948,1.407035175879397,1.0415681961452312,266.275,154.96000000000004"
"261332,Weekend Special,2023-03-27,New Users,Sms,7627,409,95,2902.6,4870.49,3.85,5.362527861544513,23.227383863080682,1.6779749190381037,30.553684210526313,1967.8899999999999"
"380639,Festival Offer,2023-03-27,Inactive,Social Media,9877,120,79,1004.12,5988.75,2.92,1.2149438088488407,65.83333333333333,5.964177588336056,12.710379746835443,4984.63"
"343368,Flash Sale,2023-03-27,All,Sms,8626,897,72,3849.1,7433.42,3.2,10.398794342684905,8.02675585284281,1.9312098932217923,53.45972222222222,3584.32"
"337843,Membership Drive,2023-03-27,Premium,App,4331,933,57,3852.99,6865.78,3.71,21.542368967905794,6.109324758842444,1.7819355876864462,67.59631578947368,3012.79"
"431817,Category Promotion,2023-03-27,Inactive,App,8936,383,55,4651.77,4537.64,2.56,4.286034019695614,14.360313315926893,0.9754652530112193,84.57763636363637,-114.13000000000011"
"269931,App Push Notification,2023-03-27,Premium,Sms,5962,635,40,4000.94,6108.74,3.91,10.65078832606508,6.299212598425196,1.5268261958439766,100.0235,2107.7999999999997"
"733494,Email Campaign,2023-03-27,Premium,App,4960,221,32,1653.52,6389.35,3.87,4.455645161290322,14.479638009049776,3.864089941458223,51.6725,4735.83"
"13895,Referral Program,2023-03-27,Inactive,Email,3684,212,75,1743.39,4131.25,3.83,5.754614549402823,35.37735849056604,2.3696648483701295,23.2452,2387.8599999999997"
"184976,New User Discount,2023-03-26,All,Email,6515,978,55,3612.4,4154.15,1.57,15.011511895625478,5.623721881390593,1.1499695493300852,65.68,541.7499999999995"
"449708,Weekend Special,2023-03-26,All,Email,9486,982,82,3393.15,6056.88,3.8,10.352097828378664,8.350305498981669,1.7850316077980637,41.37987804878049,2663.73"
"888800,Festival Offer,2023-03-26,Inactive,Sms,8840,738,97,1710.93,7613.05,3.48,8.348416289592759,13.143631436314362,4.449656035021889,17.638453608247424,5902.12"
"571129,Flash Sale,2023-03-26,New Users,App,6557,713,36,2739.57,2195.17,1.54,10.873875247826751,5.049088359046284,0.8012826830487996,76.09916666666668,-544.4000000000001"
"537138,Membership Drive,2023-03-26,Inactive,Social Media,1217,844,81,2935.02,4996.5,3.84,69.35086277732128,9.597156398104266,1.7023734080176627,36.23481481481481,2061.48"
"144627,Category Promotion,2023-03-26,Premium,App,3264,377,33,4434.81,5948.99,2.85,11.550245098039216,8.753315649867375,1.3414306362617563,134.38818181818183,1514.1799999999994"
"715064,App Push Notification,2023-03-26,Inactive,Email,8272,145,74,3268.34,3453.24,2.45,1.7529013539651837,51.03448275862069,1.0565730615541833,44.16675675675676,184.89999999999964"
"566531,Email Campaign,2023-03-26,All,App,4892,778,11,1978.81,6047.43,3.28,15.903515944399018,1.4138817480719794,3.056094319313123,179.89181818181817,4068.6200000000003"
"529770,Referral Program,2023-03-26,All,Sms,4302,838,54,1396.97,7959.1,3.46,19.479311947931194,6.443914081145586,5.697402234836826,25.869814814814816,6562.13"
"884998,New User Discount,2023-03-25,Premium,Email,8006,917,36,2916.87,8987.84,2.03,11.453909567824132,3.925845147219193,3.0813303301141293,81.02416666666666,6070.97"
"387367,Weekend Special,2023-03-25,All,Social Media,1095,198,42,1462.65,3268.92,2.97,18.08219178082192,21.21212121212121,2.23492975079479,34.825,1806.27"
"608627,Festival Offer,2023-03-25,New Users,Social Media,9996,400,21,4550.92,2914.84,3.57,4.001600640256102,5.25,0.6404946692097422,216.7104761904762,-1636.08"
"815677,Flash Sale,2023-03-25,All,Social Media,1794,579,67,1090.48,8166.84,3.3,32.274247491638796,11.57167530224525,7.489215758198225,16.27582089552239,7076.360000000001"
"925829,Membership Drive,2023-03-25,All,Email,9953,756,30,3901.92,7255.43,2.06,7.595699789008339,3.968253968253968,1.8594512445155207,130.064,3353.51"
"759139,Category Promotion,2023-03-25,New Users,Email,8528,144,67,4893.44,6130.27,3.89,1.6885553470919326,46.52777777777778,1.2527526647920484,73.03641791044775,1236.8300000000008"
"351976,App Push Notification,2023-03-25,Inactive,Social Media,5652,203,91,1347.57,6147.63,3.66,3.591648973814579,44.827586206896555,4.562011620917652,14.808461538461538,4800.06"
"594757,Email Campaign,2023-03-25,New Users,App,2404,104,92,4924.35,2998.0,2.5,4.326123128119801,88.46153846153845,0.6088113151989603,53.52554347826087,-1926.3500000000004"
"532658,Referral Program,2023-03-25,Inactive,Email,1191,707,18,4311.66,4300.83,3.43,59.36188077246012,2.545968882602546,0.9974882063984637,239.53666666666666,-10.829999999999927"
"237122,New User Discount,2023-03-24,New Users,Email,8879,713,65,3229.43,8042.72,2.16,8.030183579231895,9.1164095371669,2.4904456823649994,49.68353846153846,4813.290000000001"
"137772,Weekend Special,2023-03-24,New Users,App,8611,382,19,2805.98,4678.44,1.75,4.436186273371269,4.973821989528796,1.6673105296545234,147.68315789473684,1872.4599999999996"
"79888,Festival Offer,2023-03-24,All,App,5606,385,43,4112.18,9159.18,1.88,6.867641812343918,11.168831168831169,2.227329542967477,95.63209302325582,5047.0"
"879401,Flash Sale,2023-03-24,New Users,Sms,2054,917,78,3599.31,9439.85,3.0,44.644595910418694,8.505997818974919,2.62268323650922,46.144999999999996,5840.540000000001"
"142451,Membership Drive,2023-03-24,Premium,Email,4372,118,21,3685.58,6105.73,2.72,2.6989935956084175,17.796610169491526,1.656653769555945,175.5038095238095,2420.1499999999996"
"589818,Category Promotion,2023-03-24,Inactive,Social Media,6810,662,63,1873.15,2188.86,2.85,9.720998531571219,9.516616314199396,1.16854496436484,29.732539682539684,315.71000000000004"
"306347,App Push Notification,2023-03-24,New Users,Social Media,2471,517,87,2787.53,7948.75,3.09,20.922703358963982,16.827852998065765,2.8515388175194527,32.04057471264368,5161.219999999999"
"487032,Email Campaign,2023-03-24,All,Social Media,1305,912,44,3755.14,3285.47,3.93,69.88505747126436,4.824561403508771,0.8749261012904977,85.34409090909091,-469.6700000000001"
"390374,Referral Program,2023-03-24,All,App,4211,161,60,2952.92,8978.51,3.6,3.8233198765138923,37.267080745341616,3.0405530796635194,49.215333333333334,6025.59"
"717115,New User Discount,2023-03-23,Inactive,Sms,6417,746,97,3803.8,4861.21,2.48,11.625370110643603,13.002680965147453,1.277987801672012,39.21443298969072,1057.4099999999999"
"26051,Weekend Special,2023-03-23,Inactive,Email,5924,472,87,1948.25,5118.53,3.12,7.967589466576637,18.43220338983051,2.627244963428718,22.39367816091954,3170.2799999999997"
"804432,Festival Offer,2023-03-23,Inactive,Email,7763,980,55,4171.25,8898.51,3.36,12.623985572587918,5.612244897959184,2.1332957746478876,75.8409090909091,4727.26"
"654370,Flash Sale,2023-03-23,Inactive,Sms,1080,996,39,1190.48,3395.94,1.82,92.22222222222223,3.91566265060241,2.8525804717424905,30.525128205128205,2205.46"
"322843,Membership Drive,2023-03-23,All,App,5130,225,62,4271.84,2663.9,2.04,4.385964912280701,27.555555555555557,0.6235954530132215,68.90064516129033,-1607.94"
"255650,Category Promotion,2023-03-23,Inactive,Email,7752,720,88,2303.66,9979.12,3.27,9.287925696594428,12.222222222222221,4.331854527143763,26.177954545454543,7675.460000000001"
"999950,App Push Notification,2023-03-23,New Users,Sms,2362,388,82,2454.03,4993.38,2.23,16.42675698560542,21.1340206185567,2.034767301133238,29.927195121951222,2539.35"
"370006,Email Campaign,2023-03-23,Inactive,App,9564,313,54,2459.63,8632.89,3.35,3.2726892513592643,17.252396166134183,3.5098327797270317,45.54870370370371,6173.259999999999"
"114549,Referral Program,2023-03-23,Inactive,Sms,3612,410,98,4443.02,9532.87,2.52,11.351052048726467,23.902439024390244,2.145583409482739,45.336938775510205,5089.85"
"765659,New User Discount,2023-03-22,Inactive,Email,9215,917,95,4078.9,6369.96,3.19,9.951166576234401,10.359869138495092,1.5616857486086935,42.93578947368421,2291.06"
"676110,Weekend Special,2023-03-22,New Users,Email,7296,407,63,2263.28,3328.71,2.87,5.578399122807018,15.47911547911548,1.470745996960164,35.92507936507937,1065.4299999999998"
"531108,Festival Offer,2023-03-22,New Users,Email,3693,660,89,4290.94,6730.95,2.19,17.871649065800163,13.484848484848486,1.5686423021529083,48.21280898876404,2440.01"
"137436,Flash Sale,2023-03-22,Premium,Social Media,8985,810,30,1490.98,2104.12,3.33,9.015025041736227,3.7037037037037033,1.4112328803873961,49.699333333333335,613.1399999999999"
"451408,Membership Drive,2023-03-22,Premium,Email,7310,380,78,2233.48,7492.12,1.8,5.198358413132695,20.526315789473685,3.3544603040994323,28.634358974358975,5258.639999999999"
"362757,Category Promotion,2023-03-22,New Users,Sms,5909,107,64,4053.48,3118.41,2.49,1.8107970891859875,59.813084112149525,0.7693167352497113,63.335625,-935.0700000000002"
"188504,App Push Notification,2023-03-22,New Users,Social Media,3868,219,37,2023.12,6476.34,2.49,5.661840744570838,16.894977168949772,3.2011645379413975,54.67891891891892,4453.22"
"348603,Email Campaign,2023-03-22,All,Email,4130,221,30,3163.3,2518.13,3.84,5.351089588377724,13.574660633484163,0.7960452691809187,105.44333333333334,-645.1700000000001"
"840229,Referral Program,2023-03-22,All,Social Media,3057,693,37,4725.78,7802.92,3.52,22.669283611383708,5.339105339105339,1.6511390712221052,127.72378378378377,3077.1400000000003"
"212103,New User Discount,2023-03-21,All,Sms,5647,442,86,2316.72,7813.91,2.19,7.827164866300691,19.457013574660635,3.3728331434096486,26.938604651162787,5497.1900000000005"
"881442,Weekend Special,2023-03-21,Inactive,App,5608,334,72,3777.41,9756.74,3.66,5.955777460770328,21.55688622754491,2.5829179252450754,52.46402777777777,5979.33"
"503022,Festival Offer,2023-03-21,Premium,Sms,9415,384,61,2329.08,3584.95,1.83,4.078597981943707,15.885416666666666,1.5392129081010528,38.181639344262294,1255.87"
"436226,Flash Sale,2023-03-21,Premium,Email,2826,658,52,4616.28,4606.87,2.04,23.283793347487617,7.90273556231003,0.9979615621236148,88.77461538461537,-9.409999999999854"
"594172,Membership Drive,2023-03-21,Inactive,Social Media,8466,969,77,1266.57,2736.82,3.0,11.44578313253012,7.946336429308566,2.1608122725155345,16.448961038961038,1470.2500000000002"
"126693,Category Promotion,2023-03-21,Premium,App,1164,147,59,3786.03,7929.31,3.15,12.628865979381443,40.136054421768705,2.0943600552557693,64.17,4143.280000000001"
"716248,App Push Notification,2023-03-21,All,App,7627,955,28,4079.72,9578.43,2.25,12.521305886980464,2.931937172774869,2.3478155363603386,145.7042857142857,5498.710000000001"
"466271,Email Campaign,2023-03-21,Premium,Sms,9879,537,85,1389.99,8628.28,1.55,5.435772851503189,15.828677839851025,6.20744034129742,16.352823529411765,7238.290000000001"
"805336,Referral Program,2023-03-21,Premium,Email,2173,954,76,3455.25,7399.09,3.51,43.90243902439025,7.966457023060797,2.141405108168729,45.463815789473685,3943.84"
"876637,New User Discount,2023-03-20,Inactive,Sms,8310,599,37,3778.57,8332.14,2.73,7.208182912154032,6.176961602671119,2.2051040472983163,102.12351351351352,4553.57"
"631745,Weekend Special,2023-03-20,New Users,Email,3127,865,61,1234.31,4913.44,3.77,27.662296130476495,7.0520231213872835,3.9807179719843475,20.234590163934424,3679.1299999999997"
"253182,Festival Offer,2023-03-20,Premium,App,1839,771,47,1400.73,6713.5,3.46,41.92495921696574,6.09597924773022,4.792858009752058,29.80276595744681,5312.77"
"757989,Flash Sale,2023-03-20,New Users,Sms,2285,752,32,4078.77,5962.47,2.54,32.91028446389497,4.25531914893617,1.4618304047543746,127.4615625,1883.7000000000003"
"899836,Membership Drive,2023-03-20,Inactive,Sms,5898,183,84,4545.14,2224.39,1.59,3.1027466937945065,45.90163934426229,0.48939966645691874,54.108809523809526,-2320.7500000000005"
"479353,Category Promotion,2023-03-20,New Users,Email,5989,799,46,2310.46,3576.48,2.19,13.341125396560361,5.7571964956195245,1.5479514901794447,50.227391304347826,1266.02"
"281551,App Push Notification,2023-03-20,New Users,Sms,1175,258,79,4582.31,6159.5,3.25,21.95744680851064,30.620155038759687,1.344191030288217,58.00392405063292,1577.1899999999996"
"515671,Email Campaign,2023-03-20,Inactive,Sms,3668,265,43,4647.18,6848.41,2.19,7.224645583424209,16.22641509433962,1.473670053666955,108.0739534883721,2201.2299999999996"
"792914,Referral Program,2023-03-20,Premium,Sms,5805,751,80,4487.51,4496.41,3.25,12.937123169681309,10.652463382157123,1.0019832824885069,56.093875000000004,8.899999999999636"
"828749,New User Discount,2023-03-19,All,App,6482,303,98,2965.25,4747.72,3.47,4.674483184202407,32.34323432343234,1.6011196357811315,30.257653061224488,1782.4700000000003"
"549810,Weekend Special,2023-03-19,Inactive,Email,6361,873,70,2707.96,9365.24,3.69,13.724257192265368,8.018327605956472,3.4584114979541796,38.68514285714286,6657.28"
"510065,Festival Offer,2023-03-19,All,Social Media,4263,315,92,2919.33,8142.55,1.64,7.389162561576355,29.20634920634921,2.7891845046637416,31.731847826086955,5223.22"
"259079,Flash Sale,2023-03-19,All,App,6838,552,54,4228.31,5697.99,3.0,8.072535829189821,9.782608695652174,1.3475809484167431,78.30203703703704,1469.6799999999994"
"910029,Membership Drive,2023-03-19,Premium,Sms,4705,950,35,3550.33,7567.43,3.33,20.191285866099896,3.684210526315789,2.1314722856748527,101.438,4017.1000000000004"
"670217,Category Promotion,2023-03-19,Inactive,Social Media,6884,281,21,3833.74,9876.77,1.68,4.081929110981987,7.473309608540925,2.576275386437265,182.55904761904762,6043.030000000001"
"844588,App Push Notification,2023-03-19,Inactive,Email,2064,240,98,3006.57,9905.9,2.72,11.627906976744185,40.833333333333336,3.2947511616227128,30.679285714285715,6899.33"
"203042,Email Campaign,2023-03-19,Premium,App,8554,434,85,1912.22,5526.85,1.78,5.073649754500818,19.5852534562212,2.890279361161373,22.49670588235294,3614.63"
"448908,Referral Program,2023-03-19,All,Sms,9662,957,10,2782.62,8041.16,3.63,9.904781618712482,1.044932079414838,2.8897801352682007,278.262,5258.54"
"851380,New User Discount,2023-03-18,New Users,App,8830,925,63,2094.05,3707.31,2.14,10.475651189127973,6.8108108108108105,1.7704018528688426,33.238888888888894,1613.2599999999998"
"273056,Weekend Special,2023-03-18,Inactive,App,9471,348,56,4403.58,6769.76,3.75,3.6743744060817236,16.091954022988507,1.5373309897855836,78.63535714285715,2366.1800000000003"
"897138,Festival Offer,2023-03-18,Inactive,Email,2376,406,36,3217.48,9245.6,2.88,17.087542087542086,8.866995073891626,2.8735532155600034,89.37444444444445,6028.120000000001"
"179349,Flash Sale,2023-03-18,New Users,Social Media,7518,588,10,2842.07,4104.47,2.27,7.82122905027933,1.7006802721088436,1.4441832889408073,284.207,1262.4"
"105008,Membership Drive,2023-03-18,All,App,8437,154,73,1114.55,3681.73,1.55,1.8252933507170794,47.4025974025974,3.303333183796151,15.267808219178082,2567.1800000000003"
"415387,Category Promotion,2023-03-18,All,App,4678,933,93,3764.66,9022.56,1.57,19.944420692603675,9.967845659163988,2.3966467091317676,40.48021505376344,5257.9"
"307671,App Push Notification,2023-03-18,New Users,Social Media,5143,877,72,4980.21,5334.19,3.54,17.052304102663815,8.209806157354619,1.0710773240485842,69.16958333333334,353.97999999999956"
"438000,Email Campaign,2023-03-18,All,Social Media,2983,112,41,3073.32,9767.38,2.53,3.754609453570231,36.607142857142854,3.1781200786120545,74.95902439024391,6694.0599999999995"
"835474,Referral Program,2023-03-18,Inactive,Social Media,2333,671,92,1673.17,2489.65,1.53,28.761251607372486,13.710879284649776,1.4879838868734199,18.18663043478261,816.48"
"196046,New User Discount,2023-03-17,Inactive,Sms,8489,529,45,1090.49,2050.84,3.82,6.231593827305925,8.506616257088846,1.8806591532246972,24.23311111111111,960.3500000000001"
"77754,Weekend Special,2023-03-17,New Users,Social Media,5675,404,64,3685.09,6883.28,3.89,7.118942731277533,15.841584158415841,1.867872969181214,57.57953125,3198.1899999999996"
"640799,Festival Offer,2023-03-17,New Users,Email,7462,639,47,2322.43,4769.51,3.57,8.563387831680515,7.355242566510173,2.0536722312405544,49.41340425531914,2447.0800000000004"
"119887,Flash Sale,2023-03-17,All,App,9057,167,97,4493.34,3860.26,2.84,1.8438776636855472,58.08383233532935,0.859107033965825,46.32309278350515,-633.0799999999999"
"381623,Membership Drive,2023-03-17,New Users,Email,8331,809,92,2363.07,3710.79,1.64,9.71071900132037,11.372064276885045,1.5703258896266297,25.685543478260872,1347.7199999999998"
"493317,Category Promotion,2023-03-17,Premium,Social Media,5216,860,34,3922.53,7701.25,2.01,16.487730061349694,3.953488372093023,1.9633374378271167,115.36852941176471,3778.72"
"879292,App Push Notification,2023-03-17,All,App,8480,734,20,1990.75,6650.41,3.98,8.65566037735849,2.7247956403269753,3.3406555318347357,99.5375,4659.66"
"461129,Email Campaign,2023-03-17,New Users,Email,3569,568,10,4246.47,5880.42,2.5,15.91482207901373,1.7605633802816902,1.384778415954899,424.64700000000005,1633.9499999999998"
"282514,Referral Program,2023-03-17,New Users,Social Media,5967,439,78,1511.93,8322.01,3.08,7.357130886542651,17.76765375854214,5.504229693173626,19.38371794871795,6810.08"
