"order_id,customer_id,order_date,promised_delivery_time,actual_delivery_time,delivery_status,order_total,payment_method,delivery_partner_id,store_id,Delivery_Delay_Minutes,Late_Delivery_Flag,Order_size"
"1961864118,30065862,2024-07-17 08:34:01,2024-07-17 08:52:01,2024-07-17 08:47:01,On Time,3197.07,Cash,63230,4771,-5.0,0,Premium"
"1549769649,9573071,2024-05-28 13:14:29,2024-05-28 13:25:29,2024-05-28 13:27:29,On Time,976.55,Cash,14983,7534,2.0,1,Medium"
"9185164487,45477575,2024-09-23 13:07:12,2024-09-23 13:25:12,2024-09-23 13:29:12,On Time,839.05,Upi,39859,9886,4.0,1,Medium"
"9644738826,88067569,2023-11-24 16:16:56,2023-11-24 16:34:56,2023-11-24 16:33:56,On Time,440.23,Card,61497,7917,-1.0,0,Small"
"5427684290,83298567,2023-11-20 05:00:39,2023-11-20 05:17:39,2023-11-20 05:18:39,On Time,2526.68,Cash,84315,2741,1.0,1,Premium"
"3265154092,43367112,2023-03-18 16:29:51,2023-03-18 16:49:51,2023-03-18 16:48:51,On Time,3161.43,Upi,554,3442,-1.0,0,Premium"
"4898355547,13284996,2023-04-16 18:50:37,2023-04-16 19:01:37,2023-04-16 19:02:37,On Time,956.4,Card,14630,1318,1.0,1,Medium"
"6568151549,88866835,2024-03-31 06:26:48,2024-03-31 06:37:48,2024-03-31 06:39:48,On Time,905.47,Cash,67714,115,2.0,1,Medium"
"6006693867,24496983,2023-07-13 23:49:36,2023-07-14 00:02:36,2023-07-14 00:05:36,On Time,1371.17,Card,91362,9021,3.0,1,Large"
"374186990,52215833,2023-08-09 01:17:30,2023-08-09 01:37:30,2023-08-09 01:44:30,Slightly Delayed,1601.19,Wallet,77203,7955,7.0,1,Large"
"4455336265,43431724,2023-08-30 19:37:06,2023-08-30 19:47:06,2023-08-30 19:45:06,On Time,2362.33,Upi,64046,3784,-2.0,0,Premium"
"3539286337,77559557,2023-04-25 20:32:24,2023-04-25 20:44:24,2023-04-25 20:39:24,On Time,1463.8,Wallet,94899,2463,-5.0,0,Large"
"9171116867,87107263,2023-10-22 11:15:33,2023-10-22 11:25:33,2023-10-22 11:37:33,Slightly Delayed,822.63,Card,73907,6899,12.0,1,Medium"
"5504941865,76512976,2024-01-28 02:39:11,2024-01-28 02:55:11,2024-01-28 03:06:11,Slightly Delayed,2287.68,Wallet,56077,9809,11.0,1,Premium"
"5868326481,37556526,2024-03-15 21:07:07,2024-03-15 21:24:07,2024-03-15 21:21:07,On Time,1962.35,Wallet,94140,3106,-3.0,0,Large"
"2137046916,12059049,2024-02-03 08:50:32,2024-02-03 09:03:32,2024-02-03 09:01:32,On Time,3373.96,Upi,12377,1007,-2.0,0,Premium"
"8195544338,26199489,2023-04-26 04:03:57,2023-04-26 04:20:57,2023-04-26 04:28:57,Slightly Delayed,845.71,Wallet,102,3809,8.0,1,Medium"
"2889700050,84848018,2024-04-30 16:22:26,2024-04-30 16:33:26,2024-04-30 16:36:26,On Time,2706.54,Wallet,45032,78,3.0,1,Premium"
"65827885,47577193,2023-07-27 00:13:05,2023-07-27 00:25:05,2023-07-27 00:20:05,On Time,1132.98,Cash,1108,3817,-5.0,0,Large"
"4656471694,60728956,2023-12-09 08:08:08,2023-12-09 08:27:08,2023-12-09 08:35:08,Slightly Delayed,1525.5,Cash,62782,5739,8.0,1,Large"
"6625178717,62068277,2023-07-01 04:24:22,2023-07-01 04:40:22,2023-07-01 04:53:22,Slightly Delayed,5718.09,Card,74906,2130,13.0,1,Premium"
"7169557514,84824280,2023-03-21 05:27:13,2023-03-21 05:38:13,2023-03-21 05:50:13,Slightly Delayed,2970.9,Card,79516,9535,12.0,1,Premium"
"2268306684,66742602,2024-05-28 14:59:08,2024-05-28 15:11:08,2024-05-28 15:10:08,On Time,2991.57,Wallet,65733,6847,-1.0,0,Premium"
"6905293278,97259564,2024-06-16 10:23:23,2024-06-16 10:36:23,2024-06-16 11:02:23,Significantly Delayed,1404.68,Cash,53868,4187,26.0,1,Large"
"1769493463,3292927,2024-06-26 07:13:47,2024-06-26 07:29:47,2024-06-26 07:24:47,On Time,2541.32,Wallet,22954,7071,-5.0,0,Premium"
"5003387344,26592009,2024-06-23 10:53:47,2024-06-23 11:05:47,2024-06-23 11:00:47,On Time,2475.69,Wallet,21004,7477,-5.0,0,Premium"
"2064484752,89995124,2024-05-07 22:42:49,2024-05-07 23:00:49,2024-05-07 22:55:49,On Time,1949.92,Wallet,43022,1116,-5.0,0,Large"
"964822979,88520326,2024-07-13 10:38:00,2024-07-13 10:49:00,2024-07-13 10:47:00,On Time,5804.23,Wallet,42914,7603,-2.0,0,Premium"
"6037899648,22738465,2024-03-27 17:44:43,2024-03-27 18:00:43,2024-03-27 18:04:43,On Time,1231.03,Cash,59131,914,4.0,1,Large"
"9347571484,29562072,2024-11-02 17:15:15,2024-11-02 17:26:15,2024-11-02 17:39:15,Slightly Delayed,3138.06,Card,88612,9615,13.0,1,Premium"
"3286177534,10225164,2023-06-24 23:52:15,2023-06-25 00:09:15,2023-06-25 00:07:15,On Time,3612.26,Wallet,90038,6046,-2.0,0,Premium"
"9073572548,97111069,2023-05-02 23:13:42,2023-05-02 23:25:42,2023-05-02 23:47:42,Significantly Delayed,1091.89,Card,28575,6542,22.0,1,Large"
"8395583761,1989720,2024-08-04 23:35:44,2024-08-04 23:53:44,2024-08-04 23:48:44,On Time,410.62,Upi,84816,5448,-5.0,0,Small"
"6355378227,67092149,2023-08-11 16:52:36,2023-08-11 17:06:36,2023-08-11 17:05:36,On Time,5019.02,Upi,23910,810,-1.0,0,Premium"
"277376321,89784343,2024-07-28 04:25:12,2024-07-28 04:45:12,2024-07-28 04:44:12,On Time,3694.48,Wallet,78589,3357,-1.0,0,Premium"
"8559748526,45868300,2023-04-05 18:07:19,2023-04-05 18:27:19,2023-04-05 18:28:19,On Time,1152.09,Wallet,93002,2270,1.0,1,Large"
"1458051433,50760752,2024-04-26 09:14:56,2024-04-26 09:30:56,2024-04-26 09:26:56,On Time,1055.18,Upi,61040,7426,-4.0,0,Large"
"5838302640,96795047,2023-05-12 05:46:25,2023-05-12 06:02:25,2023-05-12 06:09:25,Slightly Delayed,3377.44,Upi,30907,4242,7.0,1,Premium"
"1380971977,16561710,2024-06-02 13:04:55,2024-06-02 13:21:55,2024-06-02 13:16:55,On Time,3117.74,Cash,52614,6655,-5.0,0,Premium"
"1221099013,35156679,2023-07-23 10:45:59,2023-07-23 11:01:59,2023-07-23 11:03:59,On Time,4335.11,Wallet,60689,8589,2.0,1,Premium"
"6771166303,87718744,2023-07-24 04:21:07,2023-07-24 04:36:07,2023-07-24 04:48:07,Slightly Delayed,816.38,Wallet,98179,2820,12.0,1,Medium"
"7111337755,10524732,2023-05-06 05:52:44,2023-05-06 06:07:44,2023-05-06 06:04:44,On Time,1550.71,Cash,84833,4083,-3.0,0,Large"
"5562922993,62416456,2023-12-06 02:04:19,2023-12-06 02:14:19,2023-12-06 02:17:19,On Time,2292.64,Wallet,73904,418,3.0,1,Premium"
"5630957897,69925688,2024-06-18 07:17:42,2024-06-18 07:32:42,2024-06-18 07:36:42,On Time,827.44,Wallet,14408,468,4.0,1,Medium"
"1787380558,5140660,2023-11-08 17:24:58,2023-11-08 17:43:58,2023-11-08 17:45:58,On Time,2066.77,Cash,95835,862,2.0,1,Premium"
"32613017,82594354,2023-03-17 00:20:41,2023-03-17 00:36:41,2023-03-17 00:36:41,On Time,2354.28,Card,77303,3364,0.0,0,Premium"
"2039041670,88324928,2024-11-01 09:45:47,2024-11-01 10:05:47,2024-11-01 10:20:47,Slightly Delayed,96.33,Wallet,31963,1003,15.0,1,Small"
"210693801,71235336,2024-08-21 03:59:25,2024-08-21 04:10:25,2024-08-21 04:12:25,On Time,3561.22,Upi,14789,4184,2.0,1,Premium"
"8120002258,57833505,2024-01-01 00:05:08,2024-01-01 00:15:08,2024-01-01 00:11:08,On Time,1213.05,Card,61526,6830,-4.0,0,Large"
"2177917034,12402437,2024-02-08 20:03:51,2024-02-08 20:16:51,2024-02-08 20:25:51,Slightly Delayed,3134.8,Card,75636,4829,9.0,1,Premium"
"4254814926,59890331,2024-04-21 06:14:58,2024-04-21 06:34:58,2024-04-21 06:33:58,On Time,3818.33,Wallet,1761,7830,-1.0,0,Premium"
"6074172790,14944819,2023-07-26 02:15:37,2023-07-26 02:26:37,2023-07-26 02:30:37,On Time,2008.84,Wallet,3481,4057,4.0,1,Premium"
"3381573131,67386193,2024-07-16 00:33:21,2024-07-16 00:47:21,2024-07-16 00:42:21,On Time,114.52,Cash,50582,7456,-5.0,0,Small"
"3773745777,67701771,2024-05-02 14:40:25,2024-05-02 14:58:25,2024-05-02 14:58:25,On Time,1488.19,Card,97135,8100,0.0,0,Large"
"9251939156,89910157,2023-12-30 12:39:53,2023-12-30 12:51:53,2023-12-30 12:58:53,Slightly Delayed,891.6,Cash,57095,7206,7.0,1,Medium"
"3872982303,15484407,2024-02-03 01:04:33,2024-02-03 01:24:33,2024-02-03 01:25:33,On Time,1779.45,Wallet,60234,7886,1.0,1,Large"
"2625987757,10769994,2023-08-01 07:42:43,2023-08-01 07:54:43,2023-08-01 07:56:43,On Time,169.88,Upi,51273,4569,2.0,1,Small"
"3162249401,85519349,2024-05-03 13:21:58,2024-05-03 13:31:58,2024-05-03 13:31:58,On Time,4406.98,Cash,47552,2221,0.0,0,Premium"
"3108986741,49241309,2023-10-17 19:29:19,2023-10-17 19:43:19,2023-10-17 19:44:19,On Time,2401.92,Wallet,60867,6530,1.0,1,Premium"
"1851474741,23348269,2023-11-01 13:29:17,2023-11-01 13:42:17,2023-11-01 13:51:17,Slightly Delayed,3742.79,Card,12879,8735,9.0,1,Premium"
"2425099132,85016568,2023-08-15 01:15:08,2023-08-15 01:30:08,2023-08-15 01:34:08,On Time,2498.22,Wallet,44245,4794,4.0,1,Premium"
"6706793332,6247821,2024-10-09 21:50:33,2024-10-09 22:04:33,2024-10-09 22:16:33,Slightly Delayed,949.75,Upi,76503,8271,12.0,1,Medium"
"2149289255,57579640,2024-11-01 15:00:29,2024-11-01 15:20:29,2024-11-01 15:39:29,Significantly Delayed,2687.31,Cash,25251,7315,19.0,1,Premium"
"1971008155,2457734,2023-10-23 22:23:41,2023-10-23 22:43:41,2023-10-23 22:39:41,On Time,1866.01,Cash,30330,5472,-4.0,0,Large"
"2087093460,59329145,2024-07-11 11:31:57,2024-07-11 11:42:57,2024-07-11 11:41:57,On Time,4198.33,Card,27478,2176,-1.0,0,Premium"
"2116712588,24043135,2023-11-11 20:33:38,2023-11-11 20:48:38,2023-11-11 20:51:38,On Time,44.35,Wallet,34078,6552,3.0,1,Small"
"6054358790,59216664,2024-01-26 10:11:06,2024-01-26 10:31:06,2024-01-26 10:26:06,On Time,3217.7,Wallet,52564,1880,-5.0,0,Premium"
"532660797,41008070,2024-05-20 06:25:18,2024-05-20 06:37:18,2024-05-20 06:51:18,Slightly Delayed,2683.73,Upi,97547,2245,14.0,1,Premium"
"1491991005,52215833,2024-03-04 08:49:03,2024-03-04 09:01:03,2024-03-04 09:01:03,On Time,3472.55,Wallet,85285,3036,0.0,0,Premium"
"4136019599,74179536,2024-03-23 18:38:14,2024-03-23 18:52:14,2024-03-23 18:55:14,On Time,1131.05,Wallet,34667,6564,3.0,1,Large"
"2122832513,55028958,2024-02-17 19:48:14,2024-02-17 19:58:14,2024-02-17 20:18:14,Significantly Delayed,2037.94,Upi,39396,5245,20.0,1,Premium"
"3717703595,88965399,2023-04-24 21:33:02,2023-04-24 21:52:02,2023-04-24 21:51:02,On Time,1756.7,Card,8041,7309,-1.0,0,Large"
"3194733693,21866852,2023-07-05 10:13:13,2023-07-05 10:30:13,2023-07-05 10:37:13,Slightly Delayed,2552.88,Upi,16623,9112,7.0,1,Premium"
"4471162437,27971619,2024-02-06 12:38:50,2024-02-06 12:52:50,2024-02-06 12:52:50,On Time,3355.65,Card,54708,9226,0.0,0,Premium"
"1609331948,8791577,2024-01-04 14:06:21,2024-01-04 14:19:21,2024-01-04 14:19:21,On Time,3648.36,Upi,58721,2696,0.0,0,Premium"
"6920030794,70372270,2024-06-24 02:37:36,2024-06-24 02:51:36,2024-06-24 02:49:36,On Time,2936.64,Upi,38745,1394,-2.0,0,Premium"
"5127172657,32293017,2024-06-11 18:11:31,2024-06-11 18:30:31,2024-06-11 18:50:31,Significantly Delayed,2185.5,Cash,80034,288,20.0,1,Premium"
"8607115856,15931134,2023-10-09 04:42:34,2023-10-09 04:52:34,2023-10-09 04:49:34,On Time,739.34,Upi,85718,3015,-3.0,0,Medium"
"7154957395,60700850,2023-04-09 10:10:33,2023-04-09 10:21:33,2023-04-09 10:21:33,On Time,2696.84,Wallet,63099,1915,0.0,0,Premium"
"2070762702,34761418,2023-10-04 10:20:55,2023-10-04 10:37:55,2023-10-04 10:52:55,Slightly Delayed,2457.2,Cash,64950,5593,15.0,1,Premium"
"3697242439,99361865,2024-10-15 12:30:13,2024-10-15 12:47:13,2024-10-15 12:46:13,On Time,2179.49,Cash,67408,4528,-1.0,0,Premium"
"3063427913,75984768,2023-09-21 02:17:46,2023-09-21 02:34:46,2023-09-21 02:37:46,On Time,4419.03,Card,24100,1492,3.0,1,Premium"
"2060061337,29272253,2023-04-15 22:56:08,2023-04-15 23:10:08,2023-04-15 23:22:08,Slightly Delayed,3041.62,Wallet,50748,4851,12.0,1,Premium"
"4625892678,80371626,2023-06-18 19:23:45,2023-06-18 19:35:45,2023-06-18 19:39:45,On Time,3166.49,Wallet,40337,2018,4.0,1,Premium"
"6045698170,666589,2024-01-24 17:03:49,2024-01-24 17:14:49,2024-01-24 17:19:49,On Time,222.15,Upi,16848,3220,5.0,1,Small"
"7876289647,98858383,2024-08-07 07:55:29,2024-08-07 08:06:29,2024-08-07 08:18:29,Slightly Delayed,3218.62,Upi,28786,9606,12.0,1,Premium"
"3434084714,46836361,2024-02-02 02:54:20,2024-02-02 03:06:20,2024-02-02 03:04:20,On Time,1179.41,Cash,58201,5513,-2.0,0,Large"
"9031695663,94730288,2024-01-17 01:23:06,2024-01-17 01:35:06,2024-01-17 01:41:06,Slightly Delayed,2316.01,Card,43200,5551,6.0,1,Premium"
"1955989715,77862447,2023-12-27 06:52:23,2023-12-27 07:06:23,2023-12-27 07:08:23,On Time,1931.35,Wallet,8135,6276,2.0,1,Large"
"3459500455,16379942,2023-12-18 00:37:55,2023-12-18 00:52:55,2023-12-18 00:54:55,On Time,2581.78,Upi,20504,6348,2.0,1,Premium"
"5953376503,79169760,2024-05-25 03:53:54,2024-05-25 04:08:54,2024-05-25 04:24:54,Significantly Delayed,650.2,Wallet,34929,3686,16.0,1,Medium"
"121874867,94529626,2023-03-28 00:53:55,2023-03-28 01:10:55,2023-03-28 01:05:55,On Time,2596.92,Upi,69733,7775,-5.0,0,Premium"
"2460545397,42872865,2024-10-27 11:26:03,2024-10-27 11:38:03,2024-10-27 11:49:03,Slightly Delayed,474.34,Wallet,50527,7031,11.0,1,Small"
"9690050839,55803572,2024-01-13 02:34:24,2024-01-13 02:44:24,2024-01-13 02:49:24,On Time,2551.93,Wallet,76868,3949,5.0,1,Premium"
"2574349065,51547198,2024-04-17 14:33:32,2024-04-17 14:43:32,2024-04-17 14:44:32,On Time,4476.55,Wallet,406,7690,1.0,1,Premium"
"2461936988,14428954,2023-07-20 23:11:57,2023-07-20 23:29:57,2023-07-20 23:48:57,Significantly Delayed,4196.95,Cash,77590,9647,19.0,1,Premium"
"6447596416,76987910,2023-10-08 18:18:29,2023-10-08 18:30:29,2023-10-08 18:26:29,On Time,4965.12,Card,45656,494,-4.0,0,Premium"
"7228452275,42262168,2023-05-13 01:06:33,2023-05-13 01:25:33,2023-05-13 01:25:33,On Time,326.42,Card,96211,9542,0.0,0,Small"
"6696750742,5277675,2023-04-02 17:43:16,2023-04-02 17:54:16,2023-04-02 17:54:16,On Time,2509.56,Wallet,89976,8222,0.0,0,Premium"
"822235931,44410149,2023-08-09 07:17:16,2023-08-09 07:27:16,2023-08-09 07:42:16,Slightly Delayed,4866.15,Wallet,1773,639,15.0,1,Premium"
"7678251499,17805991,2023-04-23 13:27:40,2023-04-23 13:37:40,2023-04-23 13:42:40,On Time,3141.37,Cash,60822,3427,5.0,1,Premium"
"2497341976,9097480,2023-09-21 09:06:49,2023-09-21 09:19:49,2023-09-21 09:20:49,On Time,3414.57,Wallet,42711,788,1.0,1,Premium"
"9107314128,79591237,2024-05-20 16:19:17,2024-05-20 16:37:17,2024-05-20 16:36:17,On Time,545.49,Wallet,21125,6660,-1.0,0,Medium"
"9855726256,8651281,2023-05-17 07:50:53,2023-05-17 08:05:53,2023-05-17 08:03:53,On Time,479.57,Card,59743,1416,-2.0,0,Small"
"9398719862,14991661,2024-07-19 09:22:31,2024-07-19 09:40:31,2024-07-19 09:44:31,On Time,4255.0,Card,4852,9455,4.0,1,Premium"
"379494532,9650263,2024-07-07 13:29:33,2024-07-07 13:42:33,2024-07-07 13:44:33,On Time,3609.27,Upi,99227,2058,2.0,1,Premium"
"1048784963,58942207,2023-09-07 13:18:38,2023-09-07 13:35:38,2023-09-07 13:30:38,On Time,1159.84,Card,35552,2538,-5.0,0,Large"
"4386246924,69632084,2024-08-27 10:06:15,2024-08-27 10:26:15,2024-08-27 10:52:15,Significantly Delayed,2026.78,Card,56384,9593,26.0,1,Premium"
"2050362692,79991320,2024-10-30 11:23:04,2024-10-30 11:36:04,2024-10-30 11:39:04,On Time,2363.42,Cash,16076,2265,3.0,1,Premium"
"4142963293,34567918,2024-11-03 03:45:46,2024-11-03 04:04:46,2024-11-03 04:07:46,On Time,3686.26,Cash,74308,9263,3.0,1,Premium"
"9753528654,61522288,2024-07-26 07:24:16,2024-07-26 07:35:16,2024-07-26 07:33:16,On Time,109.03,Cash,63454,8771,-2.0,0,Small"
"8126970833,14161586,2024-09-14 20:27:40,2024-09-14 20:41:40,2024-09-14 21:07:40,Significantly Delayed,4398.35,Wallet,83636,8350,26.0,1,Premium"
"9747814712,16359370,2023-12-16 15:38:05,2023-12-16 15:52:05,2023-12-16 15:55:05,On Time,2333.7,Wallet,33342,8165,3.0,1,Premium"
"6281619403,77921718,2023-04-09 18:56:42,2023-04-09 19:15:42,2023-04-09 19:10:42,On Time,3374.44,Upi,12086,5214,-5.0,0,Premium"
"436184281,78614729,2023-11-20 12:36:18,2023-11-20 12:55:18,2023-11-20 13:22:18,Significantly Delayed,3147.92,Card,59936,2749,27.0,1,Premium"
"9799231260,22077605,2024-03-07 08:59:56,2024-03-07 09:17:56,2024-03-07 09:21:56,On Time,872.83,Wallet,58378,7812,4.0,1,Medium"
"4071811527,66023110,2023-07-26 15:38:48,2023-07-26 15:51:48,2023-07-26 16:00:48,Slightly Delayed,1872.01,Card,27993,100,9.0,1,Large"
"5645359563,87160527,2024-08-08 23:28:23,2024-08-08 23:45:23,2024-08-08 23:40:23,On Time,2624.29,Card,45180,8474,-5.0,0,Premium"
"9411813703,62600289,2023-09-25 22:56:09,2023-09-25 23:11:09,2023-09-25 23:16:09,On Time,4433.0,Wallet,32773,5238,5.0,1,Premium"
"4270217473,54580166,2024-02-01 08:48:55,2024-02-01 09:02:55,2024-02-01 09:02:55,On Time,505.5,Cash,4904,9867,0.0,0,Medium"
"279851011,12967305,2023-04-11 09:45:14,2023-04-11 09:58:14,2023-04-11 09:57:14,On Time,3495.33,Card,73623,6199,-1.0,0,Premium"
"6260524887,57081917,2024-06-01 06:43:44,2024-06-01 07:00:44,2024-06-01 06:56:44,On Time,2457.11,Card,22883,3322,-4.0,0,Premium"
"5853998391,94453274,2023-09-08 02:48:14,2023-09-08 02:58:14,2023-09-08 02:55:14,On Time,949.22,Wallet,23606,364,-3.0,0,Medium"
"9931976872,8955057,2024-06-24 05:17:20,2024-06-24 05:32:20,2024-06-24 05:28:20,On Time,2487.83,Wallet,97297,9676,-4.0,0,Premium"
"8432209832,90346920,2024-03-20 03:24:23,2024-03-20 03:42:23,2024-03-20 03:54:23,Slightly Delayed,3835.31,Wallet,18907,9981,12.0,1,Premium"
"6023721507,8791577,2024-04-07 00:19:29,2024-04-07 00:36:29,2024-04-07 00:35:29,On Time,1849.03,Upi,72197,158,-1.0,0,Large"
"3042338919,76212152,2023-05-17 14:52:39,2023-05-17 15:05:39,2023-05-17 15:02:39,On Time,2765.06,Wallet,70995,6827,-3.0,0,Premium"
"233646065,16379942,2023-09-19 22:28:29,2023-09-19 22:43:29,2023-09-19 22:48:29,On Time,578.85,Wallet,56968,2400,5.0,1,Medium"
"9870610018,94033330,2024-02-08 05:23:21,2024-02-08 05:36:21,2024-02-08 05:35:21,On Time,478.79,Card,44706,2918,-1.0,0,Small"
"1398230967,46876240,2024-04-22 09:58:26,2024-04-22 10:13:26,2024-04-22 10:09:26,On Time,1186.66,Card,92744,7040,-4.0,0,Large"
"8615488922,92209869,2023-11-04 00:06:14,2023-11-04 00:21:14,2023-11-04 00:42:14,Significantly Delayed,3803.34,Card,1328,9406,21.0,1,Premium"
"2748841057,33544355,2023-12-30 05:03:21,2023-12-30 05:19:21,2023-12-30 05:43:21,Significantly Delayed,1587.18,Card,11008,1719,24.0,1,Large"
"1375867721,4862761,2024-07-15 16:57:54,2024-07-15 17:08:54,2024-07-15 17:05:54,On Time,2244.24,Cash,21511,548,-3.0,0,Premium"
"8595141097,96511007,2024-03-31 10:24:16,2024-03-31 10:36:16,2024-03-31 10:39:16,On Time,3385.77,Upi,19332,9568,3.0,1,Premium"
"4673382071,21784094,2024-01-16 13:25:12,2024-01-16 13:40:12,2024-01-16 13:49:12,Slightly Delayed,1479.69,Upi,97477,9551,9.0,1,Large"
"2948696008,51872499,2024-04-10 10:05:48,2024-04-10 10:22:48,2024-04-10 10:19:48,On Time,3103.41,Cash,89164,843,-3.0,0,Premium"
"6839692624,64497538,2023-11-19 01:53:50,2023-11-19 02:10:50,2023-11-19 02:35:50,Significantly Delayed,4464.84,Cash,44627,1835,25.0,1,Premium"
"5770951298,75510747,2023-10-02 18:09:57,2023-10-02 18:23:57,2023-10-02 18:21:57,On Time,957.11,Upi,4946,8044,-2.0,0,Medium"
"5084771819,6344345,2024-08-29 21:54:24,2024-08-29 22:05:24,2024-08-29 22:18:24,Slightly Delayed,1207.68,Cash,66403,5500,13.0,1,Large"
"422403644,56548063,2023-05-27 23:26:14,2023-05-27 23:46:14,2023-05-27 23:54:14,Slightly Delayed,2331.5,Upi,23782,4684,8.0,1,Premium"
"7176758896,18394558,2023-07-13 12:50:53,2023-07-13 13:00:53,2023-07-13 13:01:53,On Time,2640.24,Cash,75492,2866,1.0,1,Premium"
"8252905093,42589311,2024-04-21 23:13:31,2024-04-21 23:29:31,2024-04-21 23:30:31,On Time,2315.77,Card,40596,7934,1.0,1,Premium"
"1488561572,75928073,2024-08-27 08:18:40,2024-08-27 08:32:40,2024-08-27 08:31:40,On Time,4053.52,Cash,31495,3970,-1.0,0,Premium"
"6212984517,72702075,2024-03-16 21:47:29,2024-03-16 22:05:29,2024-03-16 22:03:29,On Time,1388.01,Upi,15665,6591,-2.0,0,Large"
"6309784337,26250082,2024-05-06 17:37:10,2024-05-06 17:53:10,2024-05-06 17:53:10,On Time,1905.92,Card,23009,396,0.0,0,Large"
"4613890018,53538932,2023-10-24 12:43:17,2023-10-24 13:00:17,2023-10-24 13:00:17,On Time,1545.79,Wallet,82638,8307,0.0,0,Large"
"3429728472,64017365,2023-03-31 08:31:30,2023-03-31 08:48:30,2023-03-31 08:57:30,Slightly Delayed,4138.27,Cash,77476,2104,9.0,1,Premium"
"267738904,63368244,2023-10-24 23:10:36,2023-10-24 23:24:36,2023-10-24 23:38:36,Slightly Delayed,3596.07,Card,73022,8030,14.0,1,Premium"
"3850416839,57081917,2024-07-01 02:05:28,2024-07-01 02:23:28,2024-07-01 02:36:28,Slightly Delayed,5490.94,Upi,32659,8131,13.0,1,Premium"
"3412702479,86479284,2023-12-24 07:32:20,2023-12-24 07:46:20,2023-12-24 07:51:20,On Time,2344.83,Cash,35140,2577,5.0,1,Premium"
"2016183232,44928499,2023-07-19 04:15:07,2023-07-19 04:35:07,2023-07-19 04:46:07,Slightly Delayed,1934.43,Card,38755,5767,11.0,1,Large"
"3810280204,84361534,2023-10-26 17:52:28,2023-10-26 18:06:28,2023-10-26 18:10:28,On Time,2956.37,Wallet,70290,480,4.0,1,Premium"
"2416767295,767523,2024-07-05 03:36:54,2024-07-05 03:50:54,2024-07-05 03:59:54,Slightly Delayed,2358.76,Card,28144,39,9.0,1,Premium"
"2283439407,46623192,2023-07-14 02:18:09,2023-07-14 02:28:09,2023-07-14 02:32:09,On Time,1216.8,Upi,58922,2848,4.0,1,Large"
"4328802292,9738801,2023-06-14 19:43:21,2023-06-14 19:57:21,2023-06-14 20:15:21,Significantly Delayed,1926.12,Cash,66985,1268,18.0,1,Large"
"7072715691,74195536,2023-12-25 19:14:20,2023-12-25 19:28:20,2023-12-25 19:29:20,On Time,2120.77,Cash,82046,3755,1.0,1,Premium"
"5640741373,90298394,2024-05-10 06:46:20,2024-05-10 06:57:20,2024-05-10 06:57:20,On Time,765.76,Card,20090,3383,0.0,0,Medium"
"6931094066,17159117,2023-11-15 21:59:17,2023-11-15 22:18:17,2023-11-15 22:14:17,On Time,2802.27,Card,66225,7331,-4.0,0,Premium"
"3417088709,62629494,2024-05-30 17:24:44,2024-05-30 17:37:44,2024-05-30 17:58:44,Significantly Delayed,912.29,Upi,63738,2101,21.0,1,Medium"
"4424404315,9274874,2023-07-16 07:24:04,2023-07-16 07:36:04,2023-07-16 07:40:04,On Time,494.48,Wallet,8506,1950,4.0,1,Small"
"2444087306,56250563,2023-07-28 08:25:29,2023-07-28 08:35:29,2023-07-28 08:37:29,On Time,2440.73,Wallet,75692,5429,2.0,1,Premium"
"486085268,51040116,2023-12-11 19:39:16,2023-12-11 19:51:16,2023-12-11 19:56:16,On Time,4749.99,Upi,90390,4690,5.0,1,Premium"
"1731312620,49795571,2023-05-08 20:32:00,2023-05-08 20:42:00,2023-05-08 20:41:00,On Time,843.21,Wallet,75316,1309,-1.0,0,Medium"
"6475582506,82529927,2023-09-23 04:50:27,2023-09-23 05:01:27,2023-09-23 05:05:27,On Time,3895.25,Wallet,52304,2425,4.0,1,Premium"
"1868581378,93198324,2024-03-29 18:27:14,2024-03-29 18:43:14,2024-03-29 18:47:14,On Time,2065.81,Card,38861,6383,4.0,1,Premium"
"8884235937,20298398,2024-08-09 11:51:55,2024-08-09 12:01:55,2024-08-09 12:09:55,Slightly Delayed,1655.6,Upi,81977,8826,8.0,1,Large"
"4590662628,87200291,2024-01-10 11:48:31,2024-01-10 12:02:31,2024-01-10 12:17:31,Slightly Delayed,3148.95,Cash,18200,5462,15.0,1,Premium"
"992302540,32203588,2023-11-26 21:32:11,2023-11-26 21:51:11,2023-11-26 21:54:11,On Time,198.72,Wallet,12863,956,3.0,1,Small"
"7169974633,59110513,2024-10-16 16:03:22,2024-10-16 16:22:22,2024-10-16 16:21:22,On Time,2475.21,Upi,69861,4905,-1.0,0,Premium"
"6703651257,93198324,2024-01-17 01:26:31,2024-01-17 01:43:31,2024-01-17 01:46:31,On Time,727.87,Card,4285,5882,3.0,1,Medium"
"7180810221,20940403,2023-09-10 16:44:46,2023-09-10 16:58:46,2023-09-10 17:07:46,Slightly Delayed,657.8,Cash,59848,754,9.0,1,Medium"
"7875587578,60967677,2024-07-15 08:47:10,2024-07-15 08:59:10,2024-07-15 09:09:10,Slightly Delayed,3351.74,Card,40025,6554,10.0,1,Premium"
"2578671497,76218218,2024-01-25 00:04:47,2024-01-25 00:16:47,2024-01-25 00:21:47,On Time,3603.94,Card,64618,4306,5.0,1,Premium"
"6284350691,57207678,2024-06-20 01:00:52,2024-06-20 01:13:52,2024-06-20 01:13:52,On Time,726.41,Wallet,9053,9366,0.0,0,Medium"
"5383261788,34588087,2023-10-18 21:18:10,2023-10-18 21:34:10,2023-10-18 21:30:10,On Time,3375.86,Wallet,94840,856,-4.0,0,Premium"
"6590867973,56441247,2023-11-20 08:37:18,2023-11-20 08:55:18,2023-11-20 08:54:18,On Time,1848.22,Upi,23582,5770,-1.0,0,Large"
"8787105023,81822935,2024-05-07 22:54:29,2024-05-07 23:09:29,2024-05-07 23:12:29,On Time,1443.64,Wallet,54795,2951,3.0,1,Large"
"1402916311,14275043,2024-04-23 12:52:28,2024-04-23 13:05:28,2024-04-23 13:09:28,On Time,4553.36,Card,57649,178,4.0,1,Premium"
"9715205272,52409516,2024-10-21 21:55:22,2024-10-21 22:09:22,2024-10-21 22:11:22,On Time,1189.17,Upi,21783,7087,2.0,1,Large"
"3946852375,96253172,2024-07-04 12:26:55,2024-07-04 12:45:55,2024-07-04 12:45:55,On Time,150.99,Cash,92389,9580,0.0,0,Small"
"3367039425,86050297,2024-03-10 03:46:29,2024-03-10 03:58:29,2024-03-10 04:00:29,On Time,703.11,Upi,72408,9069,2.0,1,Medium"
"687711388,52757321,2024-02-02 10:13:42,2024-02-02 10:28:42,2024-02-02 10:40:42,Slightly Delayed,1385.43,Card,44884,3910,12.0,1,Large"
"647012431,34281470,2024-06-16 13:11:54,2024-06-16 13:27:54,2024-06-16 13:45:54,Significantly Delayed,3706.1,Card,94183,9989,18.0,1,Premium"
"7143278295,50557979,2024-02-13 15:28:08,2024-02-13 15:39:08,2024-02-13 15:35:08,On Time,1597.11,Upi,89680,7182,-4.0,0,Large"
"9736844695,31978160,2024-04-09 20:00:46,2024-04-09 20:18:46,2024-04-09 20:13:46,On Time,1608.11,Cash,87624,3487,-5.0,0,Large"
"5933289680,5751638,2023-12-07 04:30:24,2023-12-07 04:49:24,2023-12-07 05:09:24,Significantly Delayed,2950.6,Wallet,1722,9869,20.0,1,Premium"
"9494303116,98858383,2024-07-21 10:44:40,2024-07-21 11:04:40,2024-07-21 11:09:40,On Time,1538.49,Card,12071,6262,5.0,1,Large"
"9337878102,9987182,2023-05-16 03:51:12,2023-05-16 04:09:12,2023-05-16 04:05:12,On Time,3119.18,Wallet,15234,4435,-4.0,0,Premium"
"6872621077,77128325,2023-09-14 18:19:29,2023-09-14 18:29:29,2023-09-14 18:24:29,On Time,3611.43,Wallet,42244,847,-5.0,0,Premium"
"7330237253,28428852,2023-12-07 12:22:17,2023-12-07 12:38:17,2023-12-07 12:37:17,On Time,869.86,Upi,18688,3099,-1.0,0,Medium"
"7942616242,33685414,2023-09-30 08:07:45,2023-09-30 08:27:45,2023-09-30 08:52:45,Significantly Delayed,1116.0,Wallet,76694,5368,25.0,1,Large"
"238520071,77320193,2024-02-20 05:25:38,2024-02-20 05:44:38,2024-02-20 05:47:38,On Time,852.02,Cash,91088,1203,3.0,1,Medium"
"5812379362,46504355,2023-08-05 10:51:03,2023-08-05 11:05:03,2023-08-05 11:01:03,On Time,3865.78,Wallet,68969,544,-4.0,0,Premium"
"2616623847,49915498,2024-01-19 19:08:25,2024-01-19 19:22:25,2024-01-19 19:37:25,Slightly Delayed,3928.0,Cash,43649,9330,15.0,1,Premium"
"2040854480,40392019,2023-12-10 00:09:16,2023-12-10 00:22:16,2023-12-10 00:47:16,Significantly Delayed,946.86,Wallet,11814,4573,25.0,1,Medium"
"5456484560,62600289,2024-09-26 01:56:49,2024-09-26 02:10:49,2024-09-26 02:35:49,Significantly Delayed,1630.68,Upi,32681,5000,25.0,1,Large"
"883309006,71229024,2024-04-09 08:12:20,2024-04-09 08:22:20,2024-04-09 08:30:20,Slightly Delayed,1427.84,Cash,23074,5405,8.0,1,Large"
"6528341992,64497538,2024-01-29 03:28:43,2024-01-29 03:43:43,2024-01-29 03:54:43,Slightly Delayed,2360.73,Wallet,50910,7253,11.0,1,Premium"
"3263203775,44888581,2024-09-28 15:27:48,2024-09-28 15:37:48,2024-09-28 15:36:48,On Time,826.28,Upi,38308,9171,-1.0,0,Medium"
"3660010934,83577942,2024-01-31 15:31:03,2024-01-31 15:44:03,2024-01-31 15:49:03,On Time,787.4,Wallet,17404,4956,5.0,1,Medium"
"7944885043,1683786,2024-05-26 08:18:38,2024-05-26 08:31:38,2024-05-26 08:29:38,On Time,4410.72,Card,16741,8470,-2.0,0,Premium"
"2506369831,1529180,2023-06-16 13:05:30,2023-06-16 13:22:30,2023-06-16 13:35:30,Slightly Delayed,255.35,Upi,62473,7950,13.0,1,Small"
"697061213,91196901,2023-03-25 09:41:55,2023-03-25 09:52:55,2023-03-25 09:55:55,On Time,4473.11,Card,80729,1451,3.0,1,Premium"
"7079057004,1507408,2023-09-30 08:52:45,2023-09-30 09:10:45,2023-09-30 09:32:45,Significantly Delayed,1946.09,Card,16501,3954,22.0,1,Large"
"1556153632,67215939,2024-05-04 08:35:19,2024-05-04 08:54:19,2024-05-04 09:03:19,Slightly Delayed,1277.85,Wallet,45137,1393,9.0,1,Large"
"2161235338,38902882,2024-04-12 15:00:38,2024-04-12 15:12:38,2024-04-12 15:21:38,Slightly Delayed,4431.77,Wallet,96206,240,9.0,1,Premium"
"1247978468,97484394,2024-07-19 01:53:39,2024-07-19 02:13:39,2024-07-19 02:12:39,On Time,1662.15,Upi,30662,4045,-1.0,0,Large"
"5437627061,58505903,2024-08-22 02:04:33,2024-08-22 02:15:33,2024-08-22 02:16:33,On Time,910.19,Upi,39894,5851,1.0,1,Medium"
"9091960039,13455530,2024-02-11 09:54:55,2024-02-11 10:04:55,2024-02-11 10:04:55,On Time,1349.36,Card,51540,68,0.0,0,Large"
"619198317,81906973,2023-11-20 16:57:35,2023-11-20 17:16:35,2023-11-20 17:11:35,On Time,4216.63,Upi,83654,669,-5.0,0,Premium"
"9833179291,90372221,2023-05-04 18:32:00,2023-05-04 18:52:00,2023-05-04 18:48:00,On Time,483.05,Upi,97223,1456,-4.0,0,Small"
"4148760273,93122847,2024-05-22 01:40:57,2024-05-22 01:55:57,2024-05-22 01:58:57,On Time,994.97,Upi,55805,8302,3.0,1,Medium"
"7206041763,74694186,2023-05-30 19:17:37,2023-05-30 19:35:37,2023-05-30 19:37:37,On Time,162.67,Card,1128,279,2.0,1,Small"
"690097648,2684440,2023-12-27 20:11:22,2023-12-27 20:30:22,2023-12-27 20:40:22,Slightly Delayed,3471.29,Cash,92460,8700,10.0,1,Premium"
"4197061567,52757321,2024-02-04 03:20:32,2024-02-04 03:31:32,2024-02-04 03:33:32,On Time,3685.3,Upi,48139,9189,2.0,1,Premium"
"2009394836,55056284,2023-10-24 22:11:10,2023-10-24 22:25:10,2023-10-24 22:23:10,On Time,1159.53,Upi,71878,5861,-2.0,0,Large"
"277502363,88203688,2023-12-28 13:54:57,2023-12-28 14:04:57,2023-12-28 14:09:57,On Time,2682.72,Card,18055,9608,5.0,1,Premium"
"4356959622,38709137,2024-01-16 07:41:08,2024-01-16 07:56:08,2024-01-16 07:51:08,On Time,2128.54,Cash,94308,7148,-5.0,0,Premium"
"174306009,87457446,2024-08-09 00:24:44,2024-08-09 00:35:44,2024-08-09 01:02:44,Significantly Delayed,2424.07,Upi,35598,626,27.0,1,Premium"
"9582674091,34237583,2024-08-16 11:20:21,2024-08-16 11:39:21,2024-08-16 12:01:21,Significantly Delayed,951.43,Upi,16055,7480,22.0,1,Medium"
"8675579025,44409533,2024-07-06 11:59:17,2024-07-06 12:15:17,2024-07-06 12:17:17,On Time,2636.86,Card,13158,6920,2.0,1,Premium"
"5195999941,52757321,2024-07-19 18:51:00,2024-07-19 19:07:00,2024-07-19 19:21:00,Slightly Delayed,2298.98,Card,12987,4056,14.0,1,Premium"
"5210007923,97507853,2024-10-01 05:12:34,2024-10-01 05:24:34,2024-10-01 05:25:34,On Time,1278.93,Cash,94672,527,1.0,1,Large"
"6595771960,45700473,2023-04-05 03:22:22,2023-04-05 03:36:22,2023-04-05 03:40:22,On Time,4251.75,Cash,72175,9505,4.0,1,Premium"
"4247338382,34853377,2023-12-05 02:01:24,2023-12-05 02:11:24,2023-12-05 02:40:24,Significantly Delayed,989.88,Cash,85815,5115,29.0,1,Medium"
"819143326,88324928,2024-01-10 19:18:29,2024-01-10 19:34:29,2024-01-10 19:39:29,On Time,3284.6,Cash,73801,9159,5.0,1,Premium"
"3830844750,23996221,2023-08-06 15:56:31,2023-08-06 16:07:31,2023-08-06 16:04:31,On Time,1663.27,Upi,95930,3176,-3.0,0,Large"
"1687314172,82425179,2024-03-13 18:42:43,2024-03-13 19:00:43,2024-03-13 19:03:43,On Time,3835.73,Cash,86120,9557,3.0,1,Premium"
"6756007265,80850753,2023-07-27 18:19:10,2023-07-27 18:37:10,2023-07-27 18:42:10,On Time,1848.13,Wallet,48609,7440,5.0,1,Large"
"489762747,19482392,2024-09-27 16:36:39,2024-09-27 16:52:39,2024-09-27 17:18:39,Significantly Delayed,766.2,Card,93825,5112,26.0,1,Medium"
"7509195875,42723554,2023-11-26 19:55:46,2023-11-26 20:11:46,2023-11-26 20:14:46,On Time,4237.4,Card,96839,3895,3.0,1,Premium"
"2370917070,5763963,2023-07-25 05:54:42,2023-07-25 06:11:42,2023-07-25 06:16:42,On Time,2639.9,Card,13883,1591,5.0,1,Premium"
"2055388266,119099,2023-06-23 06:31:41,2023-06-23 06:41:41,2023-06-23 06:49:41,Slightly Delayed,3722.37,Upi,80608,4452,8.0,1,Premium"
"8969304162,43052303,2023-10-12 14:44:50,2023-10-12 15:03:50,2023-10-12 15:02:50,On Time,1264.98,Wallet,67811,5918,-1.0,0,Large"
"5412674107,88111697,2024-10-06 21:41:05,2024-10-06 22:00:05,2024-10-06 22:02:05,On Time,2646.85,Cash,15617,6627,2.0,1,Premium"
"1536516619,15631726,2023-11-25 07:50:28,2023-11-25 08:10:28,2023-11-25 08:15:28,On Time,3466.59,Wallet,44378,7699,5.0,1,Premium"
"3858907413,89910157,2023-07-27 18:31:30,2023-07-27 18:45:30,2023-07-27 18:45:30,On Time,3427.43,Cash,29907,6852,0.0,0,Premium"
"4976389251,79478655,2023-09-05 10:02:35,2023-09-05 10:13:35,2023-09-05 10:08:35,On Time,1146.95,Card,89142,2957,-5.0,0,Large"
"2218319201,40587811,2024-11-01 02:59:02,2024-11-01 03:12:02,2024-11-01 03:11:02,On Time,1216.48,Wallet,957,4034,-1.0,0,Large"
"6729422433,68159723,2023-07-19 13:45:45,2023-07-19 13:55:45,2023-07-19 14:01:45,Slightly Delayed,3405.78,Upi,99898,2847,6.0,1,Premium"
"1354097448,98687927,2023-06-21 17:33:21,2023-06-21 17:53:21,2023-06-21 17:55:21,On Time,3401.69,Card,10089,4903,2.0,1,Premium"
"8952275304,81174361,2024-08-31 08:12:32,2024-08-31 08:22:32,2024-08-31 08:22:32,On Time,2474.23,Cash,95373,2943,0.0,0,Premium"
"436603801,54619715,2023-12-28 09:54:53,2023-12-28 10:14:53,2023-12-28 10:11:53,On Time,838.89,Cash,64535,6877,-3.0,0,Medium"
"5273875984,9278983,2023-05-31 03:32:44,2023-05-31 03:45:44,2023-05-31 03:59:44,Slightly Delayed,2682.38,Cash,60888,9153,14.0,1,Premium"
"9290203003,21573815,2024-04-01 12:19:55,2024-04-01 12:31:55,2024-04-01 12:36:55,On Time,2133.39,Cash,44829,4658,5.0,1,Premium"
"6240982373,91243571,2023-04-26 03:12:48,2023-04-26 03:27:48,2023-04-26 03:24:48,On Time,3393.08,Cash,16774,8894,-3.0,0,Premium"
"2718348206,5763963,2023-11-08 10:22:06,2023-11-08 10:37:06,2023-11-08 10:33:06,On Time,632.43,Upi,66580,4202,-4.0,0,Medium"
"4903544026,57331847,2024-05-11 04:29:41,2024-05-11 04:45:41,2024-05-11 04:50:41,On Time,3778.46,Cash,7486,3828,5.0,1,Premium"
"2827266949,93675757,2024-09-17 07:51:52,2024-09-17 08:10:52,2024-09-17 08:18:52,Slightly Delayed,3334.82,Card,24708,2763,8.0,1,Premium"
"4278423074,67708491,2023-12-17 04:48:47,2023-12-17 05:02:47,2023-12-17 05:05:47,On Time,1073.53,Cash,23667,9896,3.0,1,Large"
"645916247,76857266,2023-10-10 02:52:20,2023-10-10 03:03:20,2023-10-10 03:32:20,Significantly Delayed,4465.9,Cash,98927,8801,29.0,1,Premium"
"5816647866,81420960,2024-09-26 05:13:41,2024-09-26 05:23:41,2024-09-26 05:40:41,Significantly Delayed,2323.45,Cash,84702,6850,17.0,1,Premium"
"7282397914,97825663,2024-07-14 01:15:08,2024-07-14 01:35:08,2024-07-14 01:40:08,On Time,2043.65,Cash,26008,8481,5.0,1,Premium"
"3260611473,12832151,2024-02-06 13:34:26,2024-02-06 13:54:26,2024-02-06 14:12:26,Significantly Delayed,2731.48,Cash,28392,134,18.0,1,Premium"
"8638163868,87718744,2023-06-07 03:25:59,2023-06-07 03:41:59,2023-06-07 03:46:59,On Time,4272.81,Card,29019,3056,5.0,1,Premium"
"177850987,51174875,2023-11-07 14:08:48,2023-11-07 14:25:48,2023-11-07 14:22:48,On Time,1934.67,Upi,61247,6015,-3.0,0,Large"
"9653859166,32987624,2023-03-16 19:23:51,2023-03-16 19:36:51,2023-03-16 19:50:51,Slightly Delayed,2978.36,Wallet,72058,1941,14.0,1,Premium"
"9991338690,98444183,2024-07-29 11:34:33,2024-07-29 11:45:33,2024-07-29 11:46:33,On Time,3273.99,Cash,50037,7390,1.0,1,Premium"
"1714593246,27698051,2024-10-20 09:52:38,2024-10-20 10:02:38,2024-10-20 10:04:38,On Time,1100.8,Wallet,11180,5149,2.0,1,Large"
"9742461226,34095555,2024-01-01 00:24:00,2024-01-01 00:43:00,2024-01-01 00:40:00,On Time,949.56,Upi,16877,4294,-3.0,0,Medium"
"3314393477,55170753,2024-10-26 13:36:56,2024-10-26 13:49:56,2024-10-26 13:52:56,On Time,934.75,Cash,37197,7079,3.0,1,Medium"
"4188317986,42366724,2023-03-20 01:44:55,2023-03-20 01:56:55,2023-03-20 02:06:55,Slightly Delayed,3448.71,Wallet,48031,1086,10.0,1,Premium"
"1646665366,51387106,2024-07-26 18:45:20,2024-07-26 19:01:20,2024-07-26 19:13:20,Slightly Delayed,1086.27,Wallet,59753,3097,12.0,1,Large"
"9558804585,82700270,2024-03-15 11:58:19,2024-03-15 12:09:19,2024-03-15 12:15:19,Slightly Delayed,848.94,Card,32740,4925,6.0,1,Medium"
"9047652469,71902700,2024-08-05 03:13:47,2024-08-05 03:28:47,2024-08-05 03:23:47,On Time,370.06,Card,27774,7572,-5.0,0,Small"
"2893800377,57892837,2024-03-22 11:38:50,2024-03-22 11:57:50,2024-03-22 11:53:50,On Time,1966.14,Card,54327,4427,-4.0,0,Large"
"6139157985,88517890,2024-02-03 13:33:26,2024-02-03 13:51:26,2024-02-03 14:13:26,Significantly Delayed,1623.51,Wallet,23927,3303,22.0,1,Large"
"6029394789,7591711,2023-04-30 06:03:14,2023-04-30 06:23:14,2023-04-30 06:32:14,Slightly Delayed,2118.04,Upi,28593,637,9.0,1,Premium"
"5874940276,38875754,2024-04-11 06:28:42,2024-04-11 06:45:42,2024-04-11 06:40:42,On Time,546.43,Upi,22218,4821,-5.0,0,Medium"
"5205211911,57662767,2024-09-27 18:32:45,2024-09-27 18:52:45,2024-09-27 19:06:45,Slightly Delayed,1098.4,Cash,38835,4724,14.0,1,Large"
"5314758068,48776805,2024-02-03 00:17:30,2024-02-03 00:36:30,2024-02-03 00:46:30,Slightly Delayed,4183.29,Card,68342,7386,10.0,1,Premium"
"484869710,6756256,2023-09-09 11:46:42,2023-09-09 12:05:42,2023-09-09 12:08:42,On Time,1429.34,Cash,41598,6690,3.0,1,Large"
"9957728938,25915909,2024-08-05 21:29:11,2024-08-05 21:43:11,2024-08-05 21:59:11,Significantly Delayed,1445.95,Upi,64839,2506,16.0,1,Large"
"3136056666,57770044,2024-04-29 03:24:15,2024-04-29 03:40:15,2024-04-29 03:52:15,Slightly Delayed,211.25,Upi,60976,8159,12.0,1,Small"
"4926104391,47206881,2023-10-24 07:42:01,2023-10-24 08:02:01,2023-10-24 08:16:01,Slightly Delayed,2029.88,Wallet,13060,1174,14.0,1,Premium"
"1827844756,16785724,2023-04-07 11:32:25,2023-04-07 11:43:25,2023-04-07 11:46:25,On Time,3372.28,Upi,78517,3271,3.0,1,Premium"
"7032037874,57291761,2024-06-13 19:06:38,2024-06-13 19:17:38,2024-06-13 19:17:38,On Time,1694.99,Upi,59618,8519,0.0,0,Large"
"3779230503,46699982,2023-07-11 05:19:38,2023-07-11 05:30:38,2023-07-11 05:29:38,On Time,2781.39,Card,52785,1580,-1.0,0,Premium"
"3473012553,89669139,2024-02-16 21:32:26,2024-02-16 21:48:26,2024-02-16 22:14:26,Significantly Delayed,5062.8,Card,99684,8375,26.0,1,Premium"
"7988504487,8164639,2024-05-14 11:32:09,2024-05-14 11:42:09,2024-05-14 11:41:09,On Time,3511.92,Wallet,86506,2304,-1.0,0,Premium"
"7193792738,84572019,2024-06-05 15:34:59,2024-06-05 15:49:59,2024-06-05 15:53:59,On Time,2817.36,Card,91241,8782,4.0,1,Premium"
"1533583386,35912599,2023-08-28 20:16:24,2023-08-28 20:27:24,2023-08-28 20:24:24,On Time,4869.76,Wallet,40902,8166,-3.0,0,Premium"
"7750989397,79672044,2024-01-07 01:01:22,2024-01-07 01:20:22,2024-01-07 01:24:22,On Time,4099.45,Wallet,42583,1888,4.0,1,Premium"
"4434816229,63292875,2023-09-14 06:52:00,2023-09-14 07:10:00,2023-09-14 07:05:00,On Time,1491.21,Wallet,17469,1446,-5.0,0,Large"
"6896732047,62068277,2024-04-18 17:58:30,2024-04-18 18:08:30,2024-04-18 18:06:30,On Time,321.33,Cash,29664,8118,-2.0,0,Small"
"4740837071,64795608,2023-11-01 15:26:13,2023-11-01 15:42:13,2023-11-01 15:47:13,On Time,5428.69,Upi,70,8733,5.0,1,Premium"
"6649631729,75640174,2024-09-30 09:24:51,2024-09-30 09:39:51,2024-09-30 09:38:51,On Time,1082.76,Card,9599,2770,-1.0,0,Large"
"5351526726,75892474,2023-03-28 18:51:51,2023-03-28 19:08:51,2023-03-28 19:04:51,On Time,3077.83,Cash,18337,761,-4.0,0,Premium"
"1506082041,11446157,2023-05-04 07:48:45,2023-05-04 08:00:45,2023-05-04 07:57:45,On Time,4917.47,Card,80462,3439,-3.0,0,Premium"
"1023260165,10683250,2024-02-16 19:06:29,2024-02-16 19:23:29,2024-02-16 19:23:29,On Time,741.67,Card,93967,7531,0.0,0,Medium"
"8257032403,17805991,2024-09-18 21:17:58,2024-09-18 21:34:58,2024-09-18 21:37:58,On Time,3177.73,Wallet,71946,3558,3.0,1,Premium"
"7216524192,72605638,2024-09-01 16:23:34,2024-09-01 16:33:34,2024-09-01 16:30:34,On Time,227.22,Card,79713,416,-3.0,0,Small"
"8619795820,98687927,2024-09-04 09:17:19,2024-09-04 09:30:19,2024-09-04 09:51:19,Significantly Delayed,2686.37,Card,68794,5595,21.0,1,Premium"
"6494708839,25595836,2023-06-18 16:06:43,2023-06-18 16:18:43,2023-06-18 16:19:43,On Time,2789.77,Cash,36208,153,1.0,1,Premium"
"9859249765,5039883,2024-05-13 13:57:42,2024-05-13 14:10:42,2024-05-13 14:07:42,On Time,1812.4,Upi,19900,2017,-3.0,0,Large"
"3528020011,33675108,2023-11-12 11:51:12,2023-11-12 12:01:12,2023-11-12 12:04:12,On Time,934.98,Cash,32566,9725,3.0,1,Medium"
"5937934264,90346920,2024-09-11 19:24:19,2024-09-11 19:35:19,2024-09-11 19:50:19,Slightly Delayed,3551.15,Card,41221,6621,15.0,1,Premium"
"2976477423,57213543,2023-08-17 07:32:10,2023-08-17 07:47:10,2023-08-17 07:47:10,On Time,1277.83,Wallet,2591,1430,0.0,0,Large"
"1002438039,85198177,2024-02-17 03:28:02,2024-02-17 03:44:02,2024-02-17 03:43:02,On Time,3775.99,Card,52508,8018,-1.0,0,Premium"
"2571163022,59345983,2024-02-06 22:03:16,2024-02-06 22:20:16,2024-02-06 22:34:16,Slightly Delayed,674.39,Cash,59402,7684,14.0,1,Medium"
"6850221497,21270783,2024-07-21 22:37:39,2024-07-21 22:52:39,2024-07-21 22:47:39,On Time,3496.28,Upi,43013,8330,-5.0,0,Premium"
"4706569127,68016312,2023-07-27 18:37:32,2023-07-27 18:51:32,2023-07-27 18:56:32,On Time,687.19,Wallet,74560,8531,5.0,1,Medium"
"8168261752,65903057,2024-04-22 06:11:39,2024-04-22 06:30:39,2024-04-22 06:53:39,Significantly Delayed,1860.29,Card,18998,8178,23.0,1,Large"
"5828325906,40587811,2023-12-04 11:40:56,2023-12-04 11:59:56,2023-12-04 11:57:56,On Time,4230.58,Wallet,34564,4046,-2.0,0,Premium"
"5012271549,73061709,2024-09-21 10:04:21,2024-09-21 10:19:21,2024-09-21 10:47:21,Significantly Delayed,769.83,Cash,31783,7487,28.0,1,Medium"
"8110316958,61226835,2024-01-30 19:28:34,2024-01-30 19:48:34,2024-01-30 19:45:34,On Time,806.56,Wallet,29001,4877,-3.0,0,Medium"
"3190808443,77618011,2024-01-10 08:50:54,2024-01-10 09:00:54,2024-01-10 08:56:54,On Time,2593.91,Cash,42099,646,-4.0,0,Premium"
"7175472728,9551011,2023-09-12 11:51:20,2023-09-12 12:01:20,2023-09-12 12:01:20,On Time,307.23,Upi,95658,7355,0.0,0,Small"
"6011117738,24337950,2024-01-07 10:51:31,2024-01-07 11:01:31,2024-01-07 11:04:31,On Time,2539.66,Card,8264,5459,3.0,1,Premium"
"5592928753,46875863,2024-08-23 20:45:57,2024-08-23 20:59:57,2024-08-23 21:10:57,Slightly Delayed,3473.11,Upi,96131,9192,11.0,1,Premium"
"3952040848,31156674,2024-05-09 00:30:37,2024-05-09 00:41:37,2024-05-09 00:39:37,On Time,4818.61,Upi,16761,6140,-2.0,0,Premium"
"7026479520,81994445,2024-07-17 22:05:57,2024-07-17 22:17:57,2024-07-17 22:19:57,On Time,1691.47,Cash,82300,5348,2.0,1,Large"
"6572695161,64197854,2024-03-18 08:19:53,2024-03-18 08:32:53,2024-03-18 08:32:53,On Time,1671.67,Wallet,11353,1729,0.0,0,Large"
"9090769419,66485571,2024-09-02 03:14:47,2024-09-02 03:29:47,2024-09-02 03:25:47,On Time,1819.14,Wallet,45133,5210,-4.0,0,Large"
"5979489110,22161071,2023-09-07 07:49:52,2023-09-07 08:03:52,2023-09-07 08:05:52,On Time,2337.12,Card,8681,5784,2.0,1,Premium"
"964698323,81763298,2024-09-30 23:16:20,2024-09-30 23:34:20,2024-09-30 23:39:20,On Time,2352.88,Wallet,88842,1089,5.0,1,Premium"
"2304242664,65815155,2024-03-21 08:29:02,2024-03-21 08:47:02,2024-03-21 08:47:02,On Time,1579.28,Card,76144,9106,0.0,0,Large"
"2483843748,26040510,2023-05-24 09:19:37,2023-05-24 09:35:37,2023-05-24 09:38:37,On Time,1692.9,Wallet,62504,7609,3.0,1,Large"
"2560588609,6291143,2024-06-21 01:18:07,2024-06-21 01:35:07,2024-06-21 01:36:07,On Time,319.34,Upi,48964,5105,1.0,1,Small"
"9268920928,17805991,2023-07-05 12:33:39,2023-07-05 12:44:39,2023-07-05 12:48:39,On Time,1404.2,Cash,26193,8995,4.0,1,Large"
"9554019312,6247821,2023-09-08 01:54:46,2023-09-08 02:10:46,2023-09-08 02:05:46,On Time,4088.52,Upi,24936,1972,-5.0,0,Premium"
"3749174258,38902193,2024-02-13 07:46:49,2024-02-13 07:59:49,2024-02-13 08:10:49,Slightly Delayed,2618.07,Wallet,32618,292,11.0,1,Premium"
"3947164241,95768401,2024-11-04 20:29:15,2024-11-04 20:43:15,2024-11-04 20:47:15,On Time,1463.39,Upi,82928,5181,4.0,1,Large"
"487327038,67277562,2023-10-05 00:26:02,2023-10-05 00:41:02,2023-10-05 00:44:02,On Time,563.45,Upi,84314,8846,3.0,1,Medium"
"8830321199,93341057,2024-08-10 06:00:16,2024-08-10 06:17:16,2024-08-10 06:32:16,Slightly Delayed,46.62,Cash,6336,1599,15.0,1,Small"
"3811318591,64940409,2023-07-07 12:56:03,2023-07-07 13:10:03,2023-07-07 13:08:03,On Time,1563.3,Upi,44363,3520,-2.0,0,Large"
"6795601573,46629917,2023-12-13 02:39:49,2023-12-13 02:49:49,2023-12-13 02:45:49,On Time,2301.92,Card,52656,8610,-4.0,0,Premium"
"2348495717,86067293,2023-06-27 00:54:54,2023-06-27 01:11:54,2023-06-27 01:11:54,On Time,691.58,Cash,80421,2133,0.0,0,Medium"
"9505736584,63571453,2024-06-04 05:37:56,2024-06-04 05:50:56,2024-06-04 06:08:56,Significantly Delayed,826.21,Wallet,32176,4874,18.0,1,Medium"
"1857227304,99301505,2024-03-19 07:47:02,2024-03-19 08:01:02,2024-03-19 08:05:02,On Time,1443.5,Card,24481,7555,4.0,1,Large"
"5506485302,66655397,2023-05-19 06:41:57,2023-05-19 06:53:57,2023-05-19 06:48:57,On Time,263.7,Cash,21250,6818,-5.0,0,Small"
"6074837981,61015113,2024-04-20 12:49:11,2024-04-20 13:08:11,2024-04-20 13:06:11,On Time,832.37,Card,2837,2317,-2.0,0,Medium"
"4150569633,2903620,2023-10-29 11:22:51,2023-10-29 11:37:51,2023-10-29 12:01:51,Significantly Delayed,2206.06,Card,40413,7595,24.0,1,Premium"
"609838437,54619715,2023-12-13 04:58:58,2023-12-13 05:18:58,2023-12-13 05:13:58,On Time,310.69,Card,34363,5150,-5.0,0,Small"
"5229657139,18889370,2023-10-03 11:53:27,2023-10-03 12:08:27,2023-10-03 12:21:27,Slightly Delayed,3483.81,Cash,96161,2035,13.0,1,Premium"
"2589639350,64141971,2023-08-01 10:46:34,2023-08-01 11:06:34,2023-08-01 11:03:34,On Time,1917.97,Upi,90443,6047,-3.0,0,Large"
"7656948165,44410149,2023-06-07 10:23:28,2023-06-07 10:41:28,2023-06-07 10:54:28,Slightly Delayed,3332.9,Wallet,8275,8459,13.0,1,Premium"
"1806563605,25659794,2023-12-24 00:23:24,2023-12-24 00:41:24,2023-12-24 00:45:24,On Time,5747.38,Wallet,16607,5673,4.0,1,Premium"
"359819834,12755730,2023-12-27 12:39:23,2023-12-27 12:56:23,2023-12-27 13:25:23,Significantly Delayed,2060.96,Upi,70910,4535,29.0,1,Premium"
"1908423841,56441247,2023-10-28 04:57:00,2023-10-28 05:07:00,2023-10-28 05:08:00,On Time,881.17,Upi,62488,3974,1.0,1,Medium"
"299859815,2848415,2024-01-16 02:45:51,2024-01-16 03:03:51,2024-01-16 03:13:51,Slightly Delayed,1233.33,Wallet,62089,9397,10.0,1,Large"
"923659418,25081012,2023-04-16 13:14:50,2023-04-16 13:32:50,2023-04-16 13:33:50,On Time,2700.37,Wallet,24003,7835,1.0,1,Premium"
"3560625119,82989313,2023-05-13 19:53:58,2023-05-13 20:04:58,2023-05-13 20:14:58,Slightly Delayed,2722.14,Wallet,64562,683,10.0,1,Premium"
"7111490680,32500305,2024-01-24 19:15:43,2024-01-24 19:29:43,2024-01-24 19:37:43,Slightly Delayed,1337.06,Card,9546,5707,8.0,1,Large"
"5766981431,93675757,2024-01-14 04:28:49,2024-01-14 04:42:49,2024-01-14 04:47:49,On Time,1178.42,Upi,55608,7251,5.0,1,Large"
"8609945311,51670882,2024-05-03 10:00:04,2024-05-03 10:10:04,2024-05-03 10:07:04,On Time,2238.35,Wallet,66475,8984,-3.0,0,Premium"
"1691260635,80796977,2024-06-17 10:23:39,2024-06-17 10:35:39,2024-06-17 10:39:39,On Time,3593.61,Card,74826,8139,4.0,1,Premium"
"8742091504,78254569,2023-07-03 23:26:52,2023-07-03 23:41:52,2023-07-03 23:54:52,Slightly Delayed,2783.84,Card,69967,1687,13.0,1,Premium"
"1997833025,72489544,2023-07-28 23:24:23,2023-07-28 23:39:23,2023-07-28 23:37:23,On Time,1074.29,Upi,77103,3240,-2.0,0,Large"
"3588296877,83404008,2024-08-13 08:04:17,2024-08-13 08:19:17,2024-08-13 08:44:17,Significantly Delayed,2748.08,Card,73215,8424,25.0,1,Premium"
"2404804990,81757554,2023-12-24 12:32:31,2023-12-24 12:50:31,2023-12-24 12:59:31,Slightly Delayed,3903.99,Wallet,38923,1231,9.0,1,Premium"
"8091385479,16082651,2024-04-09 15:13:24,2024-04-09 15:31:24,2024-04-09 15:36:24,On Time,317.8,Upi,66240,3628,5.0,1,Small"
"7133174424,8513589,2023-06-22 03:24:19,2023-06-22 03:42:19,2023-06-22 03:43:19,On Time,4911.58,Upi,63462,7551,1.0,1,Premium"
"6110446321,78412820,2024-10-27 01:56:26,2024-10-27 02:11:26,2024-10-27 02:14:26,On Time,657.8,Wallet,60577,335,3.0,1,Medium"
"6964586050,4597433,2024-08-04 18:38:03,2024-08-04 18:49:03,2024-08-04 18:45:03,On Time,2824.9,Cash,40358,2357,-4.0,0,Premium"
"2351986014,85626346,2023-04-21 12:54:41,2023-04-21 13:04:41,2023-04-21 13:16:41,Slightly Delayed,3434.75,Wallet,34744,1557,12.0,1,Premium"
"352569720,65660660,2023-06-23 00:25:26,2023-06-23 00:39:26,2023-06-23 00:34:26,On Time,2081.26,Wallet,23236,9416,-5.0,0,Premium"
"1235280275,46875863,2023-08-09 22:42:03,2023-08-09 22:57:03,2023-08-09 22:58:03,On Time,626.59,Cash,90779,7967,1.0,1,Medium"
"9399859705,57548210,2023-10-29 01:13:16,2023-10-29 01:29:16,2023-10-29 01:24:16,On Time,3915.04,Upi,31133,2528,-5.0,0,Premium"
"7530379037,99729547,2024-08-02 19:47:04,2024-08-02 19:58:04,2024-08-02 20:03:04,On Time,1496.89,Upi,79485,97,5.0,1,Large"
"5952886441,16420489,2024-03-12 11:22:17,2024-03-12 11:39:17,2024-03-12 11:37:17,On Time,3604.38,Wallet,23150,5334,-2.0,0,Premium"
"5815833211,31940833,2024-02-08 19:08:31,2024-02-08 19:27:31,2024-02-08 19:27:31,On Time,1691.9,Card,78640,4175,0.0,0,Large"
"7307394687,47043878,2024-05-01 10:47:18,2024-05-01 11:04:18,2024-05-01 10:59:18,On Time,1894.83,Wallet,28767,2085,-5.0,0,Large"
"6033014029,29525287,2024-10-21 13:54:53,2024-10-21 14:09:53,2024-10-21 14:20:53,Slightly Delayed,1534.73,Cash,31624,6382,11.0,1,Large"
"1409944718,39042103,2023-08-19 14:10:37,2023-08-19 14:25:37,2023-08-19 14:28:37,On Time,2483.94,Upi,92890,4180,3.0,1,Premium"
"1811382200,37915052,2023-08-25 19:03:17,2023-08-25 19:20:17,2023-08-25 19:16:17,On Time,3949.87,Upi,97252,7829,-4.0,0,Premium"
"4485391413,11478478,2023-12-21 08:58:06,2023-12-21 09:15:06,2023-12-21 09:19:06,On Time,1293.18,Card,91131,5420,4.0,1,Large"
"4076279641,89476734,2023-07-12 17:23:25,2023-07-12 17:35:25,2023-07-12 17:43:25,Slightly Delayed,4782.5,Upi,25713,3139,8.0,1,Premium"
"2965387566,47955004,2023-08-16 11:38:40,2023-08-16 11:55:40,2023-08-16 12:00:40,On Time,3578.47,Wallet,57502,8895,5.0,1,Premium"
"9397774189,92245432,2023-06-28 08:13:42,2023-06-28 08:29:42,2023-06-28 08:26:42,On Time,48.55,Cash,38813,5049,-3.0,0,Small"
"1437159967,68016312,2024-06-07 01:48:08,2024-06-07 01:59:08,2024-06-07 01:58:08,On Time,1315.84,Cash,69843,9185,-1.0,0,Large"
"8397785448,67952740,2024-09-04 02:53:31,2024-09-04 03:11:31,2024-09-04 03:15:31,On Time,1325.59,Wallet,99345,3493,4.0,1,Large"
"2778606949,33675108,2024-10-13 13:58:43,2024-10-13 14:09:43,2024-10-13 14:09:43,On Time,3510.28,Card,16105,2277,0.0,0,Premium"
"1774096863,60656482,2023-06-13 05:30:19,2023-06-13 05:47:19,2023-06-13 05:47:19,On Time,2645.28,Wallet,51118,1421,0.0,0,Premium"
"1497256618,87220860,2023-04-26 23:27:32,2023-04-26 23:38:32,2023-04-26 23:41:32,On Time,5278.23,Card,24651,3391,3.0,1,Premium"
"734095510,56480776,2024-06-03 21:33:06,2024-06-03 21:44:06,2024-06-03 21:47:06,On Time,1614.08,Card,6790,8971,3.0,1,Large"
"5755859055,79592021,2024-10-30 14:19:27,2024-10-30 14:37:27,2024-10-30 14:54:27,Significantly Delayed,354.52,Card,8522,4726,17.0,1,Small"
"5840290569,99490786,2023-09-18 03:57:40,2023-09-18 04:09:40,2023-09-18 04:08:40,On Time,2578.09,Wallet,92356,5670,-1.0,0,Premium"
"8200985533,1855421,2024-01-08 07:20:54,2024-01-08 07:39:54,2024-01-08 07:36:54,On Time,77.11,Card,92929,7297,-3.0,0,Small"
"3255590064,92642745,2023-04-21 04:37:28,2023-04-21 04:51:28,2023-04-21 04:54:28,On Time,1763.6,Upi,88039,9157,3.0,1,Large"
"4258404747,27692428,2024-10-11 02:10:11,2024-10-11 02:30:11,2024-10-11 02:29:11,On Time,953.65,Upi,91951,1731,-1.0,0,Medium"
"2455161115,27620326,2024-01-29 08:59:28,2024-01-29 09:17:28,2024-01-29 09:17:28,On Time,1010.85,Upi,23471,5466,0.0,0,Large"
"4448004569,47215976,2024-01-10 02:02:49,2024-01-10 02:13:49,2024-01-10 02:08:49,On Time,2058.24,Card,49742,2746,-5.0,0,Premium"
"5951090793,27878182,2024-04-20 19:08:47,2024-04-20 19:26:47,2024-04-20 19:29:47,On Time,2143.89,Upi,35150,7610,3.0,1,Premium"
"7402491996,92509376,2024-07-14 06:46:07,2024-07-14 07:02:07,2024-07-14 07:04:07,On Time,866.77,Card,15459,8275,2.0,1,Medium"
"8532411923,57360162,2024-07-16 18:56:51,2024-07-16 19:12:51,2024-07-16 19:19:51,Slightly Delayed,1071.82,Wallet,82328,7137,7.0,1,Large"
"7130555385,37309023,2024-01-16 14:35:27,2024-01-16 14:55:27,2024-01-16 15:07:27,Slightly Delayed,1539.36,Cash,48673,2562,12.0,1,Large"
"4338197132,66310963,2024-10-11 07:09:49,2024-10-11 07:23:49,2024-10-11 07:19:49,On Time,3327.67,Upi,9198,9984,-4.0,0,Premium"
"8044366071,80833965,2023-04-30 13:56:24,2023-04-30 14:14:24,2023-04-30 14:19:24,On Time,2843.12,Card,31310,2938,5.0,1,Premium"
"4135251774,77961205,2024-10-09 11:47:45,2024-10-09 12:06:45,2024-10-09 12:05:45,On Time,2487.3,Card,81045,8611,-1.0,0,Premium"
"6331483812,97411107,2024-09-06 22:45:14,2024-09-06 22:57:14,2024-09-06 23:06:14,Slightly Delayed,493.19,Wallet,45259,9755,9.0,1,Small"
"6705171000,52417972,2023-09-04 20:28:35,2023-09-04 20:42:35,2023-09-04 20:42:35,On Time,1912.64,Wallet,64847,6226,0.0,0,Large"
"7850128898,38478423,2024-06-28 07:30:48,2024-06-28 07:48:48,2024-06-28 08:05:48,Significantly Delayed,1427.18,Card,29466,7628,17.0,1,Large"
"3602554049,65815155,2023-07-28 15:01:30,2023-07-28 15:16:30,2023-07-28 15:35:30,Significantly Delayed,3310.35,Wallet,77387,2038,19.0,1,Premium"
"1070259187,22738465,2023-06-09 11:06:16,2023-06-09 11:18:16,2023-06-09 11:19:16,On Time,517.77,Wallet,61963,1656,1.0,1,Medium"
"8412338399,2566268,2024-10-28 18:46:06,2024-10-28 19:05:06,2024-10-28 19:11:06,Slightly Delayed,3825.11,Card,67313,8021,6.0,1,Premium"
"1478022303,69353754,2023-12-31 15:58:50,2023-12-31 16:13:50,2023-12-31 16:08:50,On Time,841.61,Wallet,23035,4995,-5.0,0,Medium"
"2376108199,81757554,2024-05-13 16:07:25,2024-05-13 16:23:25,2024-05-13 16:27:25,On Time,1751.17,Card,27586,8305,4.0,1,Large"
"5243035202,10541231,2024-10-20 00:39:24,2024-10-20 00:49:24,2024-10-20 00:45:24,On Time,1688.35,Card,1015,2668,-4.0,0,Large"
"3687581971,81932548,2024-10-05 13:55:42,2024-10-05 14:15:42,2024-10-05 14:28:42,Slightly Delayed,1046.51,Cash,63325,4323,13.0,1,Large"
"7008586055,96109948,2023-05-24 05:13:04,2023-05-24 05:23:04,2023-05-24 05:41:04,Significantly Delayed,2848.4,Wallet,67465,18,18.0,1,Premium"
"5142069216,35459748,2024-02-25 15:03:22,2024-02-25 15:21:22,2024-02-25 15:21:22,On Time,2551.88,Upi,60557,7911,0.0,0,Premium"
"4152441944,92636025,2023-04-25 10:22:51,2023-04-25 10:33:51,2023-04-25 10:32:51,On Time,4483.92,Upi,46535,5527,-1.0,0,Premium"
"5601670348,32830199,2024-10-29 00:23:22,2024-10-29 00:34:22,2024-10-29 00:45:22,Slightly Delayed,354.91,Cash,47213,6876,11.0,1,Small"
"605105099,5039883,2023-12-30 08:15:15,2023-12-30 08:32:15,2023-12-30 08:30:15,On Time,3357.25,Cash,39281,6874,-2.0,0,Premium"
"4054936140,28286754,2024-04-19 08:01:53,2024-04-19 08:19:53,2024-04-19 08:24:53,On Time,400.92,Cash,5888,3720,5.0,1,Small"
"8741892156,66886852,2023-11-15 04:50:43,2023-11-15 05:02:43,2023-11-15 05:12:43,Slightly Delayed,2046.92,Card,10769,6057,10.0,1,Premium"
"9143640828,90298394,2023-07-18 13:12:02,2023-07-18 13:25:02,2023-07-18 13:33:02,Slightly Delayed,1205.86,Card,902,6597,8.0,1,Large"
"6900876252,87984862,2024-02-21 16:57:14,2024-02-21 17:10:14,2024-02-21 17:05:14,On Time,3214.61,Wallet,80644,9130,-5.0,0,Premium"
"9801174908,54347213,2024-04-27 11:49:38,2024-04-27 11:59:38,2024-04-27 12:07:38,Slightly Delayed,1487.04,Card,33767,1250,8.0,1,Large"
"551343632,59840071,2024-02-20 19:51:10,2024-02-20 20:04:10,2024-02-20 20:06:10,On Time,4881.51,Cash,89726,5126,2.0,1,Premium"
"7961173808,90184276,2023-06-05 00:30:45,2023-06-05 00:42:45,2023-06-05 00:37:45,On Time,2802.91,Upi,3302,8310,-5.0,0,Premium"
"328909145,36146306,2024-09-26 16:42:13,2024-09-26 16:53:13,2024-09-26 16:57:13,On Time,1851.18,Wallet,32899,1169,4.0,1,Large"
"5551173528,64151769,2024-11-03 06:05:51,2024-11-03 06:17:51,2024-11-03 06:21:51,On Time,2549.37,Card,16125,5366,4.0,1,Premium"
"4461788759,79895967,2024-04-23 20:44:08,2024-04-23 20:56:08,2024-04-23 21:01:08,On Time,4562.67,Wallet,90986,1752,5.0,1,Premium"
"7256212429,28350645,2024-03-16 22:00:36,2024-03-16 22:15:36,2024-03-16 22:15:36,On Time,727.95,Cash,87815,8094,0.0,0,Medium"
"9104077642,18199057,2024-10-24 13:19:46,2024-10-24 13:36:46,2024-10-24 13:35:46,On Time,1869.79,Cash,20446,2573,-1.0,0,Large"
"2914056235,31456752,2024-01-02 12:50:42,2024-01-02 13:10:42,2024-01-02 13:10:42,On Time,432.39,Card,86053,2860,0.0,0,Small"
"9127632807,81528623,2023-05-30 13:09:30,2023-05-30 13:25:30,2023-05-30 13:30:30,On Time,886.19,Upi,72143,9723,5.0,1,Medium"
"6070154414,45052594,2023-06-19 19:05:34,2023-06-19 19:24:34,2023-06-19 19:29:34,On Time,2471.11,Cash,72709,4484,5.0,1,Premium"
"2318969828,2457734,2023-03-26 20:02:49,2023-03-26 20:22:49,2023-03-26 20:19:49,On Time,1946.42,Cash,37500,4825,-3.0,0,Large"
"3813047994,60275891,2023-12-20 00:00:10,2023-12-20 00:11:10,2023-12-20 00:07:10,On Time,3494.17,Cash,90983,9062,-4.0,0,Premium"
"1416102774,92245432,2024-04-27 16:28:05,2024-04-27 16:46:05,2024-04-27 16:59:05,Slightly Delayed,2657.83,Upi,99752,1566,13.0,1,Premium"
"8086834412,23286884,2024-03-08 19:23:33,2024-03-08 19:36:33,2024-03-08 19:34:33,On Time,4748.88,Wallet,90596,6966,-2.0,0,Premium"
"6193826826,85561151,2023-08-05 01:14:47,2023-08-05 01:25:47,2023-08-05 01:28:47,On Time,166.42,Cash,81908,5695,3.0,1,Small"
"8444509148,64141971,2024-02-21 22:35:12,2024-02-21 22:45:12,2024-02-21 22:46:12,On Time,5368.83,Wallet,85993,3334,1.0,1,Premium"
"42332130,70363568,2024-10-17 17:08:04,2024-10-17 17:18:04,2024-10-17 17:15:04,On Time,1441.07,Wallet,54725,9022,-3.0,0,Large"
"6009342120,59620534,2024-03-02 08:57:40,2024-03-02 09:13:40,2024-03-02 09:20:40,Slightly Delayed,1402.9,Wallet,11837,5318,7.0,1,Large"
"4818516411,85006599,2023-10-09 12:07:11,2023-10-09 12:27:11,2023-10-09 12:24:11,On Time,938.03,Wallet,14473,5331,-3.0,0,Medium"
"1039229544,93730857,2024-08-10 17:00:09,2024-08-10 17:14:09,2024-08-10 17:10:09,On Time,3303.2,Cash,89340,9561,-4.0,0,Premium"
"1515943657,59436131,2023-09-07 18:30:15,2023-09-07 18:40:15,2023-09-07 18:44:15,On Time,2745.46,Upi,65345,9705,4.0,1,Premium"
"9183547951,19259955,2024-01-20 19:50:24,2024-01-20 20:10:24,2024-01-20 20:09:24,On Time,3075.69,Upi,76728,9660,-1.0,0,Premium"
"8478376092,91500615,2023-04-17 02:06:57,2023-04-17 02:17:57,2023-04-17 02:18:57,On Time,4535.63,Wallet,68285,2904,1.0,1,Premium"
"1454073903,89874335,2023-09-16 08:57:33,2023-09-16 09:09:33,2023-09-16 09:16:33,Slightly Delayed,2976.93,Card,31737,7736,7.0,1,Premium"
"2855402284,33370343,2023-07-30 00:48:32,2023-07-30 01:02:32,2023-07-30 01:05:32,On Time,3570.08,Wallet,28578,6762,3.0,1,Premium"
"7245730533,51670882,2024-05-26 07:53:37,2024-05-26 08:09:37,2024-05-26 08:22:37,Slightly Delayed,475.04,Upi,51934,9254,13.0,1,Small"
"2272892659,24308515,2023-07-26 10:49:54,2023-07-26 10:59:54,2023-07-26 11:10:54,Slightly Delayed,2182.59,Wallet,68804,6254,11.0,1,Premium"
"9087377568,54038173,2024-02-21 02:16:52,2024-02-21 02:34:52,2024-02-21 02:33:52,On Time,2490.79,Upi,37895,895,-1.0,0,Premium"
"8443685057,19400174,2023-07-02 01:45:40,2023-07-02 01:57:40,2023-07-02 01:59:40,On Time,3804.03,Card,52458,2605,2.0,1,Premium"
"1590988730,42208242,2023-12-21 22:30:21,2023-12-21 22:41:21,2023-12-21 22:41:21,On Time,1928.1,Cash,33843,440,0.0,0,Large"
"7357811417,26364643,2024-09-29 09:42:08,2024-09-29 09:54:08,2024-09-29 09:53:08,On Time,5692.84,Upi,7496,6841,-1.0,0,Premium"
"394951937,65406127,2024-04-24 18:01:02,2024-04-24 18:12:02,2024-04-24 18:17:02,On Time,1517.52,Cash,34174,3224,5.0,1,Large"
"3967445448,20148223,2023-11-02 14:51:51,2023-11-02 15:08:51,2023-11-02 15:07:51,On Time,154.5,Card,61413,1690,-1.0,0,Small"
"6101022928,10088428,2024-10-02 18:07:29,2024-10-02 18:26:29,2024-10-02 18:31:29,On Time,1253.07,Card,8083,5977,5.0,1,Large"
"6322372546,43052303,2024-02-19 09:59:21,2024-02-19 10:16:21,2024-02-19 10:35:21,Significantly Delayed,3383.58,Wallet,8035,1803,19.0,1,Premium"
"9778782281,63025744,2023-04-14 21:43:40,2023-04-14 21:54:40,2023-04-14 22:07:40,Slightly Delayed,477.12,Card,10170,6492,13.0,1,Small"
"3867563962,14940427,2023-12-24 17:29:37,2023-12-24 17:39:37,2023-12-24 17:34:37,On Time,2417.68,Wallet,7531,981,-5.0,0,Premium"
"9277710098,38969732,2023-04-02 16:32:17,2023-04-02 16:48:17,2023-04-02 16:58:17,Slightly Delayed,1807.12,Cash,71248,4843,10.0,1,Large"
"7669322773,6081270,2023-08-29 13:05:04,2023-08-29 13:20:04,2023-08-29 13:22:04,On Time,836.16,Card,58926,4555,2.0,1,Medium"
"3917427529,68159723,2024-10-12 11:58:44,2024-10-12 12:18:44,2024-10-12 12:33:44,Slightly Delayed,3772.26,Cash,26537,5628,15.0,1,Premium"
"1934158144,65134271,2024-04-02 17:08:27,2024-04-02 17:23:27,2024-04-02 17:28:27,On Time,415.75,Card,30587,2405,5.0,1,Small"
"3157338466,243838,2023-08-24 15:58:23,2023-08-24 16:16:23,2023-08-24 16:11:23,On Time,2859.05,Upi,92146,2843,-5.0,0,Premium"
"9640662474,74761384,2024-04-09 14:08:50,2024-04-09 14:27:50,2024-04-09 14:38:50,Slightly Delayed,1420.64,Cash,20774,3616,11.0,1,Large"
"2356272189,42432226,2024-04-09 02:07:11,2024-04-09 02:20:11,2024-04-09 02:21:11,On Time,313.77,Card,68709,3664,1.0,1,Small"
"1380510406,54338574,2024-07-27 20:15:20,2024-07-27 20:31:20,2024-07-27 20:35:20,On Time,3015.14,Wallet,52711,5404,4.0,1,Premium"
"8008377895,23794330,2023-06-26 13:17:29,2023-06-26 13:29:29,2023-06-26 13:58:29,Significantly Delayed,850.06,Card,43415,6886,29.0,1,Medium"
"3680678403,57537308,2023-03-31 00:13:37,2023-03-31 00:33:37,2023-03-31 00:34:37,On Time,3346.47,Upi,7068,7343,1.0,1,Premium"
"2847236502,6812439,2024-07-16 10:47:30,2024-07-16 11:07:30,2024-07-16 11:10:30,On Time,127.08,Wallet,97878,3484,3.0,1,Small"
"5212392063,75510747,2024-06-17 02:44:31,2024-06-17 03:00:31,2024-06-17 02:58:31,On Time,4005.87,Card,31900,5449,-2.0,0,Premium"
"3804024939,91566278,2024-01-27 21:13:51,2024-01-27 21:31:51,2024-01-27 21:32:51,On Time,2791.42,Card,17974,4280,1.0,1,Premium"
"5395870775,18394558,2024-08-01 19:15:33,2024-08-01 19:33:33,2024-08-01 19:29:33,On Time,3064.35,Card,66722,4766,-4.0,0,Premium"
"511736499,38615653,2024-10-24 21:20:11,2024-10-24 21:33:11,2024-10-24 21:38:11,On Time,2993.04,Card,49116,6635,5.0,1,Premium"
"2895886759,69863493,2023-09-07 22:24:10,2023-09-07 22:39:10,2023-09-07 22:45:10,Slightly Delayed,3005.64,Card,67136,6836,6.0,1,Premium"
"6638513435,32809328,2024-08-04 13:03:07,2024-08-04 13:21:07,2024-08-04 13:18:07,On Time,68.49,Cash,33099,8422,-3.0,0,Small"
"4168083780,13581527,2024-06-09 04:29:32,2024-06-09 04:48:32,2024-06-09 04:49:32,On Time,1489.58,Wallet,55172,4620,1.0,1,Large"
"2501516144,88252625,2024-10-01 09:14:18,2024-10-01 09:25:18,2024-10-01 09:23:18,On Time,48.55,Cash,56299,8147,-2.0,0,Small"
"7141387557,98246574,2023-08-18 21:12:53,2023-08-18 21:32:53,2023-08-18 21:30:53,On Time,4664.16,Wallet,73154,381,-2.0,0,Premium"
"2747350024,75860724,2024-08-16 13:12:40,2024-08-16 13:31:40,2024-08-16 13:30:40,On Time,793.14,Upi,13307,5857,-1.0,0,Medium"
"9503407492,29272253,2023-08-25 22:40:34,2023-08-25 22:56:34,2023-08-25 23:14:34,Significantly Delayed,1932.17,Wallet,40500,3377,18.0,1,Large"
"4845607487,78053306,2023-03-17 18:51:57,2023-03-17 19:02:57,2023-03-17 19:05:57,On Time,646.54,Cash,84614,4238,3.0,1,Medium"
"2051769691,30447453,2023-09-06 16:24:21,2023-09-06 16:38:21,2023-09-06 16:33:21,On Time,1255.53,Upi,58157,5116,-5.0,0,Large"
"1092990139,85476508,2024-10-01 01:17:29,2024-10-01 01:33:29,2024-10-01 01:37:29,On Time,3410.49,Card,53064,2623,4.0,1,Premium"
"5527612319,14632090,2024-09-11 23:57:55,2024-09-12 00:12:55,2024-09-12 00:12:55,On Time,2445.2,Wallet,48508,9342,0.0,0,Premium"
"8852367079,22694456,2024-04-07 05:11:02,2024-04-07 05:25:02,2024-04-07 05:27:02,On Time,3115.43,Wallet,5117,8674,2.0,1,Premium"
"1666202264,85474732,2023-05-07 10:21:06,2023-05-07 10:39:06,2023-05-07 10:45:06,Slightly Delayed,2389.83,Cash,32884,8113,6.0,1,Premium"
"8606484804,41155125,2024-06-18 15:23:30,2024-06-18 15:37:30,2024-06-18 15:43:30,Slightly Delayed,2409.69,Upi,49631,3608,6.0,1,Premium"
"8905341102,80862136,2024-02-08 04:09:21,2024-02-08 04:28:21,2024-02-08 04:27:21,On Time,2542.21,Cash,5762,3150,-1.0,0,Premium"
"5418735913,10210309,2024-07-11 11:40:20,2024-07-11 11:56:20,2024-07-11 11:54:20,On Time,2190.34,Cash,92033,9566,-2.0,0,Premium"
"970377475,48167795,2024-09-03 22:45:37,2024-09-03 22:57:37,2024-09-03 22:56:37,On Time,22.04,Card,2460,3147,-1.0,0,Small"
"7320527109,83298567,2024-01-18 12:45:56,2024-01-18 12:58:56,2024-01-18 12:57:56,On Time,1372.37,Upi,76831,7051,-1.0,0,Large"
"5120698,44174426,2023-06-09 12:10:20,2023-06-09 12:25:20,2023-06-09 12:40:20,Slightly Delayed,3064.36,Wallet,48582,3184,15.0,1,Premium"
"3812396179,24496983,2023-07-22 08:32:43,2023-07-22 08:46:43,2023-07-22 08:41:43,On Time,1445.54,Card,54016,4693,-5.0,0,Large"
"8178951021,46208150,2024-03-24 18:55:35,2024-03-24 19:08:35,2024-03-24 19:26:35,Significantly Delayed,3095.39,Upi,80840,1922,18.0,1,Premium"
"2479115586,55056284,2024-03-14 18:40:17,2024-03-14 18:51:17,2024-03-14 18:55:17,On Time,1876.69,Wallet,6845,5738,4.0,1,Large"
"6239453389,26285589,2023-10-08 01:15:57,2023-10-08 01:30:57,2023-10-08 01:26:57,On Time,2424.72,Wallet,63625,515,-4.0,0,Premium"
"3136508414,13585482,2024-07-22 15:22:23,2024-07-22 15:33:23,2024-07-22 15:30:23,On Time,2242.5,Cash,94346,9976,-3.0,0,Premium"
"5521273487,6992801,2024-05-18 15:03:26,2024-05-18 15:16:26,2024-05-18 15:42:26,Significantly Delayed,942.37,Cash,98929,7497,26.0,1,Medium"
"5445047872,37802267,2023-10-17 05:34:18,2023-10-17 05:49:18,2023-10-17 05:54:18,On Time,927.52,Card,66,7313,5.0,1,Medium"
"3678525130,36428139,2023-03-20 18:18:25,2023-03-20 18:33:25,2023-03-20 18:35:25,On Time,1650.3,Upi,82096,2099,2.0,1,Large"
"9328056960,81229704,2024-08-14 06:21:10,2024-08-14 06:36:10,2024-08-14 06:43:10,Slightly Delayed,445.48,Cash,99744,9565,7.0,1,Small"
"2109203997,40277444,2024-05-04 18:20:04,2024-05-04 18:35:04,2024-05-04 18:47:04,Slightly Delayed,1463.17,Cash,72612,1818,12.0,1,Large"
"556665455,32500305,2024-02-08 01:04:11,2024-02-08 01:22:11,2024-02-08 01:49:11,Significantly Delayed,715.72,Card,18521,8468,27.0,1,Medium"
"6573705785,24000329,2023-11-23 12:34:22,2023-11-23 12:49:22,2023-11-23 12:45:22,On Time,1864.68,Wallet,13849,8486,-4.0,0,Large"
"2609502403,2058037,2024-10-31 18:23:21,2024-10-31 18:35:21,2024-10-31 18:37:21,On Time,3105.12,Wallet,70771,1582,2.0,1,Premium"
"1463293930,85354059,2024-06-06 14:26:05,2024-06-06 14:41:05,2024-06-06 14:36:05,On Time,2859.25,Upi,55394,1306,-5.0,0,Premium"
"8132887999,84456355,2024-02-25 16:07:58,2024-02-25 16:24:58,2024-02-25 16:35:58,Slightly Delayed,3379.0,Wallet,7931,5613,11.0,1,Premium"
"7178789018,46208150,2023-09-12 08:53:53,2023-09-12 09:09:53,2023-09-12 09:06:53,On Time,2166.39,Wallet,53062,2122,-3.0,0,Premium"
"2295700159,83023956,2024-03-11 12:32:17,2024-03-11 12:48:17,2024-03-11 12:55:17,Slightly Delayed,1413.77,Card,61371,6858,7.0,1,Large"
"9277089038,35988028,2023-04-15 20:02:46,2023-04-15 20:21:46,2023-04-15 20:29:46,Slightly Delayed,1401.29,Wallet,75267,3241,8.0,1,Large"
"145057465,54923640,2024-11-02 08:51:51,2024-11-02 09:09:51,2024-11-02 09:04:51,On Time,1590.17,Cash,2353,3887,-5.0,0,Large"
"9452353274,97770901,2024-10-10 19:27:15,2024-10-10 19:37:15,2024-10-10 19:38:15,On Time,4410.72,Cash,4535,7549,1.0,1,Premium"
"5434328922,67340606,2024-02-08 07:35:10,2024-02-08 07:46:10,2024-02-08 07:44:10,On Time,2877.57,Card,57029,6298,-2.0,0,Premium"
"3327051807,99707100,2023-10-02 16:46:07,2023-10-02 17:06:07,2023-10-02 17:09:07,On Time,2141.39,Card,26018,8226,3.0,1,Premium"
"1461604569,25713335,2024-04-26 02:03:57,2024-04-26 02:18:57,2024-04-26 02:17:57,On Time,3604.01,Upi,49871,706,-1.0,0,Premium"
"606518084,78725001,2023-10-28 16:01:12,2023-10-28 16:21:12,2023-10-28 16:21:12,On Time,1424.47,Cash,96049,6968,0.0,0,Large"
"7637625389,13122744,2023-10-15 20:26:10,2023-10-15 20:38:10,2023-10-15 20:43:10,On Time,2013.55,Card,47591,4837,5.0,1,Premium"
"7311621328,30891209,2024-04-07 02:34:51,2024-04-07 02:48:51,2024-04-07 03:18:51,Significantly Delayed,2639.67,Wallet,62428,6243,30.0,1,Premium"
"8790217194,38244021,2024-03-25 01:29:32,2024-03-25 01:39:32,2024-03-25 01:52:32,Slightly Delayed,1666.68,Wallet,60118,6000,13.0,1,Large"
"1772445313,13071673,2023-07-21 00:30:42,2023-07-21 00:41:42,2023-07-21 00:44:42,On Time,2441.43,Card,87117,1745,3.0,1,Premium"
"159394992,35358395,2024-08-06 06:44:30,2024-08-06 06:59:30,2024-08-06 07:00:30,On Time,611.71,Card,28600,9812,1.0,1,Medium"
"7992910755,76218218,2023-07-12 09:11:08,2023-07-12 09:26:08,2023-07-12 09:54:08,Significantly Delayed,3156.54,Wallet,85359,7476,28.0,1,Premium"
"1786931285,1719710,2023-06-29 04:47:55,2023-06-29 04:59:55,2023-06-29 04:55:55,On Time,778.9,Wallet,76004,4927,-4.0,0,Medium"
"2225520858,95372766,2023-11-22 13:01:16,2023-11-22 13:18:16,2023-11-22 13:16:16,On Time,3519.46,Cash,13646,597,-2.0,0,Premium"
"5635738740,33034249,2023-09-28 14:29:27,2023-09-28 14:45:27,2023-09-28 14:45:27,On Time,2920.62,Upi,49965,6365,0.0,0,Premium"
"2230824358,41878908,2023-05-24 15:21:07,2023-05-24 15:39:07,2023-05-24 15:53:07,Slightly Delayed,2302.29,Cash,47833,2143,14.0,1,Premium"
"9217211301,52085702,2023-06-15 10:25:23,2023-06-15 10:35:23,2023-06-15 10:32:23,On Time,4441.76,Cash,89404,9240,-3.0,0,Premium"
"4501870609,16082651,2024-07-10 08:10:58,2024-07-10 08:28:58,2024-07-10 08:33:58,On Time,2253.3,Cash,42567,4010,5.0,1,Premium"
"838401679,89699655,2023-07-23 07:24:40,2023-07-23 07:40:40,2023-07-23 07:55:40,Slightly Delayed,1430.39,Wallet,83793,6870,15.0,1,Large"
"9587315528,66440188,2024-08-07 00:05:21,2024-08-07 00:21:21,2024-08-07 00:26:21,On Time,1019.38,Wallet,92673,7856,5.0,1,Large"
"3122936945,95001589,2023-05-06 23:07:29,2023-05-06 23:26:29,2023-05-06 23:25:29,On Time,397.68,Cash,65301,9066,-1.0,0,Small"
"6093390755,32054313,2023-11-24 13:24:41,2023-11-24 13:36:41,2023-11-24 13:39:41,On Time,1872.67,Card,60889,2462,3.0,1,Large"
"2032956677,66932104,2024-05-02 21:28:42,2024-05-02 21:43:42,2024-05-02 21:50:42,Slightly Delayed,1051.16,Wallet,17988,7861,7.0,1,Large"
"1488430001,67092149,2024-08-04 15:09:28,2024-08-04 15:26:28,2024-08-04 15:40:28,Slightly Delayed,3630.56,Card,40079,4217,14.0,1,Premium"
"615391848,65570302,2024-09-12 21:42:22,2024-09-12 21:57:22,2024-09-12 21:53:22,On Time,1041.18,Cash,2990,2628,-4.0,0,Large"
"8686093533,30823988,2024-02-06 05:53:02,2024-02-06 06:08:02,2024-02-06 06:04:02,On Time,2197.24,Cash,5503,1232,-4.0,0,Premium"
"7038758506,68714053,2023-05-08 06:18:49,2023-05-08 06:34:49,2023-05-08 06:39:49,On Time,77.11,Wallet,88037,731,5.0,1,Small"
"2385966456,12184293,2023-08-22 07:49:07,2023-08-22 08:04:07,2023-08-22 08:11:07,Slightly Delayed,4160.4,Upi,8862,4204,7.0,1,Premium"
"259622674,61002154,2023-05-05 00:35:33,2023-05-05 00:47:33,2023-05-05 00:52:33,On Time,3081.38,Card,43788,5780,5.0,1,Premium"
"2580381935,4394659,2024-05-05 09:52:12,2024-05-05 10:03:12,2024-05-05 10:03:12,On Time,4613.37,Cash,19165,9682,0.0,0,Premium"
"5035471587,18140588,2024-01-05 02:05:57,2024-01-05 02:16:57,2024-01-05 02:17:57,On Time,3405.27,Card,221,4763,1.0,1,Premium"
"9421270813,26844216,2024-04-22 06:03:15,2024-04-22 06:18:15,2024-04-22 06:23:15,On Time,2787.46,Wallet,26657,4631,5.0,1,Premium"
"1831516625,46629917,2024-03-29 20:09:02,2024-03-29 20:21:02,2024-03-29 20:28:02,Slightly Delayed,3008.01,Card,25932,8680,7.0,1,Premium"
"1918841793,95334407,2024-06-17 21:03:29,2024-06-17 21:18:29,2024-06-17 21:14:29,On Time,3273.77,Wallet,10305,2512,-4.0,0,Premium"
"1757159071,59094034,2024-03-13 09:54:17,2024-03-13 10:13:17,2024-03-13 10:21:17,Slightly Delayed,3571.03,Cash,38383,9938,8.0,1,Premium"
"7589464630,91196901,2024-07-12 13:13:16,2024-07-12 13:30:16,2024-07-12 13:39:16,Slightly Delayed,6543.19,Upi,17706,2409,9.0,1,Premium"
"1577085460,74682740,2023-09-22 09:53:14,2023-09-22 10:11:14,2023-09-22 10:08:14,On Time,2599.08,Wallet,52709,765,-3.0,0,Premium"
"2279018877,40305293,2024-06-10 14:24:22,2024-06-10 14:43:22,2024-06-10 14:57:22,Slightly Delayed,1890.73,Wallet,88797,8690,14.0,1,Large"
"7431412128,96989204,2023-05-29 04:05:50,2023-05-29 04:19:50,2023-05-29 04:22:50,On Time,2184.61,Upi,77224,7326,3.0,1,Premium"
"8781520615,85519349,2024-04-14 08:14:14,2024-04-14 08:26:14,2024-04-14 08:27:14,On Time,3343.42,Wallet,42606,345,1.0,1,Premium"
"1276192882,97678578,2024-01-08 07:33:48,2024-01-08 07:45:48,2024-01-08 07:42:48,On Time,2375.85,Upi,15637,7738,-3.0,0,Premium"
"4065794921,85518832,2024-03-21 11:14:24,2024-03-21 11:25:24,2024-03-21 11:50:24,Significantly Delayed,3403.34,Cash,43280,7371,25.0,1,Premium"
"1690800946,79764458,2023-03-29 14:40:35,2023-03-29 14:57:35,2023-03-29 14:59:35,On Time,2559.17,Upi,16850,5950,2.0,1,Premium"
"877883470,1200365,2023-06-07 13:30:04,2023-06-07 13:50:04,2023-06-07 13:58:04,Slightly Delayed,393.43,Upi,55423,7405,8.0,1,Small"
"7322044533,48730063,2023-10-13 23:38:34,2023-10-13 23:54:34,2023-10-14 00:06:34,Slightly Delayed,738.65,Wallet,92064,7801,12.0,1,Medium"
"5243163885,19275474,2023-05-19 13:35:25,2023-05-19 13:45:25,2023-05-19 13:48:25,On Time,2412.89,Wallet,12230,7061,3.0,1,Premium"
"4360255357,15529446,2023-05-14 07:57:31,2023-05-14 08:13:31,2023-05-14 08:21:31,Slightly Delayed,97.04,Cash,68222,6668,8.0,1,Small"
"9623306038,51669263,2023-11-10 05:31:21,2023-11-10 05:43:21,2023-11-10 05:42:21,On Time,3299.65,Wallet,56254,8972,-1.0,0,Premium"
"6282385286,6150721,2023-10-28 06:44:45,2023-10-28 07:01:45,2023-10-28 07:05:45,On Time,2500.44,Cash,9399,4572,4.0,1,Premium"
"1001900652,30367559,2024-09-08 20:08:07,2024-09-08 20:19:07,2024-09-08 20:32:07,Slightly Delayed,1456.96,Card,85241,2330,13.0,1,Large"
"5161988291,65618148,2024-07-01 00:54:01,2024-07-01 01:10:01,2024-07-01 01:05:01,On Time,3577.33,Upi,53927,6154,-5.0,0,Premium"
"3597752998,37759707,2024-04-03 13:29:54,2024-04-03 13:44:54,2024-04-03 13:44:54,On Time,1565.04,Card,71654,4606,0.0,0,Large"
"9074325310,35435896,2024-04-23 16:11:59,2024-04-23 16:27:59,2024-04-23 16:32:59,On Time,1714.38,Cash,83788,8528,5.0,1,Large"
"8875965392,41395224,2024-01-22 19:05:23,2024-01-22 19:19:23,2024-01-22 19:20:23,On Time,2419.46,Cash,6325,2929,1.0,1,Premium"
"971081962,73428596,2024-08-29 01:39:23,2024-08-29 01:55:23,2024-08-29 01:53:23,On Time,1511.54,Upi,62842,8655,-2.0,0,Large"
"1948332638,62323608,2024-06-08 17:07:02,2024-06-08 17:27:02,2024-06-08 17:32:02,On Time,2530.18,Card,84415,7238,5.0,1,Premium"
"1785558780,18986315,2024-06-28 16:56:00,2024-06-28 17:10:00,2024-06-28 17:06:00,On Time,1996.55,Wallet,85573,4524,-4.0,0,Large"
"7590462053,18326028,2024-06-26 16:29:40,2024-06-26 16:49:40,2024-06-26 16:50:40,On Time,833.93,Wallet,235,8429,1.0,1,Medium"
"2135743860,73392739,2024-03-22 08:24:49,2024-03-22 08:34:49,2024-03-22 08:39:49,On Time,4043.72,Upi,22083,1270,5.0,1,Premium"
"9851365751,12832151,2023-10-03 16:06:50,2023-10-03 16:23:50,2023-10-03 16:18:50,On Time,1413.06,Cash,83505,5939,-5.0,0,Large"
"9243090480,13760839,2023-03-21 19:45:16,2023-03-21 20:03:16,2023-03-21 20:32:16,Significantly Delayed,1252.94,Upi,95377,5901,29.0,1,Large"
"7168596454,35690581,2023-03-22 02:45:18,2023-03-22 02:56:18,2023-03-22 03:04:18,Slightly Delayed,2795.12,Upi,1608,7082,8.0,1,Premium"
"2483565595,21701991,2023-03-24 06:16:52,2023-03-24 06:30:52,2023-03-24 06:33:52,On Time,1267.5,Cash,25691,2259,3.0,1,Large"
"2484470052,84848018,2024-01-09 19:29:32,2024-01-09 19:48:32,2024-01-09 19:51:32,On Time,1426.56,Cash,54869,2946,3.0,1,Large"
"7702588270,55094848,2024-04-26 20:38:36,2024-04-26 20:57:36,2024-04-26 20:54:36,On Time,3867.53,Card,93742,4917,-3.0,0,Premium"
"5992338333,9738801,2023-04-03 23:28:44,2023-04-03 23:47:44,2023-04-03 23:47:44,On Time,3121.04,Cash,91077,4006,0.0,0,Premium"
"9196796718,68941950,2023-07-06 21:46:44,2023-07-06 22:00:44,2023-07-06 22:04:44,On Time,4037.78,Wallet,37270,324,4.0,1,Premium"
"3291765954,57523973,2023-08-30 07:00:43,2023-08-30 07:17:43,2023-08-30 07:22:43,On Time,1651.89,Upi,20788,8568,5.0,1,Large"
"652616858,10663246,2023-05-22 11:53:45,2023-05-22 12:10:45,2023-05-22 12:17:45,Slightly Delayed,2832.35,Card,25092,2819,7.0,1,Premium"
"2613508245,45028365,2023-12-28 16:43:38,2023-12-28 17:01:38,2023-12-28 16:56:38,On Time,3349.73,Upi,74072,8059,-5.0,0,Premium"
"8169361928,8241122,2024-01-10 15:19:09,2024-01-10 15:31:09,2024-01-10 15:35:09,On Time,1746.24,Cash,2274,6667,4.0,1,Large"
"9395982132,58170168,2023-07-05 12:19:11,2023-07-05 12:31:11,2023-07-05 12:35:11,On Time,1545.49,Card,33721,7117,4.0,1,Large"
"1914701538,64722323,2023-07-09 14:00:48,2023-07-09 14:19:48,2023-07-09 14:22:48,On Time,3606.37,Upi,84345,237,3.0,1,Premium"
"6236279358,97141762,2024-05-26 05:24:47,2024-05-26 05:36:47,2024-05-26 06:03:47,Significantly Delayed,2832.2,Card,24906,8037,27.0,1,Premium"
"2288561509,11047835,2023-12-04 19:19:13,2023-12-04 19:39:13,2023-12-04 19:46:13,Slightly Delayed,1272.76,Cash,92861,4436,7.0,1,Large"
"2010415757,43295656,2024-06-20 08:47:21,2024-06-20 09:00:21,2024-06-20 08:57:21,On Time,1666.99,Upi,80134,9311,-3.0,0,Large"
"7164827734,9195970,2023-03-16 08:10:44,2023-03-16 08:27:44,2023-03-16 08:24:44,On Time,1809.72,Upi,62683,4711,-3.0,0,Large"
"7971819985,48511124,2024-04-15 02:48:52,2024-04-15 02:58:52,2024-04-15 02:53:52,On Time,4188.82,Wallet,65541,8122,-5.0,0,Premium"
"8234021674,41073776,2024-01-29 10:54:13,2024-01-29 11:13:13,2024-01-29 11:16:13,On Time,3201.25,Cash,28230,3683,3.0,1,Premium"
"4274404843,48418662,2024-09-30 01:43:49,2024-09-30 02:01:49,2024-09-30 02:04:49,On Time,1013.88,Card,59305,1824,3.0,1,Large"
"7353519273,80761521,2023-09-22 12:58:20,2023-09-22 13:15:20,2023-09-22 13:18:20,On Time,1882.23,Cash,49934,2706,3.0,1,Large"
"8539612501,22846435,2024-09-20 13:30:47,2024-09-20 13:41:47,2024-09-20 13:55:47,Slightly Delayed,1543.13,Wallet,14166,193,14.0,1,Large"
"5894327065,35133191,2024-03-15 13:35:58,2024-03-15 13:47:58,2024-03-15 13:56:58,Slightly Delayed,1725.22,Card,29930,8466,9.0,1,Large"
"77053363,74172010,2023-05-04 19:19:43,2023-05-04 19:38:43,2023-05-04 19:38:43,On Time,4566.21,Upi,3429,2000,0.0,0,Premium"
"4467084478,30447453,2024-03-03 12:48:19,2024-03-03 12:58:19,2024-03-03 13:12:19,Slightly Delayed,2928.16,Card,68868,7284,14.0,1,Premium"
"3514036230,84937877,2023-07-11 03:03:24,2023-07-11 03:17:24,2023-07-11 03:22:24,On Time,1722.88,Cash,93410,6787,5.0,1,Large"
"4720421794,72089140,2024-01-16 06:50:16,2024-01-16 07:09:16,2024-01-16 07:24:16,Slightly Delayed,2816.58,Wallet,35894,5263,15.0,1,Premium"
"3202903413,12507907,2023-08-04 18:34:57,2023-08-04 18:51:57,2023-08-04 18:53:57,On Time,715.37,Cash,52139,782,2.0,1,Medium"
"6938082428,19741509,2024-03-08 20:39:16,2024-03-08 20:53:16,2024-03-08 20:59:16,Slightly Delayed,2010.44,Cash,60137,9933,6.0,1,Premium"
"9202941711,59240916,2024-03-24 14:45:54,2024-03-24 14:58:54,2024-03-24 15:02:54,On Time,3288.74,Wallet,2000,9969,4.0,1,Premium"
"8963522960,11143197,2023-11-02 02:43:47,2023-11-02 03:00:47,2023-11-02 03:03:47,On Time,1757.33,Cash,58520,3010,3.0,1,Large"
"9266835891,14207332,2024-06-13 02:17:05,2024-06-13 02:31:05,2024-06-13 02:30:05,On Time,2994.7,Wallet,69070,4518,-1.0,0,Premium"
"5265722064,52032226,2023-07-16 02:33:21,2023-07-16 02:49:21,2023-07-16 02:48:21,On Time,1614.35,Cash,46962,5289,-1.0,0,Large"
"5514326011,95364457,2024-02-04 16:12:37,2024-02-04 16:28:37,2024-02-04 16:29:37,On Time,3485.63,Wallet,75658,7235,1.0,1,Premium"
"9578652103,34839913,2024-03-13 05:17:39,2024-03-13 05:30:39,2024-03-13 05:27:39,On Time,1342.89,Upi,79729,1877,-3.0,0,Large"
"3559061334,79991320,2023-06-09 13:18:53,2023-06-09 13:38:53,2023-06-09 13:49:53,Slightly Delayed,3157.25,Upi,57403,2144,11.0,1,Premium"
"637944734,60698094,2023-04-01 09:22:52,2023-04-01 09:35:52,2023-04-01 09:39:52,On Time,4026.32,Card,35435,7170,4.0,1,Premium"
"7454643275,18229949,2024-07-14 08:42:33,2024-07-14 09:00:33,2024-07-14 08:57:33,On Time,102.44,Cash,72097,2897,-3.0,0,Small"
"4319342350,99160348,2024-08-27 20:15:26,2024-08-27 20:34:26,2024-08-27 20:56:26,Significantly Delayed,4281.94,Card,11958,587,22.0,1,Premium"
"7568450733,59518795,2023-04-09 08:22:53,2023-04-09 08:33:53,2023-04-09 08:30:53,On Time,1049.09,Wallet,63512,806,-3.0,0,Large"
"734744305,60698094,2024-06-08 11:59:34,2024-06-08 12:14:34,2024-06-08 12:17:34,On Time,2043.02,Wallet,80005,7827,3.0,1,Premium"
"5233331050,85561151,2023-05-01 16:36:35,2023-05-01 16:53:35,2023-05-01 16:56:35,On Time,84.2,Upi,84617,9668,3.0,1,Small"
"8326867788,17939362,2023-09-20 01:05:39,2023-09-20 01:25:39,2023-09-20 01:25:39,On Time,1213.48,Card,56875,4451,0.0,0,Large"
"8368819094,42432226,2024-08-15 02:54:26,2024-08-15 03:08:26,2024-08-15 03:07:26,On Time,572.12,Wallet,11640,6906,-1.0,0,Medium"
"8700151605,19275474,2023-08-04 09:15:27,2023-08-04 09:32:27,2023-08-04 09:57:27,Significantly Delayed,1301.73,Wallet,74364,2248,25.0,1,Large"
"6269179048,469006,2023-11-11 15:50:53,2023-11-11 16:04:53,2023-11-11 16:02:53,On Time,1864.85,Wallet,23727,7515,-2.0,0,Large"
"1265254177,46378942,2023-09-24 14:15:04,2023-09-24 14:29:04,2023-09-24 14:27:04,On Time,3988.44,Card,16267,3622,-2.0,0,Premium"
"9858963919,40858753,2023-07-02 06:49:46,2023-07-02 07:02:46,2023-07-02 07:31:46,Significantly Delayed,481.63,Wallet,50340,5786,29.0,1,Small"
"7279564594,91566278,2024-01-19 09:50:36,2024-01-19 10:03:36,2024-01-19 09:59:36,On Time,1226.55,Card,45499,8600,-4.0,0,Large"
"6983253839,62629494,2024-04-03 20:29:42,2024-04-03 20:46:42,2024-04-03 20:47:42,On Time,3115.93,Wallet,83688,7769,1.0,1,Premium"
"9479808024,62679120,2023-10-16 05:38:38,2023-10-16 05:54:38,2023-10-16 05:50:38,On Time,3628.88,Card,72459,6487,-4.0,0,Premium"
"3583522679,6668498,2023-09-06 11:49:56,2023-09-06 12:08:56,2023-09-06 12:09:56,On Time,4148.39,Wallet,68563,2279,1.0,1,Premium"
"1923226423,39042103,2024-07-28 07:37:08,2024-07-28 07:54:08,2024-07-28 07:56:08,On Time,3344.78,Card,76715,3961,2.0,1,Premium"
"664198080,89036169,2023-08-12 06:32:49,2023-08-12 06:42:49,2023-08-12 06:41:49,On Time,443.17,Cash,4941,6695,-1.0,0,Small"
"4224700084,11478478,2024-08-28 23:22:09,2024-08-28 23:36:09,2024-08-28 23:36:09,On Time,1568.53,Wallet,78588,1128,0.0,0,Large"
"969621016,13465850,2024-01-23 19:23:23,2024-01-23 19:34:23,2024-01-23 19:39:23,On Time,2542.59,Wallet,16277,8750,5.0,1,Premium"
"8178275820,55060796,2024-04-05 09:50:05,2024-04-05 10:00:05,2024-04-05 10:12:05,Slightly Delayed,2755.74,Cash,78985,86,12.0,1,Premium"
"4949766982,99734256,2024-09-11 00:18:18,2024-09-11 00:33:18,2024-09-11 00:37:18,On Time,1560.71,Cash,86551,1358,4.0,1,Large"
"5258344385,12867472,2023-10-14 17:48:54,2023-10-14 18:08:54,2023-10-14 18:12:54,On Time,641.76,Wallet,16549,9196,4.0,1,Medium"
"8101930640,92306841,2023-06-12 05:44:25,2023-06-12 06:00:25,2023-06-12 06:05:25,On Time,450.23,Wallet,50876,5853,5.0,1,Small"
"6703316563,89669139,2024-01-25 17:54:37,2024-01-25 18:07:37,2024-01-25 18:22:37,Slightly Delayed,396.41,Wallet,91135,1070,15.0,1,Small"
"7680297690,1705969,2024-02-12 06:56:34,2024-02-12 07:11:34,2024-02-12 07:13:34,On Time,2864.1,Wallet,79007,778,2.0,1,Premium"
"7256340388,30042971,2023-10-08 07:25:22,2023-10-08 07:35:22,2023-10-08 08:04:22,Significantly Delayed,785.67,Wallet,87987,5716,29.0,1,Medium"
"2538269668,48778633,2023-06-23 08:12:16,2023-06-23 08:27:16,2023-06-23 08:27:16,On Time,1348.52,Cash,36761,1347,0.0,0,Large"
"7506762237,98225598,2023-06-10 01:44:16,2023-06-10 01:56:16,2023-06-10 02:19:16,Significantly Delayed,2326.62,Card,17180,3335,23.0,1,Premium"
"6585436114,65895091,2024-03-13 21:43:46,2024-03-13 22:01:46,2024-03-13 22:08:46,Slightly Delayed,3131.69,Wallet,97963,5769,7.0,1,Premium"
"9852996866,19145354,2024-06-26 12:36:19,2024-06-26 12:54:19,2024-06-26 12:49:19,On Time,1525.58,Wallet,4260,6406,-5.0,0,Large"
"1991135167,46699982,2023-12-19 20:18:46,2023-12-19 20:30:46,2023-12-19 20:31:46,On Time,3986.02,Wallet,17609,8072,1.0,1,Premium"
"7765110772,33871107,2024-06-01 21:54:06,2024-06-01 22:10:06,2024-06-01 22:07:06,On Time,3157.37,Upi,66182,819,-3.0,0,Premium"
"3520718052,6856445,2023-07-07 23:42:08,2023-07-07 23:52:08,2023-07-07 23:52:08,On Time,2846.05,Cash,91411,3596,0.0,0,Premium"
"5388573375,77128325,2024-03-07 12:50:53,2024-03-07 13:01:53,2024-03-07 13:01:53,On Time,3993.4,Cash,45401,342,0.0,0,Premium"
"8977771682,30979436,2023-04-29 18:14:35,2023-04-29 18:30:35,2023-04-29 18:27:35,On Time,1212.41,Card,45258,9255,-3.0,0,Large"
"3596900942,63349378,2023-11-03 09:38:26,2023-11-03 09:55:26,2023-11-03 10:08:26,Slightly Delayed,616.62,Wallet,46019,8890,13.0,1,Medium"
"155295996,24517523,2024-06-29 02:58:57,2024-06-29 03:16:57,2024-06-29 03:20:57,On Time,4190.02,Cash,5364,5219,4.0,1,Premium"
"1945536198,44557943,2023-05-03 14:54:29,2023-05-03 15:08:29,2023-05-03 15:12:29,On Time,5313.04,Cash,34218,431,4.0,1,Premium"
"2550246555,38671747,2023-04-06 14:27:46,2023-04-06 14:39:46,2023-04-06 14:47:46,Slightly Delayed,2305.86,Upi,36017,2456,8.0,1,Premium"
"4287631655,6867315,2023-11-15 04:16:13,2023-11-15 04:35:13,2023-11-15 04:56:13,Significantly Delayed,1381.53,Wallet,18788,1833,21.0,1,Large"
"2033683703,42989999,2024-01-24 17:33:29,2024-01-24 17:49:29,2024-01-24 18:05:29,Significantly Delayed,4223.23,Upi,62688,6504,16.0,1,Premium"
"9453583714,82854537,2023-09-01 04:15:52,2023-09-01 04:29:52,2023-09-01 04:26:52,On Time,1873.26,Upi,39114,8870,-3.0,0,Large"
"852886125,44562310,2023-07-14 01:58:44,2023-07-14 02:18:44,2023-07-14 02:14:44,On Time,1610.95,Upi,85502,8604,-4.0,0,Large"
"5705899665,4378755,2024-05-27 19:16:33,2024-05-27 19:31:33,2024-05-27 19:30:33,On Time,3712.03,Wallet,75481,355,-1.0,0,Premium"
"5706043483,63360864,2024-07-17 18:55:41,2024-07-17 19:10:41,2024-07-17 19:14:41,On Time,1164.09,Upi,86219,2490,4.0,1,Large"
"5190422833,3410758,2023-03-27 11:28:42,2023-03-27 11:43:42,2023-03-27 11:42:42,On Time,898.05,Cash,17583,9620,-1.0,0,Medium"
"7178188501,3786105,2024-04-18 13:28:11,2024-04-18 13:46:11,2024-04-18 13:45:11,On Time,2823.72,Cash,70846,3888,-1.0,0,Premium"
"2864819888,9419030,2024-04-19 19:38:25,2024-04-19 19:49:25,2024-04-19 19:53:25,On Time,1973.65,Card,42803,8666,4.0,1,Large"
"7107216633,10857389,2024-06-27 05:10:48,2024-06-27 05:20:48,2024-06-27 05:26:48,Slightly Delayed,2871.14,Wallet,30190,4888,6.0,1,Premium"
"1685382357,6579892,2023-05-04 18:35:27,2023-05-04 18:54:27,2023-05-04 19:10:27,Significantly Delayed,2584.79,Card,76806,8439,16.0,1,Premium"
"7562902958,81808190,2023-06-08 22:26:55,2023-06-08 22:44:55,2023-06-08 22:45:55,On Time,1477.63,Upi,74174,3225,1.0,1,Large"
"2819953077,25128143,2023-11-22 08:33:47,2023-11-22 08:49:47,2023-11-22 09:01:47,Slightly Delayed,1887.33,Cash,76823,122,12.0,1,Large"
"8453462258,2875442,2024-02-10 11:44:52,2024-02-10 11:57:52,2024-02-10 11:53:52,On Time,310.87,Wallet,98449,7996,-4.0,0,Small"
"4605056279,23976957,2024-05-04 16:33:12,2024-05-04 16:43:12,2024-05-04 16:46:12,On Time,1252.01,Cash,33098,5016,3.0,1,Large"
"5998035939,88324928,2024-02-22 01:21:53,2024-02-22 01:33:53,2024-02-22 01:31:53,On Time,3279.72,Card,25912,2444,-2.0,0,Premium"
"2311501690,27698051,2024-03-26 04:58:36,2024-03-26 05:08:36,2024-03-26 05:06:36,On Time,2643.08,Wallet,81872,5650,-2.0,0,Premium"
"356495722,91312072,2024-06-02 00:20:24,2024-06-02 00:34:24,2024-06-02 00:34:24,On Time,1978.25,Wallet,57795,8433,0.0,0,Large"
"2695448838,47274329,2023-06-10 23:54:52,2023-06-11 00:08:52,2023-06-11 00:15:52,Slightly Delayed,2516.12,Upi,56011,7288,7.0,1,Premium"
"6986791144,27692428,2023-09-08 14:24:07,2023-09-08 14:34:07,2023-09-08 14:46:07,Slightly Delayed,1068.15,Cash,75461,2795,12.0,1,Large"
"8619571588,31456752,2024-01-17 05:28:00,2024-01-17 05:42:00,2024-01-17 05:39:00,On Time,1597.12,Upi,12944,5680,-3.0,0,Large"
"4088553674,52913011,2023-08-25 10:14:30,2023-08-25 10:31:30,2023-08-25 10:58:30,Significantly Delayed,3986.58,Wallet,65634,684,27.0,1,Premium"
"8177907004,60757351,2024-01-08 21:14:32,2024-01-08 21:31:32,2024-01-08 21:56:32,Significantly Delayed,2575.85,Wallet,92178,6516,25.0,1,Premium"
"8533749006,91590001,2024-10-30 16:37:32,2024-10-30 16:51:32,2024-10-30 16:59:32,Slightly Delayed,1552.93,Cash,95607,5890,8.0,1,Large"
"8694014791,48778633,2023-08-06 05:36:59,2023-08-06 05:54:59,2023-08-06 06:02:59,Slightly Delayed,1908.82,Card,73862,7614,8.0,1,Large"
"6311012195,10857389,2023-07-27 14:54:16,2023-07-27 15:11:16,2023-07-27 15:09:16,On Time,824.99,Upi,20432,5396,-2.0,0,Medium"
"1312767771,26412689,2024-09-17 05:59:27,2024-09-17 06:17:27,2024-09-17 06:22:27,On Time,2147.13,Wallet,97744,5147,5.0,1,Premium"
"214919848,47125914,2024-01-06 07:43:13,2024-01-06 08:00:13,2024-01-06 08:05:13,On Time,2503.81,Cash,66328,520,5.0,1,Premium"
"5521682945,26303194,2024-07-24 07:21:55,2024-07-24 07:41:55,2024-07-24 07:49:55,Slightly Delayed,2548.33,Cash,20204,9172,8.0,1,Premium"
"5305770811,92642745,2024-10-31 07:17:51,2024-10-31 07:27:51,2024-10-31 07:33:51,Slightly Delayed,3254.9,Cash,76080,1988,6.0,1,Premium"
"5842420654,43307488,2024-05-06 11:58:12,2024-05-06 12:16:12,2024-05-06 12:22:12,Slightly Delayed,261.03,Wallet,60389,553,6.0,1,Small"
"4566893863,88739922,2023-10-28 09:34:39,2023-10-28 09:45:39,2023-10-28 09:44:39,On Time,3739.44,Wallet,40507,1670,-1.0,0,Premium"
"1523729855,54730270,2024-09-03 04:50:19,2024-09-03 05:03:19,2024-09-03 05:02:19,On Time,629.24,Upi,84566,9830,-1.0,0,Medium"
"2899786983,31456752,2023-10-24 12:09:46,2023-10-24 12:20:46,2023-10-24 12:21:46,On Time,5183.93,Upi,14386,4153,1.0,1,Premium"
"9202528884,64940409,2024-05-27 13:54:56,2024-05-27 14:06:56,2024-05-27 14:36:56,Significantly Delayed,3369.19,Cash,33556,3699,30.0,1,Premium"
"4338327693,93617659,2024-05-19 02:21:08,2024-05-19 02:36:08,2024-05-19 02:49:08,Slightly Delayed,3948.26,Cash,98866,4231,13.0,1,Premium"
"6295686357,76533277,2024-01-10 07:54:01,2024-01-10 08:05:01,2024-01-10 08:04:01,On Time,2769.76,Cash,81081,3737,-1.0,0,Premium"
"6396194687,61406908,2024-01-20 20:37:11,2024-01-20 20:57:11,2024-01-20 21:01:11,On Time,4492.32,Wallet,43588,676,4.0,1,Premium"
"5662786245,21409946,2023-04-21 00:24:45,2023-04-21 00:37:45,2023-04-21 00:38:45,On Time,4920.92,Cash,39082,1501,1.0,1,Premium"
"4868150114,69761993,2024-01-08 03:21:32,2024-01-08 03:37:32,2024-01-08 03:54:32,Significantly Delayed,2720.81,Card,52501,9235,17.0,1,Premium"
"502764834,96903782,2024-08-02 18:00:51,2024-08-02 18:13:51,2024-08-02 18:18:51,On Time,3197.48,Card,88857,4419,5.0,1,Premium"
"5056125341,26040510,2023-05-23 01:52:56,2023-05-23 02:11:56,2023-05-23 02:22:56,Slightly Delayed,3503.97,Wallet,39430,4592,11.0,1,Premium"
"6388618916,96511007,2024-01-26 22:01:18,2024-01-26 22:11:18,2024-01-26 22:12:18,On Time,2761.44,Wallet,62559,7106,1.0,1,Premium"
"3508668494,75836905,2024-01-25 01:04:27,2024-01-25 01:14:27,2024-01-25 01:14:27,On Time,2359.1,Card,92900,481,0.0,0,Premium"
"5289436093,98211325,2024-04-18 13:18:14,2024-04-18 13:35:14,2024-04-18 14:01:14,Significantly Delayed,1789.25,Wallet,77152,6523,26.0,1,Large"
"7596333614,88684966,2023-03-30 05:26:58,2023-03-30 05:36:58,2023-03-30 05:39:58,On Time,2024.16,Card,24475,3746,3.0,1,Premium"
"6284076508,74179536,2024-07-19 22:39:09,2024-07-19 22:50:09,2024-07-19 22:51:09,On Time,844.26,Upi,39939,2254,1.0,1,Medium"
"340050407,68941950,2024-10-15 13:14:58,2024-10-15 13:32:58,2024-10-15 13:29:58,On Time,58.59,Cash,68329,9482,-3.0,0,Small"
"5927472701,93563435,2024-01-12 16:56:03,2024-01-12 17:06:03,2024-01-12 17:04:03,On Time,2280.71,Wallet,95432,1954,-2.0,0,Premium"
"9216536492,58979427,2024-10-04 03:41:44,2024-10-04 03:52:44,2024-10-04 03:53:44,On Time,3056.52,Wallet,83077,1110,1.0,1,Premium"
"3742662928,63971358,2023-06-03 06:52:14,2023-06-03 07:03:14,2023-06-03 07:00:14,On Time,937.34,Wallet,75517,3266,-3.0,0,Medium"
"4797768073,35782051,2023-07-06 03:33:08,2023-07-06 03:49:08,2023-07-06 04:07:08,Significantly Delayed,3156.22,Cash,88543,1330,18.0,1,Premium"
"6767935470,70372270,2024-04-17 01:23:52,2024-04-17 01:42:52,2024-04-17 01:43:52,On Time,2249.42,Cash,44553,6622,1.0,1,Premium"
"1963703928,77007315,2024-07-06 00:10:31,2024-07-06 00:30:31,2024-07-06 00:27:31,On Time,1553.71,Wallet,70919,6295,-3.0,0,Large"
"552470423,4394659,2024-02-27 02:32:38,2024-02-27 02:45:38,2024-02-27 02:41:38,On Time,1310.7,Cash,27605,1143,-4.0,0,Large"
"739434870,1603358,2023-09-05 23:05:17,2023-09-05 23:22:17,2023-09-05 23:27:17,On Time,2725.22,Cash,55365,7655,5.0,1,Premium"
"7930373606,13494314,2023-08-09 22:14:42,2023-08-09 22:26:42,2023-08-09 22:31:42,On Time,1782.86,Cash,54606,9325,5.0,1,Large"
"5374978054,64932019,2024-07-08 14:00:52,2024-07-08 14:13:52,2024-07-08 14:17:52,On Time,1433.88,Cash,63238,2348,4.0,1,Large"
"4361797433,1603358,2023-08-05 07:22:21,2023-08-05 07:36:21,2023-08-05 07:39:21,On Time,3074.92,Upi,59493,3731,3.0,1,Premium"
"2002067527,45166203,2023-11-06 23:08:27,2023-11-06 23:18:27,2023-11-06 23:20:27,On Time,1269.98,Wallet,71608,8342,2.0,1,Large"
"4228110436,701493,2023-07-23 19:21:30,2023-07-23 19:32:30,2023-07-23 20:02:30,Significantly Delayed,2512.67,Wallet,24964,961,30.0,1,Premium"
"1251118825,79592021,2023-05-04 00:13:04,2023-05-04 00:23:04,2023-05-04 00:36:04,Slightly Delayed,478.79,Cash,17178,5931,13.0,1,Small"
"7165265639,29265216,2023-08-20 19:02:24,2023-08-20 19:14:24,2023-08-20 19:09:24,On Time,878.07,Wallet,71534,9164,-5.0,0,Medium"
"1255323701,51669263,2024-03-06 11:57:35,2024-03-06 12:08:35,2024-03-06 12:06:35,On Time,3109.5,Wallet,78929,3111,-2.0,0,Premium"
"807934194,69925688,2024-01-13 01:41:40,2024-01-13 01:58:40,2024-01-13 02:00:40,On Time,3688.0,Cash,59454,4585,2.0,1,Premium"
"7968718292,54730270,2023-10-30 20:00:38,2023-10-30 20:16:38,2023-10-30 20:17:38,On Time,931.61,Card,56005,3798,1.0,1,Medium"
"2620531979,8651281,2024-02-24 12:40:18,2024-02-24 12:53:18,2024-02-24 13:02:18,Slightly Delayed,1207.28,Card,23093,5801,9.0,1,Large"
"6943430459,53636086,2024-10-05 17:21:33,2024-10-05 17:32:33,2024-10-05 17:34:33,On Time,2625.32,Wallet,75360,2062,2.0,1,Premium"
"5607355353,47625855,2023-06-23 09:33:06,2023-06-23 09:45:06,2023-06-23 10:06:06,Significantly Delayed,2909.86,Upi,2135,5949,21.0,1,Premium"
"6696352636,54730270,2023-06-18 15:12:00,2023-06-18 15:23:00,2023-06-18 15:53:00,Significantly Delayed,1458.64,Wallet,98726,6273,30.0,1,Large"
"9325920156,59110513,2024-10-12 10:36:00,2024-10-12 10:46:00,2024-10-12 10:56:00,Slightly Delayed,3323.67,Card,98397,547,10.0,1,Premium"
"2286477025,59436131,2023-06-02 22:03:32,2023-06-02 22:16:32,2023-06-02 22:20:32,On Time,2751.35,Card,85060,3151,4.0,1,Premium"
"6704773223,81420960,2024-07-22 09:39:46,2024-07-22 09:59:46,2024-07-22 10:21:46,Significantly Delayed,1563.35,Wallet,34344,4737,22.0,1,Large"
"1435353007,48281892,2024-01-19 09:04:09,2024-01-19 09:23:09,2024-01-19 09:24:09,On Time,2538.96,Card,64672,2991,1.0,1,Premium"
"8080970647,1855421,2023-11-25 17:44:31,2023-11-25 17:55:31,2023-11-25 18:00:31,On Time,3635.32,Card,70168,6162,5.0,1,Premium"
"5881633926,32293017,2023-04-21 18:43:44,2023-04-21 19:00:44,2023-04-21 19:03:44,On Time,4263.33,Card,40430,9748,3.0,1,Premium"
"4435459085,76830090,2023-08-19 14:41:57,2023-08-19 14:58:57,2023-08-19 14:58:57,On Time,242.57,Cash,66771,9415,0.0,0,Small"
"6172529406,48409448,2024-05-21 02:04:06,2024-05-21 02:22:06,2024-05-21 02:51:06,Significantly Delayed,2969.87,Cash,29606,8038,29.0,1,Premium"
"9127879048,75490147,2024-08-27 07:17:45,2024-08-27 07:27:45,2024-08-27 07:29:45,On Time,2298.22,Card,82835,6300,2.0,1,Premium"
"3806545110,1200365,2024-08-17 11:54:42,2024-08-17 12:06:42,2024-08-17 12:07:42,On Time,1150.34,Card,52602,2823,1.0,1,Large"
"6919395718,91550885,2024-02-16 21:33:40,2024-02-16 21:46:40,2024-02-16 21:42:40,On Time,2440.67,Upi,23311,2151,-4.0,0,Premium"
"5277462976,98858383,2024-10-19 15:37:39,2024-10-19 15:56:39,2024-10-19 15:57:39,On Time,3990.61,Card,95207,9167,1.0,1,Premium"
"3606274277,98225598,2023-08-08 10:47:04,2023-08-08 10:57:04,2023-08-08 10:53:04,On Time,3902.92,Cash,83884,8765,-4.0,0,Premium"
"2065203676,36146306,2024-01-15 09:32:36,2024-01-15 09:47:36,2024-01-15 09:52:36,On Time,1121.26,Card,34566,576,5.0,1,Large"
"4042066387,90743791,2024-01-03 04:02:09,2024-01-03 04:15:09,2024-01-03 04:23:09,Slightly Delayed,4354.3,Wallet,33983,2022,8.0,1,Premium"
"3604982656,59207798,2024-09-19 17:04:31,2024-09-19 17:23:31,2024-09-19 17:31:31,Slightly Delayed,563.45,Card,87446,7282,8.0,1,Medium"
"1149676745,6247821,2023-10-20 20:14:01,2023-10-20 20:29:01,2023-10-20 20:29:01,On Time,1168.51,Card,84700,5092,0.0,0,Large"
"3895011687,47043878,2024-03-23 19:38:44,2024-03-23 19:56:44,2024-03-23 20:01:44,On Time,858.57,Upi,81696,6466,5.0,1,Medium"
"772505056,81822494,2023-07-13 01:07:54,2023-07-13 01:20:54,2023-07-13 01:17:54,On Time,2341.94,Cash,3187,710,-3.0,0,Premium"
"5574765914,89619421,2024-10-25 23:30:56,2024-10-25 23:45:56,2024-10-25 23:42:56,On Time,697.53,Wallet,8665,1822,-3.0,0,Medium"
"8812616740,61982521,2023-06-26 21:13:15,2023-06-26 21:25:15,2023-06-26 21:29:15,On Time,1469.02,Card,66152,5055,4.0,1,Large"
"1486655525,74572121,2024-04-21 13:15:43,2024-04-21 13:27:43,2024-04-21 13:29:43,On Time,2840.82,Wallet,69381,4512,2.0,1,Premium"
"8423025639,6344345,2024-06-06 13:14:56,2024-06-06 13:25:56,2024-06-06 13:39:56,Slightly Delayed,3583.16,Upi,63484,5830,14.0,1,Premium"
"9020705185,1562083,2023-12-29 19:19:39,2023-12-29 19:30:39,2023-12-29 19:31:39,On Time,71.6,Cash,92943,166,1.0,1,Small"
"7719808698,93938425,2023-08-18 11:32:57,2023-08-18 11:48:57,2023-08-18 11:50:57,On Time,4205.08,Card,28450,8415,2.0,1,Premium"
"3414036630,32809328,2024-04-05 03:00:07,2024-04-05 03:13:07,2024-04-05 03:09:07,On Time,641.33,Cash,37389,7475,-4.0,0,Medium"
"4157869967,49617892,2023-05-05 14:12:39,2023-05-05 14:32:39,2023-05-05 14:34:39,On Time,881.42,Card,51334,747,2.0,1,Medium"
"4873887251,20951294,2023-09-20 00:43:50,2023-09-20 00:58:50,2023-09-20 01:01:50,On Time,989.88,Wallet,769,9820,3.0,1,Medium"
"8031946454,31923338,2023-08-29 20:55:54,2023-08-29 21:07:54,2023-08-29 21:06:54,On Time,2074.16,Card,89696,9456,-1.0,0,Premium"
"8168056170,45700473,2023-08-28 04:52:58,2023-08-28 05:02:58,2023-08-28 05:16:58,Slightly Delayed,3061.73,Cash,85462,8393,14.0,1,Premium"
"3108512811,15417130,2024-02-10 08:25:16,2024-02-10 08:35:16,2024-02-10 08:37:16,On Time,3391.72,Upi,30893,571,2.0,1,Premium"
"1680591951,7288562,2024-03-11 21:02:51,2024-03-11 21:19:51,2024-03-11 21:16:51,On Time,2569.08,Card,96631,6381,-3.0,0,Premium"
"559245731,68941950,2024-09-08 15:54:50,2024-09-08 16:06:50,2024-09-08 16:11:50,On Time,3597.64,Wallet,20247,4687,5.0,1,Premium"
"8655600303,12867472,2024-04-27 17:40:20,2024-04-27 17:51:20,2024-04-27 17:48:20,On Time,3608.84,Cash,71557,1884,-3.0,0,Premium"
"8247327365,30065862,2024-09-25 11:15:52,2024-09-25 11:28:52,2024-09-25 11:42:52,Slightly Delayed,2592.28,Card,11031,4986,14.0,1,Premium"
"9153347285,54222320,2023-06-22 02:54:54,2023-06-22 03:11:54,2023-06-22 03:11:54,On Time,2618.56,Card,3684,2321,0.0,0,Premium"
"1977533409,17521263,2023-12-18 12:09:20,2023-12-18 12:21:20,2023-12-18 12:18:20,On Time,738.71,Upi,4601,650,-3.0,0,Medium"
"2433646621,82770142,2024-11-03 10:59:49,2024-11-03 11:19:49,2024-11-03 11:28:49,Slightly Delayed,1195.03,Card,67633,280,9.0,1,Large"
"22830983,92404798,2023-06-04 21:10:12,2023-06-04 21:26:12,2023-06-04 21:44:12,Significantly Delayed,3061.39,Upi,39491,2086,18.0,1,Premium"
"1143763031,52075070,2024-08-09 21:38:00,2024-08-09 21:58:00,2024-08-09 21:59:00,On Time,171.2,Upi,61900,3329,1.0,1,Small"
"8524056436,35434373,2023-09-06 13:44:20,2023-09-06 13:57:20,2023-09-06 13:54:20,On Time,911.06,Cash,33639,8160,-3.0,0,Medium"
"4262338791,72089140,2024-10-17 07:38:55,2024-10-17 07:57:55,2024-10-17 07:57:55,On Time,1582.64,Wallet,37767,6144,0.0,0,Large"
"187728451,63262519,2023-11-27 21:06:51,2023-11-27 21:16:51,2023-11-27 21:15:51,On Time,4088.13,Wallet,36559,497,-1.0,0,Premium"
"6754346312,3897936,2023-06-19 12:32:50,2023-06-19 12:49:50,2023-06-19 12:48:50,On Time,1195.92,Wallet,88168,3174,-1.0,0,Large"
"5790622967,81091233,2024-02-27 00:21:45,2024-02-27 00:35:45,2024-02-27 00:34:45,On Time,1816.39,Cash,37995,214,-1.0,0,Large"
"4305348838,63630649,2024-03-03 20:35:10,2024-03-03 20:45:10,2024-03-03 21:10:10,Significantly Delayed,381.39,Cash,11295,8478,25.0,1,Small"
"2902411553,93122847,2023-11-01 02:22:55,2023-11-01 02:39:55,2023-11-01 02:36:55,On Time,2910.37,Cash,73699,3911,-3.0,0,Premium"
"3691199770,30788486,2024-05-13 05:20:17,2024-05-13 05:37:17,2024-05-13 05:40:17,On Time,2896.79,Wallet,72299,6161,3.0,1,Premium"
"775709102,80517784,2023-08-26 02:57:43,2023-08-26 03:14:43,2023-08-26 03:13:43,On Time,3393.44,Cash,73558,277,-1.0,0,Premium"
"5262508570,42781544,2024-07-06 11:07:05,2024-07-06 11:25:05,2024-07-06 11:25:05,On Time,2217.03,Upi,196,8108,0.0,0,Premium"
"192109127,82854537,2024-09-16 08:29:24,2024-09-16 08:39:24,2024-09-16 08:49:24,Slightly Delayed,3949.02,Card,98838,3033,10.0,1,Premium"
"1108215973,2928026,2023-12-17 09:36:04,2023-12-17 09:46:04,2023-12-17 09:52:04,Slightly Delayed,972.69,Upi,3643,4643,6.0,1,Medium"
"1719134546,25665997,2024-07-10 13:12:50,2024-07-10 13:29:50,2024-07-10 13:31:50,On Time,1306.86,Card,3235,1874,2.0,1,Large"
"5280263316,77035814,2024-06-28 12:35:57,2024-06-28 12:47:57,2024-06-28 13:15:57,Significantly Delayed,3531.91,Upi,81900,6846,28.0,1,Premium"
"9448306266,74038361,2024-04-16 04:39:11,2024-04-16 04:59:11,2024-04-16 04:54:11,On Time,3645.04,Cash,70480,6705,-5.0,0,Premium"
"8023626961,68307253,2023-09-26 01:35:06,2023-09-26 01:50:06,2023-09-26 01:59:06,Slightly Delayed,763.12,Card,50594,5522,9.0,1,Medium"
"1118405605,15599514,2023-06-26 11:26:10,2023-06-26 11:37:10,2023-06-26 11:46:10,Slightly Delayed,2831.58,Card,72673,7876,9.0,1,Premium"
"8226034341,26040510,2023-11-25 02:41:53,2023-11-25 02:55:53,2023-11-25 02:58:53,On Time,1480.31,Cash,39659,6521,3.0,1,Large"
"6976835753,29973346,2024-02-22 13:49:28,2024-02-22 14:06:28,2024-02-22 14:03:28,On Time,4262.13,Wallet,67913,4603,-3.0,0,Premium"
"9171564499,24896263,2023-12-03 23:53:09,2023-12-04 00:12:09,2023-12-04 00:20:09,Slightly Delayed,3112.29,Card,39820,6802,8.0,1,Premium"
"5393607402,14272050,2023-12-17 20:04:17,2023-12-17 20:15:17,2023-12-17 20:11:17,On Time,2453.12,Upi,32010,6860,-4.0,0,Premium"
"5670040592,80571942,2024-05-25 05:39:22,2024-05-25 05:59:22,2024-05-25 06:01:22,On Time,3433.31,Upi,57209,7458,2.0,1,Premium"
"6736891890,15661901,2024-10-21 09:29:41,2024-10-21 09:46:41,2024-10-21 09:58:41,Slightly Delayed,879.26,Wallet,72028,1551,12.0,1,Medium"
"1223255075,71321741,2023-08-18 00:01:18,2023-08-18 00:18:18,2023-08-18 00:19:18,On Time,1982.08,Card,4873,4759,1.0,1,Large"
"8158413630,15066187,2024-08-30 16:40:12,2024-08-30 16:59:12,2024-08-30 16:57:12,On Time,3028.59,Card,56303,4712,-2.0,0,Premium"
"7867573412,61226563,2023-09-14 01:54:24,2023-09-14 02:09:24,2023-09-14 02:29:24,Significantly Delayed,3835.33,Card,62986,7904,20.0,1,Premium"
"1624690598,52048413,2024-03-23 03:57:00,2024-03-23 04:10:00,2024-03-23 04:06:00,On Time,1705.95,Upi,41423,4852,-4.0,0,Large"
"8968945932,67386193,2024-09-07 07:00:44,2024-09-07 07:16:44,2024-09-07 07:42:44,Significantly Delayed,1245.7,Wallet,53832,742,26.0,1,Large"
"1645212433,67918495,2024-08-07 04:29:32,2024-08-07 04:41:32,2024-08-07 05:08:32,Significantly Delayed,1736.21,Upi,77571,7086,27.0,1,Large"
"9187046038,75860724,2023-06-13 14:39:57,2023-06-13 14:54:57,2023-06-13 14:58:57,On Time,1211.53,Cash,84082,9783,4.0,1,Large"
"9305357757,76212152,2023-05-12 22:06:22,2023-05-12 22:25:22,2023-05-12 22:22:22,On Time,652.58,Wallet,84853,6424,-3.0,0,Medium"
"8312320295,31076002,2024-06-29 22:21:03,2024-06-29 22:36:03,2024-06-29 22:36:03,On Time,3212.41,Wallet,27452,9123,0.0,0,Premium"
"3256941332,43599910,2023-11-22 08:49:51,2023-11-22 09:00:51,2023-11-22 08:56:51,On Time,2777.76,Wallet,18290,9281,-4.0,0,Premium"
"8980502814,45708879,2024-10-15 19:30:03,2024-10-15 19:47:03,2024-10-15 19:47:03,On Time,1794.68,Card,67937,1222,0.0,0,Large"
"9270396838,63376126,2023-07-06 08:47:05,2023-07-06 08:58:05,2023-07-06 08:57:05,On Time,1592.28,Wallet,46248,4041,-1.0,0,Large"
"2892588628,54797119,2024-04-19 18:35:27,2024-04-19 18:52:27,2024-04-19 18:59:27,Slightly Delayed,302.82,Wallet,59145,7662,7.0,1,Small"
"8774158800,19216141,2023-12-12 08:29:51,2023-12-12 08:42:51,2023-12-12 08:56:51,Slightly Delayed,693.48,Cash,69717,9309,14.0,1,Medium"
"2056131802,16448993,2023-09-02 05:01:17,2023-09-02 05:12:17,2023-09-02 05:32:17,Significantly Delayed,328.51,Card,36835,4025,20.0,1,Small"
"3528007192,52279849,2023-07-11 09:54:59,2023-07-11 10:10:59,2023-07-11 10:12:59,On Time,2411.61,Card,53884,6512,2.0,1,Premium"
"2845333894,4192351,2024-04-28 13:19:13,2024-04-28 13:32:13,2024-04-28 13:43:13,Slightly Delayed,4555.81,Upi,52847,5891,11.0,1,Premium"
"6602340187,38875754,2024-03-11 12:09:24,2024-03-11 12:23:24,2024-03-11 12:44:24,Significantly Delayed,374.68,Card,94455,6074,21.0,1,Small"
"721004875,75913572,2023-10-09 05:03:34,2023-10-09 05:13:34,2023-10-09 05:09:34,On Time,3319.78,Upi,61840,8326,-4.0,0,Premium"
"7435895360,77217240,2024-09-04 00:42:32,2024-09-04 00:53:32,2024-09-04 00:58:32,On Time,983.79,Card,89661,6336,5.0,1,Medium"
"4217659083,31846190,2024-01-18 19:28:33,2024-01-18 19:48:33,2024-01-18 20:01:33,Slightly Delayed,3390.39,Wallet,94726,8940,13.0,1,Premium"
"9710865146,21282544,2023-05-11 05:34:09,2023-05-11 05:49:09,2023-05-11 05:54:09,On Time,4682.76,Upi,9882,9944,5.0,1,Premium"
"5375295409,17843667,2024-10-05 05:59:07,2024-10-05 06:17:07,2024-10-05 06:19:07,On Time,1153.83,Wallet,21882,8351,2.0,1,Large"
"6286044248,38902193,2023-05-05 22:17:54,2023-05-05 22:37:54,2023-05-05 22:34:54,On Time,4369.99,Cash,56074,2602,-3.0,0,Premium"
"1708282193,79895967,2024-01-25 10:03:18,2024-01-25 10:19:18,2024-01-25 10:22:18,On Time,83.18,Upi,34773,331,3.0,1,Small"
"5746303677,20148223,2024-06-08 13:32:21,2024-06-08 13:48:21,2024-06-08 13:47:21,On Time,902.25,Card,24730,7478,-1.0,0,Medium"
"3271726381,44050697,2024-03-15 00:40:28,2024-03-15 00:52:28,2024-03-15 01:11:28,Significantly Delayed,671.55,Card,5783,1567,19.0,1,Medium"
"9802569856,33741801,2024-04-07 09:13:19,2024-04-07 09:25:19,2024-04-07 09:22:19,On Time,2623.91,Wallet,93443,7185,-3.0,0,Premium"
"662460037,98144693,2024-10-11 00:49:10,2024-10-11 01:08:10,2024-10-11 01:19:10,Slightly Delayed,2657.2,Upi,2466,1908,11.0,1,Premium"
"8664447334,25829710,2024-03-08 04:32:20,2024-03-08 04:49:20,2024-03-08 05:18:20,Significantly Delayed,3712.65,Cash,49008,3632,29.0,1,Premium"
"3886370975,96903782,2024-05-08 19:31:11,2024-05-08 19:49:11,2024-05-08 19:53:11,On Time,3039.42,Wallet,38359,6148,4.0,1,Premium"
"3547006553,56572297,2024-05-29 22:09:17,2024-05-29 22:21:17,2024-05-29 22:40:17,Significantly Delayed,5183.38,Card,31328,8506,19.0,1,Premium"
"2575965518,38496400,2024-10-25 23:31:21,2024-10-25 23:41:21,2024-10-25 23:36:21,On Time,1880.57,Wallet,33262,5322,-5.0,0,Large"
"1529363954,13251137,2024-03-27 00:21:11,2024-03-27 00:35:11,2024-03-27 00:38:11,On Time,924.41,Upi,55211,8668,3.0,1,Medium"
"8463856241,87463923,2023-04-10 21:05:09,2023-04-10 21:20:09,2023-04-10 21:27:09,Slightly Delayed,1364.14,Wallet,18824,4495,7.0,1,Large"
"2485242479,25526479,2023-04-11 06:16:55,2023-04-11 06:35:55,2023-04-11 06:34:55,On Time,3732.99,Cash,76138,7194,-1.0,0,Premium"
"9850673433,93826036,2023-05-06 05:42:40,2023-05-06 05:56:40,2023-05-06 06:03:40,Slightly Delayed,5271.36,Upi,19635,3606,7.0,1,Premium"
"2558680592,68475914,2023-05-31 22:19:27,2023-05-31 22:36:27,2023-05-31 22:36:27,On Time,2032.56,Upi,91792,7912,0.0,0,Premium"
"2859167116,40626729,2024-10-15 17:45:27,2024-10-15 17:55:27,2024-10-15 18:10:27,Slightly Delayed,1613.11,Upi,34127,3227,15.0,1,Large"
"1222236371,88517890,2024-08-15 00:01:13,2024-08-15 00:13:13,2024-08-15 00:24:13,Slightly Delayed,2675.63,Card,94531,6823,11.0,1,Premium"
"344177904,44589829,2023-08-18 00:38:42,2023-08-18 00:49:42,2023-08-18 00:58:42,Slightly Delayed,551.88,Cash,86602,7870,9.0,1,Medium"
"6126334783,6150721,2024-07-03 08:33:55,2024-07-03 08:44:55,2024-07-03 08:49:55,On Time,1588.66,Card,33084,9082,5.0,1,Large"
"3742575364,42723554,2023-05-08 17:23:01,2023-05-08 17:43:01,2023-05-08 17:45:01,On Time,4939.0,Wallet,22416,1865,2.0,1,Premium"
"9272166174,53292177,2023-07-27 06:22:38,2023-07-27 06:36:38,2023-07-27 06:38:38,On Time,994.56,Wallet,31701,5220,2.0,1,Medium"
"9416522701,7551173,2024-01-22 03:06:25,2024-01-22 03:22:25,2024-01-22 03:22:25,On Time,3919.44,Wallet,14560,7971,0.0,0,Premium"
"7305871805,96629034,2024-09-11 14:29:55,2024-09-11 14:39:55,2024-09-11 14:38:55,On Time,2028.61,Card,57764,8729,-1.0,0,Premium"
"80296810,21677923,2024-06-05 03:37:45,2024-06-05 03:52:45,2024-06-05 03:51:45,On Time,4283.33,Cash,15362,2319,-1.0,0,Premium"
"2806868282,67952740,2024-09-26 15:13:34,2024-09-26 15:30:34,2024-09-26 15:27:34,On Time,949.73,Card,5821,2193,-3.0,0,Medium"
"707033578,14839726,2024-01-30 00:32:25,2024-01-30 00:48:25,2024-01-30 00:49:25,On Time,951.43,Upi,33360,2909,1.0,1,Medium"
"9026783092,60385293,2023-10-09 16:29:24,2023-10-09 16:44:24,2023-10-09 16:59:24,Slightly Delayed,3080.01,Wallet,51457,1244,15.0,1,Premium"
"6229466619,81533356,2023-06-05 07:14:36,2023-06-05 07:30:36,2023-06-05 07:38:36,Slightly Delayed,2708.73,Wallet,63864,2520,8.0,1,Premium"
"408720270,37245065,2024-06-26 22:03:35,2024-06-26 22:22:35,2024-06-26 22:38:35,Significantly Delayed,2501.14,Cash,2311,4190,16.0,1,Premium"
"8870165072,80517784,2023-11-03 10:06:42,2023-11-03 10:20:42,2023-11-03 10:25:42,On Time,1871.85,Card,53009,5156,5.0,1,Large"
"1979319490,5238055,2024-01-14 01:21:07,2024-01-14 01:37:07,2024-01-14 01:41:07,On Time,3631.19,Wallet,28727,4826,4.0,1,Premium"
"840761323,83262890,2024-03-09 06:15:43,2024-03-09 06:30:43,2024-03-09 06:34:43,On Time,3550.8,Upi,88697,7068,4.0,1,Premium"
"744721438,67092149,2024-02-25 12:46:11,2024-02-25 13:03:11,2024-02-25 13:15:11,Slightly Delayed,486.28,Card,47635,9708,12.0,1,Small"
"7421707488,80315623,2023-11-03 22:42:39,2023-11-03 23:02:39,2023-11-03 22:58:39,On Time,1065.22,Upi,29051,76,-4.0,0,Large"
"1212718824,73393269,2024-01-01 09:56:45,2024-01-01 10:13:45,2024-01-01 10:08:45,On Time,1648.44,Cash,72361,48,-5.0,0,Large"
"9603256001,8791577,2023-05-08 15:47:46,2023-05-08 16:06:46,2023-05-08 16:18:46,Slightly Delayed,1064.76,Card,5981,1573,12.0,1,Large"
"5626888972,24323106,2024-04-13 17:15:30,2024-04-13 17:26:30,2024-04-13 17:29:30,On Time,866.92,Card,53381,1849,3.0,1,Medium"
"2300753276,92306841,2023-12-07 04:19:20,2023-12-07 04:30:20,2023-12-07 04:39:20,Slightly Delayed,1745.73,Cash,88145,2387,9.0,1,Large"
"869629562,31831843,2023-05-05 21:23:44,2023-05-05 21:38:44,2023-05-05 21:35:44,On Time,562.7,Wallet,80715,9816,-3.0,0,Medium"
"3429137520,51048402,2024-03-16 19:24:52,2024-03-16 19:42:52,2024-03-16 19:39:52,On Time,2804.37,Upi,82673,9389,-3.0,0,Premium"
"9957927297,35349582,2023-06-07 05:18:44,2023-06-07 05:30:44,2023-06-07 05:32:44,On Time,347.91,Cash,17981,6312,2.0,1,Small"
"202466684,74840437,2023-08-08 06:00:23,2023-08-08 06:16:23,2023-08-08 06:11:23,On Time,2939.42,Wallet,51649,7242,-5.0,0,Premium"
"8465721207,30192942,2024-06-21 09:02:00,2024-06-21 09:15:00,2024-06-21 09:10:00,On Time,4707.96,Cash,56612,7760,-5.0,0,Premium"
"6194827199,41494867,2023-12-20 18:58:47,2023-12-20 19:11:47,2023-12-20 19:07:47,On Time,2702.57,Cash,674,3021,-4.0,0,Premium"
"3942174431,84257716,2024-02-17 04:52:33,2024-02-17 05:12:33,2024-02-17 05:22:33,Slightly Delayed,758.75,Card,9886,3050,10.0,1,Medium"
"3189863462,6756256,2024-06-17 13:27:48,2024-06-17 13:44:48,2024-06-17 13:41:48,On Time,1472.61,Cash,54721,7123,-3.0,0,Large"
"5923573134,22800586,2024-02-17 20:02:29,2024-02-17 20:16:29,2024-02-17 20:21:29,On Time,877.98,Wallet,74712,5990,5.0,1,Medium"
"6659747528,43034188,2024-09-28 18:29:40,2024-09-28 18:45:40,2024-09-28 18:45:40,On Time,1028.61,Wallet,93772,3087,0.0,0,Large"
"6037541687,86067293,2023-12-10 22:25:05,2023-12-10 22:43:05,2023-12-10 22:45:05,On Time,681.91,Wallet,39815,7649,2.0,1,Medium"
"2585438297,50632192,2023-08-20 12:58:45,2023-08-20 13:11:45,2023-08-20 13:16:45,On Time,743.73,Card,93144,2754,5.0,1,Medium"
"8065774615,35705377,2023-12-12 10:53:21,2023-12-12 11:10:21,2023-12-12 11:35:21,Significantly Delayed,1757.08,Wallet,66569,3477,25.0,1,Large"
"1816814476,85198177,2024-11-04 13:50:21,2024-11-04 14:02:21,2024-11-04 14:05:21,On Time,4981.16,Cash,42751,6687,3.0,1,Premium"
"5278014717,31776996,2024-04-15 03:39:28,2024-04-15 03:59:28,2024-04-15 04:04:28,On Time,4687.37,Cash,87933,9403,5.0,1,Premium"
"4265447949,6150721,2024-08-16 02:20:34,2024-08-16 02:36:34,2024-08-16 03:01:34,Significantly Delayed,1763.44,Card,34338,6377,25.0,1,Large"
"6752221435,64197854,2024-02-10 15:58:18,2024-02-10 16:10:18,2024-02-10 16:14:18,On Time,4214.63,Upi,71642,85,4.0,1,Premium"
"8943989258,36675827,2023-12-10 10:59:33,2023-12-10 11:17:33,2023-12-10 11:20:33,On Time,1983.74,Wallet,43725,22,3.0,1,Large"
"4068367936,78678612,2024-09-21 01:54:08,2024-09-21 02:09:08,2024-09-21 02:08:08,On Time,4432.19,Wallet,95706,990,-1.0,0,Premium"
"5735156904,78841932,2023-04-01 16:22:21,2023-04-01 16:40:21,2023-04-01 16:53:21,Slightly Delayed,3724.91,Card,89407,9020,13.0,1,Premium"
"2405929115,14940427,2024-09-09 08:59:24,2024-09-09 09:19:24,2024-09-09 09:42:24,Significantly Delayed,212.61,Card,83049,6354,23.0,1,Small"
"7913167260,98307019,2023-04-19 00:52:00,2023-04-19 01:10:00,2023-04-19 01:39:00,Significantly Delayed,4575.56,Card,69504,850,29.0,1,Premium"
"1989751369,7333934,2023-05-18 22:59:49,2023-05-18 23:10:49,2023-05-18 23:22:49,Slightly Delayed,274.25,Card,1261,4155,12.0,1,Small"
"7338050095,3292927,2024-10-15 03:02:28,2024-10-15 03:19:28,2024-10-15 03:17:28,On Time,2181.43,Upi,68204,4923,-2.0,0,Premium"
"9950986048,69863493,2023-09-09 08:37:21,2023-09-09 08:50:21,2023-09-09 08:53:21,On Time,4860.59,Upi,46130,6518,3.0,1,Premium"
"5098703807,13760839,2024-06-10 02:03:34,2024-06-10 02:13:34,2024-06-10 02:11:34,On Time,3772.64,Card,46866,9137,-2.0,0,Premium"
"6937485392,30285217,2023-05-23 22:47:56,2023-05-23 22:57:56,2023-05-23 23:05:56,Slightly Delayed,1509.64,Card,42361,8561,8.0,1,Large"
"1266440097,88739922,2024-01-01 03:28:25,2024-01-01 03:47:25,2024-01-01 03:42:25,On Time,2345.34,Cash,43520,5630,-5.0,0,Premium"
"7415490509,61015113,2023-07-08 14:04:31,2023-07-08 14:15:31,2023-07-08 14:14:31,On Time,1429.18,Upi,48639,6098,-1.0,0,Large"
"7284991749,65559853,2023-12-10 09:28:57,2023-12-10 09:47:57,2023-12-10 09:46:57,On Time,2817.03,Card,4135,8405,-1.0,0,Premium"
"4645792703,24043135,2023-12-04 23:04:48,2023-12-04 23:23:48,2023-12-04 23:18:48,On Time,2627.96,Upi,36301,5858,-5.0,0,Premium"
"3174938939,95736310,2023-03-27 06:15:38,2023-03-27 06:25:38,2023-03-27 06:25:38,On Time,3597.75,Wallet,50364,641,0.0,0,Premium"
"1752712049,56195475,2024-08-31 16:03:49,2024-08-31 16:13:49,2024-08-31 16:25:49,Slightly Delayed,2015.68,Cash,67307,5572,12.0,1,Premium"
"8187201830,82529927,2024-04-30 04:27:38,2024-04-30 04:43:38,2024-04-30 04:39:38,On Time,1843.61,Upi,55955,210,-4.0,0,Large"
"6900896329,65903057,2024-02-01 02:23:06,2024-02-01 02:39:06,2024-02-01 02:41:06,On Time,4864.14,Cash,97185,1027,2.0,1,Premium"
"3793977529,21425168,2023-09-02 19:12:26,2023-09-02 19:22:26,2023-09-02 19:22:26,On Time,2835.92,Upi,52853,4439,0.0,0,Premium"
"194459698,88553721,2023-06-15 15:44:24,2023-06-15 15:59:24,2023-06-15 15:58:24,On Time,2203.94,Card,66295,723,-1.0,0,Premium"
"9330447952,37362180,2024-03-30 18:24:14,2024-03-30 18:40:14,2024-03-30 18:45:14,On Time,3410.21,Upi,8867,8967,5.0,1,Premium"
"2097372277,14693393,2024-01-25 04:46:48,2024-01-25 05:00:48,2024-01-25 04:56:48,On Time,3122.85,Card,42338,1450,-4.0,0,Premium"
"7060954153,91130614,2023-11-01 20:55:47,2023-11-01 21:12:47,2023-11-01 21:07:47,On Time,2354.95,Cash,21872,8698,-5.0,0,Premium"
"2921310646,40117357,2024-07-08 14:27:33,2024-07-08 14:42:33,2024-07-08 14:42:33,On Time,2915.52,Wallet,45581,4444,0.0,0,Premium"
"3983082555,51670882,2023-06-05 05:54:09,2023-06-05 06:14:09,2023-06-05 06:36:09,Significantly Delayed,530.85,Card,75005,560,22.0,1,Medium"
"4867298468,13492411,2024-04-23 09:33:05,2024-04-23 09:51:05,2024-04-23 09:55:05,On Time,2508.01,Card,88574,9158,4.0,1,Premium"
"3402631472,52032226,2024-05-03 21:25:40,2024-05-03 21:43:40,2024-05-03 21:43:40,On Time,2871.88,Card,82219,7402,0.0,0,Premium"
"1648146562,95364457,2023-05-14 23:08:30,2023-05-14 23:26:30,2023-05-14 23:23:30,On Time,2953.31,Cash,49114,5416,-3.0,0,Premium"
"5907766010,12272282,2024-10-07 14:03:49,2024-10-07 14:22:49,2024-10-07 14:33:49,Slightly Delayed,3937.4,Wallet,85975,8107,11.0,1,Premium"
"9233577456,96853930,2023-12-30 04:00:41,2023-12-30 04:14:41,2023-12-30 04:13:41,On Time,2309.81,Card,29353,9625,-1.0,0,Premium"
"4084808075,65815155,2024-10-11 17:45:30,2024-10-11 17:56:30,2024-10-11 17:54:30,On Time,2698.15,Card,65980,2397,-2.0,0,Premium"
"7217049550,24137201,2024-07-11 09:32:17,2024-07-11 09:45:17,2024-07-11 10:09:17,Significantly Delayed,1886.59,Upi,56744,1839,24.0,1,Large"
"1831943568,69863493,2024-05-23 17:20:24,2024-05-23 17:34:24,2024-05-23 17:39:24,On Time,3575.33,Cash,31014,7127,5.0,1,Premium"
"8707473624,22524981,2023-12-20 08:27:35,2023-12-20 08:46:35,2023-12-20 08:43:35,On Time,1333.69,Cash,54941,4264,-3.0,0,Large"
"7075868285,5226128,2024-03-01 06:04:05,2024-03-01 06:16:05,2024-03-01 06:20:05,On Time,1704.88,Wallet,69398,7272,4.0,1,Large"
"5164162918,96903782,2023-11-18 14:59:10,2023-11-18 15:16:10,2023-11-18 15:15:10,On Time,1869.56,Wallet,69542,3808,-1.0,0,Large"
"2175298644,72132838,2024-05-11 05:13:19,2024-05-11 05:30:19,2024-05-11 05:28:19,On Time,1857.59,Wallet,37111,297,-2.0,0,Large"
"5882568464,49258916,2023-04-13 08:26:05,2023-04-13 08:39:05,2023-04-13 08:37:05,On Time,1706.73,Cash,93909,7978,-2.0,0,Large"
"7847708619,35402531,2023-10-23 00:57:21,2023-10-23 01:17:21,2023-10-23 01:18:21,On Time,3606.96,Cash,9898,2148,1.0,1,Premium"
"6366048116,78732957,2024-08-05 08:56:18,2024-08-05 09:08:18,2024-08-05 09:06:18,On Time,1072.64,Cash,82257,2890,-2.0,0,Large"
"4926287333,31233120,2023-08-08 02:39:21,2023-08-08 02:59:21,2023-08-08 03:00:21,On Time,2890.49,Cash,94821,9042,1.0,1,Premium"
"5532838325,6982488,2024-07-24 23:26:26,2024-07-24 23:40:26,2024-07-24 23:37:26,On Time,1133.25,Cash,57010,9152,-3.0,0,Large"
"2567996236,81584486,2023-10-31 08:04:08,2023-10-31 08:21:08,2023-10-31 08:20:08,On Time,2831.03,Cash,61790,1737,-1.0,0,Premium"
"2655613624,46623192,2024-06-26 13:15:57,2024-06-26 13:33:57,2024-06-26 14:02:57,Significantly Delayed,2384.64,Upi,94896,3805,29.0,1,Premium"
"7706089549,44562310,2023-10-08 04:09:20,2023-10-08 04:24:20,2023-10-08 04:24:20,On Time,2062.54,Cash,35200,7600,0.0,0,Premium"
"8257370396,25221501,2023-12-24 08:13:46,2023-12-24 08:26:46,2023-12-24 08:42:46,Significantly Delayed,160.07,Card,11969,549,16.0,1,Small"
"8623808984,37551429,2024-04-13 05:34:58,2024-04-13 05:49:58,2024-04-13 05:55:58,Slightly Delayed,1911.03,Card,79827,1590,6.0,1,Large"
"7579506101,72366758,2023-04-06 01:16:48,2023-04-06 01:28:48,2023-04-06 01:25:48,On Time,978.84,Upi,80056,5076,-3.0,0,Medium"
"8861024199,29902416,2023-11-29 05:51:08,2023-11-29 06:03:08,2023-11-29 05:59:08,On Time,1015.26,Cash,53729,2116,-4.0,0,Large"
"7666131311,84456355,2023-05-01 15:46:52,2023-05-01 15:57:52,2023-05-01 16:02:52,On Time,3643.76,Upi,35447,7703,5.0,1,Premium"
"103589925,65406127,2024-05-17 23:30:05,2024-05-17 23:42:05,2024-05-17 23:52:05,Slightly Delayed,3805.99,Upi,83678,8251,10.0,1,Premium"
"7346858138,16785724,2023-11-22 16:43:38,2023-11-22 16:58:38,2023-11-22 16:55:38,On Time,1530.63,Upi,83804,721,-3.0,0,Large"
"4963962664,80935110,2023-09-28 11:44:23,2023-09-28 12:02:23,2023-09-28 11:58:23,On Time,4132.1,Cash,10652,607,-4.0,0,Premium"
"9069936094,90696847,2024-06-23 12:54:13,2024-06-23 13:08:13,2024-06-23 13:31:13,Significantly Delayed,2841.51,Cash,80189,4324,23.0,1,Premium"
"4665363191,73660582,2024-10-13 19:46:11,2024-10-13 20:05:11,2024-10-13 20:11:11,Slightly Delayed,2035.62,Wallet,15760,1059,6.0,1,Premium"
"888510905,27824078,2024-06-27 18:06:56,2024-06-27 18:18:56,2024-06-27 18:30:56,Slightly Delayed,1305.23,Cash,21909,9927,12.0,1,Large"
"6876091286,49136375,2024-10-05 00:23:02,2024-10-05 00:38:02,2024-10-05 00:36:02,On Time,3152.71,Upi,77863,5642,-2.0,0,Premium"
"2592923105,78806824,2023-04-23 00:02:24,2023-04-23 00:14:24,2023-04-23 00:37:24,Significantly Delayed,5123.14,Card,23178,9026,23.0,1,Premium"
"2468550508,59620534,2024-08-21 13:50:50,2024-08-21 14:03:50,2024-08-21 14:06:50,On Time,3712.25,Upi,24846,6945,3.0,1,Premium"
"5302956276,97111069,2024-01-22 22:37:17,2024-01-22 22:52:17,2024-01-22 22:52:17,On Time,1495.19,Upi,6274,1628,0.0,0,Large"
"9409714182,59110513,2023-05-25 05:14:31,2023-05-25 05:29:31,2023-05-25 05:41:31,Slightly Delayed,2856.32,Card,4084,5236,12.0,1,Premium"
"1446221570,59216664,2024-09-26 09:57:18,2024-09-26 10:13:18,2024-09-26 10:12:18,On Time,1905.44,Wallet,213,4433,-1.0,0,Large"
"8250036360,88203688,2024-06-21 14:01:28,2024-06-21 14:20:28,2024-06-21 14:21:28,On Time,1940.19,Wallet,65016,3376,1.0,1,Large"
"447464341,89669139,2024-03-03 12:48:39,2024-03-03 13:06:39,2024-03-03 13:13:39,Slightly Delayed,3113.07,Wallet,85334,7454,7.0,1,Premium"
"15642223,85020453,2023-11-06 21:10:23,2023-11-06 21:24:23,2023-11-06 21:27:23,On Time,1712.74,Cash,43306,864,3.0,1,Large"
"3285378238,66943324,2024-08-15 05:21:32,2024-08-15 05:41:32,2024-08-15 05:56:32,Slightly Delayed,2599.64,Wallet,8991,3670,15.0,1,Premium"
"2356483296,49529811,2023-07-25 17:06:01,2023-07-25 17:24:01,2023-07-25 17:32:01,Slightly Delayed,2030.68,Upi,38401,7717,8.0,1,Premium"
"3382911339,23380116,2023-12-12 14:35:18,2023-12-12 14:53:18,2023-12-12 14:52:18,On Time,1666.57,Card,84662,1254,-1.0,0,Large"
"3690872026,1152215,2023-07-09 08:07:37,2023-07-09 08:21:37,2023-07-09 08:26:37,On Time,1203.31,Cash,56377,3233,5.0,1,Large"
"6755367585,54057428,2024-09-03 18:44:34,2024-09-03 19:00:34,2024-09-03 18:57:34,On Time,2115.53,Upi,56444,7067,-3.0,0,Premium"
"6835850079,68965787,2023-08-13 22:56:33,2023-08-13 23:06:33,2023-08-13 23:09:33,On Time,934.75,Upi,92568,7041,3.0,1,Medium"
"9345418784,58644651,2024-02-22 10:03:24,2024-02-22 10:23:24,2024-02-22 10:27:24,On Time,2469.41,Cash,24395,5549,4.0,1,Premium"
"7185243614,51994597,2024-01-10 19:01:39,2024-01-10 19:20:39,2024-01-10 19:22:39,On Time,1223.58,Upi,27663,8505,2.0,1,Large"
"2319044818,82425179,2024-04-06 20:31:22,2024-04-06 20:45:22,2024-04-06 20:41:22,On Time,2861.37,Wallet,66486,9694,-4.0,0,Premium"
"931834374,17392512,2024-09-30 12:51:20,2024-09-30 13:11:20,2024-09-30 13:11:20,On Time,361.89,Wallet,48992,7589,0.0,0,Small"
"8485398781,40593638,2024-04-20 19:01:45,2024-04-20 19:17:45,2024-04-20 19:17:45,On Time,2156.87,Wallet,70167,405,0.0,0,Premium"
"9806464912,31981068,2024-08-21 12:00:48,2024-08-21 12:19:48,2024-08-21 12:33:48,Slightly Delayed,2405.76,Card,89278,5507,14.0,1,Premium"
"8214365128,42012717,2024-07-10 18:08:38,2024-07-10 18:18:38,2024-07-10 18:14:38,On Time,3595.22,Wallet,68269,1827,-4.0,0,Premium"
"137089318,6637282,2024-05-23 15:38:38,2024-05-23 15:53:38,2024-05-23 15:48:38,On Time,2254.26,Wallet,32581,4547,-5.0,0,Premium"
"7615602420,63402854,2024-05-30 09:20:58,2024-05-30 09:32:58,2024-05-30 09:37:58,On Time,922.64,Cash,91821,6203,5.0,1,Medium"
"3995348964,44828791,2024-06-03 16:20:56,2024-06-03 16:34:56,2024-06-03 16:38:56,On Time,1613.86,Cash,62259,9450,4.0,1,Large"
"3816542830,81822935,2023-08-18 14:48:14,2023-08-18 15:04:14,2023-08-18 15:00:14,On Time,3294.67,Upi,38895,3724,-4.0,0,Premium"
"9665004924,90184276,2023-07-29 15:32:25,2023-07-29 15:48:25,2023-07-29 15:47:25,On Time,3564.53,Wallet,98396,6205,-1.0,0,Premium"
"1728547597,98444183,2024-06-09 07:47:29,2024-06-09 08:04:29,2024-06-09 08:23:29,Significantly Delayed,236.51,Card,80933,7174,19.0,1,Small"
"5311190131,19482392,2024-03-04 00:42:19,2024-03-04 01:01:19,2024-03-04 01:02:19,On Time,1276.25,Card,30345,1153,1.0,1,Large"
"9581592141,64562786,2024-01-22 23:20:37,2024-01-22 23:30:37,2024-01-22 23:30:37,On Time,4117.69,Upi,70962,2407,0.0,0,Premium"
"4848863693,63217390,2024-09-12 04:43:20,2024-09-12 04:54:20,2024-09-12 04:51:20,On Time,1634.92,Upi,56307,5132,-3.0,0,Large"
"6374883107,23126657,2023-08-19 08:10:07,2023-08-19 08:20:07,2023-08-19 08:41:07,Significantly Delayed,3039.25,Upi,32067,2497,21.0,1,Premium"
"3270131216,56604077,2024-02-10 15:02:10,2024-02-10 15:14:10,2024-02-10 15:28:10,Slightly Delayed,1403.1,Upi,44043,998,14.0,1,Large"
"2643382562,54338574,2023-07-24 22:30:03,2023-07-24 22:48:03,2023-07-24 22:48:03,On Time,354.91,Upi,74374,6033,0.0,0,Small"
"5212524996,45071436,2023-12-10 22:06:30,2023-12-10 22:25:30,2023-12-10 22:26:30,On Time,2573.93,Cash,13215,4142,1.0,1,Premium"
"9594095277,27604184,2024-03-10 04:41:08,2024-03-10 04:56:08,2024-03-10 04:54:08,On Time,3015.93,Card,61215,8280,-2.0,0,Premium"
"8375863419,76971644,2024-08-26 12:11:17,2024-08-26 12:29:17,2024-08-26 12:44:17,Slightly Delayed,4914.12,Card,89921,9410,15.0,1,Premium"
"7523880783,21481338,2024-10-13 13:46:50,2024-10-13 14:06:50,2024-10-13 14:01:50,On Time,4262.19,Wallet,23850,4957,-5.0,0,Premium"
"9670158103,63262519,2024-03-11 12:51:36,2024-03-11 13:08:36,2024-03-11 13:10:36,On Time,2159.25,Upi,18477,2714,2.0,1,Premium"
"4344108631,45804389,2023-03-29 11:14:06,2023-03-29 11:27:06,2023-03-29 11:37:06,Slightly Delayed,4399.58,Cash,39923,5074,10.0,1,Premium"
"2237858,48281892,2023-04-02 03:45:11,2023-04-02 04:00:11,2023-04-02 04:03:11,On Time,3835.26,Wallet,97945,1987,3.0,1,Premium"
"3217791988,92642745,2023-08-10 13:48:13,2023-08-10 14:06:13,2023-08-10 14:04:13,On Time,5996.96,Wallet,30480,2073,-2.0,0,Premium"
"3355718103,91196901,2023-09-10 22:35:21,2023-09-10 22:54:21,2023-09-10 22:51:21,On Time,632.35,Card,84679,5757,-3.0,0,Medium"
"9590518103,62323608,2024-03-01 19:18:57,2024-03-01 19:32:57,2024-03-01 19:33:57,On Time,40.7,Upi,39579,6056,1.0,1,Small"
"6610120274,89910157,2024-07-19 01:16:09,2024-07-19 01:30:09,2024-07-19 01:31:09,On Time,3395.39,Upi,83714,4574,1.0,1,Premium"
"1180899898,16420489,2023-04-17 02:53:44,2023-04-17 03:12:44,2023-04-17 03:15:44,On Time,3034.51,Wallet,24863,4638,3.0,1,Premium"
"8758992688,11616535,2024-06-22 16:53:41,2024-06-22 17:12:41,2024-06-22 17:37:41,Significantly Delayed,405.71,Wallet,722,1537,25.0,1,Small"
"6965716176,12851610,2023-04-13 02:15:14,2023-04-13 02:32:14,2023-04-13 02:34:14,On Time,4625.58,Card,48850,4557,2.0,1,Premium"
"5527742274,57956497,2023-12-16 05:20:27,2023-12-16 05:32:27,2023-12-16 05:27:27,On Time,2424.06,Card,98520,8667,-5.0,0,Premium"
"826610039,29431960,2023-08-17 13:52:16,2023-08-17 14:04:16,2023-08-17 14:03:16,On Time,169.88,Upi,72915,5752,-1.0,0,Small"
"3303891913,84361534,2024-01-15 21:29:58,2024-01-15 21:43:58,2024-01-15 21:48:58,On Time,2044.44,Card,49372,5496,5.0,1,Premium"
"2489292878,59240916,2023-10-01 08:51:12,2023-10-01 09:02:12,2023-10-01 08:57:12,On Time,3382.35,Card,88759,4977,-5.0,0,Premium"
"8589851630,5386246,2024-05-28 14:12:08,2024-05-28 14:22:08,2024-05-28 14:24:08,On Time,3160.29,Card,4917,7237,2.0,1,Premium"
"4598897781,77625089,2023-07-12 20:42:25,2023-07-12 20:54:25,2023-07-12 21:04:25,Slightly Delayed,3442.8,Upi,7752,1410,10.0,1,Premium"
"6932356214,58942207,2023-04-04 05:34:45,2023-04-04 05:52:45,2023-04-04 06:06:45,Slightly Delayed,4091.52,Wallet,27028,1053,14.0,1,Premium"
"3499004322,70363568,2023-05-04 18:04:47,2023-05-04 18:23:47,2023-05-04 18:22:47,On Time,2288.53,Wallet,21541,7809,-1.0,0,Premium"
"7517620171,25128143,2023-04-16 18:10:53,2023-04-16 18:26:53,2023-04-16 18:21:53,On Time,1996.94,Cash,48840,1920,-5.0,0,Large"
"172987148,71607166,2024-11-03 16:39:53,2024-11-03 16:56:53,2024-11-03 17:21:53,Significantly Delayed,2924.71,Cash,66833,4430,25.0,1,Premium"
"8347207794,34853377,2024-08-17 22:01:06,2024-08-17 22:18:06,2024-08-17 22:21:06,On Time,2701.36,Card,88105,2484,3.0,1,Premium"
"9472355181,81462774,2024-01-23 06:37:09,2024-01-23 06:52:09,2024-01-23 06:55:09,On Time,972.69,Upi,69066,1310,3.0,1,Medium"
"1315064289,74735607,2024-07-27 03:05:12,2024-07-27 03:16:12,2024-07-27 03:39:12,Significantly Delayed,2357.23,Upi,62602,1009,23.0,1,Premium"
"9371869941,53076417,2023-10-11 23:57:41,2023-10-12 00:13:41,2023-10-12 00:13:41,On Time,1599.11,Card,6805,9,0.0,0,Large"
"5184568404,93507573,2024-03-27 12:45:24,2024-03-27 13:05:24,2024-03-27 13:01:24,On Time,872.08,Cash,17462,8839,-4.0,0,Medium"
"5891002534,41494517,2023-09-29 15:59:08,2023-09-29 16:16:08,2023-09-29 16:26:08,Slightly Delayed,475.04,Card,79352,9109,10.0,1,Small"
"1479730711,90647204,2024-09-02 09:49:44,2024-09-02 10:08:44,2024-09-02 10:29:44,Significantly Delayed,589.61,Wallet,36251,3312,21.0,1,Medium"
"7651037338,31576845,2023-11-21 18:34:51,2023-11-21 18:52:51,2023-11-21 18:52:51,On Time,242.57,Cash,62537,125,0.0,0,Small"
"8763754537,97873848,2024-10-07 05:34:23,2024-10-07 05:47:23,2024-10-07 05:44:23,On Time,1696.36,Upi,16963,9072,-3.0,0,Large"
"7683813608,99707100,2023-06-06 21:29:26,2023-06-06 21:44:26,2023-06-06 21:47:26,On Time,2544.29,Card,86476,4714,3.0,1,Premium"
"6722955128,8351747,2023-03-19 21:52:23,2023-03-19 22:05:23,2023-03-19 22:01:23,On Time,1028.49,Wallet,18697,2801,-4.0,0,Large"
"8259274680,60379302,2023-04-11 06:25:28,2023-04-11 06:45:28,2023-04-11 06:43:28,On Time,3427.94,Cash,17260,1097,-2.0,0,Premium"
"4620484274,58111297,2024-09-10 15:50:36,2024-09-10 16:05:36,2024-09-10 16:18:36,Slightly Delayed,3550.23,Card,25174,8879,13.0,1,Premium"
"8260569466,59323931,2023-12-15 04:01:23,2023-12-15 04:16:23,2023-12-15 04:12:23,On Time,698.04,Card,74085,8742,-4.0,0,Medium"
"8498916204,47625855,2024-03-22 19:29:28,2024-03-22 19:44:28,2024-03-22 19:44:28,On Time,422.87,Card,89588,3248,0.0,0,Small"
"3209538967,41874489,2024-05-07 09:15:34,2024-05-07 09:35:34,2024-05-07 09:39:34,On Time,2519.28,Cash,78212,192,4.0,1,Premium"
"2570640420,10418604,2023-04-28 10:31:24,2023-04-28 10:44:24,2023-04-28 10:48:24,On Time,3782.04,Cash,99899,9369,4.0,1,Premium"
"2066843639,69516494,2024-05-25 00:12:13,2024-05-25 00:32:13,2024-05-25 00:27:13,On Time,941.19,Upi,37046,9267,-5.0,0,Medium"
"7402125753,12500465,2023-11-01 18:12:28,2023-11-01 18:26:28,2023-11-01 18:36:28,Slightly Delayed,3147.43,Cash,26429,4210,10.0,1,Premium"
"9171089443,46185579,2024-09-10 20:04:14,2024-09-10 20:21:14,2024-09-10 20:21:14,On Time,2747.64,Cash,27400,2275,0.0,0,Premium"
"3272079644,51592174,2023-06-06 14:31:34,2023-06-06 14:43:34,2023-06-06 14:46:34,On Time,22.14,Card,98992,4584,3.0,1,Small"
"438111050,74174956,2024-05-03 23:36:13,2024-05-03 23:56:13,2024-05-03 23:54:13,On Time,2129.22,Card,24502,7723,-2.0,0,Premium"
"7416160835,29324437,2023-04-30 11:05:04,2023-04-30 11:20:04,2023-04-30 11:17:04,On Time,2651.44,Upi,11914,6480,-3.0,0,Premium"
"4075074492,12778027,2023-12-13 11:06:33,2023-12-13 11:18:33,2023-12-13 11:41:33,Significantly Delayed,5146.2,Upi,29293,3071,23.0,1,Premium"
"5536024334,15661674,2023-04-30 16:32:38,2023-04-30 16:44:38,2023-04-30 16:40:38,On Time,1149.2,Card,20631,9073,-4.0,0,Large"
"2013140214,39674723,2024-05-14 16:20:19,2024-05-14 16:30:19,2024-05-14 16:35:19,On Time,2400.93,Card,10693,1539,5.0,1,Premium"
"1113582397,53292177,2023-12-17 14:29:17,2023-12-17 14:40:17,2023-12-17 14:42:17,On Time,3248.52,Card,38869,7163,2.0,1,Premium"
"1083928258,14705462,2023-12-21 19:36:22,2023-12-21 19:54:22,2023-12-21 19:58:22,On Time,2833.25,Card,78940,768,4.0,1,Premium"
"4906957374,30029998,2023-09-16 19:50:47,2023-09-16 20:06:47,2023-09-16 20:03:47,On Time,3973.9,Card,2235,6872,-3.0,0,Premium"
"1876614122,97678578,2023-08-23 23:22:54,2023-08-23 23:38:54,2023-08-23 23:35:54,On Time,4304.71,Cash,4985,595,-3.0,0,Premium"
"6556180328,10562528,2024-06-03 20:39:59,2024-06-03 20:57:59,2024-06-03 20:56:59,On Time,712.12,Upi,83805,5137,-1.0,0,Medium"
"7960553477,4356173,2024-02-24 05:24:38,2024-02-24 05:40:38,2024-02-24 05:35:38,On Time,169.88,Upi,75158,7328,-5.0,0,Small"
"6335972517,18256339,2023-07-08 19:55:51,2023-07-08 20:14:51,2023-07-08 20:26:51,Slightly Delayed,1968.49,Upi,51928,7147,12.0,1,Large"
"6254948159,42615134,2023-10-16 07:14:34,2023-10-16 07:34:34,2023-10-16 07:34:34,On Time,3371.28,Card,72597,6278,0.0,0,Premium"
"7527936057,63971358,2023-12-10 14:03:53,2023-12-10 14:18:53,2023-12-10 14:20:53,On Time,2750.94,Cash,67699,8096,2.0,1,Premium"
"6257851675,65488134,2024-04-23 22:08:04,2024-04-23 22:26:04,2024-04-23 22:48:04,Significantly Delayed,1052.94,Upi,91732,9276,22.0,1,Large"
"6832610950,77811864,2023-09-01 09:13:43,2023-09-01 09:33:43,2023-09-01 09:57:43,Significantly Delayed,1628.19,Upi,37323,7794,24.0,1,Large"
"5085005195,2684440,2024-03-05 19:55:27,2024-03-05 20:13:27,2024-03-05 20:17:27,On Time,4030.23,Cash,92179,9543,4.0,1,Premium"
"2177207547,92245432,2024-02-09 04:43:35,2024-02-09 05:01:35,2024-02-09 04:59:35,On Time,3576.89,Wallet,63474,1529,-2.0,0,Premium"
"3043364543,21597477,2023-07-25 10:41:58,2023-07-25 10:58:58,2023-07-25 11:00:58,On Time,1136.9,Upi,64723,8672,2.0,1,Large"
"2823404098,81377917,2024-03-03 03:19:55,2024-03-03 03:33:55,2024-03-03 03:31:55,On Time,2699.14,Wallet,52689,1184,-2.0,0,Premium"
"646676955,93018527,2023-11-09 00:38:42,2023-11-09 00:55:42,2023-11-09 00:51:42,On Time,109.03,Cash,90187,5859,-4.0,0,Small"
"5756607486,27709218,2023-10-22 05:36:13,2023-10-22 05:53:13,2023-10-22 05:51:13,On Time,1910.09,Card,19872,648,-2.0,0,Large"
"9373691795,87463923,2024-03-23 21:15:54,2024-03-23 21:31:54,2024-03-23 21:35:54,On Time,2386.93,Cash,89555,5199,4.0,1,Premium"
"2611601543,61753272,2023-07-23 00:37:11,2023-07-23 00:49:11,2023-07-23 00:59:11,Slightly Delayed,1804.99,Wallet,21230,5439,10.0,1,Large"
"1491360686,90649019,2023-03-21 15:49:01,2023-03-21 16:00:01,2023-03-21 16:11:01,Slightly Delayed,822.74,Upi,45751,7070,11.0,1,Medium"
"1824533423,2233446,2023-05-21 12:55:19,2023-05-21 13:13:19,2023-05-21 13:16:19,On Time,2890.53,Wallet,37442,7389,3.0,1,Premium"
"2913841018,46675763,2023-11-26 03:57:27,2023-11-26 04:08:27,2023-11-26 04:08:27,On Time,727.95,Card,45079,6719,0.0,0,Medium"
"3141803761,34787383,2023-10-09 15:22:40,2023-10-09 15:35:40,2023-10-09 15:54:40,Significantly Delayed,787.4,Upi,54528,2448,19.0,1,Medium"
"6184484468,40275138,2024-10-14 03:35:47,2024-10-14 03:45:47,2024-10-14 03:46:47,On Time,211.22,Cash,97219,2662,1.0,1,Small"
"4599327740,77862447,2023-08-25 15:35:17,2023-08-25 15:52:17,2023-08-25 15:52:17,On Time,530.85,Cash,43635,6481,0.0,0,Medium"
"7479207574,64846124,2024-04-03 01:48:33,2024-04-03 02:03:33,2024-04-03 02:32:33,Significantly Delayed,918.45,Cash,23426,80,29.0,1,Medium"
"2996133401,83964902,2024-04-14 22:04:03,2024-04-14 22:16:03,2024-04-14 22:14:03,On Time,2010.29,Upi,8541,4244,-2.0,0,Premium"
"5972410040,19179897,2024-08-11 07:22:14,2024-08-11 07:38:14,2024-08-11 07:41:14,On Time,1721.08,Wallet,62822,4388,3.0,1,Large"
"4007593324,68703613,2024-06-21 10:08:44,2024-06-21 10:23:44,2024-06-21 10:27:44,On Time,3453.62,Wallet,36657,7513,4.0,1,Premium"
"3428454405,93018527,2023-08-13 22:37:01,2023-08-13 22:57:01,2023-08-13 22:56:01,On Time,3030.47,Cash,81368,3714,-1.0,0,Premium"
"1160646195,5700842,2023-04-24 17:02:19,2023-04-24 17:17:19,2023-04-24 17:38:19,Significantly Delayed,419.13,Card,53869,2464,21.0,1,Small"
"4376524554,72576730,2023-03-16 09:09:00,2023-03-16 09:25:00,2023-03-16 09:30:00,On Time,2512.22,Card,75544,7687,5.0,1,Premium"
"1519072771,70615775,2024-08-01 04:03:15,2024-08-01 04:22:15,2024-08-01 04:24:15,On Time,98.32,Upi,40607,5275,2.0,1,Small"
"8203685394,40192266,2024-02-23 06:58:38,2024-02-23 07:17:38,2024-02-23 07:18:38,On Time,1013.58,Card,92523,6784,1.0,1,Large"
"7906789850,32006907,2024-10-08 20:15:00,2024-10-08 20:35:00,2024-10-08 20:41:00,Slightly Delayed,2494.47,Upi,16598,1123,6.0,1,Premium"
"8073770046,87943214,2024-05-14 03:01:34,2024-05-14 03:12:34,2024-05-14 03:25:34,Slightly Delayed,3056.86,Upi,37431,6209,13.0,1,Premium"
"5190202949,40727086,2023-09-09 12:34:28,2023-09-09 12:49:28,2023-09-09 13:01:28,Slightly Delayed,3924.07,Wallet,98623,3906,12.0,1,Premium"
"8542325207,9573071,2024-07-17 17:30:24,2024-07-17 17:47:24,2024-07-17 17:50:24,On Time,4399.94,Wallet,38846,5625,3.0,1,Premium"
"7566730050,39153585,2023-05-14 12:59:57,2023-05-14 13:12:57,2023-05-14 13:13:57,On Time,1443.71,Card,47294,6181,1.0,1,Large"
"176509722,65221572,2023-10-16 22:34:31,2023-10-16 22:46:31,2023-10-16 22:44:31,On Time,2319.65,Upi,60612,6275,-2.0,0,Premium"
"1894603222,21697638,2023-10-16 07:17:33,2023-10-16 07:27:33,2023-10-16 07:30:33,On Time,356.33,Wallet,90546,1130,3.0,1,Small"
"2694800415,36675827,2024-04-04 07:26:06,2024-04-04 07:44:06,2024-04-04 07:39:06,On Time,3621.69,Cash,70355,8403,-5.0,0,Premium"
"5879390688,77869660,2023-09-07 19:36:09,2023-09-07 19:48:09,2023-09-07 19:54:09,Slightly Delayed,96.09,Wallet,87608,8201,6.0,1,Small"
"1197715978,625395,2023-11-12 07:20:23,2023-11-12 07:40:23,2023-11-12 07:43:23,On Time,3388.47,Card,76039,4364,3.0,1,Premium"
"7790696031,34580200,2023-05-12 16:58:08,2023-05-12 17:13:08,2023-05-12 17:08:08,On Time,2174.92,Wallet,60613,1700,-5.0,0,Premium"
"2189360099,68714053,2023-08-19 05:59:43,2023-08-19 06:16:43,2023-08-19 06:13:43,On Time,2231.91,Wallet,48011,3685,-3.0,0,Premium"
"3542041943,55007963,2024-09-06 01:07:42,2024-09-06 01:23:42,2024-09-06 01:25:42,On Time,209.59,Wallet,91300,3295,2.0,1,Small"
"9202469009,37362180,2023-11-13 01:11:40,2023-11-13 01:31:40,2023-11-13 01:28:40,On Time,1574.8,Upi,39748,6324,-3.0,0,Large"
"3985829990,81808190,2024-07-19 00:58:05,2024-07-19 01:14:05,2024-07-19 01:28:05,Slightly Delayed,4495.35,Wallet,39267,1868,14.0,1,Premium"
"4341872315,71755645,2023-11-03 13:00:48,2023-11-03 13:19:48,2023-11-03 13:20:48,On Time,3494.41,Wallet,20388,6361,1.0,1,Premium"
"4748123248,24144240,2023-08-01 10:02:42,2023-08-01 10:15:42,2023-08-01 10:14:42,On Time,476.96,Upi,93163,4332,-1.0,0,Small"
"99905061,47590944,2023-11-16 20:08:23,2023-11-16 20:26:23,2023-11-16 20:34:23,Slightly Delayed,2948.85,Card,1750,442,8.0,1,Premium"
"9118004489,37288781,2024-02-02 14:35:12,2024-02-02 14:45:12,2024-02-02 14:41:12,On Time,2685.25,Cash,57515,5683,-4.0,0,Premium"
"1696936610,25795941,2023-09-13 23:26:44,2023-09-13 23:46:44,2023-09-13 23:50:44,On Time,1983.84,Wallet,10006,5361,4.0,1,Large"
"155669553,88779806,2023-04-06 14:25:38,2023-04-06 14:38:38,2023-04-06 14:36:38,On Time,2239.85,Upi,73940,3785,-2.0,0,Premium"
"2885541999,40275138,2023-09-13 22:13:12,2023-09-13 22:27:12,2023-09-13 22:24:12,On Time,87.3,Cash,97766,7271,-3.0,0,Small"
"2846340681,77085443,2023-06-08 06:18:52,2023-06-08 06:29:52,2023-06-08 06:32:52,On Time,2923.65,Cash,1441,3321,3.0,1,Premium"
"963715332,21948041,2024-07-18 22:25:26,2024-07-18 22:39:26,2024-07-18 22:54:26,Slightly Delayed,4740.41,Upi,74026,3522,15.0,1,Premium"
"2807634451,84986716,2024-03-15 00:16:18,2024-03-15 00:36:18,2024-03-15 00:41:18,On Time,3196.92,Wallet,10898,3673,5.0,1,Premium"
"3046341241,82286725,2023-10-03 17:13:24,2023-10-03 17:30:24,2023-10-03 17:26:24,On Time,3155.44,Wallet,42558,5665,-4.0,0,Premium"
"485687952,8228843,2023-03-26 19:36:56,2023-03-26 19:53:56,2023-03-26 20:05:56,Slightly Delayed,1436.02,Wallet,41920,4079,12.0,1,Large"
"7660904370,30455484,2024-05-09 14:16:30,2024-05-09 14:29:30,2024-05-09 14:41:30,Slightly Delayed,695.54,Cash,82481,2713,12.0,1,Medium"
"9753033954,83577942,2023-07-02 01:33:28,2023-07-02 01:47:28,2023-07-02 01:46:28,On Time,630.84,Card,66167,9044,-1.0,0,Medium"
"9509887699,23448955,2024-01-13 11:09:16,2024-01-13 11:19:16,2024-01-13 11:18:16,On Time,1656.08,Upi,83668,7593,-1.0,0,Large"
"1054122071,97557157,2023-11-22 08:36:23,2023-11-22 08:56:23,2023-11-22 08:58:23,On Time,1011.38,Card,29382,2687,2.0,1,Large"
"9135272808,21701991,2024-03-01 23:06:19,2024-03-01 23:24:19,2024-03-01 23:22:19,On Time,1454.36,Upi,58954,6215,-2.0,0,Large"
"597447215,39957741,2024-09-04 22:09:51,2024-09-04 22:25:51,2024-09-04 22:20:51,On Time,4238.98,Upi,56770,5255,-5.0,0,Premium"
"5562099656,3872421,2024-06-12 02:35:04,2024-06-12 02:53:04,2024-06-12 02:58:04,On Time,163.03,Card,78737,7036,5.0,1,Small"
"4122736828,47590944,2024-07-02 12:55:31,2024-07-02 13:15:31,2024-07-02 13:12:31,On Time,2205.44,Upi,47529,5511,-3.0,0,Premium"
"7238138072,32929817,2024-08-26 05:41:35,2024-08-26 06:00:35,2024-08-26 05:55:35,On Time,906.54,Wallet,70201,9170,-5.0,0,Medium"
"6244736404,8791577,2024-08-19 09:19:35,2024-08-19 09:30:35,2024-08-19 09:40:35,Slightly Delayed,4248.04,Upi,74025,4428,10.0,1,Premium"
"1297341963,70230254,2024-07-28 21:44:40,2024-07-28 21:58:40,2024-07-28 21:56:40,On Time,1516.81,Cash,78118,9202,-2.0,0,Large"
"3842442278,89223620,2024-10-27 02:43:39,2024-10-27 03:01:39,2024-10-27 02:57:39,On Time,4144.84,Card,34292,7156,-4.0,0,Premium"
"9576684860,9347990,2023-04-28 20:05:38,2023-04-28 20:17:38,2023-04-28 20:25:38,Slightly Delayed,1365.7,Card,49015,4883,8.0,1,Large"
"1592757566,78903046,2024-07-17 15:09:40,2024-07-17 15:24:40,2024-07-17 15:44:40,Significantly Delayed,4787.67,Wallet,26609,6742,20.0,1,Premium"
"5060677329,68219091,2024-03-29 08:13:16,2024-03-29 08:32:16,2024-03-29 08:47:16,Slightly Delayed,903.53,Upi,2549,2588,15.0,1,Medium"
"2241930006,66943324,2023-11-05 03:05:55,2023-11-05 03:20:55,2023-11-05 03:48:55,Significantly Delayed,2211.21,Upi,48832,3024,28.0,1,Premium"
"3246505078,45481936,2024-08-15 20:41:26,2024-08-15 20:57:26,2024-08-15 21:17:26,Significantly Delayed,702.71,Wallet,70745,3588,20.0,1,Medium"
"5870152806,376144,2024-03-23 03:57:26,2024-03-23 04:07:26,2024-03-23 04:02:26,On Time,171.2,Cash,41777,5545,-5.0,0,Small"
"8919999754,8395610,2023-12-07 13:24:38,2023-12-07 13:44:38,2023-12-07 13:44:38,On Time,2554.62,Upi,49856,2090,0.0,0,Premium"
"1080338783,1601161,2023-07-21 21:48:46,2023-07-21 22:04:46,2023-07-21 22:03:46,On Time,2039.04,Cash,11061,2592,-1.0,0,Premium"
"4641905606,40667183,2024-09-18 04:06:11,2024-09-18 04:24:11,2024-09-18 04:21:11,On Time,3587.82,Cash,94171,6600,-3.0,0,Premium"
"9456413999,32019725,2023-08-26 23:31:36,2023-08-26 23:48:36,2023-08-26 23:50:36,On Time,2572.64,Card,38461,3211,2.0,1,Premium"
"4764056827,8025622,2024-07-19 20:09:14,2024-07-19 20:19:14,2024-07-19 20:30:14,Slightly Delayed,3063.23,Upi,25547,7187,11.0,1,Premium"
"5168057633,45477575,2024-07-11 01:35:53,2024-07-11 01:53:53,2024-07-11 01:50:53,On Time,4188.15,Upi,64173,561,-3.0,0,Premium"
"1442559656,85074810,2023-05-10 07:54:52,2023-05-10 08:12:52,2023-05-10 08:33:52,Significantly Delayed,2573.97,Cash,4000,8807,21.0,1,Premium"
"6590257283,2058037,2023-10-02 09:29:52,2023-10-02 09:41:52,2023-10-02 09:43:52,On Time,4030.26,Cash,85700,3669,2.0,1,Premium"
"3429671763,21481338,2024-03-26 20:11:54,2024-03-26 20:26:54,2024-03-26 20:45:54,Significantly Delayed,1168.51,Upi,8472,1275,19.0,1,Large"
"4750086089,97259564,2023-08-16 20:03:15,2023-08-16 20:15:15,2023-08-16 20:23:15,Slightly Delayed,1896.06,Card,57809,8017,8.0,1,Large"
"3204128006,62323608,2023-11-22 13:26:45,2023-11-22 13:39:45,2023-11-22 13:52:45,Slightly Delayed,4361.59,Wallet,62365,4284,13.0,1,Premium"
"3171917027,55936462,2024-03-31 08:18:11,2024-03-31 08:34:11,2024-03-31 08:34:11,On Time,1179.35,Upi,41122,2773,0.0,0,Large"
"8814047085,68475914,2023-04-10 10:34:09,2023-04-10 10:50:09,2023-04-10 10:45:09,On Time,972.69,Upi,68901,1535,-5.0,0,Medium"
"1889723479,5754255,2024-06-24 07:55:26,2024-06-24 08:11:26,2024-06-24 08:15:26,On Time,395.61,Cash,87163,112,4.0,1,Small"
"942025494,62679120,2024-03-02 22:50:09,2024-03-02 23:04:09,2024-03-02 23:18:09,Slightly Delayed,4479.65,Upi,56953,6649,14.0,1,Premium"
"4104444500,57526322,2024-10-13 02:34:41,2024-10-13 02:48:41,2024-10-13 02:46:41,On Time,296.94,Card,92907,4357,-2.0,0,Small"
"7562260313,13871547,2024-03-23 02:19:57,2024-03-23 02:32:57,2024-03-23 02:34:57,On Time,1246.62,Card,38550,1076,2.0,1,Large"
"7140244766,86067293,2023-08-06 14:21:46,2023-08-06 14:38:46,2023-08-06 14:35:46,On Time,310.87,Upi,76465,5411,-3.0,0,Small"
"7967974077,45066676,2024-07-06 06:00:25,2024-07-06 06:12:25,2024-07-06 06:21:25,Slightly Delayed,3382.93,Wallet,1899,9753,9.0,1,Premium"
"7456822422,81822935,2023-12-08 16:49:23,2023-12-08 17:06:23,2023-12-08 17:14:23,Slightly Delayed,604.1,Cash,24881,7045,8.0,1,Medium"
"4813468096,34668988,2024-02-10 04:00:20,2024-02-10 04:10:20,2024-02-10 04:12:20,On Time,650.2,Card,13299,6573,2.0,1,Medium"
"8618576020,15484407,2024-01-18 14:45:23,2024-01-18 15:01:23,2024-01-18 15:02:23,On Time,1633.69,Card,64047,454,1.0,1,Large"
"3727646442,12077371,2023-07-21 16:05:58,2023-07-21 16:18:58,2023-07-21 16:17:58,On Time,1105.54,Wallet,98620,3999,-1.0,0,Large"
"9208156337,39959491,2024-09-23 10:09:54,2024-09-23 10:27:54,2024-09-23 10:27:54,On Time,1685.01,Upi,83940,257,0.0,0,Large"
"8328118787,14839726,2023-05-14 22:03:21,2023-05-14 22:16:21,2023-05-14 22:21:21,On Time,3997.84,Card,13593,249,5.0,1,Premium"
"580528836,91550885,2023-10-20 10:17:06,2023-10-20 10:34:06,2023-10-20 11:03:06,Significantly Delayed,1485.0,Upi,72799,661,29.0,1,Large"
"3350662630,60620291,2023-07-03 22:08:47,2023-07-03 22:24:47,2023-07-03 22:20:47,On Time,1279.7,Card,8459,7240,-4.0,0,Large"
"6716381725,19682060,2023-05-05 11:01:58,2023-05-05 11:18:58,2023-05-05 11:32:58,Slightly Delayed,3647.45,Card,96043,869,14.0,1,Premium"
"2249567137,20298398,2024-04-06 10:05:47,2024-04-06 10:23:47,2024-04-06 10:24:47,On Time,3407.26,Card,63769,1056,1.0,1,Premium"
"7484465509,73393269,2024-09-27 19:15:45,2024-09-27 19:34:45,2024-09-27 19:30:45,On Time,1060.95,Card,58978,3231,-4.0,0,Large"
"2577208156,86995126,2024-10-08 07:09:12,2024-10-08 07:28:12,2024-10-08 07:35:12,Slightly Delayed,1948.9,Upi,61389,1472,7.0,1,Large"
"3321905621,37759707,2024-10-19 19:54:37,2024-10-19 20:13:37,2024-10-19 20:18:37,On Time,3909.99,Wallet,26660,855,5.0,1,Premium"
"6686839282,71615827,2023-07-24 09:30:56,2023-07-24 09:41:56,2023-07-24 09:50:56,Slightly Delayed,2657.17,Upi,53508,8623,9.0,1,Premium"
"5095558661,70220141,2023-05-06 13:12:43,2023-05-06 13:27:43,2023-05-06 13:30:43,On Time,109.03,Cash,65564,476,3.0,1,Small"
"112658009,35144658,2023-07-11 17:41:34,2023-07-11 17:55:34,2023-07-11 17:52:34,On Time,3834.36,Cash,32553,8111,-3.0,0,Premium"
"1343610513,18113428,2023-07-17 13:42:50,2023-07-17 13:55:50,2023-07-17 14:03:50,Slightly Delayed,638.38,Upi,14791,8795,8.0,1,Medium"
"7190610535,59094034,2024-03-22 07:19:34,2024-03-22 07:30:34,2024-03-22 07:26:34,On Time,2414.68,Upi,99603,3718,-4.0,0,Premium"
"5069426001,31940833,2024-01-13 01:45:41,2024-01-13 01:57:41,2024-01-13 01:58:41,On Time,3099.29,Upi,23515,7354,1.0,1,Premium"
"5655369002,19091057,2023-08-25 10:12:03,2023-08-25 10:28:03,2023-08-25 10:28:03,On Time,114.52,Cash,50372,9852,0.0,0,Small"
"5761530160,84824280,2024-02-23 18:32:21,2024-02-23 18:42:21,2024-02-23 18:57:21,Slightly Delayed,876.11,Cash,47945,5408,15.0,1,Medium"
"4772519706,17106161,2023-03-28 08:47:18,2023-03-28 09:03:18,2023-03-28 09:02:18,On Time,2184.02,Cash,27293,9798,-1.0,0,Premium"
"8209051735,69416782,2024-02-13 22:25:18,2024-02-13 22:45:18,2024-02-13 22:45:18,On Time,1887.19,Card,66797,409,0.0,0,Large"
"4870391666,80935110,2024-03-23 20:30:02,2024-03-23 20:42:02,2024-03-23 20:44:02,On Time,738.74,Card,82421,8515,2.0,1,Medium"
"7777975083,92098757,2024-06-24 17:49:10,2024-06-24 18:05:10,2024-06-24 18:34:10,Significantly Delayed,4419.96,Upi,89484,5165,29.0,1,Premium"
"8713948756,65514005,2023-11-16 00:05:39,2023-11-16 00:16:39,2023-11-16 00:35:39,Significantly Delayed,383.2,Cash,84056,2398,19.0,1,Small"
"6191050157,90021871,2023-05-11 20:36:55,2023-05-11 20:53:55,2023-05-11 20:58:55,On Time,1893.34,Cash,71004,705,5.0,1,Large"
"4060449266,1771249,2024-03-09 00:27:33,2024-03-09 00:43:33,2024-03-09 00:47:33,On Time,2399.6,Card,83557,1156,4.0,1,Premium"
"5657605506,63402854,2024-05-30 20:18:11,2024-05-30 20:28:11,2024-05-30 20:27:11,On Time,697.88,Wallet,54862,6923,-1.0,0,Medium"
"8851743592,70608515,2024-02-13 12:03:52,2024-02-13 12:15:52,2024-02-13 12:11:52,On Time,2618.87,Card,70212,493,-4.0,0,Premium"
"4689717606,91791128,2023-07-05 07:24:52,2023-07-05 07:42:52,2023-07-05 07:42:52,On Time,2392.67,Card,20091,7177,0.0,0,Premium"
"2860246948,8791577,2024-09-25 22:16:59,2024-09-25 22:29:59,2024-09-25 22:58:59,Significantly Delayed,1613.57,Wallet,42770,3797,29.0,1,Large"
"2875550803,40387944,2024-02-28 14:00:15,2024-02-28 14:12:15,2024-02-28 14:11:15,On Time,1776.32,Upi,82986,5708,-1.0,0,Large"
"5340575011,77015367,2023-09-28 19:00:26,2023-09-28 19:12:26,2023-09-28 19:15:26,On Time,2307.65,Wallet,3517,7900,3.0,1,Premium"
"7717156533,18791381,2023-04-04 05:01:24,2023-04-04 05:14:24,2023-04-04 05:18:24,On Time,3043.92,Cash,89557,9616,4.0,1,Premium"
"8297255359,56764791,2023-06-26 16:35:06,2023-06-26 16:47:06,2023-06-26 16:50:06,On Time,2172.56,Card,99111,2684,3.0,1,Premium"
"7873234939,31923338,2024-09-10 22:33:39,2024-09-10 22:53:39,2024-09-10 22:59:39,Slightly Delayed,816.38,Wallet,71249,3201,6.0,1,Medium"
"3668515922,22321208,2023-08-23 14:13:44,2023-08-23 14:31:44,2023-08-23 14:45:44,Slightly Delayed,4229.93,Upi,9368,6643,14.0,1,Premium"
"8356690330,88324928,2023-07-15 18:05:56,2023-07-15 18:20:56,2023-07-15 18:16:56,On Time,3316.63,Card,70661,3316,-4.0,0,Premium"
"3508620293,40277444,2023-08-03 20:45:13,2023-08-03 20:57:13,2023-08-03 20:57:13,On Time,4855.95,Cash,79725,5868,0.0,0,Premium"
"9998297778,7728406,2023-09-22 17:07:28,2023-09-22 17:26:28,2023-09-22 17:27:28,On Time,2833.2,Card,15629,5907,1.0,1,Premium"
"3898421710,78750264,2023-08-31 06:53:03,2023-08-31 07:12:03,2023-08-31 07:18:03,Slightly Delayed,461.74,Cash,27328,1794,6.0,1,Small"
"3960980694,52417972,2024-06-21 22:46:59,2024-06-21 23:01:59,2024-06-21 23:12:59,Slightly Delayed,369.28,Cash,61707,9209,11.0,1,Small"
"5008395294,1108176,2023-12-22 09:09:45,2023-12-22 09:22:45,2023-12-22 09:41:45,Significantly Delayed,845.68,Cash,72163,7381,19.0,1,Medium"
"3722869004,66140659,2023-07-20 05:40:36,2023-07-20 05:53:36,2023-07-20 05:55:36,On Time,3268.53,Upi,80036,406,2.0,1,Premium"
"8391555591,14006996,2023-08-25 07:00:51,2023-08-25 07:14:51,2023-08-25 07:30:51,Significantly Delayed,3933.27,Cash,29388,4740,16.0,1,Premium"
"8063730776,95912198,2024-09-21 20:01:23,2024-09-21 20:15:23,2024-09-21 20:13:23,On Time,2925.94,Upi,37119,8363,-2.0,0,Premium"
"9052752169,62510499,2024-01-11 01:46:07,2024-01-11 01:56:07,2024-01-11 02:01:07,On Time,1083.52,Upi,27976,9194,5.0,1,Large"
"7471416647,75566105,2023-03-29 15:39:40,2023-03-29 15:59:40,2023-03-29 16:06:40,Slightly Delayed,2163.7,Wallet,72270,3143,7.0,1,Premium"
"848332407,376144,2024-04-22 08:52:55,2024-04-22 09:11:55,2024-04-22 09:09:55,On Time,1700.08,Card,41823,8832,-2.0,0,Large"
"4062701987,8383197,2023-12-18 04:18:37,2023-12-18 04:29:37,2023-12-18 04:24:37,On Time,979.99,Upi,76840,1273,-5.0,0,Medium"
"8723912832,94552818,2024-01-19 09:40:56,2024-01-19 10:00:56,2024-01-19 10:03:56,On Time,361.98,Cash,80138,4774,3.0,1,Small"
"9099298435,2233446,2024-02-22 10:18:09,2024-02-22 10:36:09,2024-02-22 10:35:09,On Time,1327.61,Upi,21269,5254,-1.0,0,Large"
"5645691241,3786105,2023-12-10 07:21:34,2023-12-10 07:40:34,2023-12-10 07:49:34,Slightly Delayed,2970.0,Cash,8455,9919,9.0,1,Premium"
"8258019846,61024977,2024-01-24 17:43:28,2024-01-24 17:58:28,2024-01-24 18:02:28,On Time,1705.98,Upi,96896,6938,4.0,1,Large"
"2732162016,99361865,2023-05-27 09:57:51,2023-05-27 10:16:51,2023-05-27 10:19:51,On Time,2111.24,Wallet,82903,5077,3.0,1,Premium"
"1561902412,91448742,2023-06-08 19:42:33,2023-06-08 20:02:33,2023-06-08 20:03:33,On Time,3412.02,Upi,71022,4469,1.0,1,Premium"
"8979476889,49970560,2023-06-06 22:26:51,2023-06-06 22:45:51,2023-06-06 22:46:51,On Time,169.88,Cash,43855,2836,1.0,1,Small"
"8373953053,46515922,2024-10-25 21:54:38,2024-10-25 22:11:38,2024-10-25 22:26:38,Slightly Delayed,3639.83,Wallet,37461,88,15.0,1,Premium"
"7021309133,59353207,2024-08-06 13:41:46,2024-08-06 13:57:46,2024-08-06 14:05:46,Slightly Delayed,468.88,Upi,86023,1968,8.0,1,Small"
"3447085029,188838,2023-04-25 04:28:16,2023-04-25 04:43:16,2023-04-25 04:46:16,On Time,4065.16,Cash,97687,9912,3.0,1,Premium"
"9284767341,82160592,2024-03-04 14:28:23,2024-03-04 14:39:23,2024-03-04 14:38:23,On Time,940.44,Wallet,38009,4780,-1.0,0,Medium"
"9770431940,86715467,2024-06-06 23:04:27,2024-06-06 23:20:27,2024-06-06 23:15:27,On Time,3392.19,Card,70163,4895,-5.0,0,Premium"
"9650124390,46717997,2024-04-24 15:27:40,2024-04-24 15:41:40,2024-04-24 15:37:40,On Time,4409.61,Card,58008,7924,-4.0,0,Premium"
"9826894858,67386193,2024-06-21 12:59:40,2024-06-21 13:12:40,2024-06-21 13:16:40,On Time,1788.3,Upi,52555,2550,4.0,1,Large"
"4466839873,8361353,2023-12-09 07:05:48,2023-12-09 07:17:48,2023-12-09 07:20:48,On Time,2840.84,Cash,15751,944,3.0,1,Premium"
"4331471900,59094034,2024-07-20 08:44:16,2024-07-20 09:03:16,2024-07-20 09:13:16,Slightly Delayed,2476.97,Card,95419,9631,10.0,1,Premium"
"5777824005,73428596,2023-03-22 23:08:39,2023-03-22 23:19:39,2023-03-22 23:14:39,On Time,4469.56,Card,9630,6508,-5.0,0,Premium"
"8795242622,90246977,2023-03-26 04:13:28,2023-03-26 04:33:28,2023-03-26 04:29:28,On Time,2861.87,Card,20027,692,-4.0,0,Premium"
"8561878376,12272282,2024-01-29 07:22:42,2024-01-29 07:41:42,2024-01-29 07:44:42,On Time,2729.1,Upi,59539,3448,3.0,1,Premium"
"2113243643,66269844,2023-12-17 10:59:50,2023-12-17 11:13:50,2023-12-17 11:13:50,On Time,568.74,Upi,46402,6700,0.0,0,Medium"
"8497820340,90586029,2023-11-16 18:11:42,2023-11-16 18:26:42,2023-11-16 18:28:42,On Time,5163.37,Upi,12255,2657,2.0,1,Premium"
"3167184563,43860025,2023-09-07 17:16:42,2023-09-07 17:28:42,2023-09-07 17:32:42,On Time,3939.74,Upi,86629,9175,4.0,1,Premium"
"9997121955,46623192,2024-04-21 00:03:15,2024-04-21 00:19:15,2024-04-21 00:16:15,On Time,1756.4,Upi,27103,6589,-3.0,0,Large"
"2954397481,93318833,2024-01-31 10:54:45,2024-01-31 11:13:45,2024-01-31 11:15:45,On Time,1120.6,Wallet,20739,582,2.0,1,Large"
"8125884987,31718565,2024-05-03 01:00:23,2024-05-03 01:10:23,2024-05-03 01:13:23,On Time,2008.1,Wallet,31296,3215,3.0,1,Premium"
"3765873352,48418662,2024-10-16 15:56:16,2024-10-16 16:09:16,2024-10-16 16:13:16,On Time,1976.63,Upi,8612,2192,4.0,1,Large"
"7733310993,10562528,2023-03-31 09:44:22,2023-03-31 09:57:22,2023-03-31 10:09:22,Slightly Delayed,1253.38,Card,31410,1315,12.0,1,Large"
"738093341,30823988,2024-03-17 06:44:48,2024-03-17 06:57:48,2024-03-17 07:27:48,Significantly Delayed,686.4,Upi,92844,2526,30.0,1,Medium"
"1837574319,24821281,2024-06-19 06:16:01,2024-06-19 06:34:01,2024-06-19 06:52:01,Significantly Delayed,959.01,Upi,63956,2324,18.0,1,Medium"
"2468420564,92027021,2023-06-30 16:02:02,2023-06-30 16:18:02,2023-06-30 16:46:02,Significantly Delayed,5123.33,Upi,10759,3827,28.0,1,Premium"
"5368005763,84824280,2024-07-30 05:38:00,2024-07-30 05:56:00,2024-07-30 05:51:00,On Time,1330.83,Cash,37844,63,-5.0,0,Large"
"3823949592,1683786,2023-04-13 23:05:51,2023-04-13 23:21:51,2023-04-13 23:16:51,On Time,2722.55,Wallet,28356,3138,-5.0,0,Premium"
"6298008063,24104630,2023-07-19 05:59:20,2023-07-19 06:15:20,2023-07-19 06:22:20,Slightly Delayed,2461.13,Upi,6083,5726,7.0,1,Premium"
"2499190829,17159117,2023-10-31 10:45:49,2023-10-31 10:56:49,2023-10-31 10:58:49,On Time,1851.53,Upi,38976,712,2.0,1,Large"
"491116137,71615827,2024-01-19 08:13:03,2024-01-19 08:24:03,2024-01-19 08:31:03,Slightly Delayed,346.87,Cash,46516,4565,7.0,1,Small"
"2206269404,96009692,2024-05-16 23:30:53,2024-05-16 23:41:53,2024-05-16 23:38:53,On Time,2748.16,Wallet,3395,56,-3.0,0,Premium"
"1330806043,29415527,2024-04-03 10:18:32,2024-04-03 10:32:32,2024-04-03 10:39:32,Slightly Delayed,905.27,Wallet,67773,6270,7.0,1,Medium"
"6770858376,39957741,2024-01-11 04:57:34,2024-01-11 05:17:34,2024-01-11 05:37:34,Significantly Delayed,686.29,Wallet,40291,3496,20.0,1,Medium"
"4466716432,29689766,2023-06-09 17:52:04,2023-06-09 18:06:04,2023-06-09 18:07:04,On Time,2020.61,Cash,5951,3773,1.0,1,Premium"
"8292554686,80833965,2024-03-27 15:19:04,2024-03-27 15:35:04,2024-03-27 15:41:04,Slightly Delayed,3194.62,Cash,678,7349,6.0,1,Premium"
"4204069161,31576845,2023-08-16 17:40:31,2023-08-16 17:50:31,2023-08-16 17:48:31,On Time,4044.58,Wallet,28632,8331,-2.0,0,Premium"
"2163079658,74833221,2023-12-28 16:36:25,2023-12-28 16:51:25,2023-12-28 16:53:25,On Time,2926.98,Wallet,81489,3048,2.0,1,Premium"
"6971561757,64940409,2023-12-15 19:00:03,2023-12-15 19:19:03,2023-12-15 19:42:03,Significantly Delayed,1726.02,Upi,23787,9053,23.0,1,Large"
"7965253060,95912198,2024-02-13 10:06:42,2024-02-13 10:22:42,2024-02-13 10:31:42,Slightly Delayed,217.4,Wallet,3496,9774,9.0,1,Small"
"8939040193,59141605,2024-09-17 13:06:27,2024-09-17 13:16:27,2024-09-17 13:28:27,Slightly Delayed,321.94,Upi,46879,4612,12.0,1,Small"
"8322028211,54952806,2023-11-04 17:02:43,2023-11-04 17:14:43,2023-11-04 17:15:43,On Time,2567.25,Upi,20488,6672,1.0,1,Premium"
"6865922682,14255231,2024-06-16 13:41:39,2024-06-16 13:54:39,2024-06-16 13:50:39,On Time,3433.8,Card,98320,8389,-4.0,0,Premium"
"5912729079,90919603,2024-08-10 01:18:51,2024-08-10 01:34:51,2024-08-10 01:49:51,Slightly Delayed,2270.57,Cash,56995,2536,15.0,1,Premium"
"8764776130,32054313,2023-12-14 13:17:27,2023-12-14 13:33:27,2023-12-14 13:36:27,On Time,1622.5,Wallet,25706,7304,3.0,1,Large"
"7769965629,65815155,2023-04-21 16:44:32,2023-04-21 17:02:32,2023-04-21 17:07:32,On Time,2756.21,Upi,89124,2718,5.0,1,Premium"
"2166463032,98930670,2023-10-30 21:27:11,2023-10-30 21:38:11,2023-10-30 21:40:11,On Time,1214.68,Card,57294,182,2.0,1,Large"
"7035343259,63310076,2024-07-11 08:27:04,2024-07-11 08:46:04,2024-07-11 08:45:04,On Time,2574.49,Upi,71409,823,-1.0,0,Premium"
"8914775994,68985290,2024-02-13 23:37:11,2024-02-13 23:47:11,2024-02-13 23:45:11,On Time,1300.04,Upi,30298,7630,-2.0,0,Large"
"7565647347,15808945,2024-10-24 01:21:49,2024-10-24 01:31:49,2024-10-24 01:26:49,On Time,3503.52,Upi,1739,2523,-5.0,0,Premium"
"6172215120,87823209,2024-06-03 07:32:45,2024-06-03 07:42:45,2024-06-03 07:44:45,On Time,4452.81,Card,283,9119,2.0,1,Premium"
"4043585691,61121421,2024-02-21 22:37:16,2024-02-21 22:54:16,2024-02-21 23:00:16,Slightly Delayed,942.24,Upi,8666,9401,6.0,1,Medium"
"3735186180,98709982,2024-03-16 15:31:54,2024-03-16 15:46:54,2024-03-16 15:48:54,On Time,2834.2,Upi,55800,2680,2.0,1,Premium"
"5281459433,85519349,2024-10-10 06:40:31,2024-10-10 06:58:31,2024-10-10 07:10:31,Slightly Delayed,2527.71,Card,56847,2285,12.0,1,Premium"
"424087401,90753712,2024-04-19 10:40:15,2024-04-19 10:53:15,2024-04-19 10:50:15,On Time,96.09,Cash,59842,9807,-3.0,0,Small"
"884327245,24337950,2023-09-25 00:18:47,2023-09-25 00:29:47,2023-09-25 00:35:47,Slightly Delayed,2116.49,Upi,68768,6266,6.0,1,Premium"
"6318008970,30265929,2024-05-11 19:09:20,2024-05-11 19:20:20,2024-05-11 19:23:20,On Time,1887.26,Upi,1399,5028,3.0,1,Large"
"3792751421,2414265,2024-08-11 20:09:30,2024-08-11 20:27:30,2024-08-11 20:22:30,On Time,2090.0,Upi,8803,3450,-5.0,0,Premium"
"5471255539,15391556,2023-05-31 10:11:04,2023-05-31 10:24:04,2023-05-31 10:19:04,On Time,1199.03,Wallet,90665,9658,-5.0,0,Large"
"9917290378,6245778,2024-01-05 13:00:28,2024-01-05 13:14:28,2024-01-05 13:34:28,Significantly Delayed,789.13,Cash,39311,4507,20.0,1,Medium"
"208989475,94713625,2023-03-16 11:38:32,2023-03-16 11:50:32,2023-03-16 11:48:32,On Time,2973.06,Cash,2365,5189,-2.0,0,Premium"
"7672827556,70589930,2023-07-01 01:43:54,2023-07-01 02:03:54,2023-07-01 02:02:54,On Time,2259.19,Wallet,25541,753,-1.0,0,Premium"
"3792912325,39153585,2024-06-03 19:56:50,2024-06-03 20:07:50,2024-06-03 20:04:50,On Time,2026.4,Wallet,82865,774,-3.0,0,Premium"
"2478533601,9097480,2024-11-01 14:24:12,2024-11-01 14:39:12,2024-11-01 14:46:12,Slightly Delayed,2241.03,Card,79023,7866,7.0,1,Premium"
"2255745327,58974323,2023-05-01 03:18:08,2023-05-01 03:29:08,2023-05-01 03:25:08,On Time,4140.09,Cash,96569,5523,-4.0,0,Premium"
"8612261848,46208150,2024-06-18 20:01:36,2024-06-18 20:12:36,2024-06-18 20:08:36,On Time,1495.6,Wallet,33962,7157,-4.0,0,Large"
"6949810049,87463923,2023-09-25 13:16:55,2023-09-25 13:36:55,2023-09-25 13:35:55,On Time,1778.56,Upi,68356,5878,-1.0,0,Large"
"2399456941,47625855,2024-10-16 06:51:41,2024-10-16 07:04:41,2024-10-16 07:11:41,Slightly Delayed,2306.69,Card,95044,5798,7.0,1,Premium"
"6292969164,45477575,2024-07-09 07:11:40,2024-07-09 07:21:40,2024-07-09 07:34:40,Slightly Delayed,822.63,Wallet,60860,923,13.0,1,Medium"
"2929485756,30979436,2024-10-13 00:37:39,2024-10-13 00:57:39,2024-10-13 01:24:39,Significantly Delayed,946.86,Upi,98387,7719,27.0,1,Medium"
"8757869416,85518832,2024-05-03 03:46:06,2024-05-03 04:05:06,2024-05-03 04:05:06,On Time,3314.13,Cash,89940,8369,0.0,0,Premium"
"2653966619,52428250,2024-07-12 17:07:26,2024-07-12 17:19:26,2024-07-12 17:15:26,On Time,3588.19,Card,20322,2217,-4.0,0,Premium"
"336103625,28663279,2024-05-16 19:07:33,2024-05-16 19:22:33,2024-05-16 19:23:33,On Time,3997.03,Upi,53527,3365,1.0,1,Premium"
"3727289407,10225164,2024-06-17 12:19:04,2024-06-17 12:31:04,2024-06-17 12:28:04,On Time,616.45,Wallet,96404,7064,-3.0,0,Medium"
"701250513,10240052,2024-09-03 18:54:33,2024-09-03 19:10:33,2024-09-03 19:11:33,On Time,2490.5,Wallet,12426,9775,1.0,1,Premium"
"101816977,26903313,2024-02-20 06:23:43,2024-02-20 06:37:43,2024-02-20 06:41:43,On Time,3486.1,Wallet,74586,949,4.0,1,Premium"
"7838223552,85854265,2023-12-07 13:30:45,2023-12-07 13:46:45,2023-12-07 13:45:45,On Time,1597.81,Upi,32488,6257,-1.0,0,Large"
"4123140013,80759416,2024-11-03 01:29:11,2024-11-03 01:48:11,2024-11-03 01:44:11,On Time,3299.24,Upi,7581,1960,-4.0,0,Premium"
"9821008306,49433260,2023-04-05 15:32:16,2023-04-05 15:52:16,2023-04-05 15:48:16,On Time,2532.31,Wallet,9712,6717,-4.0,0,Premium"
"5414882934,44223796,2023-12-28 21:01:27,2023-12-28 21:19:27,2023-12-28 21:18:27,On Time,3284.27,Wallet,39970,8444,-1.0,0,Premium"
"9257313140,24337950,2024-06-16 14:09:42,2024-06-16 14:29:42,2024-06-16 14:46:42,Significantly Delayed,726.41,Wallet,71919,4762,17.0,1,Medium"
"3857021231,91973128,2023-09-28 19:55:57,2023-09-28 20:06:57,2023-09-28 20:08:57,On Time,3536.94,Wallet,8994,9102,2.0,1,Premium"
"1606381345,31940833,2023-03-22 12:45:37,2023-03-22 12:56:37,2023-03-22 12:51:37,On Time,3635.31,Cash,84799,883,-5.0,0,Premium"
"239830094,99627097,2023-08-17 09:02:54,2023-08-17 09:17:54,2023-08-17 09:15:54,On Time,416.65,Cash,64707,451,-2.0,0,Small"
"580582858,59398136,2023-09-11 17:42:04,2023-09-11 17:58:04,2023-09-11 17:57:04,On Time,2313.35,Upi,23439,9063,-1.0,0,Premium"
"4191340899,90649019,2023-05-26 01:31:29,2023-05-26 01:44:29,2023-05-26 01:44:29,On Time,3432.55,Card,84191,6785,0.0,0,Premium"
"1013630716,85763665,2024-05-19 06:25:26,2024-05-19 06:39:26,2024-05-19 06:57:26,Significantly Delayed,1090.39,Cash,36890,3534,18.0,1,Large"
"8220017366,91550885,2023-05-28 08:30:25,2023-05-28 08:46:25,2023-05-28 09:04:25,Significantly Delayed,1908.33,Cash,69432,9156,18.0,1,Large"
"4353485612,77007315,2024-08-31 13:06:53,2024-08-31 13:25:53,2024-08-31 13:34:53,Slightly Delayed,1938.72,Card,67044,8234,9.0,1,Large"
"8682172393,97141762,2024-10-15 02:26:39,2024-10-15 02:37:39,2024-10-15 02:42:39,On Time,1178.54,Upi,60531,6703,5.0,1,Large"
"4085089017,50899600,2024-06-11 22:29:40,2024-06-11 22:42:40,2024-06-11 22:49:40,Slightly Delayed,2626.4,Cash,73060,7341,7.0,1,Premium"
"1287686307,79076101,2024-01-18 17:59:19,2024-01-18 18:09:19,2024-01-18 18:31:19,Significantly Delayed,4331.6,Cash,72260,2468,22.0,1,Premium"
"4425450216,40192266,2023-06-11 17:35:51,2023-06-11 17:53:51,2023-06-11 17:49:51,On Time,3481.37,Upi,11470,5666,-4.0,0,Premium"
"7799346570,37947202,2023-10-03 23:56:26,2023-10-04 00:07:26,2023-10-04 00:02:26,On Time,1793.58,Cash,6267,2782,-5.0,0,Large"
"5917975686,37054866,2024-06-04 21:07:32,2024-06-04 21:25:32,2024-06-04 21:26:32,On Time,4269.53,Upi,95635,8877,1.0,1,Premium"
"9588500388,84448310,2024-07-05 10:03:17,2024-07-05 10:16:17,2024-07-05 10:30:17,Slightly Delayed,3251.31,Cash,25906,6277,14.0,1,Premium"
"3963207709,99893898,2024-01-04 20:24:27,2024-01-04 20:37:27,2024-01-04 21:01:27,Significantly Delayed,972.69,Cash,75698,2029,24.0,1,Medium"
"2217466286,9278983,2023-04-08 13:12:35,2023-04-08 13:27:35,2023-04-08 13:50:35,Significantly Delayed,1217.33,Wallet,55729,2962,23.0,1,Large"
"7130088913,86444757,2023-06-29 14:19:03,2023-06-29 14:35:03,2023-06-29 14:38:03,On Time,3069.34,Card,27018,7855,3.0,1,Premium"
"9064682961,17597449,2024-07-04 13:14:05,2024-07-04 13:31:05,2024-07-04 13:30:05,On Time,3580.75,Cash,74646,1609,-1.0,0,Premium"
"6060156146,92404798,2023-05-25 18:55:12,2023-05-25 19:10:12,2023-05-25 19:25:12,Slightly Delayed,2318.9,Upi,43137,1923,15.0,1,Premium"
"3106610673,74762653,2024-06-10 17:56:21,2024-06-10 18:08:21,2024-06-10 18:16:21,Slightly Delayed,3473.22,Cash,39962,1171,8.0,1,Premium"
"442408751,56780331,2023-10-19 17:31:57,2023-10-19 17:42:57,2023-10-19 17:43:57,On Time,3090.37,Wallet,31883,564,1.0,1,Premium"
"353571238,60561655,2024-01-01 15:51:24,2024-01-01 16:06:24,2024-01-01 16:10:24,On Time,1897.21,Wallet,49421,7966,4.0,1,Large"
"4670530333,42723554,2024-05-30 17:53:58,2024-05-30 18:09:58,2024-05-30 18:06:58,On Time,354.91,Wallet,73412,7862,-3.0,0,Small"
"4961370923,61020,2024-02-04 16:10:26,2024-02-04 16:20:26,2024-02-04 16:25:26,On Time,2560.3,Card,95563,1504,5.0,1,Premium"
"8946821991,31582950,2024-04-29 11:58:27,2024-04-29 12:12:27,2024-04-29 12:12:27,On Time,888.04,Cash,7047,4541,0.0,0,Medium"
"5720622852,66130660,2023-04-16 14:43:16,2023-04-16 15:01:16,2023-04-16 14:59:16,On Time,874.78,Cash,41385,7382,-2.0,0,Medium"
"7305353953,42012717,2024-01-04 08:02:14,2024-01-04 08:13:14,2024-01-04 08:41:14,Significantly Delayed,2119.6,Cash,79920,167,28.0,1,Premium"
"1402723627,85006599,2024-05-16 04:45:13,2024-05-16 04:55:13,2024-05-16 05:09:13,Slightly Delayed,2859.77,Wallet,29946,4968,14.0,1,Premium"
"9820620357,243838,2023-12-05 10:13:47,2023-12-05 10:27:47,2023-12-05 10:32:47,On Time,508.0,Card,19268,2638,5.0,1,Medium"
"1930286155,51034600,2024-09-02 20:09:02,2024-09-02 20:26:02,2024-09-02 20:32:02,Slightly Delayed,1176.51,Cash,22959,3413,6.0,1,Large"
"6759029950,83577942,2023-12-03 12:46:14,2023-12-03 13:02:14,2023-12-03 13:06:14,On Time,2592.56,Upi,27838,1381,4.0,1,Premium"
"9032188284,59427862,2023-08-24 19:32:01,2023-08-24 19:45:01,2023-08-24 19:56:01,Slightly Delayed,1036.64,Wallet,45176,1049,11.0,1,Large"
"9490161602,28663279,2023-04-26 12:02:47,2023-04-26 12:22:47,2023-04-26 12:17:47,On Time,3143.9,Upi,35300,426,-5.0,0,Premium"
"8565257085,33034249,2023-09-24 20:51:44,2023-09-24 21:04:44,2023-09-24 21:00:44,On Time,3634.1,Card,74770,7822,-4.0,0,Premium"
"4884845960,34156884,2023-09-05 12:52:44,2023-09-05 13:11:44,2023-09-05 13:07:44,On Time,1478.33,Cash,39010,8710,-4.0,0,Large"
"6181604084,4200802,2023-10-22 04:07:32,2023-10-22 04:25:32,2023-10-22 04:22:32,On Time,858.57,Upi,63800,948,-3.0,0,Medium"
"2718508408,20360447,2023-08-04 03:52:55,2023-08-04 04:07:55,2023-08-04 04:22:55,Slightly Delayed,4588.23,Upi,47220,7975,15.0,1,Premium"
"8354866000,80696046,2024-02-15 18:21:22,2024-02-15 18:41:22,2024-02-15 18:49:22,Slightly Delayed,2962.96,Wallet,19057,6964,8.0,1,Premium"
"8025728977,26912171,2024-08-15 15:53:16,2024-08-15 16:10:16,2024-08-15 16:07:16,On Time,2971.34,Card,66000,4973,-3.0,0,Premium"
"6531356394,85561151,2023-05-09 14:33:55,2023-05-09 14:46:55,2023-05-09 14:46:55,On Time,3830.42,Card,92872,5835,0.0,0,Premium"
"5489184758,49529811,2024-03-15 15:16:26,2024-03-15 15:36:26,2024-03-15 15:35:26,On Time,4046.84,Card,69415,2935,-1.0,0,Premium"
"1377599881,48481702,2024-08-17 10:02:54,2024-08-17 10:15:54,2024-08-17 10:12:54,On Time,3323.75,Card,17690,7803,-3.0,0,Premium"
"227162938,28111842,2024-04-18 07:07:08,2024-04-18 07:25:08,2024-04-18 07:23:08,On Time,3716.9,Cash,43553,9199,-2.0,0,Premium"
"3449083612,91382237,2023-11-10 12:36:44,2023-11-10 12:49:44,2023-11-10 13:02:44,Slightly Delayed,2046.71,Card,65165,3374,13.0,1,Premium"
"5662514948,30455484,2023-05-20 02:56:48,2023-05-20 03:08:48,2023-05-20 03:03:48,On Time,2918.62,Card,58053,9972,-5.0,0,Premium"
"2034571482,86167288,2024-02-20 20:09:09,2024-02-20 20:28:09,2024-02-20 20:43:09,Slightly Delayed,1422.49,Card,86556,8825,15.0,1,Large"
"348782569,72415263,2023-09-23 08:26:21,2023-09-23 08:45:21,2023-09-23 08:56:21,Slightly Delayed,3781.09,Wallet,88218,2837,11.0,1,Premium"
"8697396531,21282544,2023-10-23 18:35:21,2023-10-23 18:54:21,2023-10-23 18:52:21,On Time,1573.66,Wallet,59371,6234,-2.0,0,Large"
"3538455450,77345018,2024-09-05 21:10:40,2024-09-05 21:29:40,2024-09-05 21:28:40,On Time,2447.04,Upi,63154,8200,-1.0,0,Premium"
"7513290139,26285589,2023-05-21 18:41:42,2023-05-21 18:52:42,2023-05-21 18:51:42,On Time,1758.17,Cash,96784,8152,-1.0,0,Large"
"8320461939,83298567,2024-04-17 04:26:13,2024-04-17 04:38:13,2024-04-17 04:34:13,On Time,367.08,Card,63519,9508,-4.0,0,Small"
"8217899522,18465047,2024-10-08 11:33:14,2024-10-08 11:51:14,2024-10-08 11:51:14,On Time,3369.67,Wallet,15587,1604,0.0,0,Premium"
"4217056877,2903620,2024-03-26 19:44:46,2024-03-26 19:54:46,2024-03-26 20:02:46,Slightly Delayed,1670.56,Cash,94995,4477,8.0,1,Large"
"3684167813,46563355,2024-09-13 08:19:52,2024-09-13 08:33:52,2024-09-13 08:31:52,On Time,1409.35,Cash,82021,3491,-2.0,0,Large"
"5351904164,97411107,2024-08-06 16:09:48,2024-08-06 16:26:48,2024-08-06 16:31:48,On Time,2561.94,Cash,98439,9777,5.0,1,Premium"
"2731829604,46615831,2024-02-12 20:15:18,2024-02-12 20:28:18,2024-02-12 20:25:18,On Time,4047.69,Card,85333,6922,-3.0,0,Premium"
"7162485958,75081265,2023-12-06 18:31:13,2023-12-06 18:42:13,2023-12-06 18:42:13,On Time,1996.41,Card,64568,3903,0.0,0,Large"
"4830502113,89867195,2024-01-26 14:46:09,2024-01-26 15:02:09,2024-01-26 15:01:09,On Time,3494.42,Cash,8022,3428,-1.0,0,Premium"
"9797013595,80571942,2024-05-15 23:55:43,2024-05-16 00:14:43,2024-05-16 00:23:43,Slightly Delayed,418.44,Wallet,35734,9003,9.0,1,Small"
"9487843345,23794330,2024-06-11 06:16:15,2024-06-11 06:35:15,2024-06-11 06:39:15,On Time,1311.48,Cash,82632,957,4.0,1,Large"
"2148242015,39093069,2023-04-30 23:48:24,2023-05-01 00:04:24,2023-05-01 00:33:24,Significantly Delayed,3239.66,Upi,13676,9904,29.0,1,Premium"
"7465258008,51503088,2023-10-25 21:17:48,2023-10-25 21:34:48,2023-10-25 21:48:48,Slightly Delayed,2017.35,Upi,63335,8965,14.0,1,Premium"
"8875274470,57102800,2024-04-20 16:25:48,2024-04-20 16:38:48,2024-04-20 17:03:48,Significantly Delayed,818.16,Card,54978,8776,25.0,1,Medium"
"7049717910,44410149,2024-05-11 05:44:42,2024-05-11 05:58:42,2024-05-11 05:56:42,On Time,3737.72,Card,10931,795,-2.0,0,Premium"
"4829897426,25587553,2023-06-05 00:50:37,2023-06-05 01:10:37,2023-06-05 01:07:37,On Time,1546.87,Cash,93475,9960,-3.0,0,Large"
"3532186218,24456825,2023-08-08 13:57:04,2023-08-08 14:15:04,2023-08-08 14:16:04,On Time,3201.86,Cash,34900,9743,1.0,1,Premium"
"6897674900,79592021,2024-05-13 12:53:01,2024-05-13 13:08:01,2024-05-13 13:05:01,On Time,3980.78,Upi,5998,6680,-3.0,0,Premium"
"163895717,61982521,2023-11-02 04:41:21,2023-11-02 05:01:21,2023-11-02 04:58:21,On Time,2751.59,Upi,45284,5871,-3.0,0,Premium"
"9857592403,84275450,2023-10-24 11:31:41,2023-10-24 11:51:41,2023-10-24 11:55:41,On Time,4315.44,Wallet,36569,2906,4.0,1,Premium"
"2521197661,13251137,2024-02-20 00:32:46,2024-02-20 00:48:46,2024-02-20 01:05:46,Significantly Delayed,2777.53,Card,49637,6579,17.0,1,Premium"
"488314125,5716817,2023-04-05 18:11:51,2023-04-05 18:28:51,2023-04-05 18:41:51,Slightly Delayed,2359.91,Upi,60702,5927,13.0,1,Premium"
"5073549838,75082508,2024-04-28 08:04:04,2024-04-28 08:15:04,2024-04-28 08:19:04,On Time,1872.31,Wallet,20915,7776,4.0,1,Large"
"6399568661,82594354,2023-12-17 21:03:56,2023-12-17 21:19:56,2023-12-17 21:18:56,On Time,4593.22,Upi,45002,8509,-1.0,0,Premium"
"3672658084,48228547,2024-05-10 13:53:48,2024-05-10 14:07:48,2024-05-10 14:07:48,On Time,895.36,Upi,66143,4598,0.0,0,Medium"
"8273236145,85763665,2024-09-02 15:50:41,2024-09-02 16:06:41,2024-09-02 16:08:41,On Time,1626.93,Card,8874,2392,2.0,1,Large"
"3411233779,79991320,2024-04-13 23:12:45,2024-04-13 23:22:45,2024-04-13 23:18:45,On Time,1018.02,Cash,33913,694,-4.0,0,Large"
"8024667539,31622158,2024-07-22 05:53:11,2024-07-22 06:12:11,2024-07-22 06:24:11,Slightly Delayed,1682.78,Cash,26395,5740,12.0,1,Large"
"6112199794,77086539,2024-09-21 20:45:43,2024-09-21 21:00:43,2024-09-21 21:06:43,Slightly Delayed,3227.41,Wallet,75415,4373,6.0,1,Premium"
"9484473160,21456226,2023-04-25 21:30:46,2023-04-25 21:44:46,2023-04-25 21:53:46,Slightly Delayed,1966.28,Card,38707,3546,9.0,1,Large"
"9729709418,45323391,2023-03-30 05:26:05,2023-03-30 05:38:05,2023-03-30 05:33:05,On Time,2729.56,Cash,43891,1914,-5.0,0,Premium"
"7900224799,68692574,2024-07-03 04:57:31,2024-07-03 05:12:31,2024-07-03 05:25:31,Slightly Delayed,4099.05,Cash,45482,6659,13.0,1,Premium"
"1821414490,75632045,2024-10-21 07:33:08,2024-10-21 07:45:08,2024-10-21 07:44:08,On Time,3493.06,Card,55493,1947,-1.0,0,Premium"
"5813507399,76019750,2024-04-15 09:01:04,2024-04-15 09:21:04,2024-04-15 09:16:04,On Time,4495.56,Upi,13303,802,-5.0,0,Premium"
"3928003125,53636086,2023-12-07 13:30:43,2023-12-07 13:43:43,2023-12-07 13:58:43,Slightly Delayed,1809.81,Wallet,40065,3602,15.0,1,Large"
"5271866987,10562528,2024-08-27 01:26:03,2024-08-27 01:45:03,2024-08-27 01:43:03,On Time,947.95,Card,15044,5390,-2.0,0,Medium"
"9794537731,85869195,2023-05-27 12:57:31,2023-05-27 13:10:31,2023-05-27 13:13:31,On Time,3740.13,Cash,23014,6925,3.0,1,Premium"
"4852718488,71902700,2024-04-29 20:42:44,2024-04-29 20:57:44,2024-04-29 20:56:44,On Time,1364.65,Upi,71839,5444,-1.0,0,Large"
"8300546273,13796199,2023-09-05 10:12:24,2023-09-05 10:27:24,2023-09-05 10:29:24,On Time,1251.92,Wallet,80645,4948,2.0,1,Large"
"976104194,6061349,2024-05-07 21:56:34,2024-05-07 22:16:34,2024-05-07 22:46:34,Significantly Delayed,3210.73,Card,65001,6775,30.0,1,Premium"
"5373961125,57081917,2024-11-01 03:43:48,2024-11-01 04:01:48,2024-11-01 04:06:48,On Time,1187.0,Card,72609,6896,5.0,1,Large"
"6056126973,48765625,2024-07-02 22:31:53,2024-07-02 22:45:53,2024-07-02 22:45:53,On Time,1172.69,Upi,84012,1,0.0,0,Large"
"6352881332,80517784,2024-01-22 23:09:41,2024-01-22 23:20:41,2024-01-22 23:24:41,On Time,3222.29,Cash,21808,6223,4.0,1,Premium"
"1643234106,37691544,2024-09-12 03:52:26,2024-09-12 04:06:26,2024-09-12 04:21:26,Slightly Delayed,1196.7,Wallet,63857,53,15.0,1,Large"
"8697966993,85869195,2024-03-02 05:46:49,2024-03-02 06:00:49,2024-03-02 06:22:49,Significantly Delayed,3078.59,Card,45795,7724,22.0,1,Premium"
"2276061263,83701325,2024-10-06 16:59:05,2024-10-06 17:12:05,2024-10-06 17:12:05,On Time,837.78,Upi,25181,8344,0.0,0,Medium"
"4045613782,61763552,2023-08-09 08:21:43,2023-08-09 08:36:43,2023-08-09 08:41:43,On Time,2243.07,Upi,29650,5260,5.0,1,Premium"
"2959828441,9987182,2024-03-15 17:59:14,2024-03-15 18:13:14,2024-03-15 18:17:14,On Time,4265.84,Card,80243,2835,4.0,1,Premium"
"3514589876,59620534,2023-10-17 21:03:10,2023-10-17 21:20:10,2023-10-17 21:20:10,On Time,976.55,Upi,24168,3649,0.0,0,Medium"
"9444081952,72576730,2023-11-27 01:02:59,2023-11-27 01:16:59,2023-11-27 01:19:59,On Time,353.53,Card,88637,341,3.0,1,Small"
"8183959589,26752630,2023-12-16 14:27:59,2023-12-16 14:41:59,2023-12-16 14:45:59,On Time,299.27,Wallet,80408,5349,4.0,1,Small"
"1712832927,5228136,2024-03-16 02:24:19,2024-03-16 02:36:19,2024-03-16 02:50:19,Slightly Delayed,2657.42,Upi,60377,4993,14.0,1,Premium"
"8162867215,25713335,2024-08-24 15:27:13,2024-08-24 15:45:13,2024-08-24 15:50:13,On Time,1564.84,Upi,53830,6539,5.0,1,Large"
"4160230443,87889031,2024-04-15 03:56:39,2024-04-15 04:13:39,2024-04-15 04:18:39,On Time,367.08,Card,41222,5768,5.0,1,Small"
"9787535949,57340963,2023-04-02 13:59:48,2023-04-02 14:17:48,2023-04-02 14:27:48,Slightly Delayed,1488.91,Upi,20817,1249,10.0,1,Large"
"3423995261,75928073,2023-05-06 21:35:32,2023-05-06 21:50:32,2023-05-06 21:54:32,On Time,1047.55,Wallet,50959,234,4.0,1,Large"
"1523343168,80862136,2024-07-21 18:56:11,2024-07-21 19:08:11,2024-07-21 19:12:11,On Time,582.87,Upi,41110,689,4.0,1,Medium"
"1948066291,61320989,2024-10-02 21:52:43,2024-10-02 22:12:43,2024-10-02 22:15:43,On Time,225.21,Cash,33207,3337,3.0,1,Small"
"2021361582,99695529,2024-05-20 13:29:16,2024-05-20 13:48:16,2024-05-20 14:04:16,Significantly Delayed,3475.69,Cash,88680,9754,16.0,1,Premium"
"7491420331,27504517,2024-05-22 03:16:45,2024-05-22 03:30:45,2024-05-22 03:38:45,Slightly Delayed,1567.06,Wallet,81340,1746,8.0,1,Large"
"994840771,85088479,2023-10-15 22:56:35,2023-10-15 23:11:35,2023-10-15 23:25:35,Slightly Delayed,1819.74,Wallet,22900,7526,14.0,1,Large"
"6277344634,11202130,2024-07-23 19:18:11,2024-07-23 19:33:11,2024-07-23 19:55:11,Significantly Delayed,3940.47,Upi,98138,8099,22.0,1,Premium"
"4092653338,13604883,2024-04-24 14:11:22,2024-04-24 14:26:22,2024-04-24 14:21:22,On Time,2455.06,Upi,30910,9633,-5.0,0,Premium"
"7213712604,49433260,2023-11-17 07:02:37,2023-11-17 07:16:37,2023-11-17 07:12:37,On Time,780.0,Cash,25295,7905,-4.0,0,Medium"
"7326709115,22800586,2023-11-26 00:36:32,2023-11-26 00:54:32,2023-11-26 01:01:32,Slightly Delayed,783.96,Card,46549,1365,7.0,1,Medium"
"9419789569,8733344,2024-07-17 10:35:23,2024-07-17 10:53:23,2024-07-17 10:53:23,On Time,3361.63,Wallet,54029,6450,0.0,0,Premium"
"5388191488,74735607,2024-03-31 03:47:25,2024-03-31 04:07:25,2024-03-31 04:19:25,Slightly Delayed,4238.13,Card,38734,6259,12.0,1,Premium"
"9065873433,32635818,2023-10-23 19:10:27,2023-10-23 19:27:27,2023-10-23 19:37:27,Slightly Delayed,2534.9,Cash,61365,4503,10.0,1,Premium"
"4627342297,88843865,2023-08-28 10:50:50,2023-08-28 11:01:50,2023-08-28 11:06:50,On Time,2033.74,Upi,47725,3108,5.0,1,Premium"
"4286971111,469006,2024-05-27 03:23:40,2024-05-27 03:36:40,2024-05-27 03:31:40,On Time,1480.41,Cash,7124,7918,-5.0,0,Large"
"645282074,13265605,2023-05-25 23:45:35,2023-05-25 23:55:35,2023-05-25 23:54:35,On Time,3337.4,Wallet,19843,1491,-1.0,0,Premium"
"7260939789,39999278,2023-10-28 13:37:51,2023-10-28 13:55:51,2023-10-28 14:00:51,On Time,5770.21,Upi,13059,3976,5.0,1,Premium"
"1716322448,95873651,2023-09-06 16:10:18,2023-09-06 16:23:18,2023-09-06 16:26:18,On Time,3162.99,Cash,66774,6375,3.0,1,Premium"
"4293959647,820740,2023-10-03 21:16:36,2023-10-03 21:34:36,2023-10-03 21:33:36,On Time,878.07,Upi,72576,8743,-1.0,0,Medium"
"3331935300,29095552,2023-06-15 21:38:22,2023-06-15 21:54:22,2023-06-15 21:56:22,On Time,482.06,Wallet,14328,4861,2.0,1,Small"
"1775389576,15830066,2024-03-10 06:34:09,2024-03-10 06:53:09,2024-03-10 06:52:09,On Time,941.19,Wallet,59128,4879,-1.0,0,Medium"
"8194774262,46836361,2024-10-06 06:32:32,2024-10-06 06:52:32,2024-10-06 07:02:32,Slightly Delayed,2879.54,Cash,19069,9203,10.0,1,Premium"
"3615279775,61618079,2023-11-01 18:30:36,2023-11-01 18:41:36,2023-11-01 18:40:36,On Time,2596.72,Wallet,33091,7612,-1.0,0,Premium"
"11467999,78267238,2023-04-23 18:37:26,2023-04-23 18:57:26,2023-04-23 19:11:26,Slightly Delayed,3051.19,Upi,1908,5146,14.0,1,Premium"
"3971267196,8536503,2024-01-14 02:35:53,2024-01-14 02:54:53,2024-01-14 02:58:53,On Time,946.86,Card,59116,3756,4.0,1,Medium"
"1584863963,61877649,2024-07-21 18:13:06,2024-07-21 18:31:06,2024-07-21 18:48:06,Significantly Delayed,1176.5,Upi,70947,3470,17.0,1,Large"
"1557893814,75244116,2024-04-02 12:45:33,2024-04-02 13:01:33,2024-04-02 13:05:33,On Time,3950.09,Wallet,60172,854,4.0,1,Premium"
"8172695964,45323391,2024-07-07 09:17:06,2024-07-07 09:36:06,2024-07-07 09:38:06,On Time,1506.27,Card,52140,9215,2.0,1,Large"
"7462800868,93127511,2023-10-19 17:27:14,2023-10-19 17:44:14,2023-10-19 18:12:14,Significantly Delayed,382.29,Wallet,39973,8554,28.0,1,Small"
"5438961669,37245065,2024-09-10 05:20:18,2024-09-10 05:38:18,2024-09-10 05:55:18,Significantly Delayed,354.91,Upi,67068,6819,17.0,1,Small"
"4904849001,93563435,2023-11-30 05:46:13,2023-11-30 06:00:13,2023-11-30 06:05:13,On Time,5062.63,Wallet,8244,628,5.0,1,Premium"
"4816980820,52613657,2023-03-27 20:30:31,2023-03-27 20:41:31,2023-03-27 20:59:31,Significantly Delayed,4876.13,Card,28954,4128,18.0,1,Premium"
"9004078716,55552600,2023-08-21 08:46:05,2023-08-21 08:57:05,2023-08-21 08:57:05,On Time,2140.11,Card,60691,5712,0.0,0,Premium"
"8350353728,25585013,2024-01-25 08:02:43,2024-01-25 08:18:43,2024-01-25 08:23:43,On Time,2516.08,Cash,73339,7029,5.0,1,Premium"
"1204084245,1342184,2023-09-26 01:28:11,2023-09-26 01:48:11,2023-09-26 02:04:11,Significantly Delayed,2833.97,Card,55802,6947,16.0,1,Premium"
"4142209897,44557943,2023-09-07 20:00:27,2023-09-07 20:15:27,2023-09-07 20:15:27,On Time,1361.67,Card,6857,5307,0.0,0,Large"
"125551624,14693393,2024-08-12 21:32:30,2024-08-12 21:44:30,2024-08-12 21:44:30,On Time,4082.47,Card,16319,5715,0.0,0,Premium"
"9970545044,22931642,2023-08-08 22:18:41,2023-08-08 22:38:41,2023-08-08 22:43:41,On Time,5453.47,Cash,81093,4371,5.0,1,Premium"
"7976032064,72946405,2024-05-03 15:57:32,2024-05-03 16:16:32,2024-05-03 16:18:32,On Time,1575.92,Wallet,39126,1549,2.0,1,Large"
"8691567542,41640262,2024-06-27 08:52:11,2024-06-27 09:05:11,2024-06-27 09:10:11,On Time,1173.69,Wallet,87207,7544,5.0,1,Large"
"3592747590,12755730,2024-04-24 12:09:13,2024-04-24 12:29:13,2024-04-24 12:58:13,Significantly Delayed,4217.22,Upi,92032,5122,29.0,1,Premium"
"7495753437,4758426,2023-06-02 00:26:35,2023-06-02 00:45:35,2023-06-02 00:45:35,On Time,3776.78,Card,20625,278,0.0,0,Premium"
"3965847120,80761521,2023-05-05 14:56:43,2023-05-05 15:09:43,2023-05-05 15:11:43,On Time,459.78,Wallet,60885,9745,2.0,1,Small"
"9365984533,89704218,2024-06-25 19:46:13,2024-06-25 20:02:13,2024-06-25 19:59:13,On Time,2082.97,Card,40460,4141,-3.0,0,Premium"
"2948242102,13189939,2023-10-12 14:54:53,2023-10-12 15:14:53,2023-10-12 15:12:53,On Time,2132.75,Wallet,55456,6394,-2.0,0,Premium"
"6161193691,55693909,2023-05-30 13:36:08,2023-05-30 13:55:08,2023-05-30 13:50:08,On Time,1541.92,Cash,22997,3304,-5.0,0,Large"
"5964122835,14006996,2024-03-29 18:12:05,2024-03-29 18:29:05,2024-03-29 18:26:05,On Time,2305.04,Upi,98433,9052,-3.0,0,Premium"
"8879377902,61320989,2024-03-09 06:13:43,2024-03-09 06:26:43,2024-03-09 06:21:43,On Time,3034.16,Card,61662,8957,-5.0,0,Premium"
"8158068874,64403005,2024-07-25 20:24:13,2024-07-25 20:41:13,2024-07-25 20:55:13,Slightly Delayed,3112.28,Wallet,93613,6736,14.0,1,Premium"
"7039570964,68941950,2024-04-13 03:10:23,2024-04-13 03:30:23,2024-04-13 03:42:23,Slightly Delayed,3196.98,Cash,40041,7625,12.0,1,Premium"
"5482913265,88324928,2024-08-08 15:18:48,2024-08-08 15:30:48,2024-08-08 15:41:48,Slightly Delayed,2486.56,Wallet,84976,2453,11.0,1,Premium"
"1018255782,2219590,2024-09-08 06:11:07,2024-09-08 06:25:07,2024-09-08 06:45:07,Significantly Delayed,2456.07,Card,35907,878,20.0,1,Premium"
"8441505853,48409448,2023-11-10 08:12:55,2023-11-10 08:31:55,2023-11-10 08:33:55,On Time,3876.18,Upi,58002,3614,2.0,1,Premium"
"3850018395,57674875,2023-06-09 20:31:07,2023-06-09 20:45:07,2023-06-09 21:00:07,Slightly Delayed,1228.6,Wallet,42851,9857,15.0,1,Large"
"4884197611,28173165,2023-04-19 19:07:09,2023-04-19 19:23:09,2023-04-19 19:48:09,Significantly Delayed,2037.05,Wallet,4714,9213,25.0,1,Premium"
"5321849748,84468124,2024-03-01 00:19:24,2024-03-01 00:33:24,2024-03-01 00:28:24,On Time,1745.29,Cash,43163,4938,-5.0,0,Large"
"9808738347,7728406,2024-03-28 23:36:11,2024-03-28 23:53:11,2024-03-28 23:50:11,On Time,2800.78,Wallet,81334,594,-3.0,0,Premium"
"8727249149,35826539,2023-06-27 00:24:22,2023-06-27 00:38:22,2023-06-27 00:35:22,On Time,4510.56,Upi,16796,4817,-3.0,0,Premium"
"2772154780,50899600,2024-07-18 14:39:59,2024-07-18 14:52:59,2024-07-18 14:51:59,On Time,370.81,Card,74237,8242,-1.0,0,Small"
"9128056381,98691989,2024-06-10 07:16:02,2024-06-10 07:32:02,2024-06-10 07:32:02,On Time,475.78,Wallet,95005,6043,0.0,0,Small"
"4461463308,81352781,2023-06-16 08:01:25,2023-06-16 08:11:25,2023-06-16 08:11:25,On Time,2638.38,Card,43141,6645,0.0,0,Premium"
"5636483988,34095555,2024-01-29 17:42:04,2024-01-29 17:52:04,2024-01-29 17:51:04,On Time,4151.57,Upi,73517,7888,-1.0,0,Premium"
"1532065529,75464725,2023-12-07 06:28:36,2023-12-07 06:43:36,2023-12-07 06:45:36,On Time,2175.43,Upi,1354,5936,2.0,1,Premium"
"9933994647,83304571,2024-02-27 06:30:56,2024-02-27 06:50:56,2024-02-27 06:51:56,On Time,852.02,Cash,46871,7030,1.0,1,Medium"
"4823026749,34835738,2024-08-08 15:42:46,2024-08-08 16:02:46,2024-08-08 15:58:46,On Time,3211.3,Card,97537,7018,-4.0,0,Premium"
"7453442245,77869660,2024-09-08 06:29:25,2024-09-08 06:47:25,2024-09-08 06:50:25,On Time,4894.89,Upi,69200,5653,3.0,1,Premium"
"6519941559,29902416,2024-05-10 19:43:01,2024-05-10 19:57:01,2024-05-10 19:57:01,On Time,545.49,Cash,88898,1146,0.0,0,Medium"
"3798769654,75913572,2024-09-28 12:27:14,2024-09-28 12:42:14,2024-09-28 12:38:14,On Time,371.29,Cash,96996,3873,-4.0,0,Small"
"5034289521,21201299,2024-05-15 13:00:17,2024-05-15 13:19:17,2024-05-15 13:17:17,On Time,1415.21,Upi,98165,570,-2.0,0,Large"
"6971088688,11389698,2023-07-18 10:53:19,2023-07-18 11:05:19,2023-07-18 11:14:19,Slightly Delayed,2593.22,Card,33387,4240,9.0,1,Premium"
"5650184107,19771128,2023-06-21 08:14:44,2023-06-21 08:32:44,2023-06-21 08:32:44,On Time,3041.96,Upi,60066,4622,0.0,0,Premium"
"5770410311,20956158,2023-12-31 10:23:35,2023-12-31 10:33:35,2023-12-31 10:31:35,On Time,4814.59,Cash,96121,8259,-2.0,0,Premium"
"274530126,35278126,2023-04-08 21:52:31,2023-04-08 22:12:31,2023-04-08 22:34:31,Significantly Delayed,1841.66,Cash,35596,6058,22.0,1,Large"
"4819831152,66886852,2024-09-22 19:35:16,2024-09-22 19:55:16,2024-09-22 19:59:16,On Time,1757.75,Cash,97045,3661,4.0,1,Large"
"6977688323,56780331,2023-06-07 22:05:08,2023-06-07 22:22:08,2023-06-07 22:27:08,On Time,3343.61,Card,77691,3480,5.0,1,Premium"
"2035952734,63360864,2023-04-17 19:19:33,2023-04-17 19:38:33,2023-04-17 19:37:33,On Time,1906.85,Upi,1616,8633,-1.0,0,Large"
"3665334102,51476157,2024-11-04 01:16:31,2024-11-04 01:28:31,2024-11-04 01:34:31,Slightly Delayed,5578.4,Wallet,6292,1380,6.0,1,Premium"
"1862413314,48150243,2024-05-31 16:08:45,2024-05-31 16:26:45,2024-05-31 16:29:45,On Time,1446.53,Card,3855,2952,3.0,1,Large"
"4466643926,82989313,2024-04-08 20:33:57,2024-04-08 20:48:57,2024-04-08 20:49:57,On Time,781.08,Cash,37936,904,1.0,1,Medium"
"4470717835,76008165,2023-07-08 00:21:18,2023-07-08 00:36:18,2023-07-08 00:39:18,On Time,1474.48,Wallet,80246,313,3.0,1,Large"
"3018086191,76359458,2024-02-07 15:51:05,2024-02-07 16:11:05,2024-02-07 16:13:05,On Time,1775.03,Card,86332,4263,2.0,1,Large"
"2447983559,99772709,2024-10-03 20:46:07,2024-10-03 20:58:07,2024-10-03 21:25:07,Significantly Delayed,1031.06,Cash,68149,3486,27.0,1,Large"
"5116322704,63360864,2024-06-20 04:21:38,2024-06-20 04:38:38,2024-06-20 04:42:38,On Time,2386.24,Upi,24469,5687,4.0,1,Premium"
"8941550852,54145987,2024-04-20 22:07:04,2024-04-20 22:19:04,2024-04-20 22:22:04,On Time,198.15,Card,18037,286,3.0,1,Small"
"8026773850,94730288,2023-10-23 19:16:23,2023-10-23 19:34:23,2023-10-23 19:37:23,On Time,1378.46,Wallet,22178,7337,3.0,1,Large"
"2102402075,30317733,2024-07-14 05:30:01,2024-07-14 05:46:01,2024-07-14 05:41:01,On Time,1037.5,Upi,81176,2426,-5.0,0,Large"
"989844439,30468930,2023-07-23 11:54:05,2023-07-23 12:08:05,2023-07-23 12:06:05,On Time,3217.54,Cash,77083,2811,-2.0,0,Premium"
"8426805628,11636968,2023-04-17 22:41:34,2023-04-17 22:54:34,2023-04-17 22:52:34,On Time,1620.7,Card,88737,4577,-2.0,0,Large"
"7662188403,35554129,2023-05-09 07:35:06,2023-05-09 07:47:06,2023-05-09 07:55:06,Slightly Delayed,2497.79,Wallet,80894,4222,8.0,1,Premium"
"9141654140,77811864,2023-07-14 13:55:04,2023-07-14 14:11:04,2023-07-14 14:12:04,On Time,2805.01,Wallet,38063,8146,1.0,1,Premium"
"5696947751,90745023,2023-11-06 03:35:25,2023-11-06 03:48:25,2023-11-06 03:49:25,On Time,1431.23,Upi,58100,1369,1.0,1,Large"
"8953871540,1601161,2023-11-14 16:17:02,2023-11-14 16:31:02,2023-11-14 16:36:02,On Time,683.46,Upi,62193,6917,5.0,1,Medium"
"1767778760,67729191,2023-04-14 03:24:44,2023-04-14 03:41:44,2023-04-14 03:41:44,On Time,2977.3,Cash,57806,6420,0.0,0,Premium"
"5516201271,73661993,2024-07-10 14:21:12,2024-07-10 14:41:12,2024-07-10 14:39:12,On Time,1210.9,Cash,32490,1773,-2.0,0,Large"
"9358248664,75213636,2023-12-19 23:59:54,2023-12-20 00:18:54,2023-12-20 00:15:54,On Time,637.6,Cash,52315,4970,-3.0,0,Medium"
"1530424665,45700739,2023-04-21 23:29:46,2023-04-21 23:49:46,2023-04-21 23:51:46,On Time,3107.41,Cash,53811,2261,2.0,1,Premium"
"7816293360,87669943,2023-07-27 17:54:35,2023-07-27 18:14:35,2023-07-27 18:16:35,On Time,4856.23,Upi,81753,4211,2.0,1,Premium"
"1602396548,11063505,2024-09-09 23:44:19,2024-09-09 23:59:19,2024-09-10 00:01:19,On Time,2790.67,Card,64637,3453,2.0,1,Premium"
"7938126128,26199489,2023-06-16 08:24:00,2023-06-16 08:42:00,2023-06-16 08:41:00,On Time,877.89,Card,50175,3636,-1.0,0,Medium"
"271744331,47274329,2023-08-21 04:01:18,2023-08-21 04:12:18,2023-08-21 04:10:18,On Time,97.04,Upi,30354,525,-2.0,0,Small"
"387311360,70221073,2023-08-07 02:54:16,2023-08-07 03:11:16,2023-08-07 03:10:16,On Time,1358.19,Wallet,7081,9457,-1.0,0,Large"
"1286123100,45659330,2023-12-30 23:53:40,2023-12-31 00:10:40,2023-12-31 00:13:40,On Time,1243.74,Upi,19279,962,3.0,1,Large"
"4832392771,10038382,2023-11-02 14:44:52,2023-11-02 14:55:52,2023-11-02 14:58:52,On Time,2524.06,Card,33654,2996,3.0,1,Premium"
"4800106448,49970560,2023-12-10 05:17:22,2023-12-10 05:31:22,2023-12-10 05:27:22,On Time,3048.99,Card,38774,5061,-4.0,0,Premium"
"5500008514,31371112,2024-05-03 18:08:17,2024-05-03 18:25:17,2024-05-03 18:24:17,On Time,3605.53,Cash,48166,9878,-1.0,0,Premium"
"7879575037,7228206,2024-01-07 12:19:33,2024-01-07 12:32:33,2024-01-07 12:37:33,On Time,3446.01,Cash,85162,5569,5.0,1,Premium"
"50845914,54893418,2023-04-09 04:18:56,2023-04-09 04:37:56,2023-04-09 04:34:56,On Time,3226.44,Card,95031,4686,-3.0,0,Premium"
"9766990467,48358028,2023-06-30 08:18:31,2023-06-30 08:33:31,2023-06-30 08:41:31,Slightly Delayed,186.08,Card,18483,1055,8.0,1,Small"
"4215602937,66499992,2023-10-04 05:29:08,2023-10-04 05:44:08,2023-10-04 05:45:08,On Time,1607.2,Wallet,38381,3629,1.0,1,Large"
"238484255,73869823,2024-04-11 04:03:43,2024-04-11 04:18:43,2024-04-11 04:20:43,On Time,4305.06,Cash,87590,4132,2.0,1,Premium"
"3293988248,89986926,2024-09-29 07:44:45,2024-09-29 07:57:45,2024-09-29 08:26:45,Significantly Delayed,1519.45,Wallet,19751,7964,29.0,1,Large"
"5296157775,99231937,2024-07-27 10:24:02,2024-07-27 10:34:02,2024-07-27 10:37:02,On Time,1565.22,Wallet,68713,179,3.0,1,Large"
"1143489067,21432404,2023-09-14 17:01:41,2023-09-14 17:21:41,2023-09-14 17:18:41,On Time,424.61,Upi,68548,7002,-3.0,0,Small"
"8524452029,40986000,2023-11-07 01:00:32,2023-11-07 01:15:32,2023-11-07 01:22:32,Slightly Delayed,4191.3,Cash,65655,2092,7.0,1,Premium"
"4256779885,88745052,2023-06-01 17:29:29,2023-06-01 17:39:29,2023-06-01 17:37:29,On Time,1740.54,Cash,71100,5924,-2.0,0,Large"
"7744686996,72946405,2023-09-27 21:39:59,2023-09-27 21:55:59,2023-09-27 22:17:59,Significantly Delayed,1798.56,Cash,4886,5748,22.0,1,Large"
"5427462399,41647393,2024-06-21 13:57:00,2024-06-21 14:15:00,2024-06-21 14:19:00,On Time,2098.17,Wallet,87698,62,4.0,1,Premium"
"8596751747,66359719,2024-03-09 06:33:08,2024-03-09 06:44:08,2024-03-09 06:43:08,On Time,2462.18,Card,95854,4678,-1.0,0,Premium"
"4746468643,15144290,2023-08-17 19:31:04,2023-08-17 19:51:04,2023-08-17 19:52:04,On Time,3206.64,Upi,5235,7914,1.0,1,Premium"
"3010047327,5716817,2023-12-15 20:11:52,2023-12-15 20:24:52,2023-12-15 20:29:52,On Time,799.46,Wallet,65599,4167,5.0,1,Medium"
"1236959246,94033330,2024-10-06 20:17:02,2024-10-06 20:37:02,2024-10-06 20:41:02,On Time,1310.39,Cash,76379,6888,4.0,1,Large"
"6600422315,79726146,2023-09-19 00:26:15,2023-09-19 00:38:15,2023-09-19 00:41:15,On Time,3415.39,Upi,46137,1886,3.0,1,Premium"
"3227252410,83023956,2024-02-16 07:53:12,2024-02-16 08:11:12,2024-02-16 08:09:12,On Time,4307.46,Cash,66386,8087,-2.0,0,Premium"
"6972292408,19682060,2023-11-16 05:37:14,2023-11-16 05:55:14,2023-11-16 06:12:14,Significantly Delayed,658.16,Cash,46413,7246,17.0,1,Medium"
"7562754470,10700664,2024-02-15 23:27:04,2024-02-15 23:47:04,2024-02-15 23:48:04,On Time,317.82,Wallet,46136,4674,1.0,1,Small"
"7361971676,27504517,2023-08-23 00:44:18,2023-08-23 01:02:18,2023-08-23 01:06:18,On Time,532.57,Card,18979,2750,4.0,1,Medium"
"8875605037,93867669,2023-09-27 10:02:27,2023-09-27 10:16:27,2023-09-27 10:20:27,On Time,3235.64,Card,16915,2039,4.0,1,Premium"
"8508253527,31233120,2024-09-05 20:54:09,2024-09-05 21:11:09,2024-09-05 21:23:09,Slightly Delayed,452.6,Upi,11048,5677,12.0,1,Small"
"6798775600,24845814,2023-10-09 22:39:35,2023-10-09 22:54:35,2023-10-09 23:08:35,Slightly Delayed,3645.18,Cash,81032,5471,14.0,1,Premium"
"3624810422,42366724,2024-08-10 01:08:44,2024-08-10 01:25:44,2024-08-10 01:29:44,On Time,864.3,Cash,83193,9521,4.0,1,Medium"
"4740213452,84066402,2024-02-22 12:29:12,2024-02-22 12:49:12,2024-02-22 13:01:12,Slightly Delayed,3295.97,Cash,85085,7162,12.0,1,Premium"
"3825468344,81337068,2023-04-09 08:04:44,2023-04-09 08:19:44,2023-04-09 08:21:44,On Time,1220.63,Upi,35824,2100,2.0,1,Large"
"902245665,44828791,2024-08-08 08:14:01,2024-08-08 08:28:01,2024-08-08 08:26:01,On Time,2047.24,Cash,25868,4066,-2.0,0,Premium"
"6874299189,24633671,2023-08-14 11:33:32,2023-08-14 11:45:32,2023-08-14 11:48:32,On Time,4027.29,Card,38460,3001,3.0,1,Premium"
"1127125313,91312072,2023-12-15 19:19:22,2023-12-15 19:36:22,2023-12-15 19:45:22,Slightly Delayed,823.75,Card,81996,8828,9.0,1,Medium"
"3606548818,85354059,2023-05-12 04:48:09,2023-05-12 05:08:09,2023-05-12 05:10:09,On Time,740.18,Wallet,90473,4891,2.0,1,Medium"
"5750044154,11636968,2024-09-16 22:40:01,2024-09-16 22:50:01,2024-09-16 23:01:01,Slightly Delayed,2855.42,Upi,71543,7740,11.0,1,Premium"
"3872847781,27727819,2023-09-16 20:38:34,2023-09-16 20:55:34,2023-09-16 20:53:34,On Time,576.22,Wallet,45099,9963,-2.0,0,Medium"
"5939554684,3875480,2023-06-11 16:33:08,2023-06-11 16:47:08,2023-06-11 16:51:08,On Time,3071.72,Wallet,71726,212,4.0,1,Premium"
"676412814,57291761,2024-07-26 03:29:27,2024-07-26 03:45:27,2024-07-26 03:45:27,On Time,2147.32,Upi,88453,6861,0.0,0,Premium"
"4248390724,6390687,2023-08-22 20:17:51,2023-08-22 20:35:51,2023-08-22 20:44:51,Slightly Delayed,877.98,Cash,49698,8404,9.0,1,Medium"
"8938687150,97664747,2023-04-25 06:25:28,2023-04-25 06:35:28,2023-04-25 06:30:28,On Time,1313.92,Cash,99357,2896,-5.0,0,Large"
"7898867047,899941,2023-05-03 15:13:52,2023-05-03 15:31:52,2023-05-03 15:38:52,Slightly Delayed,5189.5,Wallet,51564,9180,7.0,1,Premium"
"2142065357,469006,2024-01-27 07:45:34,2024-01-27 08:04:34,2024-01-27 08:04:34,On Time,2586.92,Cash,1749,8613,0.0,0,Premium"
"9024719693,21597477,2024-06-06 19:22:30,2024-06-06 19:40:30,2024-06-06 19:41:30,On Time,140.44,Card,96400,7334,1.0,1,Small"
"8976616698,90346920,2023-08-23 03:20:08,2023-08-23 03:36:08,2023-08-23 03:38:08,On Time,3364.63,Upi,46211,362,2.0,1,Premium"
"8792586840,91566278,2023-06-14 15:09:28,2023-06-14 15:26:28,2023-06-14 15:29:28,On Time,1843.14,Upi,44722,9496,3.0,1,Large"
"5375387413,66768157,2023-04-04 23:31:41,2023-04-04 23:42:41,2023-04-04 23:44:41,On Time,1934.8,Wallet,53977,592,2.0,1,Large"
"4252164097,72366758,2023-09-28 06:58:17,2023-09-28 07:16:17,2023-09-28 07:24:17,Slightly Delayed,163.55,Card,11104,4201,8.0,1,Small"
"8423273411,5418547,2023-05-23 23:13:33,2023-05-23 23:24:33,2023-05-23 23:24:33,On Time,719.38,Upi,81864,8994,0.0,0,Medium"
"2551179741,18791381,2024-04-10 02:09:31,2024-04-10 02:29:31,2024-04-10 02:43:31,Slightly Delayed,2975.13,Upi,50120,1613,14.0,1,Premium"
"227511348,11775073,2024-08-01 15:43:56,2024-08-01 16:01:56,2024-08-01 16:02:56,On Time,2388.23,Card,90637,4665,1.0,1,Premium"
"4434464045,7591711,2023-09-22 00:04:24,2023-09-22 00:21:24,2023-09-22 00:21:24,On Time,2148.83,Card,84509,5121,0.0,0,Premium"
"7041011843,35705377,2024-02-06 00:46:34,2024-02-06 01:03:34,2024-02-06 01:03:34,On Time,1303.83,Card,79645,1765,0.0,0,Large"
"6510283268,67383024,2024-06-12 01:40:22,2024-06-12 01:57:22,2024-06-12 01:55:22,On Time,1452.76,Wallet,59772,2932,-2.0,0,Large"
"6853654698,85198177,2023-08-06 11:20:58,2023-08-06 11:36:58,2023-08-06 11:41:58,On Time,2101.23,Card,57378,5281,5.0,1,Premium"
"9338996795,2219590,2024-01-09 18:21:36,2024-01-09 18:40:36,2024-01-09 18:38:36,On Time,951.43,Card,85003,8279,-2.0,0,Medium"
"7346145952,96629258,2024-03-12 19:24:44,2024-03-12 19:37:44,2024-03-12 19:33:44,On Time,264.89,Cash,32434,3556,-4.0,0,Small"
"6497069610,52672659,2024-04-10 17:18:57,2024-04-10 17:32:57,2024-04-10 17:34:57,On Time,1416.18,Card,80825,3577,2.0,1,Large"
"1741402363,87200291,2024-06-12 11:13:45,2024-06-12 11:29:45,2024-06-12 11:31:45,On Time,1729.82,Upi,29182,4423,2.0,1,Large"
"4825878367,46717997,2024-10-07 14:04:11,2024-10-07 14:23:11,2024-10-07 14:23:11,On Time,4152.86,Card,96209,5643,0.0,0,Premium"
"7019011442,41640262,2023-06-30 19:38:42,2023-06-30 19:54:42,2023-06-30 19:50:42,On Time,3612.65,Cash,15863,9125,-4.0,0,Premium"
"1674463798,52085702,2024-09-21 13:31:34,2024-09-21 13:43:34,2024-09-21 13:49:34,Slightly Delayed,3497.86,Upi,17663,7301,6.0,1,Premium"
"305684588,46876240,2024-08-25 19:41:28,2024-08-25 19:56:28,2024-08-25 20:12:28,Significantly Delayed,4199.86,Upi,70029,7499,16.0,1,Premium"
"5967495442,77086074,2024-07-18 15:25:29,2024-07-18 15:36:29,2024-07-18 15:47:29,Slightly Delayed,707.67,Card,7004,9906,11.0,1,Medium"
"2571047526,90665975,2023-06-19 00:18:51,2023-06-19 00:30:51,2023-06-19 00:25:51,On Time,651.93,Upi,45704,3902,-5.0,0,Medium"
"7784811086,53332493,2024-09-07 06:11:07,2024-09-07 06:26:07,2024-09-07 06:50:07,Significantly Delayed,2387.27,Upi,83254,654,24.0,1,Premium"
"7942005230,78614729,2023-03-25 08:20:32,2023-03-25 08:31:32,2023-03-25 08:41:32,Slightly Delayed,281.73,Wallet,44185,8679,10.0,1,Small"
"6653543195,95334407,2023-09-15 14:53:44,2023-09-15 15:09:44,2023-09-15 15:20:44,Slightly Delayed,1617.62,Wallet,68173,2292,11.0,1,Large"
"397928918,71902700,2024-09-14 03:54:21,2024-09-14 04:13:21,2024-09-14 04:28:21,Slightly Delayed,797.99,Card,80520,3293,15.0,1,Medium"
"776120140,25128143,2023-11-12 03:51:53,2023-11-12 04:03:53,2023-11-12 04:19:53,Significantly Delayed,430.41,Card,28491,7417,16.0,1,Small"
"8293188779,28991365,2024-10-16 09:48:02,2024-10-16 10:08:02,2024-10-16 10:06:02,On Time,4286.09,Upi,71056,4650,-2.0,0,Premium"
"178737268,2164524,2023-06-18 19:52:44,2023-06-18 20:05:44,2023-06-18 20:04:44,On Time,726.41,Upi,66743,5088,-1.0,0,Medium"
"5246598523,90665975,2023-11-22 16:46:33,2023-11-22 17:04:33,2023-11-22 17:30:33,Significantly Delayed,3057.36,Cash,67554,8891,26.0,1,Premium"
"1172544737,30188374,2023-11-24 07:36:36,2023-11-24 07:46:36,2023-11-24 07:56:36,Slightly Delayed,1080.33,Cash,27338,2867,10.0,1,Large"
"6419533291,92404798,2023-07-28 05:02:16,2023-07-28 05:15:16,2023-07-28 05:17:16,On Time,2555.75,Wallet,32799,3296,2.0,1,Premium"
"882083749,51833636,2023-06-18 12:52:28,2023-06-18 13:09:28,2023-06-18 13:13:28,On Time,1142.73,Cash,42317,5887,4.0,1,Large"
"3185510401,43990799,2024-10-14 00:24:10,2024-10-14 00:36:10,2024-10-14 00:40:10,On Time,749.5,Upi,60744,8587,4.0,1,Medium"
"7760767006,93018527,2023-08-19 12:04:44,2023-08-19 12:19:44,2023-08-19 12:14:44,On Time,1014.49,Upi,88497,8076,-5.0,0,Large"
"3833878150,644189,2024-06-23 18:54:35,2024-06-23 19:07:35,2024-06-23 19:33:35,Significantly Delayed,3376.0,Cash,27906,315,26.0,1,Premium"
"369899578,44198187,2023-08-19 14:17:49,2023-08-19 14:31:49,2023-08-19 14:32:49,On Time,2313.22,Cash,85235,7302,1.0,1,Premium"
"1944466212,70798876,2024-09-09 14:02:49,2024-09-09 14:21:49,2024-09-09 14:20:49,On Time,2523.57,Upi,77615,4024,-1.0,0,Premium"
"4064447117,6061349,2024-02-25 22:19:59,2024-02-25 22:34:59,2024-02-25 22:53:59,Significantly Delayed,2534.24,Cash,36940,394,19.0,1,Premium"
"1553685597,22822088,2024-10-28 00:27:04,2024-10-28 00:43:04,2024-10-28 01:13:04,Significantly Delayed,2962.71,Card,246,3414,30.0,1,Premium"
"3682284811,96009692,2024-07-18 20:57:10,2024-07-18 21:13:10,2024-07-18 21:10:10,On Time,4471.32,Upi,10177,6603,-3.0,0,Premium"
"291439357,62679120,2023-04-11 02:13:39,2023-04-11 02:30:39,2023-04-11 02:33:39,On Time,2008.62,Upi,8626,5860,3.0,1,Premium"
"8285784194,17390673,2024-09-30 15:47:01,2024-09-30 15:57:01,2024-09-30 15:59:01,On Time,1107.52,Upi,72635,9982,2.0,1,Large"
"5058742647,29562254,2024-09-17 23:35:30,2024-09-17 23:51:30,2024-09-17 23:55:30,On Time,1943.59,Upi,25730,579,4.0,1,Large"
"6917020296,34655710,2024-07-10 21:48:57,2024-07-10 22:00:57,2024-07-10 22:03:57,On Time,705.42,Card,41276,6483,3.0,1,Medium"
"6671181961,50968312,2023-10-13 05:37:23,2023-10-13 05:49:23,2023-10-13 05:51:23,On Time,2732.0,Wallet,46269,5607,2.0,1,Premium"
"5123439997,89886179,2024-02-15 18:57:33,2024-02-15 19:13:33,2024-02-15 19:15:33,On Time,1789.27,Cash,55720,2403,2.0,1,Large"
"8510183245,3897936,2024-10-01 20:56:57,2024-10-01 21:07:57,2024-10-01 21:02:57,On Time,2914.71,Wallet,94891,466,-5.0,0,Premium"
"6081384585,94529626,2024-03-04 04:03:00,2024-03-04 04:19:00,2024-03-04 04:20:00,On Time,4519.77,Cash,96881,1823,1.0,1,Premium"
"4423613746,98088303,2023-08-27 18:01:35,2023-08-27 18:11:35,2023-08-27 18:20:35,Slightly Delayed,4916.33,Upi,1185,1660,9.0,1,Premium"
"1530472691,82169898,2024-08-09 14:17:38,2024-08-09 14:35:38,2024-08-09 14:46:38,Slightly Delayed,3469.84,Upi,7489,7153,11.0,1,Premium"
"7009303199,85519349,2024-02-25 10:37:03,2024-02-25 10:51:03,2024-02-25 10:59:03,Slightly Delayed,3223.07,Upi,72585,2783,8.0,1,Premium"
"5386652055,71252391,2024-04-16 15:24:06,2024-04-16 15:40:06,2024-04-16 15:47:06,Slightly Delayed,2799.46,Card,4038,2212,7.0,1,Premium"
"4413239746,22915611,2023-04-10 07:24:44,2023-04-10 07:41:44,2023-04-10 07:54:44,Slightly Delayed,811.95,Upi,21923,7096,13.0,1,Medium"
"4988875078,65514005,2023-07-23 15:48:57,2023-07-23 16:02:57,2023-07-23 16:16:57,Slightly Delayed,3485.65,Upi,3617,7938,14.0,1,Premium"
"1617565217,43518622,2024-06-01 12:51:43,2024-06-01 13:03:43,2024-06-01 13:02:43,On Time,2865.04,Upi,5577,4961,-1.0,0,Premium"
"392038758,24144240,2024-07-23 18:36:20,2024-07-23 18:50:20,2024-07-23 18:58:20,Slightly Delayed,3639.23,Card,62825,9624,8.0,1,Premium"
"1828727552,12455156,2024-03-26 14:32:53,2024-03-26 14:51:53,2024-03-26 14:54:53,On Time,2106.13,Cash,92001,3243,3.0,1,Premium"
"7119397338,25850478,2024-10-28 22:53:36,2024-10-28 23:10:36,2024-10-28 23:13:36,On Time,874.78,Cash,39725,6526,3.0,1,Medium"
"2611271708,11446157,2024-04-26 05:34:58,2024-04-26 05:44:58,2024-04-26 05:47:58,On Time,1171.77,Card,54792,3166,3.0,1,Large"
"7162509481,1174162,2024-10-17 00:59:37,2024-10-17 01:11:37,2024-10-17 01:06:37,On Time,1157.52,Wallet,20373,6948,-5.0,0,Large"
"131913576,48228547,2023-10-17 03:00:39,2023-10-17 03:10:39,2023-10-17 03:12:39,On Time,2136.82,Wallet,27197,3581,2.0,1,Premium"
"6627201490,28991365,2023-12-10 14:55:32,2023-12-10 15:06:32,2023-12-10 15:17:32,Slightly Delayed,1393.12,Cash,31046,8796,11.0,1,Large"
"4644950813,81655250,2023-08-21 09:02:19,2023-08-21 09:22:19,2023-08-21 09:27:19,On Time,2392.8,Card,2614,3353,5.0,1,Premium"
"9434934993,92027021,2024-08-09 07:08:04,2024-08-09 07:26:04,2024-08-09 07:39:04,Slightly Delayed,698.38,Cash,95990,5431,13.0,1,Medium"
"2556317798,29562072,2023-09-14 03:54:55,2023-09-14 04:05:55,2023-09-14 04:03:55,On Time,1675.35,Cash,76160,8303,-2.0,0,Large"
"2826150539,24456825,2023-11-05 10:24:11,2023-11-05 10:42:11,2023-11-05 10:47:11,On Time,2121.58,Card,19554,6711,5.0,1,Premium"
"4283803308,4543215,2023-12-08 04:15:17,2023-12-08 04:28:17,2023-12-08 04:32:17,On Time,2653.37,Upi,29754,7787,4.0,1,Premium"
"6873424093,35705377,2024-02-10 23:18:46,2024-02-10 23:28:46,2024-02-10 23:29:46,On Time,2891.16,Upi,61533,4281,1.0,1,Premium"
"4741294126,66354642,2024-09-05 08:27:06,2024-09-05 08:37:06,2024-09-05 08:38:06,On Time,2218.23,Cash,84476,5064,1.0,1,Premium"
"4967241271,45708879,2023-05-03 22:35:20,2023-05-03 22:55:20,2023-05-03 22:56:20,On Time,641.98,Wallet,73253,6076,1.0,1,Medium"
"9554079946,69516494,2023-12-23 09:57:12,2023-12-23 10:10:12,2023-12-23 10:10:12,On Time,3528.74,Wallet,90188,8757,0.0,0,Premium"
"4601205399,97111069,2023-07-14 20:15:51,2023-07-14 20:34:51,2023-07-14 20:39:51,On Time,3250.65,Wallet,36629,2051,5.0,1,Premium"
"5633967304,72605638,2024-01-30 19:14:01,2024-01-30 19:33:01,2024-01-30 19:48:01,Slightly Delayed,2009.59,Cash,93942,619,15.0,1,Premium"
"4168163237,47503133,2023-07-06 00:28:47,2023-07-06 00:44:47,2023-07-06 00:56:47,Slightly Delayed,1178.88,Wallet,32090,7103,12.0,1,Large"
"5924297360,59197894,2024-09-09 21:59:31,2024-09-09 22:12:31,2024-09-09 22:27:31,Slightly Delayed,723.44,Wallet,50579,235,15.0,1,Medium"
"2120299901,28499191,2024-06-12 09:32:04,2024-06-12 09:45:04,2024-06-12 09:41:04,On Time,1204.42,Card,35726,5282,-4.0,0,Large"
"1070876534,59329145,2024-02-21 19:01:21,2024-02-21 19:12:21,2024-02-21 19:08:21,On Time,4573.95,Cash,14388,7142,-4.0,0,Premium"
"7032280048,18567760,2023-09-15 22:21:31,2023-09-15 22:32:31,2023-09-15 22:35:31,On Time,1403.74,Upi,41473,9632,3.0,1,Large"
"156346853,57331847,2023-03-30 09:00:22,2023-03-30 09:13:22,2023-03-30 09:28:22,Slightly Delayed,1506.38,Card,16610,5266,15.0,1,Large"
"6873267326,45546750,2024-02-10 07:52:23,2024-02-10 08:03:23,2024-02-10 08:11:23,Slightly Delayed,2229.88,Cash,63685,9190,8.0,1,Premium"
"1370661468,64795608,2023-09-27 02:02:46,2023-09-27 02:20:46,2023-09-27 02:24:46,On Time,957.45,Wallet,83004,9329,4.0,1,Medium"
"3612128358,8513589,2024-04-24 23:13:39,2024-04-24 23:29:39,2024-04-24 23:28:39,On Time,1654.11,Upi,63526,4147,-1.0,0,Large"
"1736953222,86704661,2024-02-18 14:00:30,2024-02-18 14:11:30,2024-02-18 14:21:30,Slightly Delayed,3889.08,Wallet,46700,865,10.0,1,Premium"
"9107923488,85354059,2023-11-20 04:53:01,2023-11-20 05:07:01,2023-11-20 05:11:01,On Time,2768.96,Wallet,22157,129,4.0,1,Premium"
"4378877600,46989310,2023-11-27 11:09:25,2023-11-27 11:29:25,2023-11-27 11:43:25,Slightly Delayed,1365.37,Wallet,31527,8602,14.0,1,Large"
"3232762361,22613559,2023-07-24 15:36:05,2023-07-24 15:47:05,2023-07-24 15:45:05,On Time,2843.52,Wallet,89153,6335,-2.0,0,Premium"
"1831641377,76971644,2024-03-19 04:14:41,2024-03-19 04:29:41,2024-03-19 04:39:41,Slightly Delayed,3402.24,Cash,48691,8563,10.0,1,Premium"
"562428866,57833505,2023-04-17 19:29:17,2023-04-17 19:46:17,2023-04-17 20:00:17,Slightly Delayed,896.97,Card,47688,5415,14.0,1,Medium"
"4607715908,59095971,2024-08-24 22:51:27,2024-08-24 23:03:27,2024-08-24 23:10:27,Slightly Delayed,4650.66,Upi,22498,8376,7.0,1,Premium"
"4804575203,53974737,2023-05-23 21:43:41,2023-05-23 21:56:41,2023-05-23 22:19:41,Significantly Delayed,1762.54,Wallet,32008,7722,23.0,1,Large"
"8287234948,47939657,2024-10-07 07:48:35,2024-10-07 08:01:35,2024-10-07 08:04:35,On Time,1856.75,Upi,4824,1362,3.0,1,Large"
"6074452586,78806824,2023-09-01 08:30:26,2023-09-01 08:46:26,2023-09-01 08:50:26,On Time,81.35,Cash,11946,5358,4.0,1,Small"
"6821790656,66710182,2024-08-03 13:10:35,2024-08-03 13:22:35,2024-08-03 13:23:35,On Time,2094.62,Wallet,64612,3938,1.0,1,Premium"
"7821942520,84468124,2024-02-12 23:57:16,2024-02-13 00:12:16,2024-02-13 00:13:16,On Time,2732.91,Wallet,11136,5805,1.0,1,Premium"
"3012496270,27604184,2023-04-06 03:45:57,2023-04-06 04:04:57,2023-04-06 04:04:57,On Time,2270.44,Upi,96443,6783,0.0,0,Premium"
"8980370750,76971644,2023-09-15 14:47:03,2023-09-15 15:04:03,2023-09-15 15:05:03,On Time,901.58,Card,29273,5440,1.0,1,Medium"
"6535672015,4758426,2023-05-05 08:41:49,2023-05-05 08:55:49,2023-05-05 09:00:49,On Time,2685.35,Upi,91217,8612,5.0,1,Premium"
"6999060704,15534747,2023-04-28 15:55:23,2023-04-28 16:11:23,2023-04-28 16:18:23,Slightly Delayed,672.73,Wallet,29169,7616,7.0,1,Medium"
"9403732731,73393269,2024-05-26 15:50:08,2024-05-26 16:03:08,2024-05-26 16:07:08,On Time,2995.55,Cash,97526,9483,4.0,1,Premium"
"5649255352,84119685,2024-10-30 23:39:54,2024-10-30 23:50:54,2024-10-30 23:52:54,On Time,3938.48,Cash,42987,1418,2.0,1,Premium"
"5034409841,46629917,2023-08-15 03:17:51,2023-08-15 03:32:51,2023-08-15 03:50:51,Significantly Delayed,2746.95,Wallet,71481,7048,18.0,1,Premium"
"9072111617,49985597,2024-09-15 22:20:56,2024-09-15 22:30:56,2024-09-15 22:27:56,On Time,2799.39,Upi,7933,8322,-3.0,0,Premium"
"9556880451,48778633,2023-10-08 11:26:54,2023-10-08 11:39:54,2023-10-08 11:34:54,On Time,4818.86,Card,26471,6502,-5.0,0,Premium"
"4602796463,22047134,2024-09-12 05:20:17,2024-09-12 05:39:17,2024-09-12 05:44:17,On Time,2500.69,Upi,15486,8616,5.0,1,Premium"
"6061353924,49241309,2024-03-03 22:15:37,2024-03-03 22:26:37,2024-03-03 22:23:37,On Time,1424.69,Wallet,5451,5328,-3.0,0,Large"
"4366519080,63339001,2023-05-29 17:54:41,2023-05-29 18:10:41,2023-05-29 18:06:41,On Time,2771.3,Cash,71938,2822,-4.0,0,Premium"
"1324817141,71694275,2023-08-17 22:02:37,2023-08-17 22:14:37,2023-08-17 22:12:37,On Time,5053.37,Card,88990,7839,-2.0,0,Premium"
"5419080144,55404382,2024-11-01 16:44:12,2024-11-01 16:59:12,2024-11-01 16:54:12,On Time,2197.72,Cash,87381,7631,-5.0,0,Premium"
"8813470284,57537308,2024-01-04 05:16:34,2024-01-04 05:35:34,2024-01-04 05:30:34,On Time,1665.1,Card,39091,7291,-5.0,0,Large"
"3182992799,81906973,2023-10-18 13:55:00,2023-10-18 14:12:00,2023-10-18 14:25:00,Slightly Delayed,4329.87,Cash,26718,707,13.0,1,Premium"
"7792996715,22081691,2024-01-03 15:04:47,2024-01-03 15:14:47,2024-01-03 15:09:47,On Time,949.2,Card,57039,1556,-5.0,0,Medium"
"6962624734,88866835,2023-04-27 08:57:43,2023-04-27 09:12:43,2023-04-27 09:17:43,On Time,3579.41,Wallet,32296,3730,5.0,1,Premium"
"5948662456,35988028,2023-06-29 18:25:14,2023-06-29 18:45:14,2023-06-29 18:47:14,On Time,4187.66,Card,39614,4341,2.0,1,Premium"
"3395675979,88202341,2023-06-10 15:59:50,2023-06-10 16:10:50,2023-06-10 16:07:50,On Time,2930.34,Cash,8303,4842,-3.0,0,Premium"
"7550368787,51592174,2023-12-30 17:50:47,2023-12-30 18:05:47,2023-12-30 18:17:47,Slightly Delayed,5268.01,Cash,25992,6776,12.0,1,Premium"
"8357671697,97388817,2024-04-14 00:42:08,2024-04-14 00:56:08,2024-04-14 00:55:08,On Time,39.65,Wallet,16324,7960,-1.0,0,Small"
"9600704922,90372221,2023-11-13 12:31:56,2023-11-13 12:51:56,2023-11-13 12:50:56,On Time,2378.52,Cash,40938,7419,-1.0,0,Premium"
"9915229426,12832151,2024-02-03 02:47:57,2024-02-03 02:57:57,2024-02-03 02:57:57,On Time,37.8,Cash,7428,9437,0.0,0,Small"
"9927474026,94137242,2023-03-28 04:07:24,2023-03-28 04:20:24,2023-03-28 04:33:24,Slightly Delayed,530.85,Cash,85439,2201,13.0,1,Medium"
"6310535397,21461764,2023-05-26 17:46:19,2023-05-26 18:03:19,2023-05-26 18:03:19,On Time,5015.88,Card,8620,724,0.0,0,Premium"
"8045941430,67829645,2023-05-24 15:07:03,2023-05-24 15:22:03,2023-05-24 15:22:03,On Time,2667.64,Wallet,43620,4497,0.0,0,Premium"
"4390394582,49795571,2024-11-02 11:28:29,2024-11-02 11:38:29,2024-11-02 11:38:29,On Time,1170.39,Cash,97518,9251,0.0,0,Large"
"5062545226,84275450,2023-11-28 04:16:44,2023-11-28 04:36:44,2023-11-28 04:33:44,On Time,2945.03,Wallet,54305,5297,-3.0,0,Premium"
"2836701831,62323608,2024-06-13 14:15:45,2024-06-13 14:27:45,2024-06-13 14:31:45,On Time,354.52,Card,84057,5443,4.0,1,Small"
"4115492281,32540616,2024-01-07 01:31:47,2024-01-07 01:51:47,2024-01-07 01:52:47,On Time,4248.74,Wallet,99505,3859,1.0,1,Premium"
"3554645781,26227445,2024-04-25 14:58:42,2024-04-25 15:15:42,2024-04-25 15:24:42,Slightly Delayed,2108.47,Card,64263,2659,9.0,1,Premium"
"3983605701,19067680,2024-01-27 12:28:20,2024-01-27 12:43:20,2024-01-27 12:52:20,Slightly Delayed,3627.25,Card,58335,6323,9.0,1,Premium"
"8581516385,8241122,2023-12-14 19:30:41,2023-12-14 19:49:41,2023-12-14 19:49:41,On Time,681.54,Card,29947,5072,0.0,0,Medium"
"8290229112,88923048,2024-03-09 05:06:27,2024-03-09 05:19:27,2024-03-09 05:16:27,On Time,517.77,Wallet,29611,3964,-3.0,0,Medium"
"1195560119,83039559,2023-04-03 17:20:14,2023-04-03 17:33:14,2023-04-03 17:36:14,On Time,552.2,Cash,6698,4616,3.0,1,Medium"
"5077327994,243838,2023-08-01 20:07:55,2023-08-01 20:26:55,2023-08-01 20:23:55,On Time,2694.01,Card,93285,7335,-3.0,0,Premium"
"2945185661,81102955,2023-07-09 12:02:20,2023-07-09 12:20:20,2023-07-09 12:18:20,On Time,374.68,Card,6710,1453,-2.0,0,Small"
"3951005873,52085702,2024-10-03 15:03:55,2024-10-03 15:14:55,2024-10-03 15:09:55,On Time,832.06,Wallet,73170,3311,-5.0,0,Medium"
"3490816523,25128143,2024-01-27 20:17:17,2024-01-27 20:28:17,2024-01-27 20:43:17,Slightly Delayed,4284.99,Card,16914,6186,15.0,1,Premium"
"6739114301,51544662,2023-03-26 18:06:22,2023-03-26 18:26:22,2023-03-26 18:28:22,On Time,671.55,Upi,10714,2641,2.0,1,Medium"
"5728818155,31000129,2023-11-03 00:57:05,2023-11-03 01:10:05,2023-11-03 01:18:05,Slightly Delayed,2215.55,Cash,40143,1826,8.0,1,Premium"
"7713651693,8351747,2023-08-07 01:57:01,2023-08-07 02:11:01,2023-08-07 02:16:01,On Time,422.87,Wallet,17257,1825,5.0,1,Small"
"5452048621,22483684,2024-10-22 15:15:22,2024-10-22 15:28:22,2024-10-22 15:43:22,Slightly Delayed,947.95,Wallet,51769,8316,15.0,1,Medium"
"2297027645,36578947,2024-04-17 20:56:49,2024-04-17 21:16:49,2024-04-17 21:11:49,On Time,2036.46,Card,67885,6118,-5.0,0,Premium"
"2438302298,77862447,2023-04-24 00:00:48,2023-04-24 00:18:48,2023-04-24 00:33:48,Slightly Delayed,1175.49,Cash,96633,9218,15.0,1,Large"
"578811216,75739462,2024-06-18 10:23:42,2024-06-18 10:37:42,2024-06-18 10:55:42,Significantly Delayed,1980.99,Wallet,5169,9220,18.0,1,Large"
"8684710720,74172010,2023-09-12 02:25:31,2023-09-12 02:37:31,2023-09-12 02:36:31,On Time,1644.14,Cash,45070,5285,-1.0,0,Large"
"1249797614,54797119,2024-06-27 18:33:11,2024-06-27 18:43:11,2024-06-27 18:44:11,On Time,2735.5,Card,18282,4020,1.0,1,Premium"
"8013026217,52337289,2023-03-21 12:31:23,2023-03-21 12:41:23,2023-03-21 12:41:23,On Time,2368.0,Cash,53586,2524,0.0,0,Premium"
"5421697986,95971469,2023-05-26 02:27:40,2023-05-26 02:45:40,2023-05-26 02:49:40,On Time,3487.72,Wallet,87496,8132,4.0,1,Premium"
"8922741261,22133362,2024-08-11 00:35:08,2024-08-11 00:53:08,2024-08-11 00:54:08,On Time,2993.51,Cash,48378,3160,1.0,1,Premium"
"3441102335,12077371,2023-11-04 00:26:33,2023-11-04 00:39:33,2023-11-04 00:39:33,On Time,1197.76,Wallet,47299,422,0.0,0,Large"
"6065607924,91868185,2024-05-08 08:15:44,2024-05-08 08:33:44,2024-05-08 08:32:44,On Time,965.88,Upi,13007,6894,-1.0,0,Medium"
"5153395650,94033330,2023-03-23 15:24:35,2023-03-23 15:34:35,2023-03-23 15:38:35,On Time,1099.91,Card,19704,3067,4.0,1,Large"
"2215235447,88215615,2024-09-16 17:11:09,2024-09-16 17:25:09,2024-09-16 17:21:09,On Time,163.03,Card,26672,4283,-4.0,0,Small"
"5678676134,76917159,2024-09-21 15:30:00,2024-09-21 15:50:00,2024-09-21 15:46:00,On Time,1292.08,Card,90181,8198,-4.0,0,Large"
"5045588926,67092149,2023-07-04 16:03:56,2023-07-04 16:23:56,2023-07-04 16:24:56,On Time,2558.43,Upi,32917,4315,1.0,1,Premium"
"1677502866,24644542,2024-01-18 08:32:32,2024-01-18 08:46:32,2024-01-18 08:43:32,On Time,83.18,Upi,1304,7141,-3.0,0,Small"
"4777610024,81808190,2024-05-25 03:32:47,2024-05-25 03:47:47,2024-05-25 03:57:47,Slightly Delayed,1801.32,Cash,34722,6498,10.0,1,Large"
"477350788,3638834,2023-10-12 05:02:47,2023-10-12 05:18:47,2023-10-12 05:13:47,On Time,941.19,Upi,87,4511,-5.0,0,Medium"
"4616699342,11446157,2023-04-16 07:19:57,2023-04-16 07:39:57,2023-04-16 07:35:57,On Time,277.2,Card,34959,6080,-4.0,0,Small"
"8849914077,32527479,2024-01-30 00:01:27,2024-01-30 00:18:27,2024-01-30 00:17:27,On Time,3890.81,Wallet,91680,7826,-1.0,0,Premium"
"9183435457,25722990,2024-10-21 23:54:41,2024-10-22 00:07:41,2024-10-22 00:03:41,On Time,2131.39,Card,11473,1285,-4.0,0,Premium"
"6922646336,92416428,2023-06-23 23:49:44,2023-06-24 00:02:44,2023-06-24 00:05:44,On Time,3777.74,Cash,26070,1172,3.0,1,Premium"
"3228806806,70543108,2023-06-29 08:21:20,2023-06-29 08:31:20,2023-06-29 08:54:20,Significantly Delayed,1475.75,Wallet,4696,5166,23.0,1,Large"
"4893095476,21409946,2024-10-04 21:08:49,2024-10-04 21:24:49,2024-10-04 21:36:49,Slightly Delayed,2376.4,Card,71356,1079,12.0,1,Premium"
"7773468233,22210238,2023-10-05 08:15:49,2023-10-05 08:28:49,2023-10-05 08:30:49,On Time,2685.53,Wallet,3584,4796,2.0,1,Premium"
"5928657526,22076522,2023-10-14 12:34:49,2023-10-14 12:48:49,2023-10-14 12:49:49,On Time,2020.58,Card,91083,6758,1.0,1,Premium"
"4435936422,47206881,2023-12-01 19:44:39,2023-12-01 19:59:39,2023-12-01 19:58:39,On Time,1250.93,Wallet,84583,5011,-1.0,0,Large"
"6031122324,28603182,2024-06-25 15:25:20,2024-06-25 15:38:20,2024-06-25 15:39:20,On Time,3472.94,Upi,85429,5583,1.0,1,Premium"
"7286969496,75913572,2023-06-21 15:49:03,2023-06-21 16:03:03,2023-06-21 16:00:03,On Time,2193.54,Card,22044,5476,-3.0,0,Premium"
"4665508413,77035814,2023-11-02 01:31:14,2023-11-02 01:48:14,2023-11-02 01:48:14,On Time,2902.2,Cash,31212,9749,0.0,0,Premium"
"9224598372,50015282,2024-03-31 13:19:14,2024-03-31 13:32:14,2024-03-31 13:27:14,On Time,3973.73,Upi,432,6119,-5.0,0,Premium"
"842020543,99231937,2024-08-14 11:06:48,2024-08-14 11:17:48,2024-08-14 11:21:48,On Time,1387.32,Upi,13649,9009,4.0,1,Large"
"7237143327,96253172,2023-06-09 20:54:07,2023-06-09 21:07:07,2023-06-09 21:07:07,On Time,1430.36,Upi,40577,2030,0.0,0,Large"
"5095141954,1469696,2023-08-05 08:19:54,2023-08-05 08:37:54,2023-08-05 08:32:54,On Time,3229.91,Card,66856,4053,-5.0,0,Premium"
"6229535077,77869660,2024-04-01 05:57:44,2024-04-01 06:07:44,2024-04-01 06:04:44,On Time,2219.96,Cash,58180,2817,-3.0,0,Premium"
"2984879441,16379942,2024-04-22 07:45:06,2024-04-22 07:57:06,2024-04-22 08:01:06,On Time,736.92,Cash,87895,7081,4.0,1,Medium"
"785895477,11389698,2023-03-19 18:55:34,2023-03-19 19:10:34,2023-03-19 19:38:34,Significantly Delayed,397.68,Wallet,94534,7016,28.0,1,Small"
"6220343481,79895967,2023-06-02 23:01:29,2023-06-02 23:13:29,2023-06-02 23:17:29,On Time,3373.51,Upi,80069,6972,4.0,1,Premium"
"5897343054,52815265,2023-03-21 04:16:27,2023-03-21 04:28:27,2023-03-21 04:50:27,Significantly Delayed,171.2,Card,2375,2232,22.0,1,Small"
"60465,15808945,2024-10-23 05:23:29,2024-10-23 05:34:29,2024-10-23 05:39:29,On Time,589.47,Upi,58998,3943,5.0,1,Medium"
"2245476104,8628482,2023-06-01 09:19:59,2023-06-01 09:30:59,2023-06-01 09:33:59,On Time,3898.9,Wallet,18768,9265,3.0,1,Premium"
"6347292505,83597876,2024-06-24 19:43:14,2024-06-24 19:56:14,2024-06-24 20:02:14,Slightly Delayed,951.43,Cash,14479,7351,6.0,1,Medium"
"8321900643,1655637,2023-10-31 21:33:55,2023-10-31 21:49:55,2023-10-31 21:51:55,On Time,3517.14,Card,83965,2208,2.0,1,Premium"
"9639033064,20314691,2024-08-15 21:12:38,2024-08-15 21:22:38,2024-08-15 21:18:38,On Time,3291.28,Card,69379,7263,-4.0,0,Premium"
"2748368258,92404798,2023-08-03 23:54:52,2023-08-04 00:07:52,2023-08-04 00:02:52,On Time,870.29,Card,83680,4838,-5.0,0,Medium"
"1444371693,9274874,2023-05-06 08:21:49,2023-05-06 08:37:49,2023-05-06 08:41:49,On Time,869.55,Card,20972,4875,4.0,1,Medium"
"7111342746,35459748,2024-10-19 15:38:16,2024-10-19 15:48:16,2024-10-19 15:50:16,On Time,2441.75,Card,24182,8928,2.0,1,Premium"
"9457576236,80800079,2023-11-29 18:09:10,2023-11-29 18:28:10,2023-11-29 18:34:10,Slightly Delayed,826.21,Upi,62085,4040,6.0,1,Medium"
"4167252733,70589930,2023-11-27 16:52:53,2023-11-27 17:02:53,2023-11-27 17:01:53,On Time,878.07,Cash,29916,3501,-1.0,0,Medium"
"4304875010,89995124,2024-01-27 05:15:05,2024-01-27 05:35:05,2024-01-27 05:30:05,On Time,1994.43,Upi,31244,1214,-5.0,0,Large"
"4870910859,88532418,2023-07-04 04:47:00,2023-07-04 05:05:00,2023-07-04 05:00:00,On Time,1609.67,Card,55357,7224,-5.0,0,Large"
"3674118222,32868927,2024-07-25 07:34:25,2024-07-25 07:48:25,2024-07-25 07:54:25,Slightly Delayed,634.28,Upi,34829,8436,6.0,1,Medium"
"38408517,39674723,2023-11-26 08:38:03,2023-11-26 08:58:03,2023-11-26 09:20:03,Significantly Delayed,88.43,Cash,84919,5135,22.0,1,Small"
"3081609596,7076456,2023-04-09 04:16:53,2023-04-09 04:34:53,2023-04-09 04:34:53,On Time,3555.24,Card,77266,9310,0.0,0,Premium"
"1390229631,67952740,2023-08-07 07:39:06,2023-08-07 07:56:06,2023-08-07 08:06:06,Slightly Delayed,959.01,Upi,93232,8090,10.0,1,Medium"
"7498092418,50968312,2023-10-12 11:56:11,2023-10-12 12:10:11,2023-10-12 12:17:11,Slightly Delayed,918.36,Cash,54791,2681,7.0,1,Medium"
"3334055527,79298972,2023-04-18 12:19:04,2023-04-18 12:32:04,2023-04-18 12:36:04,On Time,1874.14,Cash,63631,1180,4.0,1,Large"
"8729426842,37904682,2023-06-07 03:07:57,2023-06-07 03:21:57,2023-06-07 03:16:57,On Time,2010.82,Wallet,75375,5045,-5.0,0,Premium"
"1722808791,51014003,2023-05-16 12:18:04,2023-05-16 12:35:04,2023-05-16 12:31:04,On Time,4509.16,Cash,24901,8921,-4.0,0,Premium"
"9775070757,55042740,2024-03-15 06:50:36,2024-03-15 07:08:36,2024-03-15 07:15:36,Slightly Delayed,1717.21,Upi,13251,2715,7.0,1,Large"
"4737779056,43980719,2024-08-08 23:52:43,2024-08-09 00:06:43,2024-08-09 00:01:43,On Time,785.67,Wallet,18157,2211,-5.0,0,Medium"
"2047483376,11493380,2023-10-15 15:42:58,2023-10-15 15:57:58,2023-10-15 15:59:58,On Time,4363.62,Card,55201,272,2.0,1,Premium"
"4758632331,34853377,2023-09-06 03:07:59,2023-09-06 03:20:59,2023-09-06 03:47:59,Significantly Delayed,329.79,Upi,87979,343,27.0,1,Small"
"4741574337,40841791,2024-02-09 01:49:09,2024-02-09 02:04:09,2024-02-09 02:08:09,On Time,3284.15,Cash,8790,7533,4.0,1,Premium"
"5805120939,12277039,2024-07-10 12:50:15,2024-07-10 13:06:15,2024-07-10 13:18:15,Slightly Delayed,3209.77,Wallet,42843,1933,12.0,1,Premium"
"7550508,93127511,2023-10-20 10:54:27,2023-10-20 11:07:27,2023-10-20 11:06:27,On Time,1067.68,Card,38073,70,-1.0,0,Large"
"1966056265,63802820,2024-08-11 04:52:11,2024-08-11 05:12:11,2024-08-11 05:17:11,On Time,3447.86,Card,1498,3255,5.0,1,Premium"
"6363072906,29095552,2024-07-08 15:33:40,2024-07-08 15:43:40,2024-07-08 15:40:40,On Time,1191.83,Card,44781,8282,-3.0,0,Large"
"7389054351,25585013,2023-12-22 06:50:03,2023-12-22 07:01:03,2023-12-22 07:00:03,On Time,3840.78,Cash,81899,8356,-1.0,0,Premium"
"7146572423,80954112,2023-06-01 18:32:03,2023-06-01 18:47:03,2023-06-01 18:50:03,On Time,3748.84,Upi,63798,9720,3.0,1,Premium"
"4590810848,20298398,2023-05-24 12:11:07,2023-05-24 12:22:07,2023-05-24 12:20:07,On Time,2867.36,Cash,58417,9423,-2.0,0,Premium"
"9226364404,29858395,2023-11-22 23:38:13,2023-11-22 23:56:13,2023-11-23 00:26:13,Significantly Delayed,2455.82,Wallet,69366,3041,30.0,1,Premium"
"6687792641,93924203,2024-05-20 06:53:38,2024-05-20 07:10:38,2024-05-20 07:11:38,On Time,1545.05,Wallet,85941,6901,1.0,1,Large"
"5183577434,2134827,2024-01-03 19:52:56,2024-01-03 20:12:56,2024-01-03 20:17:56,On Time,805.28,Card,48713,2731,5.0,1,Medium"
"7440785414,72132838,2023-11-01 08:29:02,2023-11-01 08:43:02,2023-11-01 08:40:02,On Time,4073.91,Upi,14917,7406,-3.0,0,Premium"
"7932057095,73363613,2023-09-20 03:04:19,2023-09-20 03:22:19,2023-09-20 03:18:19,On Time,1009.42,Upi,5226,9586,-4.0,0,Large"
"6126906924,33675108,2023-12-01 22:19:22,2023-12-01 22:36:22,2023-12-01 22:37:22,On Time,505.31,Card,2241,7608,1.0,1,Medium"
"8997788831,72495274,2023-03-23 23:23:53,2023-03-23 23:42:53,2023-03-23 23:38:53,On Time,2656.18,Card,69051,892,-4.0,0,Premium"
"3480516243,23567263,2024-08-05 23:53:45,2024-08-06 00:07:45,2024-08-06 00:12:45,On Time,2854.52,Upi,7250,7052,5.0,1,Premium"
"1234692850,76971644,2024-03-19 05:50:32,2024-03-19 06:09:32,2024-03-19 06:05:32,On Time,310.69,Upi,33571,8707,-4.0,0,Small"
"4954911880,82359623,2023-04-09 03:59:19,2023-04-09 04:14:19,2023-04-09 04:19:19,On Time,2079.76,Wallet,79410,7624,5.0,1,Premium"
"504060154,55060796,2023-07-18 20:40:32,2023-07-18 20:59:32,2023-07-18 21:15:32,Significantly Delayed,1828.77,Card,95455,5771,16.0,1,Large"
"8723752267,13494314,2024-07-09 03:05:36,2024-07-09 03:22:36,2024-07-09 03:24:36,On Time,3290.63,Card,61593,5975,2.0,1,Premium"
"5724116944,93938425,2024-06-20 20:28:08,2024-06-20 20:40:08,2024-06-20 20:50:08,Slightly Delayed,3853.5,Cash,93687,8923,10.0,1,Premium"
"8161349145,19080489,2024-03-12 10:56:36,2024-03-12 11:15:36,2024-03-12 11:22:36,Slightly Delayed,3929.07,Cash,34205,4594,7.0,1,Premium"
"2985254380,73377004,2023-11-04 05:17:43,2023-11-04 05:27:43,2023-11-04 05:27:43,On Time,2389.3,Cash,9722,9198,0.0,0,Premium"
"9837170359,42723554,2023-04-12 08:37:24,2023-04-12 08:54:24,2023-04-12 08:55:24,On Time,1785.4,Card,62865,9111,1.0,1,Large"
"3915323515,32987624,2024-09-11 00:36:04,2024-09-11 00:52:04,2024-09-11 00:50:04,On Time,3105.35,Card,4185,5303,-2.0,0,Premium"
"8829163586,11387110,2024-01-16 06:39:05,2024-01-16 06:59:05,2024-01-16 06:58:05,On Time,2922.5,Card,39532,1301,-1.0,0,Premium"
"961526405,63083547,2024-10-10 13:33:00,2024-10-10 13:46:00,2024-10-10 13:51:00,On Time,1022.7,Cash,5497,6651,5.0,1,Large"
"5792721465,49617892,2024-10-18 04:31:16,2024-10-18 04:47:16,2024-10-18 04:49:16,On Time,4645.02,Card,59382,7236,2.0,1,Premium"
"8094117960,95018817,2023-04-04 10:06:06,2023-04-04 10:19:06,2023-04-04 10:31:06,Slightly Delayed,1473.88,Cash,7809,7897,12.0,1,Large"
"9318325652,89986926,2024-04-12 11:16:31,2024-04-12 11:28:31,2024-04-12 11:29:31,On Time,1967.45,Upi,78258,155,1.0,1,Large"
"852676412,65570302,2024-08-11 14:07:16,2024-08-11 14:22:16,2024-08-11 14:29:16,Slightly Delayed,3996.42,Wallet,76980,6068,7.0,1,Premium"
"6487883093,37309023,2024-10-19 01:28:09,2024-10-19 01:42:09,2024-10-19 01:44:09,On Time,423.56,Card,54257,8843,2.0,1,Small"
"5398965602,99412119,2024-06-09 05:12:42,2024-06-09 05:31:42,2024-06-09 05:44:42,Slightly Delayed,2721.96,Card,42648,5367,13.0,1,Premium"
"6149664144,52678787,2024-10-21 02:14:42,2024-10-21 02:25:42,2024-10-21 02:43:42,Significantly Delayed,3045.23,Card,53283,2595,18.0,1,Premium"
"6231586256,12755730,2023-05-03 23:11:50,2023-05-03 23:28:50,2023-05-03 23:27:50,On Time,1467.19,Upi,10306,6970,-1.0,0,Large"
"4598622116,85518832,2024-03-19 06:18:28,2024-03-19 06:28:28,2024-03-19 06:48:28,Significantly Delayed,2982.31,Cash,61134,2501,20.0,1,Premium"
"8971796779,21786873,2024-07-03 07:25:02,2024-07-03 07:37:02,2024-07-03 07:37:02,On Time,1673.85,Wallet,9562,6345,0.0,0,Large"
"2148246883,93563435,2023-09-21 08:05:46,2023-09-21 08:22:46,2023-09-21 08:23:46,On Time,2742.01,Card,64363,2098,1.0,1,Premium"
"4357632507,6150721,2024-09-13 02:31:41,2024-09-13 02:49:41,2024-09-13 02:47:41,On Time,923.84,Cash,7296,886,-2.0,0,Medium"
"3323576462,20163931,2023-12-10 23:24:46,2023-12-10 23:34:46,2023-12-10 23:31:46,On Time,2160.52,Upi,62311,2647,-3.0,0,Premium"
"4220834107,74682740,2023-09-29 21:58:34,2023-09-29 22:17:34,2023-09-29 22:19:34,On Time,422.14,Upi,39345,3816,2.0,1,Small"
"4409513224,12814732,2024-10-26 17:06:24,2024-10-26 17:24:24,2024-10-26 17:39:24,Slightly Delayed,947.24,Card,42130,2470,15.0,1,Medium"
"5610159677,90184276,2023-08-31 12:25:40,2023-08-31 12:41:40,2023-08-31 12:39:40,On Time,1883.53,Wallet,19987,1911,-2.0,0,Large"
"6259219127,21577948,2023-05-12 21:31:44,2023-05-12 21:47:44,2023-05-12 21:52:44,On Time,2162.88,Card,17129,1861,5.0,1,Premium"
"5628497118,50229203,2024-10-24 08:05:56,2024-10-24 08:19:56,2024-10-24 08:34:56,Slightly Delayed,2543.92,Card,87309,7916,15.0,1,Premium"
"1508576390,81541985,2023-07-27 08:37:51,2023-07-27 08:49:51,2023-07-27 09:13:51,Significantly Delayed,1407.4,Upi,46857,2534,24.0,1,Large"
"5922953060,96628029,2024-09-13 18:08:03,2024-09-13 18:23:03,2024-09-13 18:25:03,On Time,1867.74,Card,71666,6461,2.0,1,Large"
"5130838561,10524732,2023-07-26 19:47:28,2023-07-26 20:06:28,2023-07-26 20:08:28,On Time,319.8,Wallet,26109,5623,2.0,1,Small"
"3217749279,40643232,2023-09-29 04:16:36,2023-09-29 04:36:36,2023-09-29 04:31:36,On Time,995.64,Cash,21471,1852,-5.0,0,Medium"
"9279422297,15043066,2023-04-07 10:39:15,2023-04-07 10:55:15,2023-04-07 10:54:15,On Time,2129.39,Card,29442,2698,-1.0,0,Premium"
"222955546,51661209,2023-09-27 18:47:23,2023-09-27 19:02:23,2023-09-27 19:24:23,Significantly Delayed,123.3,Wallet,69541,6514,22.0,1,Small"
"8290493339,69340015,2024-01-29 17:37:49,2024-01-29 17:50:49,2024-01-29 17:49:49,On Time,316.02,Card,23578,4728,-1.0,0,Small"
"6418952352,34381941,2023-08-31 15:44:34,2023-08-31 16:04:34,2023-08-31 16:02:34,On Time,2310.95,Card,27372,736,-2.0,0,Premium"
"8978231928,73799927,2024-10-30 16:12:20,2024-10-30 16:31:20,2024-10-30 16:39:20,Slightly Delayed,1938.5,Wallet,5320,1396,8.0,1,Large"
"3746306403,47625855,2023-07-03 01:48:54,2023-07-03 01:59:54,2023-07-03 02:02:54,On Time,2987.17,Wallet,24591,7362,3.0,1,Premium"
"3157198428,61753272,2024-10-30 05:05:11,2024-10-30 05:15:11,2024-10-30 05:11:11,On Time,635.77,Cash,42198,8431,-4.0,0,Medium"
"981939883,51119088,2023-05-03 16:43:24,2023-05-03 16:58:24,2023-05-03 17:08:24,Slightly Delayed,3449.49,Cash,60237,9433,10.0,1,Premium"
"6569836274,5228136,2024-06-24 17:12:34,2024-06-24 17:30:34,2024-06-24 17:41:34,Slightly Delayed,939.55,Cash,18594,357,11.0,1,Medium"
"5695124358,90144978,2024-05-16 05:05:56,2024-05-16 05:22:56,2024-05-16 05:18:56,On Time,1927.44,Cash,12767,1708,-4.0,0,Large"
"773335066,26935187,2023-07-24 21:59:43,2023-07-24 22:14:43,2023-07-24 22:13:43,On Time,2980.84,Card,91032,8054,-1.0,0,Premium"
"3618712852,27049432,2023-10-14 05:20:24,2023-10-14 05:33:24,2023-10-14 05:34:24,On Time,3254.15,Wallet,68636,9081,1.0,1,Premium"
"6009732867,6982488,2024-08-02 07:29:36,2024-08-02 07:39:36,2024-08-02 07:34:36,On Time,2793.26,Cash,91790,5502,-5.0,0,Premium"
"7269785858,47939657,2024-08-04 03:58:54,2024-08-04 04:17:54,2024-08-04 04:17:54,On Time,2799.31,Cash,6677,1264,0.0,0,Premium"
"5798831066,42102289,2024-04-16 21:48:06,2024-04-16 21:58:06,2024-04-16 21:54:06,On Time,1395.01,Upi,15811,9700,-4.0,0,Large"
"5330654120,90299101,2024-11-03 03:47:18,2024-11-03 04:06:18,2024-11-03 04:01:18,On Time,2238.94,Wallet,21693,1479,-5.0,0,Premium"
"462189338,34755436,2023-09-04 03:35:49,2023-09-04 03:51:49,2023-09-04 03:46:49,On Time,3958.23,Card,90802,4391,-5.0,0,Premium"
"7536187765,19091057,2024-04-15 19:33:23,2024-04-15 19:50:23,2024-04-15 19:47:23,On Time,4205.85,Cash,37981,3177,-3.0,0,Premium"
"9938820107,27304727,2023-11-07 10:46:13,2023-11-07 11:02:13,2023-11-07 11:00:13,On Time,3090.23,Cash,22973,4521,-2.0,0,Premium"
"9410751894,44859592,2024-07-25 06:19:25,2024-07-25 06:30:25,2024-07-25 06:28:25,On Time,755.91,Cash,38915,8533,-2.0,0,Medium"
"9172888683,71956734,2024-06-18 01:08:02,2024-06-18 01:21:02,2024-06-18 01:23:02,On Time,308.31,Upi,86299,787,2.0,1,Small"
"8018695018,68419593,2023-05-04 00:11:26,2023-05-04 00:29:26,2023-05-04 00:39:26,Slightly Delayed,651.93,Upi,75374,811,10.0,1,Medium"
"7456610316,74231111,2024-07-03 05:52:52,2024-07-03 06:06:52,2024-07-03 06:09:52,On Time,4217.75,Wallet,78607,9051,3.0,1,Premium"
"5627902734,69415494,2023-03-16 19:11:26,2023-03-16 19:25:26,2023-03-16 19:26:26,On Time,3265.08,Upi,78934,1809,1.0,1,Premium"
"5189768940,50045027,2023-10-05 08:20:29,2023-10-05 08:33:29,2023-10-05 08:34:29,On Time,530.85,Cash,38893,2998,1.0,1,Medium"
"173709007,43034188,2023-10-09 03:17:24,2023-10-09 03:27:24,2023-10-09 03:48:24,Significantly Delayed,2685.03,Upi,80576,3627,21.0,1,Premium"
"1485229334,17132416,2023-07-19 05:19:43,2023-07-19 05:36:43,2023-07-19 05:32:43,On Time,2966.09,Card,24486,2234,-4.0,0,Premium"
"9334479603,49147776,2023-04-16 20:15:21,2023-04-16 20:27:21,2023-04-16 20:27:21,On Time,2248.31,Card,10385,624,0.0,0,Premium"
"8674211510,10562528,2023-09-01 10:58:12,2023-09-01 11:16:12,2023-09-01 11:18:12,On Time,1028.49,Wallet,59298,2569,2.0,1,Large"
"390257855,5228136,2023-04-22 18:15:18,2023-04-22 18:34:18,2023-04-22 18:38:18,On Time,2763.17,Upi,10059,6446,4.0,1,Premium"
"6642374542,32019725,2024-08-30 20:29:58,2024-08-30 20:44:58,2024-08-30 20:44:58,On Time,4537.51,Cash,33880,3744,0.0,0,Premium"
"6585999443,93730857,2023-06-10 06:26:25,2023-06-10 06:39:25,2023-06-10 06:39:25,On Time,354.52,Upi,41264,8058,0.0,0,Small"
"622705569,93723634,2024-07-07 09:20:21,2024-07-07 09:33:21,2024-07-07 09:31:21,On Time,990.34,Card,50356,7060,-2.0,0,Medium"
"1635083835,79135318,2023-09-27 08:43:18,2023-09-27 09:01:18,2023-09-27 09:16:18,Slightly Delayed,2104.24,Card,52328,8601,15.0,1,Premium"
"7359512417,96511007,2024-08-30 06:37:00,2024-08-30 06:49:00,2024-08-30 07:03:00,Slightly Delayed,1010.15,Card,99158,8982,14.0,1,Large"
"9237698013,79895967,2024-08-15 20:42:56,2024-08-15 20:55:56,2024-08-15 20:54:56,On Time,2101.0,Upi,97783,901,-1.0,0,Premium"
"3492935177,3660263,2024-03-24 00:55:20,2024-03-24 01:11:20,2024-03-24 01:13:20,On Time,899.58,Wallet,92168,5029,2.0,1,Medium"
"4324086468,68486301,2024-02-25 04:33:09,2024-02-25 04:43:09,2024-02-25 04:47:09,On Time,3675.75,Card,98362,9966,4.0,1,Premium"
"9171218505,89968482,2024-05-31 15:09:35,2024-05-31 15:19:35,2024-05-31 15:42:35,Significantly Delayed,4727.19,Cash,20611,3856,23.0,1,Premium"
"5068157547,46741896,2023-10-10 13:05:06,2023-10-10 13:23:06,2023-10-10 13:20:06,On Time,3073.17,Upi,88481,6731,-3.0,0,Premium"
"8558710948,70459847,2024-06-21 18:44:51,2024-06-21 18:57:51,2024-06-21 19:01:51,On Time,3199.48,Wallet,77005,8970,4.0,1,Premium"
"3184669775,71643758,2024-05-13 02:47:12,2024-05-13 02:58:12,2024-05-13 03:26:12,Significantly Delayed,4406.88,Cash,19867,2888,28.0,1,Premium"
"7079324691,38902193,2023-04-04 09:05:35,2023-04-04 09:25:35,2023-04-04 09:23:35,On Time,1955.04,Upi,462,7275,-2.0,0,Large"
"4210311922,56195475,2023-05-17 20:54:34,2023-05-17 21:10:34,2023-05-17 21:12:34,On Time,340.36,Upi,10778,1290,2.0,1,Small"
"7660037070,82585664,2024-02-16 20:58:57,2024-02-16 21:08:57,2024-02-16 21:04:57,On Time,2558.05,Wallet,70814,9854,-4.0,0,Premium"
"9410025634,59643062,2024-01-28 03:08:47,2024-01-28 03:23:47,2024-01-28 03:26:47,On Time,3566.13,Card,88594,9721,3.0,1,Premium"
"6798589010,18035010,2023-09-27 15:18:51,2023-09-27 15:29:51,2023-09-27 15:38:51,Slightly Delayed,935.2,Upi,91875,7780,9.0,1,Medium"
"5401466202,12305040,2024-09-26 19:49:44,2024-09-26 20:01:44,2024-09-26 20:14:44,Slightly Delayed,4220.5,Card,7713,916,13.0,1,Premium"
"9102648124,81533356,2024-01-06 15:27:13,2024-01-06 15:39:13,2024-01-06 15:49:13,Slightly Delayed,2393.42,Upi,87083,3462,10.0,1,Premium"
"1969956670,32203588,2024-10-24 01:26:23,2024-10-24 01:46:23,2024-10-24 01:54:23,Slightly Delayed,730.66,Wallet,72157,4929,8.0,1,Medium"
"1194228460,61516967,2024-03-11 16:11:01,2024-03-11 16:26:01,2024-03-11 16:25:01,On Time,4057.11,Card,35853,4890,-1.0,0,Premium"
"9628463148,12814732,2024-08-25 16:54:55,2024-08-25 17:14:55,2024-08-25 17:19:55,On Time,4238.73,Upi,5444,8746,5.0,1,Premium"
"7745364283,25585013,2023-06-18 18:50:01,2023-06-18 19:08:01,2023-06-18 19:11:01,On Time,722.02,Wallet,23255,7277,3.0,1,Medium"
"9892343037,55472026,2024-07-31 02:40:27,2024-07-31 02:54:27,2024-07-31 03:13:27,Significantly Delayed,879.67,Cash,19236,498,19.0,1,Medium"
"1588828749,11540364,2023-11-17 13:40:42,2023-11-17 13:53:42,2023-11-17 13:56:42,On Time,3402.86,Upi,54662,3483,3.0,1,Premium"
"4037647778,63802820,2023-03-17 05:37:10,2023-03-17 05:49:10,2023-03-17 05:48:10,On Time,1697.37,Wallet,651,4943,-1.0,0,Large"
"6664301655,57474553,2023-07-31 01:34:44,2023-07-31 01:50:44,2023-07-31 01:48:44,On Time,4469.96,Wallet,67132,4944,-2.0,0,Premium"
"7096225581,6319646,2024-06-27 13:54:51,2024-06-27 14:05:51,2024-06-27 14:10:51,On Time,2458.6,Wallet,33119,7008,5.0,1,Premium"
"79029185,39645619,2024-06-06 13:46:34,2024-06-06 14:05:34,2024-06-06 14:20:34,Slightly Delayed,1039.32,Cash,72146,5208,15.0,1,Large"
"7831967187,81528623,2023-06-06 00:47:41,2023-06-06 01:01:41,2023-06-06 01:01:41,On Time,923.84,Card,34714,1288,0.0,0,Medium"
"482214790,31156674,2023-04-10 05:37:48,2023-04-10 05:48:48,2023-04-10 05:52:48,On Time,631.7,Wallet,49560,7028,4.0,1,Medium"
"5931307224,2361575,2023-11-27 08:46:41,2023-11-27 08:58:41,2023-11-27 09:22:41,Significantly Delayed,4401.93,Cash,44956,7790,24.0,1,Premium"
"6410432854,28995786,2023-11-23 13:40:14,2023-11-23 13:53:14,2023-11-23 13:59:14,Slightly Delayed,831.1,Wallet,44093,1051,6.0,1,Medium"
"6124624375,26844216,2024-09-12 04:06:44,2024-09-12 04:26:44,2024-09-12 04:32:44,Slightly Delayed,2750.43,Wallet,53745,2393,6.0,1,Premium"
"8992870838,46504355,2023-09-17 06:19:15,2023-09-17 06:36:15,2023-09-17 06:31:15,On Time,2952.73,Cash,81482,3644,-5.0,0,Premium"
"8377146126,33331259,2024-02-27 17:32:31,2024-02-27 17:51:31,2024-02-27 17:47:31,On Time,3171.87,Wallet,5897,3287,-4.0,0,Premium"
"7852428533,9246851,2023-06-05 06:19:09,2023-06-05 06:31:09,2023-06-05 06:37:09,Slightly Delayed,895.48,Wallet,50641,4845,6.0,1,Medium"
"9258876870,26303194,2024-03-14 16:02:39,2024-03-14 16:16:39,2024-03-14 16:13:39,On Time,1155.09,Wallet,20123,3914,-3.0,0,Large"
"6810940082,84953008,2023-11-02 14:40:54,2023-11-02 14:52:54,2023-11-02 14:55:54,On Time,1995.03,Cash,15147,3807,3.0,1,Large"
"3330538479,98246574,2024-01-23 16:21:51,2024-01-23 16:31:51,2024-01-23 16:30:51,On Time,2408.31,Card,52024,8911,-1.0,0,Premium"
"7270469981,22210238,2023-07-28 03:37:24,2023-07-28 03:50:24,2023-07-28 03:47:24,On Time,4419.3,Upi,60463,5723,-3.0,0,Premium"
"5636241570,94281220,2024-06-21 20:13:31,2024-06-21 20:24:31,2024-06-21 20:28:31,On Time,482.06,Upi,98065,6451,4.0,1,Small"
"4467471002,74179536,2023-11-27 13:08:59,2023-11-27 13:28:59,2023-11-27 13:44:59,Significantly Delayed,1496.97,Wallet,81664,2206,16.0,1,Large"
"6201821502,45166203,2024-05-03 13:04:47,2024-05-03 13:23:47,2024-05-03 13:30:47,Slightly Delayed,1548.37,Upi,57553,5847,7.0,1,Large"
"6144140039,66233704,2024-03-22 18:58:48,2024-03-22 19:18:48,2024-03-22 19:13:48,On Time,223.27,Cash,6277,4633,-5.0,0,Small"
"3310749597,95372766,2023-07-05 04:10:43,2023-07-05 04:30:43,2023-07-05 04:40:43,Slightly Delayed,1718.88,Cash,34920,8028,10.0,1,Large"
"5085488484,67215939,2023-12-09 11:46:45,2023-12-09 11:56:45,2023-12-09 11:53:45,On Time,3736.39,Cash,30364,9241,-3.0,0,Premium"
"587498345,69863493,2024-06-28 03:45:22,2024-06-28 04:04:22,2024-06-28 04:18:22,Slightly Delayed,3056.03,Cash,93712,4586,14.0,1,Premium"
"5136205193,82804543,2023-08-22 07:04:34,2023-08-22 07:18:34,2023-08-22 07:17:34,On Time,1273.97,Card,35041,9587,-1.0,0,Large"
"9321319130,48943848,2023-12-31 11:47:11,2023-12-31 12:01:11,2023-12-31 12:00:11,On Time,1466.04,Card,57794,7781,-1.0,0,Large"
"9113393578,82359623,2023-12-09 00:01:07,2023-12-09 00:15:07,2023-12-09 00:16:07,On Time,1634.71,Cash,37638,6880,1.0,1,Large"
"3860678807,65488134,2023-04-19 14:13:34,2023-04-19 14:27:34,2023-04-19 14:37:34,Slightly Delayed,1834.92,Card,82696,9444,10.0,1,Large"
"3603683788,31026200,2023-08-18 09:47:35,2023-08-18 09:57:35,2023-08-18 09:52:35,On Time,3085.77,Upi,64456,2472,-5.0,0,Premium"
"4472082279,41181125,2023-10-15 04:30:26,2023-10-15 04:42:26,2023-10-15 04:41:26,On Time,3887.92,Upi,33852,1425,-1.0,0,Premium"
"4104732514,35156679,2024-06-13 19:44:54,2024-06-13 20:04:54,2024-06-13 20:04:54,On Time,1358.46,Cash,95165,4237,0.0,0,Large"
"9050314096,75510747,2023-05-26 07:15:43,2023-05-26 07:34:43,2023-05-26 07:31:43,On Time,883.44,Wallet,63220,9917,-3.0,0,Medium"
"9296105870,77614510,2024-02-21 17:03:42,2024-02-21 17:20:42,2024-02-21 17:22:42,On Time,697.26,Wallet,24307,6696,2.0,1,Medium"
"4678456188,21701991,2023-12-12 12:42:19,2023-12-12 12:58:19,2023-12-12 13:26:19,Significantly Delayed,3601.48,Card,70252,1864,28.0,1,Premium"
"812386333,72605638,2024-09-18 10:20:36,2024-09-18 10:33:36,2024-09-18 10:29:36,On Time,1207.74,Upi,10021,4529,-4.0,0,Large"
"8100314462,15345667,2024-02-10 14:36:00,2024-02-10 14:55:00,2024-02-10 15:20:00,Significantly Delayed,3322.54,Card,60492,3141,25.0,1,Premium"
"781509952,41878908,2023-04-02 18:57:48,2023-04-02 19:14:48,2023-04-02 19:12:48,On Time,3133.36,Card,41511,8020,-2.0,0,Premium"
"1918416669,99695529,2023-05-08 22:55:16,2023-05-08 23:14:16,2023-05-08 23:19:16,On Time,4309.86,Upi,33170,8311,5.0,1,Premium"
"1152165724,90448312,2024-01-04 10:15:15,2024-01-04 10:35:15,2024-01-04 11:00:15,Significantly Delayed,1243.42,Wallet,53106,9365,25.0,1,Large"
"9664390656,16420489,2023-08-09 09:21:19,2023-08-09 09:37:19,2023-08-09 09:39:19,On Time,3445.68,Upi,16129,1181,2.0,1,Premium"
"2686950796,22081691,2023-05-15 08:13:32,2023-05-15 08:30:32,2023-05-15 08:49:32,Significantly Delayed,3339.57,Cash,7632,59,19.0,1,Premium"
"7332801173,89472859,2023-06-12 14:45:29,2023-06-12 15:01:29,2023-06-12 15:02:29,On Time,2144.77,Cash,81859,4575,1.0,1,Premium"
"3503438244,24745800,2024-02-14 01:04:54,2024-02-14 01:15:54,2024-02-14 01:13:54,On Time,3086.21,Wallet,17071,7133,-2.0,0,Premium"
"4044591373,65782437,2024-04-19 14:16:19,2024-04-19 14:33:19,2024-04-19 14:38:19,On Time,1042.86,Cash,22077,7305,5.0,1,Large"
"7817195618,40703374,2023-05-16 23:58:22,2023-05-17 00:09:22,2023-05-17 00:11:22,On Time,2901.47,Card,69802,7138,2.0,1,Premium"
"8974710941,96109948,2024-09-03 04:46:02,2024-09-03 04:58:02,2024-09-03 05:13:02,Slightly Delayed,1827.41,Card,23334,9285,15.0,1,Large"
"2811268404,98691989,2023-07-21 16:42:28,2023-07-21 16:57:28,2023-07-21 17:27:28,Significantly Delayed,2599.65,Upi,8913,6744,30.0,1,Premium"
"7251548462,8955057,2024-07-07 17:24:52,2024-07-07 17:43:52,2024-07-07 17:46:52,On Time,1796.47,Upi,29113,2421,3.0,1,Large"
"352037003,47955004,2024-01-28 03:46:56,2024-01-28 04:04:56,2024-01-28 04:00:56,On Time,2839.76,Card,37403,2840,-4.0,0,Premium"
"8510312737,89361574,2024-03-06 14:58:39,2024-03-06 15:13:39,2024-03-06 15:09:39,On Time,2119.66,Wallet,38863,8121,-4.0,0,Premium"
"3242700095,84468124,2024-10-14 01:14:18,2024-10-14 01:26:18,2024-10-14 01:21:18,On Time,1838.81,Cash,53498,1242,-5.0,0,Large"
"5833898647,18256339,2023-10-09 08:46:04,2023-10-09 08:59:04,2023-10-09 09:04:04,On Time,4095.44,Wallet,15139,4349,5.0,1,Premium"
"7212771842,80315623,2023-04-29 21:57:29,2023-04-29 22:13:29,2023-04-29 22:09:29,On Time,4306.01,Cash,7028,977,-4.0,0,Premium"
"7799757050,19556566,2024-05-31 20:17:20,2024-05-31 20:33:20,2024-05-31 20:33:20,On Time,3377.8,Cash,15948,3275,0.0,0,Premium"
"9593303695,22054087,2023-07-05 11:15:43,2023-07-05 11:26:43,2023-07-05 11:34:43,Slightly Delayed,1291.17,Cash,98145,7693,8.0,1,Large"
"7709693536,59353207,2023-09-05 19:40:37,2023-09-05 19:56:37,2023-09-05 20:04:37,Slightly Delayed,1440.87,Card,187,5168,8.0,1,Large"
"5092922964,92123198,2023-11-22 14:16:24,2023-11-22 14:26:24,2023-11-22 14:21:24,On Time,2986.95,Upi,87013,6730,-5.0,0,Premium"
"8318806722,67696145,2024-07-25 12:29:19,2024-07-25 12:41:19,2024-07-25 13:08:19,Significantly Delayed,4507.49,Upi,65916,9356,27.0,1,Premium"
"4352870279,60620291,2024-07-23 14:04:34,2024-07-23 14:18:34,2024-07-23 14:47:34,Significantly Delayed,2821.85,Upi,13768,3700,29.0,1,Premium"
"6722040962,83412446,2023-11-14 02:28:33,2023-11-14 02:40:33,2023-11-14 02:38:33,On Time,2739.45,Card,60055,4165,-2.0,0,Premium"
"1690831615,20625627,2023-05-25 17:46:52,2023-05-25 18:04:52,2023-05-25 17:59:52,On Time,1465.71,Cash,12676,4786,-5.0,0,Large"
"6475689021,16341776,2023-05-20 20:52:25,2023-05-20 21:10:25,2023-05-20 21:13:25,On Time,1036.38,Cash,46744,6086,3.0,1,Large"
"8361280131,28280172,2024-09-21 00:07:16,2024-09-21 00:21:16,2024-09-21 00:32:16,Slightly Delayed,2583.14,Wallet,25910,4486,11.0,1,Premium"
"2664549359,90586443,2024-06-17 09:06:43,2024-06-17 09:19:43,2024-06-17 09:25:43,Slightly Delayed,644.8,Wallet,6230,7423,6.0,1,Medium"
"9510912773,9274874,2023-05-07 10:04:14,2023-05-07 10:15:14,2023-05-07 10:15:14,On Time,310.69,Upi,79994,8608,0.0,0,Small"
"3654462337,35826539,2023-09-23 03:12:41,2023-09-23 03:27:41,2023-09-23 03:36:41,Slightly Delayed,3741.32,Card,60908,4221,9.0,1,Premium"
"2308652017,54877984,2023-08-08 15:02:32,2023-08-08 15:21:32,2023-08-08 15:24:32,On Time,2378.27,Card,90365,6245,3.0,1,Premium"
"8300200841,58214883,2024-03-15 15:34:39,2024-03-15 15:50:39,2024-03-15 15:46:39,On Time,1243.72,Card,19811,1335,-4.0,0,Large"
"5027243163,85072416,2024-03-19 12:55:48,2024-03-19 13:11:48,2024-03-19 13:16:48,On Time,2522.68,Card,72202,9495,5.0,1,Premium"
"713290065,42227189,2023-11-05 11:13:41,2023-11-05 11:24:41,2023-11-05 11:28:41,On Time,3218.36,Upi,69957,3612,4.0,1,Premium"
"2006434350,20956158,2023-06-24 15:43:32,2023-06-24 15:53:32,2023-06-24 15:58:32,On Time,988.35,Wallet,5355,6914,5.0,1,Medium"
"6587221270,20496835,2023-12-23 00:58:59,2023-12-23 01:18:59,2023-12-23 01:21:59,On Time,1596.47,Wallet,8043,4061,3.0,1,Large"
"969705468,25447967,2024-01-06 20:16:18,2024-01-06 20:31:18,2024-01-06 20:34:18,On Time,1772.45,Upi,86249,4493,3.0,1,Large"
"4492000627,63262519,2023-05-30 10:49:32,2023-05-30 11:03:32,2023-05-30 10:59:32,On Time,962.81,Upi,51632,798,-4.0,0,Medium"
"977290328,14428954,2023-12-14 10:22:15,2023-12-14 10:41:15,2023-12-14 11:06:15,Significantly Delayed,4122.35,Cash,80011,5087,25.0,1,Premium"
"8735245723,33331259,2023-07-04 15:53:03,2023-07-04 16:05:03,2023-07-04 16:00:03,On Time,114.52,Wallet,81631,2539,-5.0,0,Small"
"6299539090,80796977,2024-08-30 00:55:24,2024-08-30 01:13:24,2024-08-30 01:14:24,On Time,3665.54,Cash,11906,9493,1.0,1,Premium"
"2177211652,15808945,2023-06-29 22:32:02,2023-06-29 22:44:02,2023-06-29 23:08:02,Significantly Delayed,160.07,Upi,51339,4254,24.0,1,Small"
"8972569491,72366758,2023-11-26 12:35:15,2023-11-26 12:53:15,2023-11-26 13:23:15,Significantly Delayed,1678.35,Cash,43612,2493,30.0,1,Large"
"7658414712,54216497,2023-09-14 17:57:43,2023-09-14 18:08:43,2023-09-14 18:05:43,On Time,2373.52,Wallet,65853,7059,-3.0,0,Premium"
"2069355540,98540377,2024-07-27 16:24:39,2024-07-27 16:38:39,2024-07-27 16:40:39,On Time,1677.93,Cash,46546,5647,2.0,1,Large"
"4084790776,75674671,2024-09-09 14:15:37,2024-09-09 14:25:37,2024-09-09 14:30:37,On Time,2732.87,Upi,74479,5993,5.0,1,Premium"
"8716008121,38613642,2023-12-21 13:58:26,2023-12-21 14:14:26,2023-12-21 14:09:26,On Time,4747.65,Card,94222,8525,-5.0,0,Premium"
"9781965606,8164639,2023-07-12 16:39:41,2023-07-12 16:56:41,2023-07-12 16:54:41,On Time,1216.28,Cash,41676,2586,-2.0,0,Large"
"8380133046,40392019,2024-02-05 17:25:35,2024-02-05 17:45:35,2024-02-05 17:47:35,On Time,1587.58,Upi,83971,6748,2.0,1,Large"
"691827543,6637282,2023-04-15 13:23:53,2023-04-15 13:33:53,2023-04-15 13:31:53,On Time,889.75,Upi,32846,8884,-2.0,0,Medium"
"5750245858,41146001,2023-04-07 00:49:00,2023-04-07 01:01:00,2023-04-07 01:11:00,Slightly Delayed,1009.47,Cash,11457,8260,10.0,1,Large"
"1578150657,32054313,2024-10-16 06:10:47,2024-10-16 06:25:47,2024-10-16 06:41:47,Significantly Delayed,2462.7,Wallet,95773,1680,16.0,1,Premium"
"9069556587,41811800,2024-02-29 11:58:29,2024-02-29 12:16:29,2024-02-29 12:31:29,Slightly Delayed,854.66,Card,45086,931,15.0,1,Medium"
"8396347551,36737539,2023-09-30 19:12:44,2023-09-30 19:26:44,2023-09-30 19:23:44,On Time,3956.37,Cash,84471,1806,-3.0,0,Premium"
"6083487488,11143197,2024-03-11 03:23:00,2024-03-11 03:39:00,2024-03-11 03:46:00,Slightly Delayed,2226.74,Cash,71075,1224,7.0,1,Premium"
"3191281184,67538982,2023-07-01 16:09:53,2023-07-01 16:27:53,2023-07-01 16:26:53,On Time,1663.96,Card,6400,8818,-1.0,0,Large"
"6397409024,12059049,2024-01-03 08:18:04,2024-01-03 08:35:04,2024-01-03 08:48:04,Slightly Delayed,3874.95,Cash,47831,8981,13.0,1,Premium"
"9021529086,12272282,2024-03-16 18:58:55,2024-03-16 19:10:55,2024-03-16 19:09:55,On Time,2280.99,Card,70207,6322,-1.0,0,Premium"
"8214544415,56780331,2023-12-28 17:28:42,2023-12-28 17:48:42,2023-12-28 17:48:42,On Time,3542.65,Card,93269,6712,0.0,0,Premium"
"8569302709,7378768,2023-10-07 19:29:11,2023-10-07 19:42:11,2023-10-07 19:41:11,On Time,309.62,Card,53705,4362,-1.0,0,Small"
"2219192870,41155125,2024-01-18 01:38:44,2024-01-18 01:50:44,2024-01-18 02:04:44,Slightly Delayed,883.44,Upi,46891,6756,14.0,1,Medium"
"8537081061,57956497,2023-08-16 01:03:14,2023-08-16 01:19:14,2023-08-16 01:28:14,Slightly Delayed,2333.58,Wallet,17933,8106,9.0,1,Premium"
"9284683425,30755306,2024-05-16 06:40:24,2024-05-16 06:50:24,2024-05-16 06:53:24,On Time,2256.38,Card,40427,8569,3.0,1,Premium"
"9774193601,19523014,2023-05-30 10:59:10,2023-05-30 11:17:10,2023-05-30 11:43:10,Significantly Delayed,5245.35,Card,23828,3607,26.0,1,Premium"
"7496826261,21658322,2023-11-17 05:25:38,2023-11-17 05:40:38,2023-11-17 05:44:38,On Time,2371.62,Wallet,70218,5287,4.0,1,Premium"
"1058749075,51592174,2023-08-26 23:09:46,2023-08-26 23:24:46,2023-08-26 23:25:46,On Time,1837.92,Cash,94872,4311,1.0,1,Large"
"7128038799,6724509,2024-03-10 18:26:41,2024-03-10 18:42:41,2024-03-10 18:47:41,On Time,2041.18,Card,23163,5108,5.0,1,Premium"
"3596318350,59398136,2024-10-13 09:36:43,2024-10-13 09:52:43,2024-10-13 09:55:43,On Time,2579.76,Cash,79071,6168,3.0,1,Premium"
"3187042843,8651281,2024-01-01 20:55:16,2024-01-01 21:09:16,2024-01-01 21:19:16,Slightly Delayed,1373.43,Upi,56554,5806,10.0,1,Large"
"4673500573,59620534,2023-10-15 14:42:31,2023-10-15 15:02:31,2023-10-15 14:59:31,On Time,3831.31,Cash,31637,7195,-3.0,0,Premium"
"881900445,34567918,2024-08-06 02:06:11,2024-08-06 02:26:11,2024-08-06 02:28:11,On Time,215.65,Card,31909,7796,2.0,1,Small"
"9874112459,12799092,2024-09-26 23:24:36,2024-09-26 23:38:36,2024-09-26 23:39:36,On Time,80.25,Cash,1360,5610,1.0,1,Small"
"4531430634,32585389,2023-05-17 06:11:20,2023-05-17 06:25:20,2023-05-17 06:23:20,On Time,4039.16,Upi,18850,2081,-2.0,0,Premium"
"6715699166,76987910,2023-08-01 19:08:52,2023-08-01 19:20:52,2023-08-01 19:15:52,On Time,1919.23,Cash,10552,6556,-5.0,0,Large"
"4171748538,63083547,2023-07-06 22:46:24,2023-07-06 23:05:24,2023-07-06 23:05:24,On Time,601.9,Upi,38252,8246,0.0,0,Medium"
"4093115982,10508763,2023-05-24 17:04:41,2023-05-24 17:21:41,2023-05-24 17:16:41,On Time,2022.07,Upi,47309,9898,-5.0,0,Premium"
"2515279840,21573815,2023-12-24 01:39:21,2023-12-24 01:51:21,2023-12-24 01:53:21,On Time,2843.77,Cash,69394,8492,2.0,1,Premium"
"4981424948,79628054,2024-10-13 22:25:34,2024-10-13 22:42:34,2024-10-13 22:41:34,On Time,738.74,Upi,25002,9629,-1.0,0,Medium"
"1911064507,40055711,2024-02-27 17:56:11,2024-02-27 18:16:11,2024-02-27 18:17:11,On Time,4031.66,Upi,19465,838,1.0,1,Premium"
"6438392384,29562072,2024-09-14 20:08:42,2024-09-14 20:18:42,2024-09-14 20:21:42,On Time,999.78,Card,66077,2652,3.0,1,Medium"
"5859840400,5754255,2023-10-21 23:48:32,2023-10-21 23:59:32,2023-10-21 23:59:32,On Time,647.86,Upi,47423,9665,0.0,0,Medium"
"7640576778,83236183,2024-02-13 17:38:08,2024-02-13 17:53:08,2024-02-13 18:00:08,Slightly Delayed,5011.05,Card,28726,5765,7.0,1,Premium"
"5453475937,1719710,2023-09-18 12:08:26,2023-09-18 12:24:26,2023-09-18 12:23:26,On Time,3217.91,Cash,96220,9393,-1.0,0,Premium"
"653610300,78394303,2023-04-24 03:31:24,2023-04-24 03:50:24,2023-04-24 03:53:24,On Time,1829.29,Wallet,31516,7532,3.0,1,Large"
"730299055,16400639,2024-10-21 18:07:22,2024-10-21 18:26:22,2024-10-21 18:21:22,On Time,2760.39,Wallet,66096,7751,-5.0,0,Premium"
"8396250231,46088132,2024-02-26 03:07:04,2024-02-26 03:27:04,2024-02-26 03:51:04,Significantly Delayed,242.57,Wallet,13826,4782,24.0,1,Small"
"8556969682,48228547,2023-05-21 05:59:01,2023-05-21 06:18:01,2023-05-21 06:16:01,On Time,2606.53,Upi,17465,4867,-2.0,0,Premium"
"7159670875,37691544,2024-06-22 09:14:03,2024-06-22 09:34:03,2024-06-22 09:59:03,Significantly Delayed,1405.86,Card,18099,6794,25.0,1,Large"
"4922278509,76533277,2023-05-31 07:00:00,2023-05-31 07:15:00,2023-05-31 07:19:00,On Time,2552.45,Wallet,29558,7213,4.0,1,Premium"
"8151274002,91550885,2024-06-15 15:52:32,2024-06-15 16:09:32,2024-06-15 16:13:32,On Time,2737.59,Cash,38275,9763,4.0,1,Premium"
"5373978100,82179338,2024-01-16 16:39:24,2024-01-16 16:52:24,2024-01-16 16:56:24,On Time,2675.69,Wallet,79638,9378,4.0,1,Premium"
"6210207010,1601161,2023-06-27 08:18:16,2023-06-27 08:37:16,2023-06-27 08:36:16,On Time,1553.52,Upi,90871,8717,-1.0,0,Large"
"1837403174,84993732,2023-05-03 21:32:45,2023-05-03 21:48:45,2023-05-03 21:51:45,On Time,849.48,Card,10176,8168,3.0,1,Medium"
"1148265823,21809858,2024-10-29 08:25:53,2024-10-29 08:42:53,2024-10-29 08:47:53,On Time,1198.97,Upi,31213,3769,5.0,1,Large"
"8472487149,74761384,2024-02-12 05:29:12,2024-02-12 05:49:12,2024-02-12 06:10:12,Significantly Delayed,1484.96,Cash,43294,1217,21.0,1,Large"
"9111535172,9274874,2024-05-08 17:42:04,2024-05-08 17:57:04,2024-05-08 17:57:04,On Time,354.52,Wallet,19224,3465,0.0,0,Small"
"6558001978,88520326,2024-02-19 15:05:47,2024-02-19 15:17:47,2024-02-19 15:18:47,On Time,1177.64,Cash,39255,4832,1.0,1,Large"
"2762095386,84066402,2024-08-11 16:29:49,2024-08-11 16:46:49,2024-08-11 16:49:49,On Time,786.85,Upi,69303,5015,3.0,1,Medium"
"2406325099,31718565,2023-11-13 22:39:53,2023-11-13 22:55:53,2023-11-13 23:21:53,Significantly Delayed,1623.98,Card,27946,7671,26.0,1,Large"
"4274182127,22020776,2024-09-26 16:46:47,2024-09-26 17:03:47,2024-09-26 17:07:47,On Time,4992.15,Wallet,56552,1192,4.0,1,Premium"
"7271609994,11616535,2023-04-25 20:58:47,2023-04-25 21:08:47,2023-04-25 21:03:47,On Time,3007.32,Upi,21302,8298,-5.0,0,Premium"
"9182539734,66359719,2023-07-06 15:35:53,2023-07-06 15:52:53,2023-07-06 15:54:53,On Time,1557.06,Cash,19556,5109,2.0,1,Large"
"7891517071,78412820,2024-01-31 17:11:17,2024-01-31 17:30:17,2024-01-31 17:55:17,Significantly Delayed,2474.5,Cash,47196,714,25.0,1,Premium"
"3666182849,63793401,2024-11-03 11:37:13,2024-11-03 11:51:13,2024-11-03 11:55:13,On Time,856.05,Upi,43230,3345,4.0,1,Medium"
"8724590445,10729474,2023-06-02 15:59:43,2023-06-02 16:10:43,2023-06-02 16:14:43,On Time,1934.86,Upi,47010,7447,4.0,1,Large"
"7919863938,4378755,2024-08-29 23:35:57,2024-08-29 23:53:57,2024-08-29 23:51:57,On Time,1024.37,Card,68044,1853,-2.0,0,Large"
"3545539999,49449238,2024-01-08 15:59:54,2024-01-08 16:10:54,2024-01-08 16:25:54,Slightly Delayed,3469.35,Cash,56431,2915,15.0,1,Premium"
"7463392603,46684081,2024-02-11 09:20:45,2024-02-11 09:39:45,2024-02-11 10:02:45,Significantly Delayed,1131.6,Upi,18713,6725,23.0,1,Large"
"7296733293,86715467,2024-02-09 03:46:39,2024-02-09 04:02:39,2024-02-09 04:19:39,Significantly Delayed,3845.82,Card,66098,2734,17.0,1,Premium"
"7118924734,66310963,2023-10-10 05:21:44,2023-10-10 05:41:44,2023-10-10 05:42:44,On Time,3580.46,Card,23488,5373,1.0,1,Premium"
"2529809156,71905368,2024-05-21 14:38:44,2024-05-21 14:56:44,2024-05-21 15:18:44,Significantly Delayed,2728.49,Upi,71519,6071,22.0,1,Premium"
"2216699744,5540556,2024-06-14 02:41:43,2024-06-14 02:52:43,2024-06-14 02:56:43,On Time,939.55,Wallet,75428,8449,4.0,1,Medium"
"8257221712,5277675,2023-10-07 04:05:52,2023-10-07 04:23:52,2023-10-07 04:52:52,Significantly Delayed,140.8,Cash,19186,987,29.0,1,Small"
"1357352531,9246851,2023-06-07 13:43:08,2023-06-07 13:59:08,2023-06-07 13:58:08,On Time,4202.96,Card,35782,8829,-1.0,0,Premium"
"2108138590,67918495,2023-11-08 12:59:26,2023-11-08 13:09:26,2023-11-08 13:39:26,Significantly Delayed,1181.36,Upi,67215,2521,30.0,1,Large"
"5648212121,37633848,2023-12-28 00:03:12,2023-12-28 00:19:12,2023-12-28 00:17:12,On Time,3820.42,Wallet,90177,599,-2.0,0,Premium"
"3951878528,28458746,2023-12-23 01:02:42,2023-12-23 01:12:42,2023-12-23 01:33:42,Significantly Delayed,372.99,Card,28174,516,21.0,1,Small"
"8310385249,97315135,2023-07-29 19:09:41,2023-07-29 19:20:41,2023-07-29 19:21:41,On Time,1439.56,Cash,6118,4282,1.0,1,Large"
"7513562596,88130777,2024-07-05 09:03:19,2024-07-05 09:23:19,2024-07-05 09:22:19,On Time,909.62,Cash,10923,4978,-1.0,0,Medium"
"6304586678,38496400,2023-09-25 15:08:53,2023-09-25 15:25:53,2023-09-25 15:24:53,On Time,1823.12,Upi,36388,2069,-1.0,0,Large"
"5222812863,65294340,2024-04-11 02:15:28,2024-04-11 02:34:28,2024-04-11 02:33:28,On Time,1608.38,Upi,17086,9659,-1.0,0,Large"
"5393039591,40419593,2024-10-04 07:41:16,2024-10-04 08:00:16,2024-10-04 08:00:16,On Time,225.21,Upi,31204,8293,0.0,0,Small"
"6708586922,91072336,2024-05-23 16:52:07,2024-05-23 17:11:07,2024-05-23 17:33:07,Significantly Delayed,1435.7,Upi,86114,3845,22.0,1,Large"
"3177552965,99231937,2024-05-17 13:22:20,2024-05-17 13:38:20,2024-05-17 13:39:20,On Time,3176.5,Wallet,8594,162,1.0,1,Premium"
"607125614,55425478,2024-05-06 11:07:24,2024-05-06 11:18:24,2024-05-06 11:31:24,Slightly Delayed,3303.42,Cash,55507,6238,13.0,1,Premium"
"139417019,75566105,2023-07-09 20:06:51,2023-07-09 20:18:51,2023-07-09 20:23:51,On Time,561.59,Upi,22566,6806,5.0,1,Medium"
"1893231742,51661209,2024-10-19 04:23:53,2024-10-19 04:34:53,2024-10-19 04:39:53,On Time,4078.0,Cash,69619,7244,5.0,1,Premium"
"3580010065,95590889,2023-05-09 02:49:46,2023-05-09 03:07:46,2023-05-09 03:12:46,On Time,3658.91,Upi,80806,4966,5.0,1,Premium"
"962319394,44723662,2023-08-22 00:07:05,2023-08-22 00:20:05,2023-08-22 00:34:05,Slightly Delayed,1246.94,Cash,94025,7814,14.0,1,Large"
"8321726382,82918668,2023-04-15 13:22:44,2023-04-15 13:42:44,2023-04-15 13:37:44,On Time,1787.9,Upi,199,8641,-5.0,0,Large"
"1485682761,70363568,2023-10-03 19:11:52,2023-10-03 19:26:52,2023-10-03 19:29:52,On Time,217.5,Card,94732,5550,3.0,1,Small"
"5008756947,73661993,2023-08-26 16:15:41,2023-08-26 16:25:41,2023-08-26 16:23:41,On Time,504.2,Upi,86785,6239,-2.0,0,Medium"
"1334996274,11493380,2023-07-10 16:09:06,2023-07-10 16:19:06,2023-07-10 16:18:06,On Time,1261.7,Wallet,35323,8461,-1.0,0,Large"
"2914506024,31940833,2024-02-27 16:10:19,2024-02-27 16:23:19,2024-02-27 16:20:19,On Time,2230.61,Upi,94705,9636,-3.0,0,Premium"
"8811831663,74682740,2023-04-11 01:17:20,2023-04-11 01:33:20,2023-04-11 01:36:20,On Time,1254.05,Wallet,64662,2183,3.0,1,Large"
"875427533,10686446,2024-03-27 11:56:09,2024-03-27 12:09:09,2024-03-27 12:24:09,Slightly Delayed,2505.6,Card,81548,3308,15.0,1,Premium"
"5865390748,30042971,2024-10-01 03:21:09,2024-10-01 03:41:09,2024-10-01 03:45:09,On Time,3835.46,Upi,71450,9446,4.0,1,Premium"
"4054828941,99893898,2023-12-15 21:50:57,2023-12-15 22:09:57,2023-12-15 22:28:57,Significantly Delayed,2497.98,Upi,43029,943,19.0,1,Premium"
"1257568604,9981089,2023-09-28 17:25:52,2023-09-28 17:35:52,2023-09-28 17:36:52,On Time,1937.41,Cash,44274,7359,1.0,1,Large"
"2738862626,56572297,2024-01-21 04:31:08,2024-01-21 04:41:08,2024-01-21 04:51:08,Slightly Delayed,2563.4,Wallet,46667,20,10.0,1,Premium"
"7352532839,9738801,2024-02-28 19:04:46,2024-02-28 19:17:46,2024-02-28 19:14:46,On Time,2184.8,Card,58851,565,-3.0,0,Premium"
"520221662,53025962,2023-07-20 19:20:42,2023-07-20 19:35:42,2023-07-20 19:34:42,On Time,3252.54,Wallet,85866,5354,-1.0,0,Premium"
"7818925535,45477575,2023-11-02 09:59:32,2023-11-02 10:11:32,2023-11-02 10:14:32,On Time,2912.9,Wallet,27625,3488,3.0,1,Premium"
"3476023750,43990799,2023-06-02 20:43:59,2023-06-02 21:03:59,2023-06-02 21:01:59,On Time,3505.44,Wallet,37075,6330,-2.0,0,Premium"
"8945838922,13415362,2023-05-22 09:43:39,2023-05-22 09:54:39,2023-05-22 09:52:39,On Time,1609.53,Cash,82508,9294,-2.0,0,Large"
"2233053313,15830066,2023-10-14 20:23:47,2023-10-14 20:40:47,2023-10-14 20:43:47,On Time,2419.41,Cash,67838,5235,3.0,1,Premium"
"1844073851,38808614,2024-02-06 08:44:48,2024-02-06 09:02:48,2024-02-06 08:58:48,On Time,3496.85,Card,76415,9511,-4.0,0,Premium"
"8348125769,29584848,2023-12-08 18:15:56,2023-12-08 18:27:56,2023-12-08 18:37:56,Slightly Delayed,3498.69,Upi,33620,4692,10.0,1,Premium"
"8475818223,12832151,2023-11-16 04:11:04,2023-11-16 04:21:04,2023-11-16 04:41:04,Significantly Delayed,3876.19,Card,37091,3969,20.0,1,Premium"
"4270941188,47274329,2024-01-13 09:26:19,2024-01-13 09:37:19,2024-01-13 09:39:19,On Time,1781.72,Wallet,4506,5895,2.0,1,Large"
"2611200126,91448742,2024-05-12 02:52:07,2024-05-12 03:11:07,2024-05-12 03:16:07,On Time,469.82,Wallet,56652,3341,5.0,1,Small"
"8573833987,12988801,2024-02-11 13:33:15,2024-02-11 13:47:15,2024-02-11 13:42:15,On Time,4027.79,Upi,92757,8349,-5.0,0,Premium"
"2979246068,61763552,2024-02-23 02:42:53,2024-02-23 02:57:53,2024-02-23 03:22:53,Significantly Delayed,2722.28,Wallet,81847,4928,25.0,1,Premium"
"6779895105,64535602,2024-09-10 12:43:15,2024-09-10 13:02:15,2024-09-10 13:05:15,On Time,3231.88,Cash,39690,2361,3.0,1,Premium"
"1731478314,67215939,2024-07-30 05:14:35,2024-07-30 05:33:35,2024-07-30 05:41:35,Slightly Delayed,4467.79,Card,3611,1205,8.0,1,Premium"
"3692405872,41878908,2023-07-31 12:17:00,2023-07-31 12:27:00,2023-07-31 12:28:00,On Time,941.19,Wallet,36429,5834,1.0,1,Medium"
"8853713324,58505903,2023-08-07 01:57:04,2023-08-07 02:11:04,2023-08-07 02:06:04,On Time,1163.18,Card,72198,3535,-5.0,0,Large"
"979766779,57081917,2024-04-23 22:02:29,2024-04-23 22:17:29,2024-04-23 22:18:29,On Time,2428.41,Card,55258,7125,1.0,1,Premium"
"5709672475,16543242,2023-08-14 02:30:24,2023-08-14 02:48:24,2023-08-14 02:43:24,On Time,895.76,Upi,12442,5734,-5.0,0,Medium"
"3855709201,13651980,2024-04-23 22:23:51,2024-04-23 22:36:51,2024-04-23 22:51:51,Slightly Delayed,1013.9,Upi,78393,905,15.0,1,Large"
"6861065282,57523973,2023-08-18 18:41:22,2023-08-18 18:54:22,2023-08-18 19:08:22,Slightly Delayed,310.69,Upi,70502,7053,14.0,1,Small"
"7919724613,81200164,2023-03-21 15:25:10,2023-03-21 15:44:10,2023-03-21 15:54:10,Slightly Delayed,2379.82,Cash,4767,7184,10.0,1,Premium"
"7882742057,32293017,2024-07-26 15:41:14,2024-07-26 15:51:14,2024-07-26 15:46:14,On Time,612.04,Card,60422,5819,-5.0,0,Medium"
"1929002406,67538982,2023-12-25 21:38:52,2023-12-25 21:49:52,2023-12-25 21:46:52,On Time,2088.54,Cash,6504,999,-3.0,0,Premium"
"2458349464,99714944,2023-04-06 12:40:21,2023-04-06 12:50:21,2023-04-06 12:50:21,On Time,888.12,Wallet,92293,3079,0.0,0,Medium"
"6608328221,76020843,2023-07-04 15:36:23,2023-07-04 15:47:23,2023-07-04 15:50:23,On Time,2880.22,Cash,43351,5951,3.0,1,Premium"
"7736615348,84161531,2023-12-06 20:58:03,2023-12-06 21:15:03,2023-12-06 21:13:03,On Time,2063.11,Wallet,67076,5792,-2.0,0,Premium"
"2591738507,14705462,2024-10-31 07:36:44,2024-10-31 07:50:44,2024-10-31 07:48:44,On Time,4675.99,Card,76434,9640,-2.0,0,Premium"
"6751537971,98444183,2024-07-19 06:03:25,2024-07-19 06:23:25,2024-07-19 06:24:25,On Time,307.23,Card,33447,3219,1.0,1,Small"
"9768154003,88045094,2024-01-23 03:50:24,2024-01-23 04:10:24,2024-01-23 04:38:24,Significantly Delayed,697.53,Upi,14323,368,28.0,1,Medium"
"5887288860,40587811,2024-03-01 21:18:19,2024-03-01 21:35:19,2024-03-01 21:32:19,On Time,3395.38,Cash,90694,1299,-3.0,0,Premium"
"3559865135,66310963,2024-01-07 15:10:40,2024-01-07 15:21:40,2024-01-07 15:31:40,Slightly Delayed,2680.81,Wallet,90401,4783,10.0,1,Premium"
"209044447,2058037,2024-10-05 00:02:57,2024-10-05 00:22:57,2024-10-05 00:24:57,On Time,1039.47,Cash,79837,3068,2.0,1,Large"
"9643668734,34835738,2024-05-18 13:05:12,2024-05-18 13:17:12,2024-05-18 13:38:12,Significantly Delayed,2292.32,Wallet,79734,3860,21.0,1,Premium"
"6115465612,12338529,2023-09-28 12:41:47,2023-09-28 12:57:47,2023-09-28 12:55:47,On Time,3025.66,Wallet,57658,4157,-2.0,0,Premium"
"8493723088,20238921,2023-12-30 06:17:00,2023-12-30 06:36:00,2023-12-30 06:35:00,On Time,2918.27,Cash,98580,8268,-1.0,0,Premium"
"6392024503,75640174,2023-09-05 02:48:56,2023-09-05 03:05:56,2023-09-05 03:05:56,On Time,4108.93,Wallet,10391,4001,0.0,0,Premium"
"9863468109,73363613,2024-01-28 04:18:04,2024-01-28 04:29:04,2024-01-28 04:33:04,On Time,1394.71,Upi,44564,2857,4.0,1,Large"
"5448628635,21658322,2023-05-07 13:19:59,2023-05-07 13:31:59,2023-05-07 13:35:59,On Time,545.35,Wallet,36280,9724,4.0,1,Medium"
"3329455953,31371112,2024-03-01 05:42:55,2024-03-01 05:59:55,2024-03-01 06:02:55,On Time,2339.17,Card,8271,1848,3.0,1,Premium"
"3584190892,60974181,2023-10-17 04:25:37,2023-10-17 04:41:37,2023-10-17 04:46:37,On Time,160.07,Upi,44526,7311,5.0,1,Small"
"9097056321,16424635,2024-04-08 07:50:28,2024-04-08 08:07:28,2024-04-08 08:05:28,On Time,2739.54,Card,26978,1740,-2.0,0,Premium"
"525741957,88866835,2023-05-03 06:11:45,2023-05-03 06:28:45,2023-05-03 06:28:45,On Time,3048.43,Upi,28414,7772,0.0,0,Premium"
"5387395051,37095171,2024-09-18 07:54:17,2024-09-18 08:05:17,2024-09-18 08:18:17,Slightly Delayed,1188.35,Cash,63460,8767,13.0,1,Large"
"6799246060,6245778,2023-11-06 06:10:47,2023-11-06 06:25:47,2023-11-06 06:21:47,On Time,764.18,Wallet,84316,5394,-4.0,0,Medium"
"8986314607,11047835,2024-08-30 06:54:42,2024-08-30 07:05:42,2024-08-30 07:07:42,On Time,3422.97,Cash,72548,4805,2.0,1,Premium"
"1085912198,93198324,2023-03-21 22:45:08,2023-03-21 23:05:08,2023-03-21 23:00:08,On Time,4058.84,Cash,45229,5110,-5.0,0,Premium"
"3423328091,18935489,2023-09-24 21:34:59,2023-09-24 21:54:59,2023-09-24 21:52:59,On Time,1013.23,Upi,87845,477,-2.0,0,Large"
"9848366909,34281470,2023-11-06 02:40:42,2023-11-06 02:58:42,2023-11-06 03:07:42,Slightly Delayed,3636.32,Card,73787,1424,9.0,1,Premium"
"936021770,79960955,2024-02-02 04:58:39,2024-02-02 05:12:39,2024-02-02 05:15:39,On Time,2272.86,Upi,2107,9738,3.0,1,Premium"
"8916215165,49806393,2023-08-08 02:28:27,2023-08-08 02:45:27,2023-08-08 02:44:27,On Time,3939.8,Wallet,3089,1629,-1.0,0,Premium"
"389558867,8375298,2023-09-12 00:13:47,2023-09-12 00:23:47,2023-09-12 00:24:47,On Time,212.14,Cash,23492,8488,1.0,1,Small"
"7616883530,16410155,2023-09-05 01:44:10,2023-09-05 02:03:10,2023-09-05 02:03:10,On Time,2182.8,Card,75823,6202,0.0,0,Premium"
"3851744248,61763552,2023-04-30 08:27:50,2023-04-30 08:37:50,2023-04-30 08:42:50,On Time,3985.16,Wallet,82050,9945,5.0,1,Premium"
"4953665655,14428954,2024-01-16 22:18:13,2024-01-16 22:36:13,2024-01-16 23:01:13,Significantly Delayed,1570.97,Cash,95729,789,25.0,1,Large"
"962864152,24357425,2024-07-19 06:35:56,2024-07-19 06:55:56,2024-07-19 06:50:56,On Time,1662.02,Card,58963,2048,-5.0,0,Large"
"923668833,47125914,2023-05-12 22:14:40,2023-05-12 22:26:40,2023-05-12 22:25:40,On Time,1599.98,Card,48623,9443,-1.0,0,Large"
"4022122330,33871107,2023-12-04 19:25:48,2023-12-04 19:42:48,2023-12-04 19:57:48,Slightly Delayed,4022.8,Upi,76472,7115,15.0,1,Premium"
"4564846800,79764458,2023-08-10 00:59:51,2023-08-10 01:12:51,2023-08-10 01:26:51,Slightly Delayed,2989.97,Upi,41373,9995,14.0,1,Premium"
"690652905,75289676,2024-04-24 17:11:57,2024-04-24 17:24:57,2024-04-24 17:25:57,On Time,3539.79,Cash,24116,8496,1.0,1,Premium"
"716741661,43052303,2024-10-15 06:25:15,2024-10-15 06:44:15,2024-10-15 06:46:15,On Time,3850.67,Upi,24941,3076,2.0,1,Premium"
"6575532281,44149982,2024-03-25 01:04:48,2024-03-25 01:15:48,2024-03-25 01:39:48,Significantly Delayed,1220.66,Wallet,43140,858,24.0,1,Large"
"7486807731,71189232,2023-12-13 13:24:08,2023-12-13 13:40:08,2023-12-13 13:58:08,Significantly Delayed,4142.77,Upi,58099,1667,18.0,1,Premium"
"9721870982,79919160,2023-11-12 10:08:16,2023-11-12 10:24:16,2023-11-12 10:20:16,On Time,1339.43,Cash,12717,2789,-4.0,0,Large"
"8105823343,16400639,2023-10-15 08:55:25,2023-10-15 09:10:25,2023-10-15 09:28:25,Significantly Delayed,3202.58,Card,10154,2045,18.0,1,Premium"
"7113554979,19180962,2023-11-27 04:04:09,2023-11-27 04:21:09,2023-11-27 04:22:09,On Time,127.16,Card,60033,4421,1.0,1,Small"
"507373134,95269737,2024-10-23 14:51:34,2024-10-23 15:07:34,2024-10-23 15:21:34,Slightly Delayed,4731.51,Upi,79937,9622,14.0,1,Premium"
"4674132573,98444183,2024-10-21 20:15:16,2024-10-21 20:27:16,2024-10-21 20:51:16,Significantly Delayed,2350.69,Upi,44189,7503,24.0,1,Premium"
"487395969,93924203,2023-12-13 17:32:31,2023-12-13 17:45:31,2023-12-13 17:43:31,On Time,2619.2,Card,10746,8364,-2.0,0,Premium"
"3962007460,93458307,2024-07-31 07:37:21,2024-07-31 07:47:21,2024-07-31 08:06:21,Significantly Delayed,1119.19,Upi,87494,5430,19.0,1,Large"
"2272882287,25641500,2024-07-12 23:06:58,2024-07-12 23:21:58,2024-07-12 23:30:58,Slightly Delayed,3442.64,Card,92563,2742,9.0,1,Premium"
"4426246696,88923048,2023-11-22 22:35:31,2023-11-22 22:51:31,2023-11-22 22:56:31,On Time,1763.53,Wallet,97040,6604,5.0,1,Large"
"1714709914,86067293,2024-09-10 12:34:01,2024-09-10 12:54:01,2024-09-10 12:54:01,On Time,3458.06,Upi,39465,5991,0.0,0,Premium"
"3159133564,81541985,2023-08-05 08:36:09,2023-08-05 08:56:09,2023-08-05 09:01:09,On Time,1824.8,Cash,3774,3571,5.0,1,Large"
"4531739740,98088303,2024-06-24 04:12:18,2024-06-24 04:28:18,2024-06-24 04:27:18,On Time,1748.85,Card,2730,8908,-1.0,0,Large"
"3158981349,92038780,2023-10-25 08:51:16,2023-10-25 09:02:16,2023-10-25 08:58:16,On Time,524.67,Upi,64734,8618,-4.0,0,Medium"
"1789010378,81533356,2023-07-28 05:08:23,2023-07-28 05:27:23,2023-07-28 05:23:23,On Time,2506.08,Upi,62408,8377,-4.0,0,Premium"
"705203916,58929595,2024-08-04 20:52:03,2024-08-04 21:07:03,2024-08-04 21:17:03,Slightly Delayed,2686.57,Wallet,51498,3027,10.0,1,Premium"
"7255510932,62526813,2024-08-06 11:22:44,2024-08-06 11:40:44,2024-08-06 11:43:44,On Time,2241.22,Upi,75343,2875,3.0,1,Premium"
"1991167685,37309023,2024-03-02 13:26:21,2024-03-02 13:42:21,2024-03-02 13:42:21,On Time,123.74,Card,97004,5917,0.0,0,Small"
"5103721089,5135207,2023-08-21 00:30:07,2023-08-21 00:44:07,2023-08-21 00:51:07,Slightly Delayed,4045.22,Upi,48344,7585,7.0,1,Premium"
"9674006557,60561655,2023-05-02 13:10:57,2023-05-02 13:24:57,2023-05-02 13:20:57,On Time,4406.9,Cash,74578,5795,-4.0,0,Premium"
"1073466441,42465414,2023-05-30 09:11:42,2023-05-30 09:23:42,2023-05-30 09:34:42,Slightly Delayed,632.43,Upi,46168,8737,11.0,1,Medium"
"5407006470,95364457,2024-05-24 14:58:37,2024-05-24 15:08:37,2024-05-24 15:12:37,On Time,1748.85,Card,72572,204,4.0,1,Large"
"747347782,6398761,2023-04-25 06:38:32,2023-04-25 06:56:32,2023-04-25 06:58:32,On Time,3048.42,Card,88192,9306,2.0,1,Premium"
"8554063149,5039883,2024-06-09 04:26:22,2024-06-09 04:37:22,2024-06-09 04:53:22,Significantly Delayed,2713.89,Cash,61925,5696,16.0,1,Premium"
"4855215470,21573815,2024-03-31 07:48:38,2024-03-31 08:03:38,2024-03-31 08:02:38,On Time,3499.44,Wallet,41692,3445,-1.0,0,Premium"
"5008998072,26245432,2024-01-05 09:11:09,2024-01-05 09:30:09,2024-01-05 09:26:09,On Time,4861.34,Wallet,68214,1831,-4.0,0,Premium"
"9696466906,40434527,2024-05-01 21:28:23,2024-05-01 21:46:23,2024-05-01 21:51:23,On Time,2085.85,Wallet,22128,504,5.0,1,Premium"
"7189534591,6291143,2023-08-18 15:16:56,2023-08-18 15:27:56,2023-08-18 15:23:56,On Time,3354.47,Cash,89782,1239,-4.0,0,Premium"
"9965941354,82286725,2023-11-13 19:55:32,2023-11-13 20:13:32,2023-11-13 20:29:32,Significantly Delayed,625.45,Card,10750,9546,16.0,1,Medium"
"1275232752,83304571,2023-08-24 07:35:20,2023-08-24 07:46:20,2023-08-24 07:50:20,On Time,422.23,Upi,80057,9761,4.0,1,Small"
"343479370,5043760,2024-05-03 12:35:40,2024-05-03 12:55:40,2024-05-03 12:59:40,On Time,1820.87,Cash,63936,4894,4.0,1,Large"
"2485933387,21573815,2024-07-10 17:30:21,2024-07-10 17:45:21,2024-07-10 17:46:21,On Time,1489.6,Upi,91595,5729,1.0,1,Large"
"6735843326,52085702,2024-10-24 05:41:04,2024-10-24 05:53:04,2024-10-24 06:00:04,Slightly Delayed,3348.38,Upi,42373,6190,7.0,1,Premium"
"6384313098,47295676,2023-12-07 02:25:53,2023-12-07 02:43:53,2023-12-07 02:51:53,Slightly Delayed,3180.96,Card,33058,1995,8.0,1,Premium"
"1022032613,59436131,2023-12-10 08:16:59,2023-12-10 08:35:59,2023-12-10 08:34:59,On Time,2830.88,Card,20565,2314,-1.0,0,Premium"
"8026892264,93341057,2023-09-24 14:10:07,2023-09-24 14:25:07,2023-09-24 14:29:07,On Time,3867.59,Cash,34461,8942,4.0,1,Premium"
"7158825499,63571453,2024-04-14 21:33:07,2024-04-14 21:47:07,2024-04-14 21:47:07,On Time,1275.88,Wallet,32726,6206,0.0,0,Large"
"5327013494,89418072,2024-04-18 08:19:55,2024-04-18 08:29:55,2024-04-18 08:37:55,Slightly Delayed,968.65,Wallet,99300,1387,8.0,1,Medium"
"1002526452,97475543,2023-07-31 23:19:05,2023-07-31 23:29:05,2023-07-31 23:33:05,On Time,5001.82,Cash,56579,852,4.0,1,Premium"
"4650525854,71694275,2024-01-17 10:55:53,2024-01-17 11:12:53,2024-01-17 11:39:53,Significantly Delayed,209.59,Cash,17326,7455,27.0,1,Small"
"6260291784,75038062,2024-07-08 19:24:57,2024-07-08 19:40:57,2024-07-08 19:44:57,On Time,359.98,Cash,11624,365,4.0,1,Small"
"1884314278,15534747,2023-09-15 23:42:07,2023-09-15 23:57:07,2023-09-16 00:01:07,On Time,847.01,Card,32462,979,4.0,1,Medium"
"7074219396,36737539,2024-05-04 13:09:12,2024-05-04 13:28:12,2024-05-04 13:39:12,Slightly Delayed,1474.63,Upi,80741,3890,11.0,1,Large"
"807183459,76212152,2023-09-05 11:59:41,2023-09-05 12:12:41,2023-09-05 12:18:41,Slightly Delayed,3111.71,Wallet,23145,4336,6.0,1,Premium"
"598539940,76970363,2023-07-28 17:31:14,2023-07-28 17:45:14,2023-07-28 17:41:14,On Time,2753.61,Wallet,71176,2514,-4.0,0,Premium"
"427702490,71607166,2024-01-20 21:29:03,2024-01-20 21:44:03,2024-01-20 21:43:03,On Time,891.72,Wallet,82652,3710,-1.0,0,Medium"
"955844536,4597433,2023-03-29 12:08:35,2023-03-29 12:19:35,2023-03-29 12:22:35,On Time,2719.11,Upi,35124,1207,3.0,1,Premium"
"5397640599,2684440,2024-05-24 20:01:10,2024-05-24 20:13:10,2024-05-24 20:16:10,On Time,720.95,Card,61581,6297,3.0,1,Medium"
"3451246886,36774480,2024-05-22 09:25:46,2024-05-22 09:42:46,2024-05-22 09:38:46,On Time,2937.69,Upi,17814,1620,-4.0,0,Premium"
"8487733248,12500465,2023-04-26 12:34:26,2023-04-26 12:50:26,2023-04-26 13:19:26,Significantly Delayed,778.9,Wallet,39978,311,29.0,1,Medium"
"2921621434,41194825,2023-08-17 21:00:25,2023-08-17 21:10:25,2023-08-17 21:15:25,On Time,1380.46,Upi,58563,7990,5.0,1,Large"
"4757133884,34655710,2024-08-03 13:51:39,2024-08-03 14:11:39,2024-08-03 14:15:39,On Time,123.74,Upi,38740,2289,4.0,1,Small"
"1793847102,93563435,2024-09-09 01:52:04,2024-09-09 02:12:04,2024-09-09 02:10:04,On Time,1760.2,Cash,63715,4170,-2.0,0,Large"
"6197760573,5763963,2023-03-27 07:49:31,2023-03-27 08:06:31,2023-03-27 08:04:31,On Time,1233.03,Card,34868,939,-2.0,0,Large"
"6818660907,38420886,2024-07-10 08:05:05,2024-07-10 08:15:05,2024-07-10 08:11:05,On Time,1228.81,Card,81901,6281,-4.0,0,Large"
"7807587130,74174956,2023-12-11 13:20:26,2023-12-11 13:34:26,2023-12-11 13:32:26,On Time,2515.16,Card,4160,9094,-2.0,0,Premium"
"4540563647,79257353,2023-05-14 22:05:58,2023-05-14 22:19:58,2023-05-14 22:22:58,On Time,582.87,Card,17669,8238,3.0,1,Medium"
"2480913332,95912198,2023-10-16 13:16:53,2023-10-16 13:30:53,2023-10-16 14:00:53,Significantly Delayed,3394.38,Cash,86820,616,30.0,1,Premium"
"5735481292,85907588,2024-06-17 23:50:28,2024-06-18 00:00:28,2024-06-18 00:17:28,Significantly Delayed,2015.59,Upi,75148,4445,17.0,1,Premium"
"7112326373,46848302,2023-05-13 11:18:17,2023-05-13 11:34:17,2023-05-13 11:30:17,On Time,3624.08,Cash,63548,5870,-4.0,0,Premium"
"614274161,10240052,2023-09-27 09:06:29,2023-09-27 09:22:29,2023-09-27 09:25:29,On Time,264.89,Cash,22704,8724,3.0,1,Small"
"5512258335,1469696,2024-03-23 00:19:43,2024-03-23 00:30:43,2024-03-23 00:30:43,On Time,242.57,Cash,10688,4082,0.0,0,Small"
"1214757247,46675763,2023-09-06 17:44:49,2023-09-06 18:01:49,2023-09-06 17:58:49,On Time,3474.87,Card,57089,9274,-3.0,0,Premium"
"4211686231,66354642,2023-06-09 04:56:26,2023-06-09 05:10:26,2023-06-09 05:08:26,On Time,4088.63,Cash,18758,1748,-2.0,0,Premium"
"5288088590,9314637,2023-12-22 07:57:54,2023-12-22 08:16:54,2023-12-22 08:17:54,On Time,2440.09,Wallet,37879,6865,1.0,1,Premium"
"1193525681,60399360,2024-09-17 00:09:49,2024-09-17 00:28:49,2024-09-17 00:29:49,On Time,1845.59,Wallet,91249,2182,1.0,1,Large"
"5132095929,96373206,2024-06-29 21:04:38,2024-06-29 21:21:38,2024-06-29 21:30:38,Slightly Delayed,4864.21,Card,96312,6435,9.0,1,Premium"
"7703144556,31328762,2023-12-21 05:49:15,2023-12-21 06:07:15,2023-12-21 06:28:15,Significantly Delayed,5086.05,Cash,67233,9043,21.0,1,Premium"
"6786199145,21701991,2024-09-04 08:02:43,2024-09-04 08:17:43,2024-09-04 08:13:43,On Time,965.78,Cash,82010,9698,-4.0,0,Medium"
"2463627380,24644542,2024-08-03 00:58:53,2024-08-03 01:15:53,2024-08-03 01:15:53,On Time,2378.62,Upi,20216,4889,0.0,0,Premium"
"6331115638,99729547,2023-07-15 22:06:21,2023-07-15 22:18:21,2023-07-15 22:13:21,On Time,4180.33,Cash,69994,4236,-5.0,0,Premium"
"9212312136,6959437,2023-12-06 02:27:00,2023-12-06 02:44:00,2023-12-06 02:56:00,Slightly Delayed,517.03,Upi,33363,6109,12.0,1,Medium"
"6788500162,48033969,2024-07-10 01:32:46,2024-07-10 01:42:46,2024-07-10 01:55:46,Slightly Delayed,329.79,Wallet,97174,2229,13.0,1,Small"
"2166421384,85218071,2024-05-18 15:43:45,2024-05-18 15:55:45,2024-05-18 16:03:45,Slightly Delayed,1861.47,Cash,52405,1730,8.0,1,Large"
"2744509800,69276352,2023-08-31 10:07:20,2023-08-31 10:21:20,2023-08-31 10:22:20,On Time,98.32,Cash,21797,7252,1.0,1,Small"
"8806260669,15631726,2023-10-17 13:03:52,2023-10-17 13:19:52,2023-10-17 13:46:52,Significantly Delayed,275.03,Upi,37678,4955,27.0,1,Small"
"7773287963,93563435,2023-03-22 02:12:29,2023-03-22 02:29:29,2023-03-22 02:34:29,On Time,3262.86,Wallet,19710,4225,5.0,1,Premium"
"8153845667,30192942,2024-08-09 08:44:33,2024-08-09 08:58:33,2024-08-09 08:55:33,On Time,4095.5,Wallet,62899,3671,-3.0,0,Premium"
"8345887091,54145987,2024-10-13 15:25:55,2024-10-13 15:40:55,2024-10-13 15:44:55,On Time,2193.68,Wallet,52252,8412,4.0,1,Premium"
"6638429050,75739462,2024-09-18 07:34:35,2024-09-18 07:48:35,2024-09-18 07:52:35,On Time,2413.79,Cash,61637,7135,4.0,1,Premium"
"4132900691,42262168,2024-09-11 00:54:34,2024-09-11 01:04:34,2024-09-11 01:11:34,Slightly Delayed,2615.9,Card,91813,3325,7.0,1,Premium"
"2119346062,18259715,2023-07-03 12:44:21,2023-07-03 12:58:21,2023-07-03 12:54:21,On Time,217.4,Cash,62669,7453,-4.0,0,Small"
"689310626,69416782,2024-10-01 13:06:45,2024-10-01 13:23:45,2024-10-01 13:37:45,Slightly Delayed,1868.3,Cash,42464,9373,14.0,1,Large"
"9246993674,21701991,2023-11-10 03:43:03,2023-11-10 03:53:03,2023-11-10 04:06:03,Slightly Delayed,874.28,Card,40297,7248,13.0,1,Medium"
"2282234185,94706375,2024-07-14 05:45:34,2024-07-14 05:55:34,2024-07-14 05:52:34,On Time,2600.22,Wallet,5912,7104,-3.0,0,Premium"
"9697170386,48776805,2024-10-07 10:23:41,2024-10-07 10:42:41,2024-10-07 10:37:41,On Time,2391.01,Wallet,88029,84,-5.0,0,Premium"
"6376147802,60495351,2024-07-16 21:24:19,2024-07-16 21:37:19,2024-07-16 21:51:19,Slightly Delayed,197.39,Cash,83140,6373,14.0,1,Small"
"7415158732,30192942,2024-01-05 20:01:50,2024-01-05 20:15:50,2024-01-05 20:32:50,Significantly Delayed,3310.78,Card,7676,6551,17.0,1,Premium"
"343300311,37095171,2024-08-04 01:20:23,2024-08-04 01:37:23,2024-08-04 01:43:23,Slightly Delayed,2120.74,Wallet,90807,9607,6.0,1,Premium"
"3922539531,10048910,2024-09-24 15:36:04,2024-09-24 15:54:04,2024-09-24 15:54:04,On Time,1858.86,Upi,92783,7568,0.0,0,Large"
"7634516705,2058037,2023-10-15 14:39:27,2023-10-15 14:56:27,2023-10-15 15:01:27,On Time,2803.07,Upi,57257,8148,5.0,1,Premium"
"8731122718,50572914,2023-04-23 05:36:37,2023-04-23 05:56:37,2023-04-23 06:09:37,Slightly Delayed,1980.68,Card,86271,1633,13.0,1,Large"
"9471236505,5540556,2024-10-05 10:53:10,2024-10-05 11:12:10,2024-10-05 11:35:10,Significantly Delayed,2872.87,Cash,81145,3786,23.0,1,Premium"
"9497014025,79764458,2024-11-03 04:48:42,2024-11-03 05:01:42,2024-11-03 05:14:42,Slightly Delayed,1475.14,Wallet,52244,7713,13.0,1,Large"
"592358946,54952806,2024-08-22 01:54:12,2024-08-22 02:14:12,2024-08-22 02:17:12,On Time,2564.32,Card,90258,6235,3.0,1,Premium"
"9680783354,20517871,2023-04-09 01:52:19,2023-04-09 02:11:19,2023-04-09 02:11:19,On Time,4361.99,Cash,42017,7329,0.0,0,Premium"
"6109792602,20148223,2023-09-13 01:59:51,2023-09-13 02:16:51,2023-09-13 02:19:51,On Time,2711.74,Upi,97828,2636,3.0,1,Premium"
"2734817654,6184558,2023-04-12 09:38:01,2023-04-12 09:51:01,2023-04-12 09:48:01,On Time,3676.83,Wallet,46050,5492,-3.0,0,Premium"
"6380542008,76917159,2023-06-08 17:37:20,2023-06-08 17:49:20,2023-06-08 17:48:20,On Time,3087.38,Upi,77591,9709,-1.0,0,Premium"
"4784760589,97111069,2024-03-21 03:58:41,2024-03-21 04:17:41,2024-03-21 04:14:41,On Time,1639.04,Wallet,86412,12,-3.0,0,Large"
"1577703194,25641500,2024-04-28 02:35:49,2024-04-28 02:48:49,2024-04-28 02:46:49,On Time,1072.62,Card,52523,4312,-2.0,0,Large"
"6758737749,70363568,2023-10-26 01:52:58,2023-10-26 02:05:58,2023-10-26 02:08:58,On Time,2635.52,Upi,51417,1458,3.0,1,Premium"
"4081640450,97557157,2024-03-16 16:59:58,2024-03-16 17:16:58,2024-03-16 17:20:58,On Time,1137.59,Upi,87928,6693,4.0,1,Large"
"9258266990,76512976,2024-03-31 07:48:47,2024-03-31 08:05:47,2024-03-31 08:05:47,On Time,503.05,Wallet,96885,708,0.0,0,Medium"
"2109410707,19741509,2024-08-07 20:09:41,2024-08-07 20:27:41,2024-08-07 20:27:41,On Time,5477.53,Wallet,13085,1837,0.0,0,Premium"
"576022547,31681710,2024-04-07 05:57:50,2024-04-07 06:09:50,2024-04-07 06:05:50,On Time,4924.66,Card,66178,3028,-4.0,0,Premium"
"2106943908,27604184,2024-01-28 16:53:04,2024-01-28 17:03:04,2024-01-28 17:00:04,On Time,1032.4,Cash,33162,8901,-3.0,0,Large"
"6541281594,51812283,2023-11-18 10:31:04,2023-11-18 10:43:04,2023-11-18 10:53:04,Slightly Delayed,486.28,Wallet,45396,5063,10.0,1,Small"
"2664220988,92091019,2023-05-05 20:23:41,2023-05-05 20:38:41,2023-05-05 20:39:41,On Time,3117.45,Card,78144,2504,1.0,1,Premium"
"493514666,12141418,2023-11-20 23:03:29,2023-11-20 23:17:29,2023-11-20 23:23:29,Slightly Delayed,1421.52,Wallet,5754,1953,6.0,1,Large"
"9658669384,29664214,2023-09-06 21:29:00,2023-09-06 21:41:00,2023-09-06 21:37:00,On Time,764.69,Upi,38162,3047,-4.0,0,Medium"
"8765283513,21461764,2024-02-23 20:01:21,2024-02-23 20:18:21,2024-02-23 20:42:21,Significantly Delayed,1738.07,Cash,3995,1948,24.0,1,Large"
"6421427812,21948041,2023-10-05 01:14:20,2023-10-05 01:33:20,2023-10-05 01:36:20,On Time,4518.73,Upi,72973,970,3.0,1,Premium"
"4467093205,8025622,2023-10-24 12:37:26,2023-10-24 12:49:26,2023-10-24 12:50:26,On Time,1067.68,Upi,61809,7763,1.0,1,Large"
"7560862152,34755436,2023-04-15 08:48:53,2023-04-15 09:05:53,2023-04-15 09:07:53,On Time,1409.57,Upi,91464,3002,2.0,1,Large"
"8218080678,53538932,2024-05-04 18:57:03,2024-05-04 19:10:03,2024-05-04 19:40:03,Significantly Delayed,4113.75,Cash,47082,8276,30.0,1,Premium"
"8196173573,59110513,2024-07-17 18:24:30,2024-07-17 18:36:30,2024-07-17 18:53:30,Significantly Delayed,2030.37,Wallet,50964,2767,17.0,1,Premium"
"1174856327,10855630,2024-06-16 21:24:53,2024-06-16 21:39:53,2024-06-16 21:49:53,Slightly Delayed,2279.72,Upi,32165,6059,10.0,1,Premium"
"9754365788,17805991,2023-12-02 21:33:02,2023-12-02 21:45:02,2023-12-02 21:49:02,On Time,532.57,Cash,65577,591,4.0,1,Medium"
"8398774908,90448312,2024-02-26 19:43:25,2024-02-26 19:54:25,2024-02-26 19:58:25,On Time,186.08,Wallet,61857,9103,4.0,1,Small"
"626433439,41640262,2024-02-17 23:29:34,2024-02-17 23:47:34,2024-02-17 23:45:34,On Time,4972.56,Upi,35365,2862,-2.0,0,Premium"
"3097299525,80862136,2023-10-12 15:30:57,2023-10-12 15:41:57,2023-10-12 15:42:57,On Time,530.85,Wallet,3839,3803,1.0,1,Medium"
"5367488413,18113428,2023-12-12 04:48:42,2023-12-12 05:08:42,2023-12-12 05:09:42,On Time,3863.99,Upi,40803,2328,1.0,1,Premium"
"3700795655,47515046,2023-06-10 18:37:56,2023-06-10 18:47:56,2023-06-10 18:46:56,On Time,704.1,Card,72145,9435,-1.0,0,Medium"
"3161904185,82374625,2024-01-13 14:18:11,2024-01-13 14:36:11,2024-01-13 14:37:11,On Time,1241.11,Wallet,8553,3978,1.0,1,Large"
"8149944548,16436359,2024-07-24 23:07:04,2024-07-24 23:24:04,2024-07-24 23:29:04,On Time,3094.56,Cash,18686,1525,5.0,1,Premium"
"4961830447,3408982,2024-09-06 01:36:17,2024-09-06 01:50:17,2024-09-06 01:55:17,On Time,2369.49,Upi,18510,1475,5.0,1,Premium"
"613578154,53974737,2024-08-03 04:51:31,2024-08-03 05:02:31,2024-08-03 05:15:31,Slightly Delayed,3210.52,Cash,76149,6192,13.0,1,Premium"
"2582466700,65368179,2024-09-10 16:13:12,2024-09-10 16:25:12,2024-09-10 16:32:12,Slightly Delayed,976.55,Wallet,73868,1151,7.0,1,Medium"
"3840910839,77869660,2023-09-10 19:54:37,2023-09-10 20:11:37,2023-09-10 20:24:37,Slightly Delayed,1732.44,Wallet,90827,7541,13.0,1,Large"
"399559401,84456355,2023-11-01 19:21:58,2023-11-01 19:35:58,2023-11-01 20:02:58,Significantly Delayed,3474.58,Upi,54586,7190,27.0,1,Premium"
"4037817241,48716374,2023-12-19 13:40:46,2023-12-19 14:00:46,2023-12-19 14:09:46,Slightly Delayed,1385.27,Wallet,21197,5518,9.0,1,Large"
"582598096,75213636,2023-10-27 23:11:55,2023-10-27 23:25:55,2023-10-27 23:26:55,On Time,1296.1,Upi,7481,2347,1.0,1,Large"
"9218060399,80286283,2024-10-25 08:35:30,2024-10-25 08:46:30,2024-10-25 08:45:30,On Time,4320.63,Card,64460,5212,-1.0,0,Premium"
"6650174202,14255231,2023-07-10 03:29:39,2023-07-10 03:41:39,2023-07-10 03:38:39,On Time,5263.87,Upi,54603,7523,-3.0,0,Premium"
"2715902884,67711384,2024-08-27 03:36:14,2024-08-27 03:46:14,2024-08-27 03:41:14,On Time,4064.39,Upi,79144,2786,-5.0,0,Premium"
"7957986242,69761993,2023-12-10 10:40:31,2023-12-10 10:58:31,2023-12-10 10:59:31,On Time,2007.76,Card,27358,3876,1.0,1,Premium"
"7148568995,30447453,2023-04-06 07:37:41,2023-04-06 07:55:41,2023-04-06 08:15:41,Significantly Delayed,1296.49,Upi,72059,7569,20.0,1,Large"
"670358911,20834589,2023-12-21 10:05:05,2023-12-21 10:20:05,2023-12-21 10:16:05,On Time,4368.88,Card,46172,8511,-4.0,0,Premium"
"6098277214,46876240,2023-03-22 13:39:16,2023-03-22 13:53:16,2023-03-22 13:51:16,On Time,3510.24,Wallet,79553,1643,-2.0,0,Premium"
"4621664126,5386246,2024-07-17 12:11:28,2024-07-17 12:25:28,2024-07-17 12:37:28,Slightly Delayed,2834.89,Wallet,26442,1464,12.0,1,Premium"
"6336460663,95018817,2023-08-28 06:50:04,2023-08-28 07:00:04,2023-08-28 07:10:04,Slightly Delayed,2094.1,Upi,67600,5377,10.0,1,Premium"
"909027635,77214094,2023-06-24 20:36:32,2023-06-24 20:53:32,2023-06-24 21:12:32,Significantly Delayed,2667.33,Cash,26723,1141,19.0,1,Premium"
"2854202683,23081177,2023-10-18 18:01:41,2023-10-18 18:19:41,2023-10-18 18:27:41,Slightly Delayed,5105.99,Card,32711,9411,8.0,1,Premium"
"7936387697,36998375,2023-03-29 00:26:50,2023-03-29 00:44:50,2023-03-29 00:46:50,On Time,3584.24,Card,66425,3840,2.0,1,Premium"
"8337736091,66768157,2024-04-04 00:35:20,2024-04-04 00:52:20,2024-04-04 00:56:20,On Time,3301.22,Cash,43777,189,4.0,1,Premium"
"4404350734,57892837,2024-01-16 16:51:01,2024-01-16 17:03:01,2024-01-16 17:27:01,Significantly Delayed,1946.25,Card,84786,7014,24.0,1,Large"
"6565246127,12455156,2024-05-18 16:03:10,2024-05-18 16:17:10,2024-05-18 16:14:10,On Time,821.95,Upi,95850,8560,-3.0,0,Medium"
"3494650073,49806393,2024-03-03 22:07:45,2024-03-03 22:21:45,2024-03-03 22:20:45,On Time,959.08,Card,39392,8628,-1.0,0,Medium"
"1920923798,71189232,2024-05-01 07:47:34,2024-05-01 07:58:34,2024-05-01 07:53:34,On Time,887.48,Upi,52231,3162,-5.0,0,Medium"
"5069524975,90246977,2024-07-24 01:20:16,2024-07-24 01:31:16,2024-07-24 01:36:16,On Time,517.77,Cash,36149,2046,5.0,1,Medium"
"3873368520,53392567,2023-10-04 08:14:42,2023-10-04 08:34:42,2023-10-04 08:32:42,On Time,3741.7,Upi,38324,7958,-2.0,0,Premium"
"3111414152,56195475,2024-08-01 07:14:37,2024-08-01 07:29:37,2024-08-01 07:27:37,On Time,2560.91,Card,60058,2162,-2.0,0,Premium"
"7104489974,47618810,2023-06-28 21:55:05,2023-06-28 22:12:05,2023-06-28 22:10:05,On Time,3690.39,Cash,69094,2635,-2.0,0,Premium"
"3211566084,45383958,2024-02-24 14:06:37,2024-02-24 14:21:37,2024-02-24 14:18:37,On Time,1460.67,Card,63791,8701,-3.0,0,Large"
"2416717644,11493300,2023-09-12 18:28:43,2023-09-12 18:41:43,2023-09-12 18:47:43,Slightly Delayed,4066.1,Wallet,50707,7211,6.0,1,Premium"
"4535670244,22210238,2024-05-17 08:01:08,2024-05-17 08:20:08,2024-05-17 08:15:08,On Time,2266.44,Wallet,93707,3944,-5.0,0,Premium"
"7309958460,3282647,2024-01-20 02:48:17,2024-01-20 03:08:17,2024-01-20 03:22:17,Slightly Delayed,418.48,Wallet,96501,2127,14.0,1,Small"
"9996182478,39976965,2023-04-18 13:13:06,2023-04-18 13:30:06,2023-04-18 13:30:06,On Time,340.36,Upi,48495,2861,0.0,0,Small"
"2231942521,15931134,2023-12-24 02:28:15,2023-12-24 02:43:15,2023-12-24 03:09:15,Significantly Delayed,2575.76,Wallet,62672,2594,26.0,1,Premium"
"554028972,3421258,2023-09-26 07:50:32,2023-09-26 08:00:32,2023-09-26 08:04:32,On Time,1183.85,Wallet,2944,3008,4.0,1,Large"
"8756001290,85340038,2023-05-06 17:37:11,2023-05-06 17:54:11,2023-05-06 17:49:11,On Time,2600.2,Upi,69588,6634,-5.0,0,Premium"
"8047899303,11254582,2023-09-28 01:45:21,2023-09-28 02:00:21,2023-09-28 02:00:21,On Time,1028.26,Upi,48899,757,0.0,0,Large"
"9720683332,87641623,2024-06-23 20:18:46,2024-06-23 20:36:46,2024-06-23 20:33:46,On Time,1692.04,Card,95640,3258,-3.0,0,Large"
"218670241,70220141,2023-06-07 03:22:10,2023-06-07 03:38:10,2023-06-07 03:54:10,Significantly Delayed,497.09,Upi,92976,5323,16.0,1,Small"
"1382880255,94078407,2024-08-11 13:26:47,2024-08-11 13:43:47,2024-08-11 13:48:47,On Time,2410.88,Card,88383,3709,5.0,1,Premium"
"332975964,99824171,2023-09-21 01:37:40,2023-09-21 01:52:40,2023-09-21 02:11:40,Significantly Delayed,2545.55,Cash,69991,9477,19.0,1,Premium"
"2638683222,2457734,2024-10-30 05:28:47,2024-10-30 05:38:47,2024-10-30 05:43:47,On Time,887.48,Card,3648,2769,5.0,1,Medium"
"9150146711,54923640,2024-04-29 18:20:35,2024-04-29 18:35:35,2024-04-29 18:40:35,On Time,2357.91,Wallet,30271,4316,5.0,1,Premium"
"1553626879,6579892,2024-10-26 14:35:25,2024-10-26 14:49:25,2024-10-26 14:54:25,On Time,4260.55,Upi,72392,284,5.0,1,Premium"
"9271384187,67749649,2023-11-28 03:30:12,2023-11-28 03:42:12,2023-11-28 03:47:12,On Time,3778.41,Card,70464,7338,5.0,1,Premium"
"1409544327,86444757,2024-07-13 16:18:13,2024-07-13 16:34:13,2024-07-13 16:39:13,On Time,1892.02,Wallet,69320,8983,5.0,1,Large"
"637100019,62868582,2023-10-23 18:20:24,2023-10-23 18:34:24,2023-10-23 18:36:24,On Time,2537.11,Wallet,76292,7033,2.0,1,Premium"
"186083059,67829645,2024-07-01 20:22:07,2024-07-01 20:32:07,2024-07-01 20:36:07,On Time,1855.64,Wallet,1807,6265,4.0,1,Large"
"1804073530,10048910,2024-06-19 17:25:06,2024-06-19 17:43:06,2024-06-19 17:41:06,On Time,2824.36,Upi,59672,3590,-2.0,0,Premium"
"5291430311,75081265,2023-10-19 19:02:56,2023-10-19 19:14:56,2023-10-19 19:41:56,Significantly Delayed,1993.93,Cash,95600,5941,27.0,1,Large"
"6947225582,89051578,2024-04-03 08:47:01,2024-04-03 08:58:01,2024-04-03 08:55:01,On Time,475.04,Cash,86451,7428,-3.0,0,Small"
"5710643134,38420886,2023-04-16 16:59:10,2023-04-16 17:16:10,2023-04-16 17:44:10,Significantly Delayed,634.18,Card,8691,443,28.0,1,Medium"
"8329733630,46717997,2024-03-04 03:52:58,2024-03-04 04:04:58,2024-03-04 04:11:58,Slightly Delayed,1816.98,Cash,11186,4453,7.0,1,Large"
"6772651293,27049432,2023-12-15 18:31:13,2023-12-15 18:50:13,2023-12-15 18:51:13,On Time,1303.9,Upi,56773,6405,1.0,1,Large"
"581212790,21461764,2024-06-29 08:47:32,2024-06-29 09:03:32,2024-06-29 09:11:32,Slightly Delayed,3835.87,Wallet,48586,5239,8.0,1,Premium"
"4766571706,71176678,2023-05-05 17:44:23,2023-05-05 18:00:23,2023-05-05 18:11:23,Slightly Delayed,397.68,Card,97889,9452,11.0,1,Small"
"9961298199,37926207,2023-11-27 06:20:52,2023-11-27 06:33:52,2023-11-27 06:29:52,On Time,2762.95,Wallet,21653,4313,-4.0,0,Premium"
"8102675591,51119088,2024-02-03 22:50:53,2024-02-03 23:00:53,2024-02-03 23:13:53,Slightly Delayed,609.82,Upi,88871,910,13.0,1,Medium"
"604050223,29689766,2024-04-18 08:03:01,2024-04-18 08:23:01,2024-04-18 08:22:01,On Time,918.58,Card,19260,3993,-1.0,0,Medium"
"782327552,45586151,2023-07-07 19:53:54,2023-07-07 20:10:54,2023-07-07 20:12:54,On Time,2751.67,Cash,96347,36,2.0,1,Premium"
"6156638188,70589930,2023-03-17 04:57:05,2023-03-17 05:15:05,2023-03-17 05:22:05,Slightly Delayed,2569.47,Card,69037,2280,7.0,1,Premium"
"6475299855,5238055,2023-10-13 22:08:45,2023-10-13 22:19:45,2023-10-13 22:24:45,On Time,3096.82,Cash,18820,2010,5.0,1,Premium"
"689110145,84161531,2023-05-03 06:46:48,2023-05-03 06:56:48,2023-05-03 07:17:48,Significantly Delayed,1235.24,Upi,22197,7768,21.0,1,Large"
"2785467351,59009727,2024-05-12 13:19:57,2024-05-12 13:36:57,2024-05-12 13:51:57,Slightly Delayed,2848.42,Wallet,17432,4300,15.0,1,Premium"
"7188270379,86487478,2024-04-15 06:19:27,2024-04-15 06:30:27,2024-04-15 06:36:27,Slightly Delayed,5245.33,Upi,55032,6350,6.0,1,Premium"
"9209192342,42227189,2024-03-05 06:50:05,2024-03-05 07:06:05,2024-03-05 07:16:05,Slightly Delayed,679.28,Upi,23219,984,10.0,1,Medium"
"3193016310,58115779,2023-12-02 05:09:03,2023-12-02 05:29:03,2023-12-02 05:50:03,Significantly Delayed,803.12,Cash,11489,9359,21.0,1,Medium"
"9743228131,34839913,2024-07-09 08:44:54,2024-07-09 08:58:54,2024-07-09 08:59:54,On Time,4156.96,Upi,82266,7677,1.0,1,Premium"
"4417542973,84937877,2024-08-23 11:53:24,2024-08-23 12:11:24,2024-08-23 12:11:24,On Time,2434.22,Card,38726,9068,0.0,0,Premium"
"3065857200,82359623,2024-06-26 02:36:03,2024-06-26 02:54:03,2024-06-26 02:57:03,On Time,4340.64,Cash,21536,551,3.0,1,Premium"
"6994732191,35278126,2023-07-24 11:19:55,2023-07-24 11:37:55,2023-07-24 11:47:55,Slightly Delayed,4027.04,Card,25109,9762,10.0,1,Premium"
"7663189769,85006599,2023-08-01 12:35:29,2023-08-01 12:55:29,2023-08-01 13:18:29,Significantly Delayed,368.54,Card,50493,5387,23.0,1,Small"
"5012619147,66130660,2023-05-03 10:08:16,2023-05-03 10:21:16,2023-05-03 10:50:16,Significantly Delayed,1861.22,Card,9915,6333,29.0,1,Large"
"7456088789,36737539,2023-04-09 00:01:59,2023-04-09 00:16:59,2023-04-09 00:21:59,On Time,3073.92,Wallet,72015,6143,5.0,1,Premium"
"3270559373,13604883,2023-03-19 13:25:27,2023-03-19 13:45:27,2023-03-19 13:51:27,Slightly Delayed,2266.96,Cash,81866,2056,6.0,1,Premium"
"4703798183,21597477,2023-12-23 06:48:16,2023-12-23 07:05:16,2023-12-23 07:15:16,Slightly Delayed,3135.96,Cash,75874,1584,10.0,1,Premium"
"3968840556,93723634,2024-09-09 22:11:16,2024-09-09 22:22:16,2024-09-09 22:27:16,On Time,3002.12,Upi,31983,7173,5.0,1,Premium"
"2331647373,84848018,2023-08-11 06:31:20,2023-08-11 06:41:20,2023-08-11 06:46:20,On Time,1263.26,Cash,34574,9713,5.0,1,Large"
"6683347454,34697768,2023-05-25 15:18:36,2023-05-25 15:38:36,2023-05-25 15:48:36,Slightly Delayed,3293.03,Wallet,86987,3592,10.0,1,Premium"
"5710259220,17287733,2023-04-15 15:28:40,2023-04-15 15:46:40,2023-04-15 15:50:40,On Time,3128.46,Wallet,87697,670,4.0,1,Premium"
"9871546057,39418109,2024-05-12 03:34:53,2024-05-12 03:54:53,2024-05-12 03:50:53,On Time,976.19,Upi,951,3643,-4.0,0,Medium"
"5459704311,47295676,2023-12-01 10:39:33,2023-12-01 10:50:33,2023-12-01 10:53:33,On Time,1092.66,Upi,54075,5461,3.0,1,Large"
"3426702134,50229203,2024-08-23 09:02:45,2024-08-23 09:12:45,2024-08-23 09:22:45,Slightly Delayed,217.4,Card,4336,1126,10.0,1,Small"
"7671357353,16420489,2024-02-18 16:36:29,2024-02-18 16:52:29,2024-02-18 16:49:29,On Time,1968.97,Wallet,73213,2511,-3.0,0,Large"
"9656230693,40305293,2023-04-16 08:23:43,2023-04-16 08:35:43,2023-04-16 08:47:43,Slightly Delayed,936.98,Cash,63639,9243,12.0,1,Medium"
"3315369956,9105829,2023-04-21 07:44:03,2023-04-21 08:02:03,2023-04-21 08:09:03,Slightly Delayed,3947.39,Card,34924,8224,7.0,1,Premium"
"1762287720,94404245,2024-08-30 07:15:06,2024-08-30 07:27:06,2024-08-30 07:28:06,On Time,1498.34,Card,15003,9563,1.0,1,Large"
"4816206081,36142455,2023-05-12 14:07:49,2023-05-12 14:27:49,2023-05-12 14:32:49,On Time,1239.96,Card,12801,3112,5.0,1,Large"
"2808133351,11071601,2023-12-03 11:14:33,2023-12-03 11:27:33,2023-12-03 11:27:33,On Time,2922.68,Cash,70241,3774,0.0,0,Premium"
"3444569396,57967753,2024-09-25 19:12:11,2024-09-25 19:31:11,2024-09-25 19:27:11,On Time,2526.45,Upi,74223,8264,-4.0,0,Premium"
"9704671447,25977417,2023-12-05 22:44:34,2023-12-05 22:56:34,2023-12-05 22:57:34,On Time,3530.03,Cash,83778,8476,1.0,1,Premium"
"6454001692,2136830,2023-09-09 17:10:08,2023-09-09 17:30:08,2023-09-09 17:42:08,Slightly Delayed,4369.13,Upi,28635,8872,12.0,1,Premium"
"2624508626,63262519,2024-02-28 00:12:59,2024-02-28 00:27:59,2024-02-28 00:24:59,On Time,326.56,Wallet,32652,9228,-3.0,0,Small"
"932273820,17287733,2024-05-06 02:04:58,2024-05-06 02:16:58,2024-05-06 02:21:58,On Time,1912.65,Cash,48216,8621,5.0,1,Large"
"7908614088,12622901,2023-05-14 15:42:09,2023-05-14 16:02:09,2023-05-14 16:16:09,Slightly Delayed,6721.46,Card,80984,523,14.0,1,Premium"
"9730765358,82708090,2023-08-20 21:45:23,2023-08-20 21:58:23,2023-08-20 21:57:23,On Time,1354.27,Upi,93026,9210,-1.0,0,Large"
"4748284156,38969732,2023-09-18 20:15:02,2023-09-18 20:27:02,2023-09-18 20:25:02,On Time,3484.22,Card,77950,5517,-2.0,0,Premium"
"1829286278,45052594,2023-09-27 17:13:16,2023-09-27 17:32:16,2023-09-27 17:34:16,On Time,2529.56,Card,39836,120,2.0,1,Premium"
"3180415318,22076522,2024-07-07 05:06:55,2024-07-07 05:16:55,2024-07-07 05:43:55,Significantly Delayed,1790.18,Card,34284,983,27.0,1,Large"
"1008158736,62971413,2024-06-10 15:00:16,2024-06-10 15:14:16,2024-06-10 15:23:16,Slightly Delayed,814.33,Card,26508,8514,9.0,1,Medium"
"5092816701,89531595,2024-06-03 19:10:02,2024-06-03 19:22:02,2024-06-03 19:52:02,Significantly Delayed,2717.67,Cash,43823,7588,30.0,1,Premium"
"4339850858,16230299,2023-10-25 22:24:54,2023-10-25 22:34:54,2023-10-25 22:50:54,Significantly Delayed,626.19,Upi,53728,8440,16.0,1,Medium"
"1564040362,93924203,2023-08-01 11:56:52,2023-08-01 12:08:52,2023-08-01 12:05:52,On Time,4091.56,Upi,80698,3281,-3.0,0,Premium"
"4856827800,43784632,2024-08-20 03:23:58,2024-08-20 03:33:58,2024-08-20 03:30:58,On Time,1785.77,Card,4610,9380,-3.0,0,Large"
"2465711187,48511124,2023-03-30 10:56:02,2023-03-30 11:08:02,2023-03-30 11:03:02,On Time,2295.91,Wallet,94564,7144,-5.0,0,Premium"
"7741314063,32054313,2024-09-13 19:17:00,2024-09-13 19:34:00,2024-09-13 19:36:00,On Time,2559.45,Upi,35348,3886,2.0,1,Premium"
"6973696848,21779155,2023-04-23 15:48:37,2023-04-23 16:07:37,2023-04-23 16:16:37,Slightly Delayed,2455.38,Upi,32179,3543,9.0,1,Premium"
"443178123,56248757,2024-08-29 00:57:24,2024-08-29 01:09:24,2024-08-29 01:15:24,Slightly Delayed,464.47,Upi,38965,5562,6.0,1,Small"
"2155491764,77869660,2024-08-29 01:12:55,2024-08-29 01:31:55,2024-08-29 01:26:55,On Time,1496.14,Card,72093,201,-5.0,0,Large"
"282887897,97492493,2023-09-19 23:21:12,2023-09-19 23:36:12,2023-09-19 23:32:12,On Time,3330.24,Wallet,79472,1577,-4.0,0,Premium"
"1014190951,70798876,2023-04-25 16:00:01,2023-04-25 16:19:01,2023-04-25 16:14:01,On Time,1856.87,Cash,80162,1074,-5.0,0,Large"
"4632027192,64162093,2024-07-09 02:43:22,2024-07-09 02:59:22,2024-07-09 02:58:22,On Time,2036.3,Cash,6632,7992,-1.0,0,Premium"
"9196809062,58979427,2024-05-19 02:58:20,2024-05-19 03:16:20,2024-05-19 03:31:20,Slightly Delayed,3159.25,Cash,2987,2301,15.0,1,Premium"
"3802671506,55028958,2023-07-30 07:51:28,2023-07-30 08:04:28,2023-07-30 08:04:28,On Time,4557.7,Wallet,38523,7462,0.0,0,Premium"
"931138604,38133873,2023-08-24 16:18:57,2023-08-24 16:28:57,2023-08-24 16:24:57,On Time,1521.46,Upi,69770,8292,-4.0,0,Large"
"6507222211,46623192,2024-01-15 06:54:51,2024-01-15 07:14:51,2024-01-15 07:25:51,Slightly Delayed,3387.81,Wallet,20296,681,11.0,1,Premium"
"9091185978,4606533,2023-07-22 08:48:30,2023-07-22 09:08:30,2023-07-22 09:08:30,On Time,938.72,Wallet,28584,413,0.0,0,Medium"
"6314310505,42272393,2024-02-16 04:34:10,2024-02-16 04:46:10,2024-02-16 04:47:10,On Time,785.67,Wallet,98855,8019,1.0,1,Medium"
"2711467206,21658322,2023-04-07 00:50:13,2023-04-07 01:03:13,2023-04-07 00:58:13,On Time,2764.55,Cash,63249,9015,-5.0,0,Premium"
"1359318731,72675976,2024-08-27 22:36:25,2024-08-27 22:52:25,2024-08-27 22:47:25,On Time,831.43,Wallet,34201,7047,-5.0,0,Medium"
"4521042050,99734256,2024-04-25 08:00:21,2024-04-25 08:14:21,2024-04-25 08:17:21,On Time,2669.97,Wallet,40126,5597,3.0,1,Premium"
"1317016672,87256913,2024-09-20 23:46:52,2024-09-21 00:03:52,2024-09-21 00:07:52,On Time,3869.92,Wallet,11412,9048,4.0,1,Premium"
"7624598493,69516494,2024-04-18 06:44:36,2024-04-18 07:02:36,2024-04-18 07:09:36,Slightly Delayed,2629.91,Wallet,36089,4792,7.0,1,Premium"
"1753431230,9048817,2024-03-24 13:44:38,2024-03-24 13:56:38,2024-03-24 13:51:38,On Time,3944.12,Wallet,42674,9147,-5.0,0,Premium"
"8650539199,41640262,2023-12-04 05:05:17,2023-12-04 05:25:17,2023-12-04 05:37:17,Slightly Delayed,1272.55,Card,73657,5658,12.0,1,Large"
"3276478503,10048910,2024-04-03 14:28:23,2024-04-03 14:39:23,2024-04-03 14:36:23,On Time,2477.66,Cash,41400,663,-3.0,0,Premium"
"5080943123,2164524,2023-09-21 13:42:13,2023-09-21 14:01:13,2023-09-21 14:22:13,Significantly Delayed,1496.54,Wallet,27168,2977,21.0,1,Large"
"6158083683,78158536,2024-03-08 17:19:17,2024-03-08 17:37:17,2024-03-08 17:42:17,On Time,3096.42,Cash,76731,4050,5.0,1,Premium"
"9228072842,93370787,2023-07-25 06:05:17,2023-07-25 06:21:17,2023-07-25 06:26:17,On Time,959.14,Upi,20581,1829,5.0,1,Medium"
"4028432722,77397957,2024-05-21 17:41:24,2024-05-21 18:01:24,2024-05-21 18:06:24,On Time,1937.88,Card,66007,8183,5.0,1,Large"
"3679730192,83404008,2023-07-05 14:27:32,2023-07-05 14:40:32,2023-07-05 14:35:32,On Time,2775.88,Cash,55300,9630,-5.0,0,Premium"
"71793937,13189939,2024-04-20 23:44:39,2024-04-21 00:02:39,2024-04-21 00:00:39,On Time,2269.58,Cash,63892,9947,-2.0,0,Premium"
"47467466,55693909,2023-09-05 16:53:11,2023-09-05 17:04:11,2023-09-05 17:02:11,On Time,102.44,Wallet,60202,2532,-2.0,0,Small"
"4538136436,18170800,2023-05-23 03:28:54,2023-05-23 03:40:54,2023-05-23 03:45:54,On Time,2282.55,Card,80929,5084,5.0,1,Premium"
"8750169461,96989204,2024-09-07 06:42:34,2024-09-07 06:54:34,2024-09-07 06:55:34,On Time,4677.25,Upi,88001,7647,1.0,1,Premium"
"9371021811,76850859,2024-10-24 11:37:31,2024-10-24 11:57:31,2024-10-24 11:55:31,On Time,1217.12,Card,82734,2565,-2.0,0,Large"
"679274212,91243571,2024-10-19 19:09:22,2024-10-19 19:26:22,2024-10-19 19:21:22,On Time,1922.55,Card,12916,5840,-5.0,0,Large"
"6601671674,49136375,2023-07-09 06:22:00,2023-07-09 06:35:00,2023-07-09 06:48:00,Slightly Delayed,2353.53,Cash,5103,7944,13.0,1,Premium"
"2708441500,23286884,2024-01-12 21:05:00,2024-01-12 21:21:00,2024-01-12 21:17:00,On Time,2396.22,Card,11379,6831,-4.0,0,Premium"
"9548480220,82594354,2023-09-08 12:13:28,2023-09-08 12:30:28,2023-09-08 12:33:28,On Time,3568.09,Wallet,11612,3238,3.0,1,Premium"
"5440864021,44409533,2023-09-15 07:33:04,2023-09-15 07:52:04,2023-09-15 07:51:04,On Time,1988.09,Card,56201,7285,-1.0,0,Large"
"5705224767,3897936,2023-06-02 17:35:56,2023-06-02 17:52:56,2023-06-02 17:48:56,On Time,2322.96,Card,50670,562,-4.0,0,Premium"
"9945458771,8733344,2024-08-27 15:06:31,2024-08-27 15:16:31,2024-08-27 15:26:31,Slightly Delayed,910.44,Cash,10844,6268,10.0,1,Medium"
"336832815,10769994,2023-12-09 04:14:59,2023-12-09 04:27:59,2023-12-09 04:38:59,Slightly Delayed,935.81,Upi,23603,7500,11.0,1,Medium"
"9543126726,24308515,2024-05-01 12:03:22,2024-05-01 12:22:22,2024-05-01 12:34:22,Slightly Delayed,2520.83,Cash,42216,6769,12.0,1,Premium"
"5134666123,38613642,2024-05-02 13:28:58,2024-05-02 13:48:58,2024-05-02 13:49:58,On Time,887.15,Upi,72594,6562,1.0,1,Medium"
"5663657880,69632084,2024-05-06 11:20:40,2024-05-06 11:35:40,2024-05-06 11:59:40,Significantly Delayed,2630.49,Upi,79020,5302,24.0,1,Premium"
"5352647396,49756591,2023-10-11 20:42:36,2023-10-11 21:02:36,2023-10-11 21:00:36,On Time,1833.25,Cash,6854,3566,-2.0,0,Large"
"7995172779,40703374,2023-06-15 13:44:44,2023-06-15 14:02:44,2023-06-15 14:15:44,Slightly Delayed,438.47,Cash,62870,3605,13.0,1,Small"
"605779703,8881320,2024-03-07 23:02:42,2024-03-07 23:19:42,2024-03-07 23:16:42,On Time,1354.81,Upi,68537,1208,-3.0,0,Large"
"685688121,60371334,2023-10-27 01:01:25,2023-10-27 01:17:25,2023-10-27 01:34:25,Significantly Delayed,2302.74,Wallet,32044,1618,17.0,1,Premium"
"5966726971,57833505,2023-09-06 18:01:18,2023-09-06 18:16:18,2023-09-06 18:21:18,On Time,2597.42,Wallet,51902,4449,5.0,1,Premium"
"6763510083,4055790,2023-06-07 10:27:39,2023-06-07 10:41:39,2023-06-07 10:36:39,On Time,3215.35,Cash,95417,3310,-5.0,0,Premium"
"6735813139,90448312,2023-04-04 01:07:06,2023-04-04 01:25:06,2023-04-04 01:21:06,On Time,951.27,Cash,58945,3811,-4.0,0,Medium"
"8361205778,47274329,2023-06-20 08:36:50,2023-06-20 08:52:50,2023-06-20 08:50:50,On Time,2288.64,Wallet,55780,6955,-2.0,0,Premium"
"3640952655,50105174,2023-06-01 16:31:24,2023-06-01 16:48:24,2023-06-01 17:02:24,Slightly Delayed,1325.12,Cash,15926,7623,14.0,1,Large"
"6395279829,34588087,2023-10-26 04:59:56,2023-10-26 05:09:56,2023-10-26 05:08:56,On Time,3312.98,Cash,18102,7226,-1.0,0,Premium"
"339410846,61618079,2023-05-06 15:36:15,2023-05-06 15:50:15,2023-05-06 15:45:15,On Time,967.74,Card,93237,298,-5.0,0,Medium"
"8924056486,74172010,2024-04-08 00:45:25,2024-04-08 00:59:25,2024-04-08 01:24:25,Significantly Delayed,2577.32,Upi,20522,4989,25.0,1,Premium"
"6616322616,61763552,2023-12-03 10:48:35,2023-12-03 11:05:35,2023-12-03 11:09:35,On Time,1998.9,Wallet,53617,4706,4.0,1,Large"
"4178578583,69340015,2024-09-29 05:23:08,2024-09-29 05:39:08,2024-09-29 05:39:08,On Time,858.84,Upi,76083,9868,0.0,0,Medium"
"7558107764,50968312,2024-03-13 22:01:27,2024-03-13 22:16:27,2024-03-13 22:14:27,On Time,3414.46,Cash,2704,4233,-2.0,0,Premium"
"7894708851,78678612,2024-04-12 01:37:57,2024-04-12 01:49:57,2024-04-12 01:47:57,On Time,481.63,Wallet,97823,5005,-2.0,0,Small"
"1916638346,20163931,2023-06-28 17:22:05,2023-06-28 17:40:05,2023-06-28 17:52:05,Slightly Delayed,223.49,Cash,35010,7021,12.0,1,Small"
"4973943462,68341636,2024-10-29 18:19:37,2024-10-29 18:36:37,2024-10-29 18:56:37,Significantly Delayed,1903.83,Card,40489,1572,20.0,1,Large"
"6567129123,66135710,2023-09-09 12:41:26,2023-09-09 12:54:26,2023-09-09 12:59:26,On Time,3012.34,Cash,43806,2238,5.0,1,Premium"
"8702642032,23676689,2023-08-22 20:13:04,2023-08-22 20:31:04,2023-08-22 20:34:04,On Time,1137.72,Card,48604,8386,3.0,1,Large"
"7857954356,76864442,2024-01-20 18:49:03,2024-01-20 19:08:03,2024-01-20 19:04:03,On Time,2866.57,Wallet,79173,4809,-4.0,0,Premium"
"5376218500,24644542,2023-11-16 15:45:17,2023-11-16 16:00:17,2023-11-16 16:09:17,Slightly Delayed,888.16,Card,38067,2758,9.0,1,Medium"
"3452449295,71252391,2023-10-09 06:35:23,2023-10-09 06:54:23,2023-10-09 06:55:23,On Time,1395.83,Upi,48310,5485,1.0,1,Large"
"1694826296,12277039,2023-05-09 19:36:29,2023-05-09 19:49:29,2023-05-09 19:47:29,On Time,2463.99,Card,15133,1298,-2.0,0,Premium"
"9449954611,97111119,2023-08-12 07:24:03,2023-08-12 07:34:03,2023-08-12 07:41:03,Slightly Delayed,50.12,Cash,64018,9188,7.0,1,Small"
"7722059222,63630649,2023-11-16 23:07:52,2023-11-16 23:21:52,2023-11-16 23:36:52,Slightly Delayed,4544.95,Cash,59534,7000,15.0,1,Premium"
"2871448124,81091233,2024-05-28 05:42:27,2024-05-28 06:00:27,2024-05-28 06:04:27,On Time,1538.55,Cash,59357,779,4.0,1,Large"
"4158839033,38969732,2024-09-22 12:13:30,2024-09-22 12:29:30,2024-09-22 12:30:30,On Time,1618.32,Cash,26464,478,1.0,1,Large"
"9936118648,54885705,2024-03-04 18:42:25,2024-03-04 18:58:25,2024-03-04 19:07:25,Slightly Delayed,71.84,Wallet,91322,9973,9.0,1,Small"
"6804747901,89619421,2024-01-31 02:45:25,2024-01-31 03:01:25,2024-01-31 03:04:25,On Time,2389.91,Wallet,71158,8759,3.0,1,Premium"
"7579444448,53354003,2024-06-06 16:01:20,2024-06-06 16:20:20,2024-06-06 16:22:20,On Time,491.39,Wallet,96702,8726,2.0,1,Small"
"4379043082,88167544,2023-05-12 04:35:08,2023-05-12 04:45:08,2023-05-12 04:45:08,On Time,831.1,Cash,29561,8366,0.0,0,Medium"
"4212894712,20310720,2024-06-09 14:49:20,2024-06-09 15:04:20,2024-06-09 15:06:20,On Time,1512.77,Cash,52325,790,2.0,1,Large"
"7962511808,60371334,2024-02-11 10:18:16,2024-02-11 10:32:16,2024-02-11 10:35:16,On Time,2861.63,Upi,33403,8138,3.0,1,Premium"
"6478815087,22293666,2024-07-18 08:01:45,2024-07-18 08:13:45,2024-07-18 08:10:45,On Time,2516.92,Cash,73936,5317,-3.0,0,Premium"
"6239166986,6724509,2024-05-23 06:21:35,2024-05-23 06:41:35,2024-05-23 06:49:35,Slightly Delayed,578.85,Cash,89070,7457,8.0,1,Medium"
"9894863460,35826539,2023-03-25 08:37:29,2023-03-25 08:51:29,2023-03-25 08:48:29,On Time,3219.23,Wallet,10817,1882,-3.0,0,Premium"
"2982638677,48554440,2024-01-13 17:26:15,2024-01-13 17:36:15,2024-01-13 17:34:15,On Time,3688.89,Wallet,30985,741,-2.0,0,Premium"
"3284797515,13164195,2024-09-10 03:50:34,2024-09-10 04:07:34,2024-09-10 04:20:34,Slightly Delayed,3000.61,Upi,76320,5617,13.0,1,Premium"
"8895501673,15066187,2023-07-11 17:07:37,2023-07-11 17:19:37,2023-07-11 17:20:37,On Time,3624.66,Wallet,50064,71,1.0,1,Premium"
"914992221,90882023,2023-07-27 04:17:11,2023-07-27 04:37:11,2023-07-27 04:41:11,On Time,517.77,Cash,77449,8948,4.0,1,Medium"
"2067729457,79916464,2023-09-23 01:34:46,2023-09-23 01:48:46,2023-09-23 01:47:46,On Time,1286.82,Cash,15319,9617,-1.0,0,Large"
"5389250154,94179692,2024-09-15 02:36:25,2024-09-15 02:55:25,2024-09-15 02:51:25,On Time,2638.02,Upi,78231,9502,-4.0,0,Premium"
"4352973016,35912599,2024-10-07 08:49:35,2024-10-07 09:07:35,2024-10-07 09:36:35,Significantly Delayed,822.63,Cash,33825,4271,29.0,1,Medium"
"7667555396,13796199,2024-02-03 11:37:39,2024-02-03 11:54:39,2024-02-03 12:09:39,Slightly Delayed,5488.33,Wallet,33288,9693,15.0,1,Premium"
"168804744,25128143,2023-10-28 07:21:34,2023-10-28 07:34:34,2023-10-28 07:34:34,On Time,3450.59,Card,16671,4909,0.0,0,Premium"
"854218304,84377964,2023-11-04 06:29:07,2023-11-04 06:40:07,2023-11-04 06:37:07,On Time,1897.86,Cash,13622,7464,-3.0,0,Large"
"2616618240,12402437,2024-03-14 00:46:30,2024-03-14 00:56:30,2024-03-14 00:57:30,On Time,3909.27,Wallet,89491,4931,1.0,1,Premium"
"8891144024,47590944,2023-04-06 20:40:40,2023-04-06 20:53:40,2023-04-06 20:57:40,On Time,1286.76,Cash,45152,6524,4.0,1,Large"
"4606856320,57102800,2024-08-03 07:23:35,2024-08-03 07:33:35,2024-08-03 07:35:35,On Time,726.41,Wallet,35528,6745,2.0,1,Medium"
"1876194333,51945420,2024-03-27 08:38:09,2024-03-27 08:49:09,2024-03-27 08:51:09,On Time,1630.26,Cash,56344,973,2.0,1,Large"
"1471186096,51503088,2023-11-21 02:10:26,2023-11-21 02:24:26,2023-11-21 02:39:26,Slightly Delayed,2890.99,Upi,80106,7605,15.0,1,Premium"
"4763556417,91602727,2023-04-01 00:44:27,2023-04-01 00:54:27,2023-04-01 00:52:27,On Time,968.94,Upi,49554,6077,-2.0,0,Medium"
"5961097387,75474920,2023-08-27 04:34:57,2023-08-27 04:53:57,2023-08-27 04:53:57,On Time,2425.77,Wallet,73762,6574,0.0,0,Premium"
"1509646137,31456752,2024-04-12 17:05:00,2024-04-12 17:21:00,2024-04-12 17:30:00,Slightly Delayed,4104.67,Card,67798,1608,9.0,1,Premium"
"7533431274,23984022,2023-08-11 15:37:28,2023-08-11 15:52:28,2023-08-11 15:52:28,On Time,1728.15,Upi,93471,9841,0.0,0,Large"
"3598818329,22293666,2023-07-29 03:19:44,2023-07-29 03:33:44,2023-07-29 03:34:44,On Time,2790.82,Upi,28683,7756,1.0,1,Premium"
"2561337790,30823988,2024-10-09 07:00:06,2024-10-09 07:13:06,2024-10-09 07:09:06,On Time,1213.78,Cash,43692,7529,-4.0,0,Large"
"2359692348,5418547,2024-08-31 00:34:00,2024-08-31 00:47:00,2024-08-31 00:51:00,On Time,1914.18,Card,74057,5838,4.0,1,Large"
"3146098826,12799092,2024-06-20 23:11:38,2024-06-20 23:21:38,2024-06-20 23:24:38,On Time,3453.75,Upi,29471,7486,3.0,1,Premium"
"8638050442,52770036,2023-11-16 23:29:41,2023-11-16 23:46:41,2023-11-16 23:50:41,On Time,130.18,Card,50161,5766,4.0,1,Small"
"1833854180,60062501,2023-03-23 07:12:41,2023-03-23 07:31:41,2023-03-23 07:56:41,Significantly Delayed,4585.63,Cash,25656,2729,25.0,1,Premium"
"5687148136,32527479,2023-06-24 00:46:15,2023-06-24 00:56:15,2023-06-24 00:57:15,On Time,1438.64,Cash,50176,6902,1.0,1,Large"
"7133253616,14940427,2024-08-14 08:08:21,2024-08-14 08:26:21,2024-08-14 08:37:21,Slightly Delayed,4564.38,Wallet,76051,4215,11.0,1,Premium"
"7899569162,90745023,2023-08-15 08:52:13,2023-08-15 09:06:13,2023-08-15 09:13:13,Slightly Delayed,1702.84,Upi,31475,1568,7.0,1,Large"
"6119637917,77961205,2024-06-28 20:45:43,2024-06-28 20:59:43,2024-06-28 21:04:43,On Time,1146.21,Upi,65328,1994,5.0,1,Large"
"4924477011,7333934,2024-01-13 19:20:13,2024-01-13 19:32:13,2024-01-13 19:33:13,On Time,3957.29,Cash,43813,7432,1.0,1,Premium"
"577458306,94165062,2023-10-03 07:10:04,2023-10-03 07:23:04,2023-10-03 07:18:04,On Time,2931.44,Wallet,52312,5190,-5.0,0,Premium"
"1605287230,7076456,2023-08-08 06:37:33,2023-08-08 06:52:33,2023-08-08 06:52:33,On Time,3945.48,Upi,24637,9638,0.0,0,Premium"
"5743074720,44828791,2024-02-08 03:10:10,2024-02-08 03:26:10,2024-02-08 03:22:10,On Time,40.7,Upi,88405,1693,-4.0,0,Small"
"1645477578,47625855,2023-07-20 07:52:09,2023-07-20 08:10:09,2023-07-20 08:05:09,On Time,1617.86,Cash,22284,3781,-5.0,0,Large"
"6231311270,91144803,2023-12-07 18:40:58,2023-12-07 18:51:58,2023-12-07 19:06:58,Slightly Delayed,2173.29,Upi,73322,9174,15.0,1,Premium"
"4629648516,93507573,2023-08-21 22:22:49,2023-08-21 22:41:49,2023-08-21 22:42:49,On Time,39.65,Wallet,49643,9074,1.0,1,Small"
"2706229594,81337068,2024-10-04 07:45:22,2024-10-04 08:04:22,2024-10-04 08:01:22,On Time,3260.52,Cash,67428,8098,-3.0,0,Premium"
"6814009039,10605484,2023-11-03 13:06:48,2023-11-03 13:17:48,2023-11-03 13:13:48,On Time,1344.57,Card,37668,1902,-4.0,0,Large"
"5604135912,11478478,2024-08-19 16:21:47,2024-08-19 16:31:47,2024-08-19 16:33:47,On Time,4032.27,Cash,99733,9095,2.0,1,Premium"
"766789724,60446619,2024-08-20 23:33:16,2024-08-20 23:47:16,2024-08-20 23:49:16,On Time,2837.18,Cash,52639,5563,2.0,1,Premium"
"2727595593,80875034,2023-11-17 01:01:45,2023-11-17 01:21:45,2023-11-17 01:18:45,On Time,3069.89,Upi,26761,4539,-3.0,0,Premium"
"9887978407,43256928,2023-07-16 13:01:35,2023-07-16 13:15:35,2023-07-16 13:17:35,On Time,5037.57,Wallet,37910,6998,2.0,1,Premium"
"6825742544,29689766,2024-02-04 18:41:53,2024-02-04 18:52:53,2024-02-04 18:54:53,On Time,901.77,Wallet,41291,1807,2.0,1,Medium"
"7081192087,15529446,2023-07-29 09:53:46,2023-07-29 10:12:46,2023-07-29 10:20:46,Slightly Delayed,261.03,Card,78479,8032,8.0,1,Small"
"3185620074,57526322,2023-08-14 15:30:46,2023-08-14 15:47:46,2023-08-14 16:02:46,Slightly Delayed,816.38,Wallet,72222,9834,15.0,1,Medium"
"7162086351,74231111,2023-11-15 01:00:52,2023-11-15 01:13:52,2023-11-15 01:09:52,On Time,270.71,Cash,37358,1427,-4.0,0,Small"
"5504768409,84850688,2023-08-07 22:37:10,2023-08-07 22:50:10,2023-08-07 23:03:10,Slightly Delayed,2102.5,Card,1897,8204,13.0,1,Premium"
"6721093047,22054087,2024-03-10 14:22:58,2024-03-10 14:38:58,2024-03-10 14:38:58,On Time,2875.06,Wallet,3594,2535,0.0,0,Premium"
"1134990529,63971358,2024-07-24 19:01:49,2024-07-24 19:18:49,2024-07-24 19:23:49,On Time,2294.08,Cash,85089,8451,5.0,1,Premium"
"4632975114,92409489,2023-05-15 17:15:03,2023-05-15 17:27:03,2023-05-15 17:32:03,On Time,508.0,Card,91950,9715,5.0,1,Medium"
"1471897083,78439088,2023-12-06 21:55:53,2023-12-06 22:08:53,2023-12-06 22:04:53,On Time,1831.85,Wallet,98410,1202,-4.0,0,Large"
"6081974624,79764458,2024-03-19 20:30:47,2024-03-19 20:41:47,2024-03-19 20:39:47,On Time,1275.19,Card,91286,9400,-2.0,0,Large"
"806680874,14632090,2023-11-15 16:59:28,2023-11-15 17:16:28,2023-11-15 17:17:28,On Time,5405.1,Card,50897,8823,1.0,1,Premium"
"8213018419,16640907,2023-04-10 20:32:03,2023-04-10 20:49:03,2023-04-10 21:10:03,Significantly Delayed,1078.17,Wallet,97345,8241,21.0,1,Large"
"4610876894,59485034,2023-08-14 21:47:48,2023-08-14 21:58:48,2023-08-14 21:58:48,On Time,4185.1,Wallet,59869,2338,0.0,0,Premium"
"9116180240,17696094,2023-05-23 18:17:19,2023-05-23 18:34:19,2023-05-23 18:36:19,On Time,994.56,Card,31849,3371,2.0,1,Medium"
"8916648395,8138417,2023-07-15 16:37:10,2023-07-15 16:56:10,2023-07-15 16:55:10,On Time,2209.24,Upi,76482,7363,-1.0,0,Premium"
"3626990751,81940369,2023-05-10 19:15:23,2023-05-10 19:28:23,2023-05-10 19:43:23,Slightly Delayed,3325.83,Card,41338,6025,15.0,1,Premium"
"2544173358,43295656,2024-11-03 16:41:57,2024-11-03 16:51:57,2024-11-03 16:51:57,On Time,3448.92,Upi,24026,7408,0.0,0,Premium"
"3654075570,81906973,2023-06-25 00:32:19,2023-06-25 00:42:19,2023-06-25 00:40:19,On Time,2328.2,Card,5013,7126,-2.0,0,Premium"
"9846277624,78732957,2024-09-17 13:06:52,2024-09-17 13:21:52,2024-09-17 13:21:52,On Time,3983.77,Card,5141,9346,0.0,0,Premium"
"8600159148,64748953,2023-08-15 05:35:55,2023-08-15 05:47:55,2023-08-15 06:00:55,Slightly Delayed,3157.47,Wallet,24508,728,13.0,1,Premium"
"9184012674,54139038,2024-07-20 23:21:27,2024-07-20 23:32:27,2024-07-20 23:31:27,On Time,2492.95,Wallet,88446,4097,-1.0,0,Premium"
"5842678913,6756256,2024-06-02 11:01:26,2024-06-02 11:16:26,2024-06-02 11:15:26,On Time,3908.76,Wallet,49657,4580,-1.0,0,Premium"
"6284066457,68341636,2023-03-19 04:24:51,2023-03-19 04:42:51,2023-03-19 04:43:51,On Time,3535.59,Card,72455,2910,1.0,1,Premium"
"957188879,88067569,2024-01-12 21:44:51,2024-01-12 22:01:51,2024-01-12 21:58:51,On Time,5268.85,Upi,55306,1907,-3.0,0,Premium"
"2027766693,91024604,2023-07-17 21:27:20,2023-07-17 21:38:20,2023-07-17 21:35:20,On Time,212.61,Card,39827,3794,-3.0,0,Small"
"5201172375,18199057,2024-01-07 13:28:44,2024-01-07 13:46:44,2024-01-07 14:16:44,Significantly Delayed,1394.24,Wallet,15287,7831,30.0,1,Large"
"5211206337,84824280,2024-03-04 19:18:55,2024-03-04 19:35:55,2024-03-04 19:38:55,On Time,900.93,Wallet,52881,2346,3.0,1,Medium"
"519985157,35455991,2023-06-07 03:23:41,2023-06-07 03:34:41,2023-06-07 03:31:41,On Time,2029.48,Card,97130,5177,-3.0,0,Premium"
"2599819074,66310963,2023-05-08 05:51:42,2023-05-08 06:02:42,2023-05-08 05:59:42,On Time,2668.26,Card,78812,1133,-3.0,0,Premium"
"6564176767,28221067,2024-04-11 11:04:11,2024-04-11 11:18:11,2024-04-11 11:42:11,Significantly Delayed,338.14,Cash,37269,4401,24.0,1,Small"
"5969684091,13604883,2023-12-02 15:45:34,2023-12-02 15:56:34,2023-12-02 15:53:34,On Time,2571.47,Cash,47179,2395,-3.0,0,Premium"
"8152246475,46989310,2023-04-07 22:30:36,2023-04-07 22:47:36,2023-04-07 22:45:36,On Time,1388.41,Upi,36583,6694,-2.0,0,Large"
"1954493018,41612464,2024-08-25 16:15:20,2024-08-25 16:25:20,2024-08-25 16:27:20,On Time,1380.66,Wallet,17378,8332,2.0,1,Large"
"3695589383,91868185,2024-01-13 01:15:18,2024-01-13 01:33:18,2024-01-13 01:28:18,On Time,1372.1,Upi,6351,3457,-5.0,0,Large"
"6340807810,57537308,2024-07-12 00:41:44,2024-07-12 00:51:44,2024-07-12 00:47:44,On Time,2726.23,Cash,60222,3415,-4.0,0,Premium"
"8029845822,90621147,2023-07-05 23:53:30,2023-07-06 00:13:30,2023-07-06 00:18:30,On Time,650.2,Card,87260,5344,5.0,1,Medium"
"8208755570,46564935,2023-12-12 21:18:05,2023-12-12 21:38:05,2023-12-12 21:35:05,On Time,3751.55,Wallet,56067,9133,-3.0,0,Premium"
"9622488249,96629258,2024-06-26 09:26:51,2024-06-26 09:38:51,2024-06-26 09:42:51,On Time,1198.32,Card,8679,8033,4.0,1,Large"
"5410788959,40055711,2024-06-12 10:25:56,2024-06-12 10:40:56,2024-06-12 10:45:56,On Time,4301.42,Wallet,43525,3980,5.0,1,Premium"
"7087374685,48268435,2024-09-21 17:43:45,2024-09-21 17:54:45,2024-09-21 17:59:45,On Time,799.92,Cash,80305,817,5.0,1,Medium"
"1469556300,65514005,2023-09-26 23:36:47,2023-09-26 23:55:47,2023-09-26 23:52:47,On Time,1070.56,Card,47985,5797,-3.0,0,Large"
"864290652,57392064,2023-10-30 02:05:01,2023-10-30 02:19:01,2023-10-30 02:15:01,On Time,1797.36,Wallet,28456,1291,-4.0,0,Large"
"3052167498,92636025,2023-07-24 17:07:37,2023-07-24 17:25:37,2023-07-24 17:23:37,On Time,671.55,Upi,38263,299,-2.0,0,Medium"
"8370088792,9107360,2023-05-16 19:30:48,2023-05-16 19:40:48,2023-05-16 19:39:48,On Time,1475.02,Wallet,18197,3302,-1.0,0,Large"
"8955500595,58415368,2023-05-07 18:03:53,2023-05-07 18:23:53,2023-05-07 18:33:53,Slightly Delayed,2564.44,Cash,25552,2064,10.0,1,Premium"
"6946637946,70372270,2024-02-18 03:58:21,2024-02-18 04:17:21,2024-02-18 04:29:21,Slightly Delayed,1456.54,Cash,5892,1781,12.0,1,Large"
"5461546808,21948041,2023-12-21 13:44:24,2023-12-21 13:56:24,2023-12-21 14:20:24,Significantly Delayed,3877.99,Card,27664,618,24.0,1,Premium"
"9921425481,29653387,2023-05-17 05:10:03,2023-05-17 05:24:03,2023-05-17 05:53:03,Significantly Delayed,5288.24,Card,85617,3681,29.0,1,Premium"
"3583323379,10418604,2024-04-03 07:28:25,2024-04-03 07:45:25,2024-04-03 07:45:25,On Time,2297.51,Cash,94205,8973,0.0,0,Premium"
"3427534518,73807097,2024-10-12 13:22:22,2024-10-12 13:36:22,2024-10-12 13:57:22,Significantly Delayed,724.84,Wallet,75483,2624,21.0,1,Medium"
"9997994965,13796199,2023-12-27 14:02:18,2023-12-27 14:20:18,2023-12-27 14:17:18,On Time,2780.28,Card,28092,4117,-3.0,0,Premium"
"5015358514,4057678,2024-08-12 20:45:12,2024-08-12 20:59:12,2024-08-12 21:00:12,On Time,727.95,Wallet,65069,1814,1.0,1,Medium"
"5769065545,1108176,2024-01-28 20:41:13,2024-01-28 21:01:13,2024-01-28 21:04:13,On Time,2822.13,Card,46466,430,3.0,1,Premium"
"4062815570,98152679,2024-02-24 04:51:16,2024-02-24 05:06:16,2024-02-24 05:08:16,On Time,790.64,Wallet,54881,7933,2.0,1,Medium"
"39405769,24621386,2023-04-07 12:46:40,2023-04-07 12:56:40,2023-04-07 13:11:40,Slightly Delayed,941.25,Card,6878,9711,15.0,1,Medium"
"9553518696,83304462,2023-07-11 11:05:50,2023-07-11 11:21:50,2023-07-11 11:20:50,On Time,1586.15,Upi,82335,5230,-1.0,0,Large"
"8023712979,83701325,2023-05-12 17:29:24,2023-05-12 17:44:24,2023-05-12 17:42:24,On Time,547.92,Wallet,37477,6085,-2.0,0,Medium"
"1111747100,83236183,2023-07-19 06:27:04,2023-07-19 06:40:04,2023-07-19 06:43:04,On Time,2496.85,Upi,11420,3425,3.0,1,Premium"
"3598180305,75836905,2023-08-31 08:47:45,2023-08-31 08:58:45,2023-08-31 08:56:45,On Time,1266.29,Wallet,8123,5557,-2.0,0,Large"
"8171660349,79628054,2024-05-09 18:36:38,2024-05-09 18:48:38,2024-05-09 18:43:38,On Time,776.24,Wallet,78974,4988,-5.0,0,Medium"
"3644704128,39717448,2024-06-01 09:53:45,2024-06-01 10:11:45,2024-06-01 10:07:45,On Time,2294.34,Wallet,83363,5017,-4.0,0,Premium"
"1254907139,94854830,2023-07-13 04:51:45,2023-07-13 05:01:45,2023-07-13 05:05:45,On Time,5351.42,Card,44092,5434,4.0,1,Premium"
"9810593187,46313756,2023-05-19 00:01:09,2023-05-19 00:13:09,2023-05-19 00:23:09,Slightly Delayed,215.65,Cash,15180,7871,10.0,1,Small"
"3205629870,95001589,2024-05-27 18:40:01,2024-05-27 18:50:01,2024-05-27 18:46:01,On Time,1943.47,Upi,79493,5179,-4.0,0,Large"
"8608459871,14472401,2023-09-21 17:40:05,2023-09-21 17:56:05,2023-09-21 17:58:05,On Time,1327.4,Card,62412,991,2.0,1,Large"
"2730458449,13383642,2024-02-10 06:37:24,2024-02-10 06:48:24,2024-02-10 06:58:24,Slightly Delayed,633.25,Cash,9689,3121,10.0,1,Medium"
"2807397566,28663279,2024-05-19 10:01:31,2024-05-19 10:12:31,2024-05-19 10:16:31,On Time,1361.06,Cash,2121,7020,4.0,1,Large"
"7217535512,81541985,2023-11-11 22:24:06,2023-11-11 22:39:06,2023-11-11 22:35:06,On Time,3067.96,Cash,61549,1878,-4.0,0,Premium"
"3321951407,40305293,2023-09-13 12:12:36,2023-09-13 12:32:36,2023-09-13 12:29:36,On Time,2431.72,Cash,79598,4907,-3.0,0,Premium"
"7189146676,10789681,2024-05-20 18:34:01,2024-05-20 18:49:01,2024-05-20 18:52:01,On Time,825.46,Upi,60018,3579,3.0,1,Medium"
"5601251774,96629258,2024-10-10 08:16:56,2024-10-10 08:31:56,2024-10-10 08:52:56,Significantly Delayed,5452.58,Card,14314,5547,21.0,1,Premium"
"8884350133,55425478,2024-09-22 20:04:15,2024-09-22 20:16:15,2024-09-22 20:18:15,On Time,2062.98,Card,249,5763,2.0,1,Premium"
"8168306307,98152679,2023-12-17 21:03:27,2023-12-17 21:18:27,2023-12-17 21:19:27,On Time,2114.74,Cash,51445,1149,1.0,1,Premium"
"7689275881,54580166,2024-02-03 05:39:09,2024-02-03 05:49:09,2024-02-03 05:48:09,On Time,3865.87,Card,65098,3005,-1.0,0,Premium"
"6593510732,87266831,2023-09-10 13:51:38,2023-09-10 14:05:38,2023-09-10 14:16:38,Slightly Delayed,483.24,Wallet,32589,6479,11.0,1,Small"
"3066405445,53354003,2023-06-14 08:49:51,2023-06-14 09:06:51,2023-06-14 09:10:51,On Time,1378.13,Wallet,11326,7452,4.0,1,Large"
"5319633841,95364457,2024-05-05 14:34:11,2024-05-05 14:44:11,2024-05-05 14:47:11,On Time,325.08,Cash,41929,6455,3.0,1,Small"
"1113665104,83034412,2024-06-11 22:58:08,2024-06-11 23:13:08,2024-06-11 23:09:08,On Time,48.55,Card,96538,2189,-4.0,0,Small"
"8436983782,98896871,2024-10-22 01:59:03,2024-10-22 02:15:03,2024-10-22 02:11:03,On Time,1182.33,Cash,97548,7152,-4.0,0,Large"
"1958942711,30643619,2024-05-12 08:53:28,2024-05-12 09:03:28,2024-05-12 09:03:28,On Time,2110.06,Cash,64613,16,0.0,0,Premium"
"6485627928,59769142,2024-09-13 05:34:48,2024-09-13 05:49:48,2024-09-13 05:48:48,On Time,2340.3,Wallet,36234,5274,-1.0,0,Premium"
"8147959428,31000129,2024-07-23 13:43:34,2024-07-23 13:53:34,2024-07-23 13:56:34,On Time,2209.3,Wallet,66010,1405,3.0,1,Premium"
"3697060283,57642258,2024-08-25 01:09:57,2024-08-25 01:21:57,2024-08-25 01:26:57,On Time,786.85,Upi,73189,7959,5.0,1,Medium"
"2039437258,20298398,2023-12-12 05:58:54,2023-12-12 06:14:54,2023-12-12 06:16:54,On Time,958.05,Card,74030,1811,2.0,1,Medium"
"7655293952,23348269,2024-02-16 07:50:03,2024-02-16 08:03:03,2024-02-16 08:07:03,On Time,1666.47,Upi,14565,5026,4.0,1,Large"
"39791095,625395,2024-04-06 10:58:05,2024-04-06 11:17:05,2024-04-06 11:22:05,On Time,480.85,Card,41559,9008,5.0,1,Small"
"8071046067,33651554,2024-09-28 16:37:38,2024-09-28 16:48:38,2024-09-28 16:47:38,On Time,3899.51,Card,48240,8228,-1.0,0,Premium"
"2656326203,92356639,2023-11-16 18:30:26,2023-11-16 18:47:26,2023-11-16 18:52:26,On Time,4655.33,Wallet,76228,4807,5.0,1,Premium"
"2366866840,99772709,2023-04-22 03:14:20,2023-04-22 03:27:20,2023-04-22 03:27:20,On Time,3037.23,Wallet,87681,4946,0.0,0,Premium"
"8227348656,25977417,2023-12-01 17:46:08,2023-12-01 17:59:08,2023-12-01 17:56:08,On Time,3738.11,Upi,44555,7004,-3.0,0,Premium"
"3917024194,53640286,2024-09-30 20:51:24,2024-09-30 21:05:24,2024-09-30 21:07:24,On Time,123.74,Card,47124,3948,2.0,1,Small"
"3101265,89617089,2024-05-23 03:21:47,2024-05-23 03:37:47,2024-05-23 03:40:47,On Time,3567.73,Upi,20246,974,3.0,1,Premium"
"9907835880,67340606,2024-10-15 15:50:00,2024-10-15 16:09:00,2024-10-15 16:07:00,On Time,3163.07,Card,66363,3705,-2.0,0,Premium"
"3396210655,52075070,2023-10-24 02:12:18,2023-10-24 02:28:18,2023-10-24 02:25:18,On Time,3220.8,Upi,46263,73,-3.0,0,Premium"
"3000018472,24104630,2024-08-18 05:31:01,2024-08-18 05:48:01,2024-08-18 05:49:01,On Time,995.98,Card,63482,8855,1.0,1,Medium"
"7166339556,6319646,2024-06-22 07:50:15,2024-06-22 08:08:15,2024-06-22 08:06:15,On Time,1441.75,Cash,79368,543,-2.0,0,Large"
"2194351161,22800586,2023-05-09 11:41:54,2023-05-09 11:53:54,2023-05-09 11:51:54,On Time,1104.78,Cash,55557,7824,-2.0,0,Large"
"3224986973,66761643,2024-02-16 07:42:13,2024-02-16 07:57:13,2024-02-16 07:58:13,On Time,3040.52,Wallet,24389,813,1.0,1,Premium"
"6882280967,14472401,2023-09-15 15:55:38,2023-09-15 16:09:38,2023-09-15 16:11:38,On Time,532.57,Card,56116,759,2.0,1,Medium"
"8556188247,46623192,2023-10-05 18:10:58,2023-10-05 18:23:58,2023-10-05 18:21:58,On Time,618.09,Card,41435,4376,-2.0,0,Medium"
"5236345617,61851054,2023-09-28 01:47:50,2023-09-28 01:57:50,2023-09-28 01:57:50,On Time,1760.51,Cash,34945,6664,0.0,0,Large"
"5153146875,31156674,2023-06-06 08:29:54,2023-06-06 08:48:54,2023-06-06 08:57:54,Slightly Delayed,2435.01,Wallet,65057,4342,9.0,1,Premium"
"2011151353,67908555,2024-05-15 03:44:23,2024-05-15 03:54:23,2024-05-15 03:51:23,On Time,2920.78,Upi,53602,399,-3.0,0,Premium"
"9880145668,39317905,2024-02-28 16:49:31,2024-02-28 17:08:31,2024-02-28 17:21:31,Slightly Delayed,183.76,Upi,94777,4181,13.0,1,Small"
"2724264210,98687927,2024-10-24 16:22:22,2024-10-24 16:35:22,2024-10-24 16:48:22,Slightly Delayed,1784.61,Wallet,6735,6773,13.0,1,Large"
"871734663,93321933,2024-06-03 01:50:59,2024-06-03 02:10:59,2024-06-03 02:22:59,Slightly Delayed,4708.18,Wallet,57171,9673,12.0,1,Premium"
"3883638432,6245778,2023-07-26 03:44:48,2023-07-26 03:54:48,2023-07-26 04:20:48,Significantly Delayed,1183.46,Upi,42306,8865,26.0,1,Large"
"1282422181,188838,2024-02-19 14:40:22,2024-02-19 14:52:22,2024-02-19 14:59:22,Slightly Delayed,1116.88,Upi,1443,9970,7.0,1,Large"
"4500802008,41164215,2024-06-17 05:46:01,2024-06-17 06:03:01,2024-06-17 06:06:01,On Time,3437.39,Cash,74327,5152,3.0,1,Premium"
"8209715885,17597449,2023-05-25 15:23:42,2023-05-25 15:40:42,2023-05-25 15:41:42,On Time,3093.76,Card,94880,6096,1.0,1,Premium"
"9391482926,56352626,2023-09-12 03:03:03,2023-09-12 03:18:03,2023-09-12 03:27:03,Slightly Delayed,1367.96,Cash,36274,9151,9.0,1,Large"
"7217765772,5238055,2024-07-05 14:03:12,2024-07-05 14:22:12,2024-07-05 14:25:12,On Time,1673.94,Wallet,12036,3866,3.0,1,Large"
"7848556658,97191387,2024-04-27 11:27:23,2024-04-27 11:41:23,2024-04-27 11:38:23,On Time,4917.07,Upi,34490,1924,-3.0,0,Premium"
"9000851345,81822494,2024-03-10 16:58:45,2024-03-10 17:11:45,2024-03-10 17:16:45,On Time,1403.83,Cash,86432,8857,5.0,1,Large"
"3019634875,58170168,2024-10-29 19:38:02,2024-10-29 19:54:02,2024-10-29 19:53:02,On Time,2475.72,Upi,76065,3385,-1.0,0,Premium"
"7013612817,22036818,2023-09-09 08:10:47,2023-09-09 08:28:47,2023-09-09 08:54:47,Significantly Delayed,3498.93,Cash,74574,9892,26.0,1,Premium"
"59461109,67708491,2023-05-06 13:44:41,2023-05-06 13:55:41,2023-05-06 13:55:41,On Time,2017.98,Upi,48662,5800,0.0,0,Premium"
"740245864,45659330,2023-05-18 10:58:35,2023-05-18 11:12:35,2023-05-18 11:11:35,On Time,3424.25,Card,17264,7006,-1.0,0,Premium"
"8432648823,69364309,2023-05-19 07:31:48,2023-05-19 07:42:48,2023-05-19 07:45:48,On Time,3956.33,Card,91242,1938,3.0,1,Premium"
"5863164527,38671747,2023-11-13 17:50:55,2023-11-13 18:08:55,2023-11-13 18:16:55,Slightly Delayed,2786.32,Wallet,26359,5908,8.0,1,Premium"
"8615999186,96001315,2024-09-08 20:23:37,2024-09-08 20:34:37,2024-09-08 20:35:37,On Time,2559.47,Cash,77204,5925,1.0,1,Premium"
"1743268828,53332493,2024-05-02 18:06:34,2024-05-02 18:24:34,2024-05-02 18:29:34,On Time,332.84,Wallet,78986,959,5.0,1,Small"
"5475369740,49433260,2024-05-12 05:49:07,2024-05-12 06:03:07,2024-05-12 06:04:07,On Time,838.01,Wallet,16243,9184,1.0,1,Medium"
"6520584496,67215939,2023-10-24 05:26:59,2023-10-24 05:46:59,2023-10-24 06:03:59,Significantly Delayed,5289.56,Card,79790,1697,17.0,1,Premium"
"3854394048,89531595,2023-10-15 20:31:09,2023-10-15 20:44:09,2023-10-15 20:40:09,On Time,2081.91,Wallet,83316,3107,-4.0,0,Premium"
"4105779656,58644651,2024-04-02 17:11:26,2024-04-02 17:24:26,2024-04-02 17:28:26,On Time,1232.77,Card,41188,8329,4.0,1,Large"
"5960266785,97419742,2023-11-21 05:59:29,2023-11-21 06:18:29,2023-11-21 06:15:29,On Time,3443.16,Wallet,88310,5546,-3.0,0,Premium"
"7380998329,96989204,2023-07-29 21:02:03,2023-07-29 21:16:03,2023-07-29 21:16:03,On Time,2068.22,Wallet,14278,3963,0.0,0,Premium"
"460625201,26716400,2024-05-17 02:28:25,2024-05-17 02:46:25,2024-05-17 02:44:25,On Time,3070.55,Upi,34818,6314,-2.0,0,Premium"
"5442705208,38420886,2024-08-27 03:15:33,2024-08-27 03:32:33,2024-08-27 03:27:33,On Time,1639.8,Cash,53708,3642,-5.0,0,Large"
"643302284,24153726,2024-05-30 22:57:11,2024-05-30 23:14:11,2024-05-30 23:25:11,Slightly Delayed,2883.95,Upi,92172,5863,11.0,1,Premium"
"6141016209,20469626,2024-04-13 18:07:18,2024-04-13 18:25:18,2024-04-13 18:25:18,On Time,2161.37,Cash,66040,9283,0.0,0,Premium"
"4058658914,96001315,2024-02-09 09:28:42,2024-02-09 09:48:42,2024-02-09 09:48:42,On Time,2294.77,Cash,15833,2679,0.0,0,Premium"
"4731454539,62419778,2024-01-05 06:57:10,2024-01-05 07:09:10,2024-01-05 07:09:10,On Time,1777.65,Card,57976,4463,0.0,0,Large"
"148408710,60565603,2024-01-01 01:57:47,2024-01-01 02:13:47,2024-01-01 02:17:47,On Time,423.56,Wallet,15102,6403,4.0,1,Small"
"3263142674,12455156,2024-01-30 08:20:13,2024-01-30 08:30:13,2024-01-30 08:31:13,On Time,229.38,Card,63585,8822,1.0,1,Small"
"9591201821,38478423,2023-11-12 20:19:56,2023-11-12 20:39:56,2023-11-12 20:52:56,Slightly Delayed,1072.81,Card,87917,8617,13.0,1,Large"
"2227944524,93938425,2023-06-07 08:48:45,2023-06-07 09:02:45,2023-06-07 09:06:45,On Time,1805.43,Card,30179,8339,4.0,1,Large"
"2307375554,95768401,2024-01-31 15:32:00,2024-01-31 15:49:00,2024-01-31 16:01:00,Slightly Delayed,1267.61,Upi,73572,1653,12.0,1,Large"
"8521887524,5961261,2024-04-13 14:08:15,2024-04-13 14:21:15,2024-04-13 14:34:15,Slightly Delayed,2256.06,Wallet,77426,1585,13.0,1,Premium"
"3298709387,22321208,2023-07-01 06:00:58,2023-07-01 06:19:58,2023-07-01 06:24:58,On Time,3170.94,Card,86131,8715,5.0,1,Premium"
"8608686211,29689766,2023-07-27 05:09:13,2023-07-27 05:21:13,2023-07-27 05:32:13,Slightly Delayed,1083.76,Cash,95050,1761,11.0,1,Large"
"5125482761,89531595,2023-05-28 07:20:31,2023-05-28 07:30:31,2023-05-28 07:40:31,Slightly Delayed,2442.59,Upi,85795,7584,10.0,1,Premium"
"7388146343,78806824,2023-09-24 11:44:47,2023-09-24 11:58:47,2023-09-24 12:11:47,Slightly Delayed,2748.69,Wallet,94498,5069,13.0,1,Premium"
"7064723322,19259955,2023-10-15 11:44:30,2023-10-15 12:03:30,2023-10-15 12:20:30,Significantly Delayed,2618.64,Cash,94412,485,17.0,1,Premium"
"1766291529,74682740,2024-07-12 18:52:29,2024-07-12 19:12:29,2024-07-12 19:27:29,Slightly Delayed,4787.26,Upi,27514,6409,15.0,1,Premium"
"8183491568,85074810,2023-09-15 13:51:46,2023-09-15 14:05:46,2023-09-15 14:17:46,Slightly Delayed,280.35,Upi,48175,8725,12.0,1,Small"
"6419111681,19216141,2024-01-24 10:55:37,2024-01-24 11:08:37,2024-01-24 11:08:37,On Time,965.3,Wallet,66008,118,0.0,0,Medium"
"9193945481,28277304,2024-08-22 19:41:10,2024-08-22 20:00:10,2024-08-22 20:06:10,Slightly Delayed,1350.28,Card,44100,1313,6.0,1,Large"
"3937750618,46504355,2023-08-26 10:11:23,2023-08-26 10:30:23,2023-08-26 10:30:23,On Time,2894.09,Cash,76499,9651,0.0,0,Premium"
"2056682923,18940384,2024-05-27 19:41:13,2024-05-27 19:59:13,2024-05-27 20:11:13,Slightly Delayed,2549.18,Cash,32053,2611,12.0,1,Premium"
"7229998672,41194825,2023-09-10 20:59:23,2023-09-10 21:17:23,2023-09-10 21:31:23,Slightly Delayed,2884.57,Card,32978,1448,14.0,1,Premium"
"7028582657,36578947,2024-11-01 13:48:41,2024-11-01 14:03:41,2024-11-01 14:13:41,Slightly Delayed,820.99,Wallet,88805,2563,10.0,1,Medium"
"1732091066,93018527,2024-05-12 10:04:49,2024-05-12 10:17:49,2024-05-12 10:14:49,On Time,217.5,Wallet,91109,1395,-3.0,0,Small"
"9389363975,35302195,2024-01-08 05:39:17,2024-01-08 05:51:17,2024-01-08 06:14:17,Significantly Delayed,1719.21,Card,56285,7434,23.0,1,Large"
"9477050930,1449273,2023-09-01 00:03:51,2023-09-01 00:18:51,2023-09-01 00:21:51,On Time,1904.93,Card,29995,5914,3.0,1,Large"
"6808771388,88739922,2024-04-29 17:49:09,2024-04-29 18:07:09,2024-04-29 18:08:09,On Time,2555.89,Wallet,8970,5100,1.0,1,Premium"
"7616458551,86294036,2023-05-05 09:21:14,2023-05-05 09:31:14,2023-05-05 09:44:14,Slightly Delayed,1534.27,Card,92475,3552,13.0,1,Large"
"2784959025,59207798,2023-04-07 02:30:48,2023-04-07 02:46:48,2023-04-07 02:49:48,On Time,4477.39,Card,86825,3392,3.0,1,Premium"
"2716611235,85626346,2024-02-19 06:09:33,2024-02-19 06:29:33,2024-02-19 06:30:33,On Time,2442.24,Upi,66366,6048,1.0,1,Premium"
"3797871396,5712468,2023-12-19 02:07:29,2023-12-19 02:26:29,2023-12-19 02:31:29,On Time,2792.89,Upi,59554,9116,5.0,1,Premium"
"5895445193,39093069,2023-09-18 20:11:21,2023-09-18 20:29:21,2023-09-18 20:36:21,Slightly Delayed,1401.58,Wallet,40476,141,7.0,1,Large"
"5281640953,65396354,2024-05-19 19:05:42,2024-05-19 19:19:42,2024-05-19 19:20:42,On Time,166.42,Wallet,76660,7665,1.0,1,Small"
"9006387145,61226563,2023-07-16 09:59:48,2023-07-16 10:10:48,2023-07-16 10:19:48,Slightly Delayed,4408.49,Upi,32558,5827,9.0,1,Premium"
"2015702046,46828932,2023-05-17 06:52:38,2023-05-17 07:11:38,2023-05-17 07:25:38,Slightly Delayed,1517.0,Upi,63937,3940,14.0,1,Large"
"9260334793,15487049,2024-07-10 06:45:25,2024-07-10 06:56:25,2024-07-10 06:59:25,On Time,2371.67,Wallet,38060,534,3.0,1,Premium"
"5912752928,29562254,2023-12-20 18:21:00,2023-12-20 18:31:00,2023-12-20 18:30:00,On Time,2865.64,Wallet,26396,9782,-1.0,0,Premium"
"7691723645,93675757,2024-08-04 13:29:48,2024-08-04 13:42:48,2024-08-04 13:45:48,On Time,2681.87,Cash,28979,8799,3.0,1,Premium"
"9166904790,57674875,2024-01-19 19:01:10,2024-01-19 19:15:10,2024-01-19 19:13:10,On Time,2523.87,Wallet,37462,7580,-2.0,0,Premium"
"1668797251,27698051,2023-05-18 00:30:10,2023-05-18 00:44:10,2023-05-18 00:49:10,On Time,1926.44,Card,14539,8469,5.0,1,Large"
"3350348511,2442235,2023-10-05 05:12:12,2023-10-05 05:23:12,2023-10-05 05:18:12,On Time,816.38,Cash,64424,7638,-5.0,0,Medium"
"2475154947,13760839,2024-01-14 11:00:14,2024-01-14 11:12:14,2024-01-14 11:19:14,Slightly Delayed,2982.06,Cash,5307,7518,7.0,1,Premium"
"1348544692,72489544,2024-04-15 17:01:06,2024-04-15 17:14:06,2024-04-15 17:20:06,Slightly Delayed,2488.09,Cash,36408,3713,6.0,1,Premium"
"6770208707,8241122,2024-05-01 22:08:36,2024-05-01 22:21:36,2024-05-01 22:19:36,On Time,3610.34,Cash,86742,2297,-2.0,0,Premium"
"9500356395,99729547,2024-10-29 01:18:06,2024-10-29 01:35:06,2024-10-29 01:36:06,On Time,729.04,Wallet,1348,290,1.0,1,Medium"
"6280233997,1507408,2023-08-23 20:29:30,2023-08-23 20:43:30,2023-08-23 20:38:30,On Time,898.19,Card,52738,5885,-5.0,0,Medium"
"935645101,63368244,2023-09-27 02:26:38,2023-09-27 02:44:38,2023-09-27 03:14:38,Significantly Delayed,2584.5,Upi,22930,1225,30.0,1,Premium"
"3492077995,97466783,2023-06-23 23:55:59,2023-06-24 00:05:59,2023-06-24 00:01:59,On Time,2128.53,Wallet,11413,3854,-4.0,0,Premium"
"6971044672,68985290,2024-03-21 16:06:32,2024-03-21 16:18:32,2024-03-21 16:30:32,Slightly Delayed,2352.04,Cash,4558,7286,12.0,1,Premium"
"9417710958,75892474,2023-09-20 15:55:11,2023-09-20 16:05:11,2023-09-20 16:01:11,On Time,1297.95,Wallet,8300,60,-4.0,0,Large"
"114851727,46875863,2024-10-04 03:16:47,2024-10-04 03:26:47,2024-10-04 03:25:47,On Time,1944.29,Wallet,8766,1875,-1.0,0,Large"
"7521503340,65660660,2024-05-30 06:58:58,2024-05-30 07:18:58,2024-05-30 07:15:58,On Time,1596.34,Wallet,38651,4346,-3.0,0,Large"
"7709878408,90745023,2023-08-09 17:53:59,2023-08-09 18:05:59,2023-08-09 18:07:59,On Time,1449.45,Cash,24294,7579,2.0,1,Large"
"7941755463,19705695,2024-09-30 09:35:04,2024-09-30 09:51:04,2024-09-30 09:54:04,On Time,556.76,Wallet,821,8249,3.0,1,Medium"
"4540271027,23126356,2024-05-14 03:55:16,2024-05-14 04:10:16,2024-05-14 04:12:16,On Time,2499.3,Cash,7176,1564,2.0,1,Premium"
"8022168472,70230254,2024-02-20 22:33:43,2024-02-20 22:52:43,2024-02-20 23:00:43,Slightly Delayed,2966.15,Cash,42469,5909,8.0,1,Premium"
"3808358945,78014505,2023-08-26 03:06:53,2023-08-26 03:17:53,2023-08-26 03:26:53,Slightly Delayed,2926.42,Wallet,14986,2764,9.0,1,Premium"
"5112444865,45868300,2024-06-06 21:04:35,2024-06-06 21:24:35,2024-06-06 21:19:35,On Time,4296.62,Card,2692,6581,-5.0,0,Premium"
"9965551056,33658749,2023-06-24 01:59:08,2023-06-24 02:19:08,2023-06-24 02:25:08,Slightly Delayed,947.95,Upi,98962,7136,6.0,1,Medium"
"7695708103,51119088,2024-05-16 15:41:47,2024-05-16 15:53:47,2024-05-16 15:54:47,On Time,1864.07,Cash,87812,1626,1.0,1,Large"
"7022728237,21677923,2023-06-03 04:14:03,2023-06-03 04:29:03,2023-06-03 04:29:03,On Time,2066.42,Card,81122,4570,0.0,0,Premium"
"2062715135,13197985,2024-08-20 15:38:50,2024-08-20 15:51:50,2024-08-20 15:51:50,On Time,1107.38,Card,43272,7132,0.0,0,Large"
"3287815959,73061709,2024-08-09 19:43:10,2024-08-09 19:54:10,2024-08-09 20:15:10,Significantly Delayed,2999.16,Upi,42829,2716,21.0,1,Premium"
"9015471552,23081177,2024-04-13 19:32:29,2024-04-13 19:46:29,2024-04-13 19:46:29,On Time,1434.89,Upi,72941,526,0.0,0,Large"
"1595123446,30188374,2024-02-27 00:40:54,2024-02-27 00:53:54,2024-02-27 00:55:54,On Time,864.3,Cash,25599,8150,2.0,1,Medium"
"4888577440,35237846,2024-05-19 00:42:46,2024-05-19 01:02:46,2024-05-19 00:57:46,On Time,2010.17,Card,1050,5802,-5.0,0,Premium"
"9039053330,82425179,2023-08-16 10:15:50,2023-08-16 10:26:50,2023-08-16 10:25:50,On Time,2077.55,Upi,93032,8513,-1.0,0,Premium"
"3091360904,59252433,2024-06-16 04:26:49,2024-06-16 04:42:49,2024-06-16 04:42:49,On Time,1758.62,Upi,32085,102,0.0,0,Large"
"6821938492,90346920,2023-09-06 16:46:35,2023-09-06 17:03:35,2023-09-06 17:04:35,On Time,2645.3,Upi,78087,8675,1.0,1,Premium"
"4553785640,94486311,2024-08-13 16:37:43,2024-08-13 16:49:43,2024-08-13 16:50:43,On Time,2646.91,Upi,48308,5627,1.0,1,Premium"
"4005611015,5763963,2024-03-29 23:52:07,2024-03-30 00:03:07,2024-03-30 00:17:07,Slightly Delayed,1543.49,Upi,10416,1497,14.0,1,Large"
"8480910658,73799927,2023-08-28 20:19:24,2023-08-28 20:34:24,2023-08-28 20:39:24,On Time,728.73,Card,38062,4434,5.0,1,Medium"
"1922667245,66252737,2023-09-24 16:33:09,2023-09-24 16:43:09,2023-09-24 16:44:09,On Time,2382.03,Upi,44104,4663,1.0,1,Premium"
"379758677,54139038,2023-12-26 22:43:09,2023-12-26 22:55:09,2023-12-26 23:08:09,Slightly Delayed,1514.31,Card,53840,6636,13.0,1,Large"
"4903380842,71229024,2024-06-03 05:27:05,2024-06-03 05:47:05,2024-06-03 05:53:05,Slightly Delayed,2029.84,Card,76089,6905,6.0,1,Premium"
"9244122658,1588560,2024-03-12 16:42:38,2024-03-12 16:52:38,2024-03-12 17:15:38,Significantly Delayed,4095.18,Upi,24492,9332,23.0,1,Premium"
"5054410467,49147776,2023-07-01 12:16:23,2023-07-01 12:27:23,2023-07-01 12:24:23,On Time,1031.51,Upi,48965,9030,-3.0,0,Large"
"9877212995,30065862,2024-05-04 01:18:51,2024-05-04 01:34:51,2024-05-04 01:29:51,On Time,1394.21,Card,52198,6829,-5.0,0,Large"
"8375236356,22974816,2023-09-22 18:45:02,2023-09-22 19:02:02,2023-09-22 19:06:02,On Time,3194.98,Card,8079,557,4.0,1,Premium"
"2652063230,24144240,2023-11-22 02:11:55,2023-11-22 02:31:55,2023-11-22 02:32:55,On Time,154.78,Card,55939,1784,1.0,1,Small"
"7258243894,72797175,2024-07-14 23:08:25,2024-07-14 23:19:25,2024-07-14 23:18:25,On Time,1073.16,Card,15896,9247,-1.0,0,Large"
"5980648426,23982977,2023-12-15 03:26:00,2023-12-15 03:43:00,2023-12-15 03:59:00,Significantly Delayed,995.87,Upi,76780,3979,16.0,1,Medium"
"365104159,19581959,2023-11-27 04:56:51,2023-11-27 05:08:51,2023-11-27 05:27:51,Significantly Delayed,1770.48,Card,42058,5202,19.0,1,Large"
"7038005775,49617531,2023-07-02 02:09:47,2023-07-02 02:19:47,2023-07-02 02:15:47,On Time,4684.11,Cash,77255,8520,-4.0,0,Premium"
"1456792223,80875034,2024-08-13 21:18:36,2024-08-13 21:29:36,2024-08-13 21:24:36,On Time,154.53,Upi,9753,8756,-5.0,0,Small"
"6673964264,34526442,2024-10-18 05:43:01,2024-10-18 05:57:01,2024-10-18 05:58:01,On Time,4073.52,Wallet,33183,7039,1.0,1,Premium"
"5780280518,74230420,2024-08-23 22:34:52,2024-08-23 22:48:52,2024-08-23 22:51:52,On Time,4501.34,Card,82210,4303,3.0,1,Premium"
"6220137166,16485871,2023-12-09 22:09:35,2023-12-09 22:20:35,2023-12-09 22:35:35,Slightly Delayed,1135.56,Cash,307,9282,15.0,1,Large"
"2615887425,18465047,2023-10-28 19:55:41,2023-10-28 20:05:41,2023-10-28 20:15:41,Slightly Delayed,1311.74,Cash,32500,8175,10.0,1,Large"
"5610987488,85626346,2023-08-14 12:07:35,2023-08-14 12:18:35,2023-08-14 12:14:35,On Time,1825.29,Card,51046,9441,-4.0,0,Large"
"6038240765,48002829,2023-05-27 00:19:57,2023-05-27 00:30:57,2023-05-27 00:30:57,On Time,1312.62,Cash,66705,1431,0.0,0,Large"
"5004974422,83660688,2023-07-03 18:13:28,2023-07-03 18:32:28,2023-07-03 18:31:28,On Time,1589.73,Card,85319,1361,-1.0,0,Large"
"2349863203,20310720,2023-12-20 21:03:38,2023-12-20 21:18:38,2023-12-20 21:22:38,On Time,2752.02,Cash,76889,5204,4.0,1,Premium"
"9487956261,62600289,2023-07-25 07:28:56,2023-07-25 07:44:56,2023-07-25 07:54:56,Slightly Delayed,2858.7,Cash,23324,7714,10.0,1,Premium"
"7169945062,32830199,2023-06-14 02:25:15,2023-06-14 02:37:15,2023-06-14 02:40:15,On Time,3552.63,Upi,62218,7109,3.0,1,Premium"
"5393866026,13164195,2023-04-10 00:45:20,2023-04-10 00:56:20,2023-04-10 00:51:20,On Time,1608.96,Cash,23975,6010,-5.0,0,Large"
"7266772806,79942821,2024-09-06 23:10:12,2024-09-06 23:24:12,2024-09-06 23:28:12,On Time,1746.31,Card,19227,6023,4.0,1,Large"
"2411227007,46875863,2024-06-09 14:40:18,2024-06-09 14:54:18,2024-06-09 14:57:18,On Time,1406.39,Wallet,63131,4672,3.0,1,Large"
"960728650,34526570,2023-04-16 07:58:44,2023-04-16 08:09:44,2023-04-16 08:16:44,Slightly Delayed,426.72,Upi,42554,245,7.0,1,Small"
"2326500581,24308515,2024-07-21 05:29:04,2024-07-21 05:49:04,2024-07-21 05:54:04,On Time,699.45,Upi,53100,6327,5.0,1,Medium"
"9489310879,42989999,2024-10-15 05:22:12,2024-10-15 05:36:12,2024-10-15 05:33:12,On Time,1479.13,Upi,13348,545,-3.0,0,Large"
"2341242955,8228843,2024-01-12 18:22:15,2024-01-12 18:41:15,2024-01-12 19:00:15,Significantly Delayed,3830.72,Upi,6285,296,19.0,1,Premium"
"1023485121,63310076,2024-02-11 17:16:30,2024-02-11 17:36:30,2024-02-11 17:38:30,On Time,2017.92,Cash,74337,5019,2.0,1,Premium"
"9742218709,83412446,2024-09-25 13:18:53,2024-09-25 13:28:53,2024-09-25 13:27:53,On Time,2931.03,Cash,4129,8354,-1.0,0,Premium"
"9039933820,69219122,2023-12-09 15:07:56,2023-12-09 15:18:56,2023-12-09 15:17:56,On Time,2739.91,Card,11046,6194,-1.0,0,Premium"
"1391881327,50557979,2024-07-01 21:17:49,2024-07-01 21:34:49,2024-07-01 21:38:49,On Time,1331.1,Upi,48329,4496,4.0,1,Large"
"3360648053,2584499,2023-05-15 08:19:15,2023-05-15 08:38:15,2023-05-15 08:43:15,On Time,1278.25,Wallet,10234,2575,5.0,1,Large"
"9758418980,69219122,2023-07-05 11:42:10,2023-07-05 11:58:10,2023-07-05 11:54:10,On Time,2212.5,Card,77182,6889,-4.0,0,Premium"
"9859459525,67952740,2023-07-13 02:25:28,2023-07-13 02:44:28,2023-07-13 02:44:28,On Time,1720.18,Card,319,6296,0.0,0,Large"
"6924226309,62526567,2024-09-27 03:45:48,2024-09-27 04:02:48,2024-09-27 04:13:48,Slightly Delayed,163.03,Cash,6964,3837,11.0,1,Small"
"7672052920,20238921,2023-12-07 00:58:00,2023-12-07 01:11:00,2023-12-07 01:07:00,On Time,651.93,Wallet,30194,411,-4.0,0,Medium"
"4597359399,57967753,2024-09-20 03:03:14,2024-09-20 03:14:14,2024-09-20 03:12:14,On Time,4536.47,Upi,5286,5685,-2.0,0,Premium"
"665402174,51557673,2024-04-16 02:03:25,2024-04-16 02:20:25,2024-04-16 02:17:25,On Time,4360.12,Cash,77757,8025,-3.0,0,Premium"
"3986082657,49152878,2024-02-17 12:37:53,2024-02-17 12:56:53,2024-02-17 12:55:53,On Time,2960.99,Wallet,55010,6770,-1.0,0,Premium"
"4275746826,44410149,2024-03-05 10:45:46,2024-03-05 10:57:46,2024-03-05 10:54:46,On Time,1872.54,Upi,59737,1223,-3.0,0,Large"
"525864604,33651554,2024-03-24 21:04:29,2024-03-24 21:22:29,2024-03-24 21:24:29,On Time,5498.39,Cash,60733,1465,2.0,1,Premium"
"4473658819,376144,2023-12-05 00:25:25,2023-12-05 00:39:25,2023-12-05 00:35:25,On Time,941.19,Cash,14104,9592,-4.0,0,Medium"
"8824559505,88553721,2024-08-14 13:46:11,2024-08-14 14:06:11,2024-08-14 14:03:11,On Time,2459.51,Upi,56907,8997,-3.0,0,Premium"
"1824646473,51670882,2023-04-02 06:47:43,2023-04-02 07:02:43,2023-04-02 06:57:43,On Time,3568.61,Cash,88937,7750,-5.0,0,Premium"
"776389097,10797688,2024-02-10 07:33:39,2024-02-10 07:50:39,2024-02-10 08:05:39,Slightly Delayed,2232.88,Cash,75111,6468,15.0,1,Premium"
"4908634706,88223261,2023-10-15 22:19:25,2023-10-15 22:36:25,2023-10-15 22:37:25,On Time,3086.11,Wallet,13171,9135,1.0,1,Premium"
"3516204561,64562786,2023-09-09 05:31:58,2023-09-09 05:48:58,2023-09-09 05:48:58,On Time,3338.89,Card,1455,2887,0.0,0,Premium"
"9510792757,625395,2023-11-04 05:02:14,2023-11-04 05:12:14,2023-11-04 05:12:14,On Time,1067.61,Cash,28724,4424,0.0,0,Large"
"3504903228,31776996,2023-06-30 00:16:00,2023-06-30 00:26:00,2023-06-30 00:34:00,Slightly Delayed,3239.13,Card,90336,3144,8.0,1,Premium"
"3438202422,43860025,2023-10-08 15:49:10,2023-10-08 16:06:10,2023-10-08 16:33:10,Significantly Delayed,2921.39,Upi,94413,7813,27.0,1,Premium"
"3007616042,77869660,2024-07-14 07:20:08,2024-07-14 07:36:08,2024-07-14 07:58:08,Significantly Delayed,3455.69,Upi,42230,6767,22.0,1,Premium"
"4656199468,13581527,2023-10-29 19:29:19,2023-10-29 19:46:19,2023-10-29 20:16:19,Significantly Delayed,3086.0,Upi,68579,9118,30.0,1,Premium"
"6994560237,96109948,2024-07-03 11:16:07,2024-07-03 11:29:07,2024-07-03 11:27:07,On Time,2730.52,Upi,76628,9648,-2.0,0,Premium"
"8442552565,12851610,2023-11-05 16:16:52,2023-11-05 16:31:52,2023-11-05 16:58:52,Significantly Delayed,1850.58,Upi,27187,6340,27.0,1,Large"
"414299117,41008070,2023-07-28 06:31:14,2023-07-28 06:50:14,2023-07-28 06:50:14,On Time,2257.55,Cash,13455,3924,0.0,0,Premium"
"8146956033,44888581,2024-08-10 00:55:00,2024-08-10 01:07:00,2024-08-10 01:03:00,On Time,1465.27,Card,56350,8774,-4.0,0,Large"
"7919748594,75213636,2024-09-20 00:30:20,2024-09-20 00:47:20,2024-09-20 00:49:20,On Time,1908.42,Wallet,23133,8863,2.0,1,Large"
"7834171020,52915166,2024-01-04 12:16:25,2024-01-04 12:36:25,2024-01-04 12:39:25,On Time,309.62,Card,97901,9046,3.0,1,Small"
"3735968672,211163,2023-12-22 22:27:36,2023-12-22 22:43:36,2023-12-22 22:41:36,On Time,3555.45,Upi,57850,4579,-2.0,0,Premium"
"3864051985,31776996,2024-04-06 02:54:19,2024-04-06 03:13:19,2024-04-06 03:41:19,Significantly Delayed,4519.31,Cash,95883,879,28.0,1,Premium"
"8299074079,59930550,2024-06-08 10:14:10,2024-06-08 10:25:10,2024-06-08 10:26:10,On Time,645.44,Cash,16269,6840,1.0,1,Medium"
"891333736,96853930,2023-09-24 20:13:03,2023-09-24 20:28:03,2023-09-24 20:57:03,Significantly Delayed,2152.26,Wallet,92557,1742,29.0,1,Premium"
"2874220576,99734256,2023-10-04 07:00:43,2023-10-04 07:13:43,2023-10-04 07:10:43,On Time,4341.21,Wallet,57749,7563,-3.0,0,Premium"
"6375536946,94430842,2024-01-10 12:35:54,2024-01-10 12:51:54,2024-01-10 12:52:54,On Time,2163.71,Upi,94134,5825,1.0,1,Premium"
"1966054573,31389750,2023-05-09 11:57:58,2023-05-09 12:12:58,2023-05-09 12:38:58,Significantly Delayed,5121.92,Upi,87453,1054,26.0,1,Premium"
"1565942558,40858753,2024-08-04 14:20:41,2024-08-04 14:34:41,2024-08-04 14:34:41,On Time,2536.81,Upi,92722,6447,0.0,0,Premium"
"4624281313,11493380,2024-10-22 11:12:07,2024-10-22 11:27:07,2024-10-22 11:30:07,On Time,3736.79,Card,30435,2814,3.0,1,Premium"
"6884010758,22210238,2024-04-27 22:17:57,2024-04-27 22:36:57,2024-04-27 22:38:57,On Time,4982.72,Wallet,63064,7988,2.0,1,Premium"
"4351744653,9423628,2023-04-03 14:10:21,2023-04-03 14:26:21,2023-04-03 14:45:21,Significantly Delayed,3342.15,Upi,45994,6150,19.0,1,Premium"
"8698000932,43519553,2024-05-28 20:20:44,2024-05-28 20:33:44,2024-05-28 20:57:44,Significantly Delayed,1441.0,Card,22719,2282,24.0,1,Large"
"3844380421,6344345,2023-10-19 12:46:22,2023-10-19 13:05:22,2023-10-19 13:01:22,On Time,1515.54,Wallet,52805,8571,-4.0,0,Large"
"7105842598,99707100,2023-08-24 14:49:37,2023-08-24 15:06:37,2023-08-24 15:01:37,On Time,5027.5,Upi,1898,1069,-5.0,0,Premium"
"8993722297,69088723,2023-07-04 15:54:33,2023-07-04 16:14:33,2023-07-04 16:17:33,On Time,1914.81,Cash,53094,7896,3.0,1,Large"
"2929439019,63858550,2023-10-28 17:21:14,2023-10-28 17:37:14,2023-10-28 17:35:14,On Time,377.8,Wallet,75818,4113,-2.0,0,Small"
"1661854320,79169760,2024-09-28 09:51:29,2024-09-28 10:11:29,2024-09-28 10:16:29,On Time,2680.38,Upi,19933,9324,5.0,1,Premium"
"3082165628,49617892,2023-05-02 21:32:37,2023-05-02 21:48:37,2023-05-02 21:44:37,On Time,3474.38,Upi,30186,8856,-4.0,0,Premium"
"1745045814,88532418,2023-11-30 08:45:34,2023-11-30 09:04:34,2023-11-30 09:01:34,On Time,3143.65,Card,4796,2971,-3.0,0,Premium"
"813387880,92455970,2023-07-08 11:31:53,2023-07-08 11:43:53,2023-07-08 11:42:53,On Time,3950.66,Wallet,92699,602,-1.0,0,Premium"
"8189879400,66427343,2023-11-16 04:22:20,2023-11-16 04:33:20,2023-11-16 04:29:20,On Time,2078.87,Cash,89826,4806,-4.0,0,Premium"
"8465045467,13604883,2024-05-01 05:32:15,2024-05-01 05:48:15,2024-05-01 05:46:15,On Time,1239.22,Wallet,34692,1065,-2.0,0,Large"
"9232350528,4055790,2023-10-03 08:17:06,2023-10-03 08:29:06,2023-10-03 08:28:06,On Time,894.54,Cash,22738,7604,-1.0,0,Medium"
"1728666371,23126356,2024-05-12 12:29:32,2024-05-12 12:47:32,2024-05-12 13:10:32,Significantly Delayed,3258.36,Cash,77801,271,23.0,1,Premium"
"6131815766,65514005,2023-03-17 23:50:57,2023-03-18 00:05:57,2023-03-18 00:05:57,On Time,2043.07,Wallet,34359,5313,0.0,0,Premium"
"6438773635,67302239,2024-07-19 03:53:24,2024-07-19 04:07:24,2024-07-19 04:02:24,On Time,4912.61,Upi,188,3926,-5.0,0,Premium"
"6912676966,29324437,2023-06-10 13:50:41,2023-06-10 14:06:41,2023-06-10 14:06:41,On Time,961.64,Wallet,15416,4021,0.0,0,Medium"
"2840314717,26432512,2023-06-27 23:33:21,2023-06-27 23:52:21,2023-06-27 23:51:21,On Time,1825.16,Wallet,56917,627,-1.0,0,Large"
"9508359721,3002538,2024-08-24 15:46:55,2024-08-24 15:57:55,2024-08-24 16:06:55,Slightly Delayed,746.29,Upi,85036,9954,9.0,1,Medium"
"2244679313,4458329,2024-08-05 06:57:07,2024-08-05 07:09:07,2024-08-05 07:13:07,On Time,127.16,Card,2273,2803,4.0,1,Small"
"9407544177,66310963,2024-11-03 07:53:59,2024-11-03 08:03:59,2024-11-03 08:07:59,On Time,979.99,Card,59002,9387,4.0,1,Medium"
"2528398796,87889031,2023-04-06 23:42:43,2023-04-07 00:02:43,2023-04-07 00:13:43,Slightly Delayed,2625.78,Wallet,58075,3422,11.0,1,Premium"
"9464988762,13567338,2023-10-02 17:16:55,2023-10-02 17:29:55,2023-10-02 17:25:55,On Time,916.92,Upi,64401,8996,-4.0,0,Medium"
"6373867899,66655397,2023-11-08 08:41:48,2023-11-08 08:52:48,2023-11-08 08:57:48,On Time,1064.83,Card,71865,5350,5.0,1,Large"
"4028185110,4789829,2023-04-25 15:18:14,2023-04-25 15:36:14,2023-04-25 15:43:14,Slightly Delayed,3405.22,Cash,30697,6415,7.0,1,Premium"
"9717018638,73679086,2024-07-13 02:36:06,2024-07-13 02:50:06,2024-07-13 02:58:06,Slightly Delayed,197.39,Card,78169,5154,8.0,1,Small"
"4898477588,66766629,2024-02-15 20:07:56,2024-02-15 20:20:56,2024-02-15 20:15:56,On Time,3778.85,Upi,11074,151,-5.0,0,Premium"
"4723165081,29562254,2024-02-02 08:53:11,2024-02-02 09:09:11,2024-02-02 09:05:11,On Time,1182.98,Upi,60832,5171,-4.0,0,Large"
"2845954128,31324823,2024-07-04 16:45:53,2024-07-04 16:58:53,2024-07-04 16:56:53,On Time,1467.79,Cash,64804,9643,-2.0,0,Large"
"23158044,31681710,2023-05-19 19:28:28,2023-05-19 19:41:28,2023-05-19 19:41:28,On Time,2726.7,Upi,66644,919,0.0,0,Premium"
"1486548042,13465850,2023-10-12 11:17:23,2023-10-12 11:35:23,2023-10-12 11:44:23,Slightly Delayed,3856.34,Card,74963,350,9.0,1,Premium"
"708351411,69762479,2023-10-16 05:31:05,2023-10-16 05:43:05,2023-10-16 05:51:05,Slightly Delayed,3373.0,Cash,21614,4668,8.0,1,Premium"
"5512110908,40192266,2023-11-22 02:06:53,2023-11-22 02:20:53,2023-11-22 02:46:53,Significantly Delayed,2082.1,Cash,31823,2944,26.0,1,Premium"
"2295441899,58644651,2024-02-18 07:50:22,2024-02-18 08:06:22,2024-02-18 08:14:22,Slightly Delayed,2679.68,Cash,21929,9178,8.0,1,Premium"
"4867173151,35885052,2023-10-24 22:00:36,2023-10-24 22:14:36,2023-10-24 22:16:36,On Time,494.17,Card,40357,2590,2.0,1,Small"
"4635037652,69925688,2024-01-23 20:40:54,2024-01-23 20:55:54,2024-01-23 20:50:54,On Time,493.19,Wallet,80201,3882,-5.0,0,Small"
"2209259378,86995126,2023-12-23 12:41:15,2023-12-23 12:52:15,2023-12-23 12:47:15,On Time,2342.26,Card,91054,205,-5.0,0,Premium"
"4079286483,22227829,2023-05-19 13:09:58,2023-05-19 13:22:58,2023-05-19 13:24:58,On Time,435.28,Card,29223,7987,2.0,1,Small"
"9506078962,27336589,2024-07-05 22:01:58,2024-07-05 22:13:58,2024-07-05 22:27:58,Slightly Delayed,1267.45,Card,82546,82,14.0,1,Large"
"6894691072,83577942,2024-03-22 11:55:52,2024-03-22 12:13:52,2024-03-22 12:17:52,On Time,2650.68,Cash,13462,9991,4.0,1,Premium"
"4481256065,66499992,2024-04-04 13:57:44,2024-04-04 14:07:44,2024-04-04 14:29:44,Significantly Delayed,1395.84,Card,34584,414,22.0,1,Large"
"5050919809,46885873,2024-05-13 07:04:41,2024-05-13 07:24:41,2024-05-13 07:27:41,On Time,4439.75,Card,7758,769,3.0,1,Premium"
"1328085383,67538982,2023-05-11 11:37:52,2023-05-11 11:50:52,2023-05-11 11:47:52,On Time,1091.9,Wallet,73436,5624,-3.0,0,Large"
"5382246981,87266309,2023-08-30 21:51:30,2023-08-30 22:08:30,2023-08-30 22:12:30,On Time,4419.12,Card,18853,7639,4.0,1,Premium"
"5647827263,96171594,2024-05-07 07:55:24,2024-05-07 08:10:24,2024-05-07 08:09:24,On Time,1513.03,Card,69561,1592,-1.0,0,Large"
"9244268951,64316806,2023-10-30 09:28:13,2023-10-30 09:40:13,2023-10-30 09:44:13,On Time,568.94,Upi,85934,3802,4.0,1,Medium"
"6217777735,12059049,2024-07-22 11:23:06,2024-07-22 11:39:06,2024-07-22 11:34:06,On Time,1730.26,Card,29335,6305,-5.0,0,Large"
"3682639473,99301505,2023-11-21 23:48:53,2023-11-22 00:03:53,2023-11-21 23:59:53,On Time,2777.46,Wallet,98463,6740,-4.0,0,Premium"
"3859331666,23676689,2023-07-02 07:37:25,2023-07-02 07:49:25,2023-07-02 07:48:25,On Time,1299.18,Wallet,83436,433,-1.0,0,Large"
"7971689217,64932019,2023-10-18 13:04:32,2023-10-18 13:24:32,2023-10-18 13:38:32,Slightly Delayed,4281.75,Wallet,36735,9430,14.0,1,Premium"
"6822492679,98540377,2023-07-28 06:09:08,2023-07-28 06:25:08,2023-07-28 06:39:08,Slightly Delayed,2513.48,Cash,70308,181,14.0,1,Premium"
"7211194993,16561710,2023-09-04 03:48:51,2023-09-04 03:59:51,2023-09-04 03:59:51,On Time,827.77,Cash,79267,8397,0.0,0,Medium"
"461485679,4594944,2023-08-08 00:06:45,2023-08-08 00:18:45,2023-08-08 00:22:45,On Time,4205.78,Wallet,88187,1194,4.0,1,Premium"
"3209732414,87335844,2024-04-18 10:50:25,2024-04-18 11:06:25,2024-04-18 11:06:25,On Time,1028.26,Card,55281,5828,0.0,0,Large"
"6537694730,75490147,2024-08-15 00:38:15,2024-08-15 00:54:15,2024-08-15 00:58:15,On Time,162.67,Upi,46287,6753,4.0,1,Small"
"7653097776,63184222,2023-07-16 06:38:44,2023-07-16 06:58:44,2023-07-16 06:59:44,On Time,2232.82,Cash,52927,9888,1.0,1,Premium"
"4928556641,97475543,2023-09-19 14:53:57,2023-09-19 15:11:57,2023-09-19 15:18:57,Slightly Delayed,2275.2,Card,49069,1415,7.0,1,Premium"
"5905518100,86995126,2023-09-25 06:34:07,2023-09-25 06:47:07,2023-09-25 06:51:07,On Time,581.92,Wallet,87502,1527,4.0,1,Medium"
"8337948336,25706121,2023-07-04 05:26:59,2023-07-04 05:42:59,2023-07-04 05:47:59,On Time,4230.25,Cash,61806,3130,5.0,1,Premium"
"8814435884,69908484,2024-08-11 13:59:47,2024-08-11 14:11:47,2024-08-11 14:13:47,On Time,3209.28,Card,19344,6139,2.0,1,Premium"
"6645415772,64906311,2024-07-02 06:51:43,2024-07-02 07:04:43,2024-07-02 07:00:43,On Time,2890.11,Upi,80224,4689,-4.0,0,Premium"
"5274039950,87059497,2023-12-14 20:20:39,2023-12-14 20:34:39,2023-12-14 20:31:39,On Time,827.44,Card,77082,8162,-3.0,0,Medium"
"7404052550,45166203,2023-09-13 07:03:41,2023-09-13 07:21:41,2023-09-13 07:18:41,On Time,2358.73,Upi,19555,1541,-3.0,0,Premium"
"8179058864,76970363,2023-05-18 17:45:29,2023-05-18 17:59:29,2023-05-18 17:57:29,On Time,530.59,Upi,98021,4798,-2.0,0,Medium"
"5195997912,29562072,2024-07-20 15:16:32,2024-07-20 15:34:32,2024-07-20 15:29:32,On Time,3184.63,Wallet,54621,452,-5.0,0,Premium"
"3320194259,68219091,2023-12-07 18:55:10,2023-12-07 19:10:10,2023-12-07 19:06:10,On Time,2141.25,Upi,18826,7661,-4.0,0,Premium"
"8185684967,46686696,2023-05-05 22:30:30,2023-05-05 22:48:30,2023-05-05 22:49:30,On Time,3101.41,Card,39742,4939,1.0,1,Premium"
"2324568019,59677346,2023-07-06 05:05:30,2023-07-06 05:18:30,2023-07-06 05:25:30,Slightly Delayed,1885.21,Upi,84177,851,7.0,1,Large"
"3522645150,22483684,2023-05-16 07:33:57,2023-05-16 07:52:57,2023-05-16 07:53:57,On Time,1588.47,Upi,24179,7906,1.0,1,Large"
"4510488834,90586443,2024-09-08 20:39:29,2024-09-08 20:53:29,2024-09-08 20:53:29,On Time,2554.48,Card,88472,7374,0.0,0,Premium"
"9433427403,46848302,2023-05-17 20:56:25,2023-05-17 21:11:25,2023-05-17 21:24:25,Slightly Delayed,236.95,Wallet,44148,3500,13.0,1,Small"
"8065436106,5763963,2024-01-22 01:40:31,2024-01-22 01:59:31,2024-01-22 01:59:31,On Time,592.46,Card,75168,5306,0.0,0,Medium"
"846586265,10418604,2023-07-02 16:41:26,2023-07-02 16:52:26,2023-07-02 17:02:26,Slightly Delayed,2302.23,Cash,8377,8483,10.0,1,Premium"
"4337013612,30823988,2023-05-15 12:29:43,2023-05-15 12:42:43,2023-05-15 12:45:43,On Time,422.5,Card,14243,436,3.0,1,Small"
"8916023990,3588443,2024-05-18 04:28:04,2024-05-18 04:47:04,2024-05-18 04:58:04,Slightly Delayed,134.69,Upi,91553,1671,11.0,1,Small"
"6018805430,35358395,2023-09-04 07:24:40,2023-09-04 07:37:40,2023-09-04 07:41:40,On Time,4118.37,Card,39582,1404,4.0,1,Premium"
"2676353168,25595836,2024-09-10 11:19:07,2024-09-10 11:32:07,2024-09-10 11:31:07,On Time,3310.03,Cash,61764,9589,-1.0,0,Premium"
"1069724600,10945990,2023-07-26 11:43:20,2023-07-26 11:56:20,2023-07-26 12:05:20,Slightly Delayed,3298.22,Cash,27884,3971,9.0,1,Premium"
"5503476312,36774480,2024-06-16 15:46:53,2024-06-16 16:03:53,2024-06-16 16:07:53,On Time,242.57,Wallet,28852,519,4.0,1,Small"
"4439677910,91791128,2024-02-26 09:32:38,2024-02-26 09:44:38,2024-02-26 09:44:38,On Time,1646.89,Wallet,84746,2972,0.0,0,Large"
"8045361592,16543242,2024-10-11 11:49:32,2024-10-11 12:04:32,2024-10-11 12:06:32,On Time,2264.11,Wallet,3274,5631,2.0,1,Premium"
"1873731593,20209237,2023-11-24 07:41:32,2023-11-24 07:58:32,2023-11-24 08:01:32,On Time,630.84,Wallet,82405,4037,3.0,1,Medium"
"1126011099,53557741,2024-02-21 21:53:21,2024-02-21 22:09:21,2024-02-21 22:08:21,On Time,3092.96,Card,7013,2608,-1.0,0,Premium"
"4100626744,15484407,2024-10-21 01:03:46,2024-10-21 01:19:46,2024-10-21 01:24:46,On Time,13.25,Upi,30255,9922,5.0,1,Small"
"8616880376,16256136,2024-03-18 04:01:22,2024-03-18 04:15:22,2024-03-18 04:35:22,Significantly Delayed,102.44,Wallet,3557,800,20.0,1,Small"
"1427911940,20634789,2024-02-24 07:00:38,2024-02-24 07:14:38,2024-02-24 07:17:38,On Time,689.16,Upi,321,6456,3.0,1,Medium"
"4416398885,10945990,2024-10-22 06:38:37,2024-10-22 06:57:37,2024-10-22 06:56:37,On Time,404.44,Card,89868,5229,-1.0,0,Small"
"2584579895,94713625,2024-01-12 20:46:24,2024-01-12 20:57:24,2024-01-12 20:55:24,On Time,4261.37,Card,40539,7435,-2.0,0,Premium"
"7770651576,87266309,2023-09-04 00:18:49,2023-09-04 00:28:49,2023-09-04 00:51:49,Significantly Delayed,3258.88,Upi,65051,4887,23.0,1,Premium"
"3705985582,34897081,2023-08-19 23:20:01,2023-08-19 23:35:01,2023-08-19 23:36:01,On Time,1623.7,Wallet,64445,775,1.0,1,Large"
"5160295213,22133362,2024-01-25 20:44:59,2024-01-25 20:59:59,2024-01-25 20:59:59,On Time,3428.33,Cash,99136,3844,0.0,0,Premium"
"4374285559,53399500,2024-09-02 02:58:44,2024-09-02 03:11:44,2024-09-02 03:18:44,Slightly Delayed,1063.23,Upi,77397,47,7.0,1,Large"
"9096638812,70243933,2023-12-05 01:56:14,2023-12-05 02:11:14,2023-12-05 02:10:14,On Time,3559.69,Upi,82494,5392,-1.0,0,Premium"
"2888179397,51341672,2023-08-26 18:51:22,2023-08-26 19:09:22,2023-08-26 19:17:22,Slightly Delayed,3461.96,Upi,21483,3841,8.0,1,Premium"
"3387165389,376144,2024-07-14 09:14:56,2024-07-14 09:24:56,2024-07-14 09:24:56,On Time,3280.88,Card,5218,4084,0.0,0,Premium"
"1925647539,13424885,2023-08-14 15:30:54,2023-08-14 15:48:54,2023-08-14 15:49:54,On Time,2294.95,Upi,74222,3545,1.0,1,Premium"
"6160848562,59769142,2023-09-10 19:43:37,2023-09-10 19:57:37,2023-09-10 20:02:37,On Time,1022.08,Card,3350,3525,5.0,1,Large"
"2343495895,2584499,2024-08-04 14:24:51,2024-08-04 14:34:51,2024-08-04 14:33:51,On Time,1706.95,Upi,92896,693,-1.0,0,Large"
"8812220964,66742602,2023-08-29 16:20:14,2023-08-29 16:38:14,2023-08-29 16:43:14,On Time,2111.11,Wallet,67129,457,5.0,1,Premium"
"8640364495,51670882,2023-05-13 22:51:47,2023-05-13 23:03:47,2023-05-13 23:13:47,Slightly Delayed,1012.07,Card,26749,9349,10.0,1,Large"
"4610687284,27698051,2023-09-26 10:32:31,2023-09-26 10:48:31,2023-09-26 10:53:31,On Time,1094.43,Cash,4338,8136,5.0,1,Large"
"189431942,58115779,2024-01-23 12:27:16,2024-01-23 12:47:16,2024-01-23 12:45:16,On Time,163.03,Upi,73313,3363,-2.0,0,Small"
"1746826454,36462363,2024-01-05 01:38:52,2024-01-05 01:52:52,2024-01-05 01:50:52,On Time,261.03,Card,85938,5269,-2.0,0,Small"
"948345459,66629497,2024-03-23 04:13:06,2024-03-23 04:25:06,2024-03-23 04:35:06,Slightly Delayed,1015.2,Upi,89820,4933,10.0,1,Large"
"9959881029,35782051,2024-09-30 03:23:06,2024-09-30 03:34:06,2024-09-30 03:44:06,Slightly Delayed,3893.9,Upi,36005,1798,10.0,1,Premium"
"621213006,43377076,2024-07-22 04:28:26,2024-07-22 04:39:26,2024-07-22 04:40:26,On Time,1244.79,Upi,42600,5501,1.0,1,Large"
"1772464528,66655397,2023-09-07 21:03:04,2023-09-07 21:22:04,2023-09-07 21:23:04,On Time,1709.44,Cash,47913,3203,1.0,1,Large"
"7732863862,89476734,2023-08-02 03:54:51,2023-08-02 04:11:51,2023-08-02 04:13:51,On Time,3828.04,Cash,10377,946,2.0,1,Premium"
"3064828239,6186471,2024-02-18 07:37:33,2024-02-18 07:49:33,2024-02-18 07:54:33,On Time,4356.46,Upi,46175,2142,5.0,1,Premium"
"6363526452,53292177,2023-10-10 23:01:54,2023-10-10 23:16:54,2023-10-10 23:18:54,On Time,3611.55,Wallet,870,385,2.0,1,Premium"
"6988011282,74212242,2024-10-30 17:00:05,2024-10-30 17:18:05,2024-10-30 17:17:05,On Time,2171.93,Wallet,63272,1783,-1.0,0,Premium"
"8523250818,77673290,2024-02-11 18:54:06,2024-02-11 19:05:06,2024-02-11 19:01:06,On Time,2236.59,Upi,69177,621,-4.0,0,Premium"
"5595210484,93507573,2023-05-17 01:03:53,2023-05-17 01:19:53,2023-05-17 01:27:53,Slightly Delayed,639.5,Card,82974,9488,8.0,1,Medium"
"1461081366,13604883,2024-08-15 23:06:55,2024-08-15 23:16:55,2024-08-15 23:23:55,Slightly Delayed,3593.55,Cash,36779,9873,7.0,1,Premium"
"4922364507,79628054,2024-07-06 08:46:32,2024-07-06 08:57:32,2024-07-06 08:59:32,On Time,2661.33,Cash,69143,5995,2.0,1,Premium"
"6597871211,59815512,2024-05-03 00:28:32,2024-05-03 00:47:32,2024-05-03 00:48:32,On Time,2777.48,Upi,42842,5678,1.0,1,Premium"
"2719816862,85074810,2024-09-20 20:49:22,2024-09-20 21:09:22,2024-09-20 21:24:22,Slightly Delayed,332.84,Wallet,89017,7023,15.0,1,Small"
"9830788650,87160527,2023-07-07 07:55:06,2023-07-07 08:12:06,2023-07-07 08:17:06,On Time,2924.55,Upi,26304,4149,5.0,1,Premium"
"140980199,27504517,2024-03-05 14:09:06,2024-03-05 14:27:06,2024-03-05 14:36:06,Slightly Delayed,769.7,Upi,72398,4915,9.0,1,Medium"
"7595842583,90150193,2024-02-24 07:57:06,2024-02-24 08:13:06,2024-02-24 08:18:06,On Time,3399.47,Cash,3254,8390,5.0,1,Premium"
"2390228992,46699982,2023-07-31 16:49:38,2023-07-31 17:08:38,2023-07-31 17:08:38,On Time,2179.55,Card,70541,9041,0.0,0,Premium"
"8178738469,95873651,2023-06-12 05:47:37,2023-06-12 06:03:37,2023-06-12 06:13:37,Slightly Delayed,4117.53,Card,89094,8914,10.0,1,Premium"
"9964671001,79591237,2024-03-14 17:53:53,2024-03-14 18:06:53,2024-03-14 18:02:53,On Time,3829.3,Card,5380,966,-4.0,0,Premium"
"1258689954,89886179,2024-03-31 02:27:00,2024-03-31 02:41:00,2024-03-31 02:43:00,On Time,2868.78,Card,51547,615,2.0,1,Premium"
"4647158015,13461704,2023-11-18 13:28:26,2023-11-18 13:40:26,2023-11-18 13:52:26,Slightly Delayed,2279.47,Upi,93276,7293,12.0,1,Premium"
"2382974038,83610315,2024-05-16 16:47:07,2024-05-16 17:01:07,2024-05-16 17:04:07,On Time,2282.13,Upi,81484,926,3.0,1,Premium"
"3663827875,28499191,2023-11-02 20:27:10,2023-11-02 20:46:10,2023-11-02 21:10:10,Significantly Delayed,209.59,Upi,25542,6347,24.0,1,Small"
"6501113916,22210238,2024-01-07 16:47:53,2024-01-07 17:05:53,2024-01-07 17:09:53,On Time,4185.2,Upi,30138,1179,4.0,1,Premium"
"3300719369,32830199,2024-05-25 03:37:12,2024-05-25 03:57:12,2024-05-25 04:02:12,On Time,105.29,Wallet,14792,5896,5.0,1,Small"
"3239722852,26935187,2023-07-02 09:26:30,2023-07-02 09:43:30,2023-07-02 09:39:30,On Time,4981.57,Upi,63051,4223,-4.0,0,Premium"
"6694899030,36142455,2024-09-21 16:34:57,2024-09-21 16:44:57,2024-09-21 16:57:57,Slightly Delayed,2823.27,Card,72101,8102,13.0,1,Premium"
"992895707,18259715,2023-05-14 22:40:49,2023-05-14 22:51:49,2023-05-14 22:57:49,Slightly Delayed,592.58,Cash,95191,9473,6.0,1,Medium"
"8432150432,9650263,2024-05-11 16:21:59,2024-05-11 16:33:59,2024-05-11 16:33:59,On Time,755.01,Wallet,4319,4627,0.0,0,Medium"
"6220520171,42366724,2023-12-01 00:07:19,2023-12-01 00:21:19,2023-12-01 00:20:19,On Time,1721.87,Upi,82788,8663,-1.0,0,Large"
"735608722,3292927,2024-06-08 09:29:25,2024-06-08 09:48:25,2024-06-08 10:02:25,Slightly Delayed,1276.51,Card,4090,1469,14.0,1,Large"
"7303161073,98444183,2024-03-15 00:03:10,2024-03-15 00:15:10,2024-03-15 00:20:10,On Time,4591.66,Cash,80732,1900,5.0,1,Premium"
"9783380107,70976153,2024-06-09 08:07:30,2024-06-09 08:18:30,2024-06-09 08:18:30,On Time,2408.28,Card,37808,5057,0.0,0,Premium"
"3835886077,8384106,2023-11-19 17:33:59,2023-11-19 17:51:59,2023-11-19 17:49:59,On Time,796.88,Card,58336,9564,-2.0,0,Medium"
"8140652447,11705793,2024-04-15 11:28:24,2024-04-15 11:39:24,2024-04-15 11:36:24,On Time,2649.69,Card,16128,7412,-3.0,0,Premium"
"6412390967,66023110,2024-02-03 20:15:40,2024-02-03 20:35:40,2024-02-03 20:37:40,On Time,3014.75,Card,19522,7479,2.0,1,Premium"
"6688575911,48943848,2023-12-26 18:44:13,2023-12-26 19:01:13,2023-12-26 19:04:13,On Time,5088.41,Wallet,28472,7327,3.0,1,Premium"
"3890111511,68965787,2024-09-09 23:37:46,2024-09-09 23:52:46,2024-09-10 00:11:46,Significantly Delayed,3935.46,Upi,51181,9572,19.0,1,Premium"
"5145256852,57770044,2024-09-10 19:14:18,2024-09-10 19:25:18,2024-09-10 19:43:18,Significantly Delayed,1501.57,Cash,60056,1703,18.0,1,Large"
"7375057413,12799092,2023-05-17 22:25:56,2023-05-17 22:35:56,2023-05-17 22:44:56,Slightly Delayed,1114.88,Card,80419,3471,9.0,1,Large"
"3047491006,61182897,2024-09-21 21:50:52,2024-09-21 22:03:52,2024-09-21 22:08:52,On Time,3752.62,Cash,3770,5187,5.0,1,Premium"
"7715738110,81605722,2023-05-10 22:12:57,2023-05-10 22:25:57,2023-05-10 22:29:57,On Time,514.14,Card,78052,552,4.0,1,Medium"
"6191554160,77869660,2023-07-20 23:13:31,2023-07-20 23:26:31,2023-07-20 23:24:31,On Time,580.42,Cash,17582,2824,-2.0,0,Medium"
"896919031,42366724,2024-10-08 03:01:32,2024-10-08 03:12:32,2024-10-08 03:11:32,On Time,1440.73,Wallet,61896,1710,-1.0,0,Large"
"1535818185,99772709,2024-05-03 16:30:31,2024-05-03 16:42:31,2024-05-03 16:37:31,On Time,1140.16,Card,11471,4353,-5.0,0,Large"
"4428830794,701493,2024-06-18 23:21:18,2024-06-18 23:41:18,2024-06-18 23:44:18,On Time,2948.82,Upi,1874,917,3.0,1,Premium"
"3610035622,20956158,2024-04-04 03:34:32,2024-04-04 03:46:32,2024-04-04 03:44:32,On Time,622.81,Card,94062,3119,-2.0,0,Medium"
"8674445072,50080663,2024-08-04 05:22:43,2024-08-04 05:42:43,2024-08-04 05:44:43,On Time,2038.01,Upi,98361,2711,2.0,1,Premium"
"9623704312,38613295,2024-02-24 22:05:43,2024-02-24 22:21:43,2024-02-24 22:23:43,On Time,580.18,Card,5220,6961,2.0,1,Medium"
"7786002894,30373140,2023-12-21 12:56:24,2023-12-21 13:06:24,2023-12-21 13:12:24,Slightly Delayed,899.56,Cash,99820,6248,6.0,1,Medium"
"3264409553,70976153,2023-03-30 18:35:29,2023-03-30 18:48:29,2023-03-30 19:12:29,Significantly Delayed,840.34,Wallet,61878,6402,24.0,1,Medium"
"7736534043,22915611,2023-05-28 08:20:29,2023-05-28 08:33:29,2023-05-28 08:29:29,On Time,1003.46,Card,83856,6419,-4.0,0,Large"
"5936596117,67729191,2024-10-25 12:09:18,2024-10-25 12:28:18,2024-10-25 12:23:18,On Time,3014.85,Card,1771,6545,-5.0,0,Premium"
"1980087245,38875754,2023-06-16 19:27:33,2023-06-16 19:46:33,2023-06-16 19:49:33,On Time,2606.6,Card,98576,9649,3.0,1,Premium"
"8861557989,52913011,2024-08-25 06:07:25,2024-08-25 06:22:25,2024-08-25 06:18:25,On Time,4574.66,Cash,38818,3806,-4.0,0,Premium"
"6702391437,13130974,2024-01-21 17:57:30,2024-01-21 18:15:30,2024-01-21 18:32:30,Significantly Delayed,4179.5,Card,44685,230,17.0,1,Premium"
"6385452188,38875754,2024-06-04 21:25:31,2024-06-04 21:39:31,2024-06-04 21:43:31,On Time,2664.35,Upi,84550,9692,4.0,1,Premium"
"8813216380,85177880,2024-10-09 11:57:06,2024-10-09 12:17:06,2024-10-09 12:27:06,Slightly Delayed,3340.2,Cash,388,2007,10.0,1,Premium"
"5563712992,4597433,2024-01-11 16:23:07,2024-01-11 16:43:07,2024-01-11 16:47:07,On Time,3233.68,Upi,8510,3019,4.0,1,Premium"
"966468552,70459847,2023-06-24 01:44:48,2023-06-24 01:55:48,2023-06-24 01:53:48,On Time,2561.55,Card,64064,1720,-2.0,0,Premium"
"4368529506,76327561,2024-06-30 01:22:42,2024-06-30 01:34:42,2024-06-30 01:40:42,Slightly Delayed,1081.17,Upi,98277,4721,6.0,1,Large"
"3777009463,25829710,2024-09-01 08:11:47,2024-09-01 08:24:47,2024-09-01 08:23:47,On Time,264.89,Wallet,36810,7493,-1.0,0,Small"
"3560912801,20163931,2024-09-08 23:49:45,2024-09-09 00:07:45,2024-09-09 00:02:45,On Time,1052.23,Wallet,16585,9987,-5.0,0,Large"
"1741224538,90621147,2023-03-29 00:24:22,2023-03-29 00:40:22,2023-03-29 00:40:22,On Time,134.69,Cash,28254,8219,0.0,0,Small"
"4579251445,1507408,2023-08-28 15:35:23,2023-08-28 15:48:23,2023-08-28 15:48:23,On Time,1057.68,Card,63271,5398,0.0,0,Large"
"3438127101,59141605,2023-11-27 16:40:08,2023-11-27 16:50:08,2023-11-27 16:52:08,On Time,296.94,Cash,80040,4892,2.0,1,Small"
"9741958794,13164195,2024-08-20 07:33:07,2024-08-20 07:43:07,2024-08-20 07:51:07,Slightly Delayed,6173.45,Card,4642,6124,8.0,1,Premium"
"882082341,75828735,2024-10-10 12:35:06,2024-10-10 12:49:06,2024-10-10 13:00:06,Slightly Delayed,5094.56,Wallet,64310,2118,11.0,1,Premium"
"3629321763,79369660,2024-08-06 18:45:52,2024-08-06 19:03:52,2024-08-06 19:05:52,On Time,2988.51,Cash,93253,756,2.0,1,Premium"
"888938572,12695670,2023-04-02 20:33:35,2023-04-02 20:49:35,2023-04-02 20:54:35,On Time,597.91,Cash,28461,7991,5.0,1,Medium"
"5263181887,90150193,2024-09-28 22:00:44,2024-09-28 22:13:44,2024-09-28 22:18:44,On Time,1239.9,Card,28643,2272,5.0,1,Large"
"7071557807,19375332,2024-04-29 11:05:40,2024-04-29 11:24:40,2024-04-29 11:32:40,Slightly Delayed,3848.05,Cash,70989,7427,8.0,1,Premium"
"6888804296,2442235,2024-10-24 22:24:07,2024-10-24 22:40:07,2024-10-24 22:42:07,On Time,2930.92,Cash,27520,1605,2.0,1,Premium"
"814182718,65134271,2023-11-17 22:17:49,2023-11-17 22:30:49,2023-11-17 22:25:49,On Time,2233.84,Card,18293,8501,-5.0,0,Premium"
"3513524740,1301661,2024-07-03 12:00:31,2024-07-03 12:20:31,2024-07-03 12:42:31,Significantly Delayed,1395.67,Card,96517,3550,22.0,1,Large"
"1234169434,22112867,2023-10-17 20:52:10,2023-10-17 21:03:10,2023-10-17 21:07:10,On Time,3644.99,Card,73458,4588,4.0,1,Premium"
"2577990012,71902700,2023-09-22 03:03:12,2023-09-22 03:13:12,2023-09-22 03:13:12,On Time,2577.46,Card,81801,2923,0.0,0,Premium"
"8446065263,79773912,2023-11-15 01:53:57,2023-11-15 02:10:57,2023-11-15 02:16:57,Slightly Delayed,2838.28,Card,38584,6585,6.0,1,Premium"
"4220970302,90621147,2024-11-01 09:44:24,2024-11-01 10:03:24,2024-11-01 09:59:24,On Time,2598.47,Upi,93466,6692,-4.0,0,Premium"
"5712516128,11503405,2023-07-14 21:20:01,2023-07-14 21:33:01,2023-07-14 21:34:01,On Time,2661.8,Card,41787,2367,1.0,1,Premium"
"807167715,26521850,2024-08-28 21:17:15,2024-08-28 21:32:15,2024-08-28 21:29:15,On Time,951.27,Card,15159,8011,-3.0,0,Medium"
"213972345,71252391,2024-06-14 23:11:09,2024-06-14 23:26:09,2024-06-14 23:28:09,On Time,3895.71,Card,5515,8230,2.0,1,Premium"
"1013762407,51174875,2024-10-19 06:57:40,2024-10-19 07:14:40,2024-10-19 07:38:40,Significantly Delayed,2519.44,Upi,89281,9729,24.0,1,Premium"
"5234194751,14207332,2024-02-19 04:44:03,2024-02-19 05:02:03,2024-02-19 05:06:03,On Time,3494.6,Card,47252,6396,4.0,1,Premium"
"1389077693,37947202,2023-06-27 17:53:27,2023-06-27 18:12:27,2023-06-27 18:26:27,Slightly Delayed,716.35,Upi,1965,6110,14.0,1,Medium"
"1895143216,43295656,2023-03-25 20:13:10,2023-03-25 20:23:10,2023-03-25 20:28:10,On Time,2921.03,Card,68226,4450,5.0,1,Premium"
"3667250123,7728406,2024-03-04 06:15:23,2024-03-04 06:27:23,2024-03-04 06:53:23,Significantly Delayed,715.72,Cash,34707,6149,26.0,1,Medium"
"6430529802,6459100,2023-07-23 14:58:31,2023-07-23 15:14:31,2023-07-23 15:09:31,On Time,2974.48,Wallet,72291,8070,-5.0,0,Premium"
"4856277700,67729191,2023-08-17 22:46:53,2023-08-17 23:05:53,2023-08-17 23:21:53,Significantly Delayed,1070.91,Upi,85395,7129,16.0,1,Large"
"1492403962,11389698,2023-07-09 01:43:47,2023-07-09 02:03:47,2023-07-09 02:06:47,On Time,5366.78,Wallet,88981,9347,3.0,1,Premium"
"4348167632,93675757,2023-11-29 05:51:03,2023-11-29 06:04:03,2023-11-29 05:59:03,On Time,2152.66,Upi,62399,3894,-5.0,0,Premium"
"3682471195,90856813,2023-12-06 04:17:47,2023-12-06 04:30:47,2023-12-06 04:44:47,Slightly Delayed,2138.69,Upi,94268,2934,14.0,1,Premium"
"6888837939,67708491,2024-03-27 14:51:12,2024-03-27 15:05:12,2024-03-27 15:00:12,On Time,1159.32,Wallet,18096,3284,-5.0,0,Large"
"2278004109,99301505,2024-09-01 03:50:07,2024-09-01 04:00:07,2024-09-01 04:07:07,Slightly Delayed,2292.05,Card,72611,4873,7.0,1,Premium"
"7471013149,46185579,2024-10-13 12:41:47,2024-10-13 13:00:47,2024-10-13 13:08:47,Slightly Delayed,1656.84,Upi,21505,1821,8.0,1,Large"
"755745232,3844290,2024-10-02 01:53:01,2024-10-02 02:09:01,2024-10-02 02:20:01,Slightly Delayed,1086.05,Cash,25231,4725,11.0,1,Large"
"2963187161,91448742,2024-06-18 12:05:53,2024-06-18 12:24:53,2024-06-18 12:36:53,Slightly Delayed,169.88,Card,20323,401,12.0,1,Small"
"3980591844,96903782,2023-06-20 03:28:07,2023-06-20 03:45:07,2023-06-20 03:50:07,On Time,2917.28,Wallet,16450,2402,5.0,1,Premium"
"9960808976,78748184,2024-04-08 03:34:02,2024-04-08 03:53:02,2024-04-08 03:50:02,On Time,4324.68,Card,27708,7919,-3.0,0,Premium"
"8740552000,34095555,2023-05-16 11:42:38,2023-05-16 12:00:38,2023-05-16 12:11:38,Slightly Delayed,391.21,Wallet,40753,101,11.0,1,Small"
"9230099449,60319216,2023-05-08 03:58:30,2023-05-08 04:14:30,2023-05-08 04:10:30,On Time,3331.12,Card,45467,3810,-4.0,0,Premium"
"4277432248,91408854,2023-05-10 21:31:20,2023-05-10 21:45:20,2023-05-10 21:41:20,On Time,3536.17,Wallet,33604,7932,-4.0,0,Premium"
"3624765984,36400756,2023-12-11 08:21:44,2023-12-11 08:35:44,2023-12-11 08:30:44,On Time,4517.75,Card,26888,6689,-5.0,0,Premium"
"8533110341,10524732,2023-06-14 08:57:05,2023-06-14 09:14:05,2023-06-14 09:21:05,Slightly Delayed,1621.58,Upi,45197,4410,7.0,1,Large"
"5036664068,2667357,2023-11-06 07:46:44,2023-11-06 08:03:44,2023-11-06 08:00:44,On Time,1666.89,Upi,54985,3086,-3.0,0,Large"
"9989636336,191616,2024-05-24 07:26:24,2024-05-24 07:45:24,2024-05-24 07:59:24,Slightly Delayed,2425.95,Cash,91946,7821,14.0,1,Premium"
"2843642858,46208150,2024-03-14 06:53:23,2024-03-14 07:05:23,2024-03-14 07:07:23,On Time,831.1,Cash,39226,632,2.0,1,Medium"
"7510849424,82585664,2024-03-08 04:12:08,2024-03-08 04:30:08,2024-03-08 04:29:08,On Time,1640.42,Wallet,35153,3213,-1.0,0,Large"
"8744806310,8395343,2023-07-03 23:48:25,2023-07-04 00:02:25,2023-07-03 23:59:25,On Time,3826.97,Card,19395,2798,-3.0,0,Premium"
"7605774154,6150721,2024-02-02 23:43:14,2024-02-02 23:57:14,2024-02-02 23:55:14,On Time,1536.89,Cash,78836,1252,-2.0,0,Large"
"6904233594,65514005,2024-08-09 21:50:28,2024-08-09 22:04:28,2024-08-09 22:00:28,On Time,2570.78,Upi,24070,3701,-4.0,0,Premium"
"6371336060,8241122,2024-07-21 20:11:14,2024-07-21 20:22:14,2024-07-21 20:19:14,On Time,631.7,Wallet,17953,6887,-3.0,0,Medium"
"8137624530,22210238,2023-10-24 23:59:43,2023-10-25 00:15:43,2023-10-25 00:27:43,Slightly Delayed,3147.61,Upi,85372,2268,12.0,1,Premium"
"9131474241,98246574,2024-10-18 17:00:08,2024-10-18 17:12:08,2024-10-18 17:07:08,On Time,340.66,Card,7186,1940,-5.0,0,Small"
"7413772322,98709982,2023-06-12 15:41:13,2023-06-12 15:56:13,2023-06-12 15:58:13,On Time,2586.5,Card,77018,3120,2.0,1,Premium"
"9400852015,44149982,2024-07-01 06:50:33,2024-07-01 07:08:33,2024-07-01 07:19:33,Slightly Delayed,2754.81,Card,92978,448,11.0,1,Premium"
"4867437863,13164195,2024-01-25 03:01:54,2024-01-25 03:11:54,2024-01-25 03:25:54,Slightly Delayed,3132.92,Wallet,48327,540,14.0,1,Premium"
"4219458877,87222820,2023-12-27 02:46:02,2023-12-27 03:00:02,2023-12-27 03:22:02,Significantly Delayed,951.43,Card,45483,4216,22.0,1,Medium"
"35135941,28205701,2024-07-29 18:08:33,2024-07-29 18:26:33,2024-07-29 18:21:33,On Time,1216.16,Upi,64624,229,-5.0,0,Large"
"4754258275,10019218,2023-09-16 13:44:16,2023-09-16 13:54:16,2023-09-16 13:52:16,On Time,2315.11,Card,81493,9261,-2.0,0,Premium"
"9195687538,74548003,2024-01-06 11:46:39,2024-01-06 12:06:39,2024-01-06 12:36:39,Significantly Delayed,212.14,Wallet,17689,3319,30.0,1,Small"
"344554037,78847070,2023-11-10 08:19:48,2023-11-10 08:34:48,2023-11-10 08:52:48,Significantly Delayed,3774.14,Card,53784,1578,18.0,1,Premium"
"7503255456,82948843,2023-08-03 21:15:59,2023-08-03 21:30:59,2023-08-03 21:46:59,Significantly Delayed,5414.01,Card,31307,2121,16.0,1,Premium"
"5903638531,78209683,2023-05-02 16:44:25,2023-05-02 16:58:25,2023-05-02 16:56:25,On Time,3051.04,Card,30906,9390,-2.0,0,Premium"
"1670694517,92356639,2024-08-09 17:39:54,2024-08-09 17:55:54,2024-08-09 17:50:54,On Time,3118.23,Cash,54015,5284,-5.0,0,Premium"
"2369121788,60062501,2024-05-28 21:18:47,2024-05-28 21:37:47,2024-05-28 21:41:47,On Time,2951.41,Upi,509,797,4.0,1,Premium"
"6012082951,88866835,2023-05-17 06:08:38,2023-05-17 06:23:38,2023-05-17 06:26:38,On Time,3669.77,Card,9667,918,3.0,1,Premium"
"3675914158,89361574,2024-03-08 06:12:12,2024-03-08 06:23:12,2024-03-08 06:36:12,Slightly Delayed,2124.26,Card,57846,5296,13.0,1,Premium"
"1396605672,20956158,2024-01-07 01:58:28,2024-01-07 02:09:28,2024-01-07 02:06:28,On Time,1723.88,Card,87368,4916,-3.0,0,Large"
"4260996213,77035814,2023-04-12 12:45:55,2023-04-12 12:55:55,2023-04-12 13:12:55,Significantly Delayed,1730.33,Wallet,14963,9334,17.0,1,Large"
"4749534376,53100521,2024-05-19 00:36:01,2024-05-19 00:49:01,2024-05-19 00:44:01,On Time,1648.07,Card,33915,1895,-5.0,0,Large"
"6095091385,34839913,2024-07-11 07:02:45,2024-07-11 07:18:45,2024-07-11 07:31:45,Slightly Delayed,2486.58,Cash,58226,7745,13.0,1,Premium"
"1131338162,21201299,2024-02-03 11:57:08,2024-02-03 12:11:08,2024-02-03 12:09:08,On Time,2695.16,Cash,72596,9381,-2.0,0,Premium"
"6100236720,83660688,2023-08-24 13:01:44,2023-08-24 13:12:44,2023-08-24 13:14:44,On Time,4190.59,Cash,91266,9207,2.0,1,Premium"
"3363683548,43367112,2024-02-09 10:16:54,2024-02-09 10:32:54,2024-02-09 10:32:54,On Time,2065.75,Card,93499,3280,0.0,0,Premium"
"8721540965,38902882,2024-07-05 13:01:49,2024-07-05 13:13:49,2024-07-05 13:12:49,On Time,5604.64,Upi,67650,5347,-1.0,0,Premium"
"1712456261,90448312,2023-10-15 10:37:57,2023-10-15 10:50:57,2023-10-15 10:49:57,On Time,418.48,Cash,26493,8831,-1.0,0,Small"
"760930025,49756591,2023-06-19 18:28:51,2023-06-19 18:48:51,2023-06-19 18:46:51,On Time,873.51,Card,62735,1159,-2.0,0,Medium"
"5652465358,57523973,2024-06-17 18:13:50,2024-06-17 18:23:50,2024-06-17 18:44:50,Significantly Delayed,2293.55,Card,54033,6475,21.0,1,Premium"
"3580915899,87954926,2023-10-23 18:14:42,2023-10-23 18:28:42,2023-10-23 18:23:42,On Time,2660.98,Upi,64163,7596,-5.0,0,Premium"
"1174382816,773410,2024-08-14 20:51:31,2024-08-14 21:05:31,2024-08-14 21:06:31,On Time,1838.15,Card,82185,7777,1.0,1,Large"
"3200474667,15631726,2024-09-17 19:02:43,2024-09-17 19:14:43,2024-09-17 19:10:43,On Time,2976.81,Wallet,16148,9420,-4.0,0,Premium"
"7474651061,63238941,2023-06-09 22:33:12,2023-06-09 22:52:12,2023-06-09 22:47:12,On Time,3731.78,Cash,94198,261,-5.0,0,Premium"
"1892282465,80517784,2023-08-23 01:50:45,2023-08-23 02:00:45,2023-08-23 01:59:45,On Time,2849.48,Wallet,2804,2383,-1.0,0,Premium"
"3859828998,701493,2023-04-14 03:46:30,2023-04-14 04:01:30,2023-04-14 04:00:30,On Time,2721.16,Wallet,39119,2510,-1.0,0,Premium"
"2554590672,19482392,2023-12-03 12:50:10,2023-12-03 13:02:10,2023-12-03 13:05:10,On Time,3840.61,Wallet,36934,6195,3.0,1,Premium"
"9667675052,40871915,2023-09-29 13:18:03,2023-09-29 13:36:03,2023-09-29 13:40:03,On Time,2282.92,Upi,94350,8886,4.0,1,Premium"
"8382437838,46185579,2024-05-30 16:04:35,2024-05-30 16:17:35,2024-05-30 16:15:35,On Time,1907.89,Wallet,84984,7062,-2.0,0,Large"
"6247090607,90038364,2023-10-07 15:37:13,2023-10-07 15:54:13,2023-10-07 15:56:13,On Time,1801.01,Wallet,96576,3279,2.0,1,Large"
"5004073261,27304827,2024-06-16 17:23:11,2024-06-16 17:38:11,2024-06-16 17:51:11,Slightly Delayed,1228.31,Cash,62540,908,13.0,1,Large"
"6595898122,67896836,2024-07-13 20:46:07,2024-07-13 20:57:07,2024-07-13 20:53:07,On Time,1080.49,Upi,99156,3390,-4.0,0,Large"
"9844371682,31527100,2023-06-10 20:30:20,2023-06-10 20:40:20,2023-06-10 20:35:20,On Time,1742.0,Wallet,70915,4326,-5.0,0,Large"
"7198169379,26844216,2023-07-13 21:02:59,2023-07-13 21:14:59,2023-07-13 21:22:59,Slightly Delayed,865.68,Card,92952,8643,8.0,1,Medium"
"2815855636,38808614,2023-07-28 10:14:31,2023-07-28 10:29:31,2023-07-28 10:32:31,On Time,3710.55,Card,6074,3090,3.0,1,Premium"
"6033660622,65618148,2023-04-12 15:11:35,2023-04-12 15:24:35,2023-04-12 15:31:35,Slightly Delayed,1321.76,Wallet,82054,6157,7.0,1,Large"
"7944056454,10729474,2023-05-22 23:35:19,2023-05-22 23:50:19,2023-05-22 23:52:19,On Time,3162.64,Wallet,83225,7892,2.0,1,Premium"
"4354264440,25722990,2023-12-13 11:06:13,2023-12-13 11:20:13,2023-12-13 11:32:13,Slightly Delayed,1607.15,Cash,3704,3183,12.0,1,Large"
"5623096090,68703613,2023-08-25 12:42:53,2023-08-25 12:54:53,2023-08-25 12:54:53,On Time,1565.76,Wallet,13931,4345,0.0,0,Large"
"701856661,11143197,2024-06-10 01:20:43,2024-06-10 01:32:43,2024-06-10 01:31:43,On Time,3622.14,Card,15464,4604,-1.0,0,Premium"
"1911276445,73799927,2024-10-20 14:44:26,2024-10-20 14:54:26,2024-10-20 15:06:26,Slightly Delayed,1896.67,Wallet,18487,2675,12.0,1,Large"
"9323909987,47990044,2024-05-09 03:55:26,2024-05-09 04:15:26,2024-05-09 04:13:26,On Time,77.11,Upi,7906,5192,-2.0,0,Small"
"1988898073,78157360,2024-02-21 11:34:59,2024-02-21 11:44:59,2024-02-21 11:54:59,Slightly Delayed,1541.22,Upi,21707,5850,10.0,1,Large"
"6457671753,51048402,2024-01-07 23:32:14,2024-01-07 23:51:14,2024-01-07 23:48:14,On Time,2200.47,Wallet,50589,1402,-3.0,0,Premium"
"3556497272,9347990,2024-10-18 10:21:52,2024-10-18 10:32:52,2024-10-18 10:35:52,On Time,96.09,Upi,79803,6798,3.0,1,Small"
"2182762247,54347213,2023-09-06 20:37:30,2023-09-06 20:47:30,2023-09-06 20:43:30,On Time,1308.92,Cash,8763,6497,-4.0,0,Large"
"6026842782,75928073,2024-08-27 19:51:30,2024-08-27 20:11:30,2024-08-27 20:10:30,On Time,2610.0,Wallet,57323,5333,-1.0,0,Premium"
"1227108607,69242672,2024-09-18 12:33:42,2024-09-18 12:49:42,2024-09-18 12:52:42,On Time,3901.39,Card,36907,3750,3.0,1,Premium"
"9362226645,28428852,2024-05-12 05:01:14,2024-05-12 05:18:14,2024-05-12 05:27:14,Slightly Delayed,3503.23,Wallet,29024,1666,9.0,1,Premium"
"6313785973,28603182,2023-03-21 03:09:21,2023-03-21 03:28:21,2023-03-21 03:38:21,Slightly Delayed,2326.58,Upi,34181,2420,10.0,1,Premium"
"1297253359,77811864,2024-04-24 09:19:28,2024-04-24 09:29:28,2024-04-24 09:38:28,Slightly Delayed,1250.24,Cash,20964,6975,9.0,1,Large"
"6138091203,41261495,2023-09-09 05:55:23,2023-09-09 06:11:23,2023-09-09 06:06:23,On Time,1284.92,Card,27226,1513,-5.0,0,Large"
"4770739350,61753272,2024-07-12 19:43:00,2024-07-12 19:55:00,2024-07-12 20:22:00,Significantly Delayed,3259.93,Card,96604,8704,27.0,1,Premium"
"6253838449,19393135,2024-06-11 00:39:02,2024-06-11 00:49:02,2024-06-11 00:51:02,On Time,938.37,Card,92207,445,2.0,1,Medium"
"1015708455,24153726,2023-09-04 17:57:41,2023-09-04 18:11:41,2023-09-04 18:19:41,Slightly Delayed,3175.14,Wallet,35032,8295,8.0,1,Premium"
"2201201842,6398761,2023-10-02 13:13:35,2023-10-02 13:29:35,2023-10-02 13:24:35,On Time,1547.91,Card,7484,703,-5.0,0,Large"
"200000051,8632679,2023-10-04 20:08:09,2023-10-04 20:21:09,2023-10-04 20:17:09,On Time,1442.99,Upi,58741,4060,-4.0,0,Large"
"409570377,12574626,2024-03-27 14:39:35,2024-03-27 14:57:35,2024-03-27 15:12:35,Slightly Delayed,1524.99,Card,6848,1353,15.0,1,Large"
"5944464513,34095555,2023-03-25 16:40:17,2023-03-25 16:57:17,2023-03-25 16:55:17,On Time,1371.17,Wallet,80133,700,-2.0,0,Large"
"7064377287,26716400,2024-09-02 07:38:33,2024-09-02 07:48:33,2024-09-02 07:48:33,On Time,328.51,Wallet,30746,766,0.0,0,Small"
"7763036477,26285589,2024-08-14 20:19:07,2024-08-14 20:39:07,2024-08-14 20:34:07,On Time,4277.29,Cash,11382,2997,-5.0,0,Premium"
"7494002152,91382237,2024-05-01 06:30:27,2024-05-01 06:48:27,2024-05-01 06:44:27,On Time,2287.2,Card,12465,3171,-4.0,0,Premium"
"692127479,67538982,2024-07-09 23:14:20,2024-07-09 23:27:20,2024-07-09 23:22:20,On Time,3284.88,Wallet,59887,4870,-5.0,0,Premium"
"7544245121,87160527,2024-09-26 17:57:33,2024-09-26 18:11:33,2024-09-26 18:19:33,Slightly Delayed,4067.24,Upi,48705,8428,8.0,1,Premium"
"4429641190,11562458,2023-06-18 05:43:31,2023-06-18 06:03:31,2023-06-18 06:04:31,On Time,3518.61,Cash,56195,3257,1.0,1,Premium"
"8093366865,29451600,2024-10-16 11:46:49,2024-10-16 12:03:49,2024-10-16 12:30:49,Significantly Delayed,1770.01,Cash,55773,8000,27.0,1,Large"
"6269075067,81382213,2023-11-15 23:57:36,2023-11-16 00:09:36,2023-11-16 00:06:36,On Time,3745.59,Wallet,40584,5023,-3.0,0,Premium"
"4056304110,211163,2023-11-25 12:03:51,2023-11-25 12:19:51,2023-11-25 12:37:51,Significantly Delayed,3567.36,Upi,32614,3514,18.0,1,Premium"
"4447978623,31076002,2024-08-21 06:54:53,2024-08-21 07:12:53,2024-08-21 07:12:53,On Time,2037.9,Cash,26809,6356,0.0,0,Premium"
"5875285677,62510499,2023-05-20 10:43:49,2023-05-20 10:53:49,2023-05-20 10:57:49,On Time,3993.93,Wallet,55480,9163,4.0,1,Premium"
"4177774653,23844919,2024-05-20 10:41:55,2024-05-20 10:53:55,2024-05-20 10:55:55,On Time,294.79,Wallet,8589,5256,2.0,1,Small"
"502632296,9450435,2024-05-15 19:31:23,2024-05-15 19:50:23,2024-05-15 19:53:23,On Time,4257.49,Card,67946,9501,3.0,1,Premium"
"5037688536,49756591,2024-02-24 05:35:57,2024-02-24 05:54:57,2024-02-24 06:22:57,Significantly Delayed,903.52,Card,166,9952,28.0,1,Medium"
"6844277478,47577193,2024-08-28 16:56:29,2024-08-28 17:16:29,2024-08-28 17:23:29,Slightly Delayed,2190.84,Card,29959,7819,7.0,1,Premium"
"3368317718,70867736,2024-05-31 23:59:29,2024-06-01 00:17:29,2024-06-01 00:12:29,On Time,914.88,Upi,96055,522,-5.0,0,Medium"
"913881994,13251137,2024-08-04 21:23:28,2024-08-04 21:40:28,2024-08-04 21:41:28,On Time,317.82,Cash,98626,6960,1.0,1,Small"
"6445700839,4988545,2024-03-06 15:35:29,2024-03-06 15:45:29,2024-03-06 15:48:29,On Time,1574.46,Upi,94758,9736,3.0,1,Large"
"101613683,43377076,2023-06-29 20:45:29,2023-06-29 21:03:29,2023-06-29 20:58:29,On Time,1314.09,Card,59292,3603,-5.0,0,Large"
"7094586913,82900175,2023-10-01 20:55:39,2023-10-01 21:05:39,2023-10-01 21:06:39,On Time,1045.98,Upi,74282,3665,1.0,1,Large"
"2478557609,58170168,2024-06-15 14:43:39,2024-06-15 14:59:39,2024-06-15 15:12:39,Slightly Delayed,1632.79,Wallet,53936,644,13.0,1,Large"
"9516720368,97466783,2024-04-04 20:08:39,2024-04-04 20:21:39,2024-04-04 20:22:39,On Time,3117.54,Card,46734,9079,1.0,1,Premium"
"3808010352,23126356,2024-02-17 02:25:10,2024-02-17 02:42:10,2024-02-17 02:40:10,On Time,2359.74,Wallet,50711,7198,-2.0,0,Premium"
"7921886899,11143197,2023-07-01 02:42:43,2023-07-01 03:01:43,2023-07-01 02:58:43,On Time,1342.87,Cash,97509,2936,-3.0,0,Large"
"6818712547,66655397,2023-12-27 06:03:57,2023-12-27 06:15:57,2023-12-27 06:13:57,On Time,2620.04,Cash,65099,4196,-2.0,0,Premium"
"4538204462,35812567,2024-02-26 18:16:54,2024-02-26 18:29:54,2024-02-26 18:30:54,On Time,3043.32,Card,4874,2047,1.0,1,Premium"
"2008331630,36833857,2023-07-13 00:34:14,2023-07-13 00:50:14,2023-07-13 00:50:14,On Time,1630.96,Wallet,19684,1939,0.0,0,Large"
"3901338038,63238941,2024-08-23 03:48:43,2024-08-23 04:04:43,2024-08-23 04:06:43,On Time,657.8,Cash,93090,6623,2.0,1,Medium"
"1483786406,63451391,2023-03-25 07:26:24,2023-03-25 07:41:24,2023-03-25 08:09:24,Significantly Delayed,3934.29,Card,99066,7474,28.0,1,Premium"
"5022936426,73377004,2023-09-18 03:33:58,2023-09-18 03:46:58,2023-09-18 03:41:58,On Time,2217.52,Wallet,86251,894,-5.0,0,Premium"
"5470875365,55042740,2024-03-31 08:06:56,2024-03-31 08:21:56,2024-03-31 08:23:56,On Time,4003.77,Upi,79541,3834,2.0,1,Premium"
"7144611408,33280073,2023-08-18 08:26:18,2023-08-18 08:39:18,2023-08-18 08:37:18,On Time,989.77,Cash,55520,3684,-2.0,0,Medium"
"9411421675,61226563,2024-01-24 10:26:23,2024-01-24 10:39:23,2024-01-24 10:42:23,On Time,4144.86,Cash,51778,1762,3.0,1,Premium"
"7315949343,14458150,2023-09-17 22:30:28,2023-09-17 22:50:28,2023-09-17 22:49:28,On Time,2639.3,Wallet,72063,3435,-1.0,0,Premium"
"9430475133,24621386,2023-03-25 01:53:58,2023-03-25 02:04:58,2023-03-25 02:07:58,On Time,4145.1,Cash,41262,8535,3.0,1,Premium"
"3062145702,24821281,2024-06-21 14:57:19,2024-06-21 15:09:19,2024-06-21 15:13:19,On Time,3288.07,Card,8248,1522,4.0,1,Premium"
"6500458984,35912599,2023-11-08 07:10:51,2023-11-08 07:28:51,2023-11-08 07:37:51,Slightly Delayed,440.17,Card,90658,9105,9.0,1,Small"
"7429306851,62541176,2024-04-22 03:51:02,2024-04-22 04:09:02,2024-04-22 04:10:02,On Time,1343.84,Wallet,96651,541,1.0,1,Large"
"2687236003,83588803,2024-01-10 21:00:18,2024-01-10 21:12:18,2024-01-10 21:15:18,On Time,3207.16,Wallet,93868,7216,3.0,1,Premium"
"1885906938,13455530,2023-10-09 04:19:26,2023-10-09 04:33:26,2023-10-09 04:40:26,Slightly Delayed,4489.81,Cash,39994,3370,7.0,1,Premium"
"9949334146,73363613,2024-08-05 02:30:30,2024-08-05 02:45:30,2024-08-05 03:09:30,Significantly Delayed,217.5,Wallet,58811,5747,24.0,1,Small"
"2555454584,19182548,2023-08-12 17:17:51,2023-08-12 17:34:51,2023-08-12 17:55:51,Significantly Delayed,1626.42,Cash,50763,8438,21.0,1,Large"
"2503209946,26844216,2024-04-28 11:08:57,2024-04-28 11:27:57,2024-04-28 11:26:57,On Time,1069.03,Cash,13371,9791,-1.0,0,Large"
"2329563439,78157360,2023-11-02 23:45:47,2023-11-02 23:56:47,2023-11-03 00:19:47,Significantly Delayed,1139.89,Upi,52741,4924,23.0,1,Large"
"1041536174,93018527,2023-06-15 08:48:09,2023-06-15 09:00:09,2023-06-15 09:12:09,Slightly Delayed,2780.93,Card,60201,3516,12.0,1,Premium"
"6631188689,8361353,2024-03-28 12:16:12,2024-03-28 12:32:12,2024-03-28 12:27:12,On Time,3536.2,Cash,24043,8559,-5.0,0,Premium"
"9300178512,26936578,2023-07-25 12:36:42,2023-07-25 12:55:42,2023-07-25 12:58:42,On Time,1204.48,Cash,73376,4802,3.0,1,Large"
"1086881691,77035814,2024-04-10 17:22:10,2024-04-10 17:37:10,2024-04-10 17:35:10,On Time,1914.71,Cash,6106,7392,-2.0,0,Large"
"8008880980,57505804,2024-04-18 15:35:40,2024-04-18 15:48:40,2024-04-18 15:52:40,On Time,1909.21,Card,65111,2473,4.0,1,Large"
"2417680703,30823988,2024-02-11 00:31:27,2024-02-11 00:48:27,2024-02-11 01:02:27,Slightly Delayed,2694.25,Card,41668,6343,14.0,1,Premium"
"1117730990,96640716,2024-08-23 19:54:08,2024-08-23 20:07:08,2024-08-23 20:07:08,On Time,998.06,Cash,19991,9260,0.0,0,Medium"
"1678557345,49136375,2024-05-12 17:05:42,2024-05-12 17:20:42,2024-05-12 17:20:42,On Time,1308.24,Wallet,20447,4525,0.0,0,Large"
"4505129824,17341194,2023-11-14 13:03:17,2023-11-14 13:13:17,2023-11-14 13:16:17,On Time,2663.24,Cash,81297,2152,3.0,1,Premium"
"8737295686,69749541,2023-12-11 09:08:04,2023-12-11 09:28:04,2023-12-11 09:23:04,On Time,930.92,Wallet,61898,8046,-5.0,0,Medium"
"7997347191,31813,2024-07-11 03:32:42,2024-07-11 03:48:42,2024-07-11 04:01:42,Slightly Delayed,4498.83,Wallet,11517,1071,13.0,1,Premium"
"1930645698,35554129,2024-08-07 13:10:30,2024-08-07 13:27:30,2024-08-07 13:31:30,On Time,3514.7,Card,82675,7356,4.0,1,Premium"
"5393373590,5712468,2024-09-27 17:09:25,2024-09-27 17:27:25,2024-09-27 17:36:25,Slightly Delayed,487.51,Card,48267,6485,9.0,1,Small"
"5851854765,82032191,2023-11-24 14:55:43,2023-11-24 15:07:43,2023-11-24 15:16:43,Slightly Delayed,1865.04,Wallet,71230,6517,9.0,1,Large"
"3765179520,43784632,2024-06-23 04:54:32,2024-06-23 05:04:32,2024-06-23 05:27:32,Significantly Delayed,3700.97,Wallet,99605,558,23.0,1,Premium"
"683969424,98225598,2023-08-10 06:18:01,2023-08-10 06:31:01,2023-08-10 06:42:01,Slightly Delayed,2629.12,Cash,88789,9050,11.0,1,Premium"
"8459624382,64489709,2023-08-22 18:10:23,2023-08-22 18:27:23,2023-08-22 18:40:23,Slightly Delayed,786.02,Wallet,87672,4822,13.0,1,Medium"
"7110044004,62807542,2023-04-24 13:55:37,2023-04-24 14:14:37,2023-04-24 14:21:37,Slightly Delayed,941.87,Upi,30128,3631,7.0,1,Medium"
"4302375314,96253172,2024-03-03 08:30:46,2024-03-03 08:44:46,2024-03-03 08:49:46,On Time,3332.44,Card,63810,5249,5.0,1,Premium"
"1245307588,13760839,2023-04-24 15:47:55,2023-04-24 15:57:55,2023-04-24 16:07:55,Slightly Delayed,1800.39,Cash,89554,6815,10.0,1,Large"
"3876260101,70420271,2023-09-11 12:39:37,2023-09-11 12:59:37,2023-09-11 12:57:37,On Time,22.14,Wallet,39494,2,-2.0,0,Small"
"3162263618,23676689,2023-05-27 12:38:57,2023-05-27 12:52:57,2023-05-27 12:54:57,On Time,2824.3,Card,48838,4551,2.0,1,Premium"
"655792395,11254582,2024-04-19 23:04:28,2024-04-19 23:14:28,2024-04-19 23:20:28,Slightly Delayed,1028.96,Wallet,74441,7858,6.0,1,Large"
"7624743284,40392019,2023-08-15 05:18:43,2023-08-15 05:37:43,2023-08-15 05:44:43,Slightly Delayed,3542.84,Upi,67656,9012,7.0,1,Premium"
"4783962671,57765367,2023-10-09 17:47:42,2023-10-09 17:59:42,2023-10-09 18:07:42,Slightly Delayed,2056.76,Card,12164,5097,8.0,1,Premium"
"7166787473,97928541,2024-08-24 06:10:50,2024-08-24 06:25:50,2024-08-24 06:54:50,Significantly Delayed,2983.11,Card,13336,7514,29.0,1,Premium"
"9395228070,40275138,2024-09-12 19:58:05,2024-09-12 20:12:05,2024-09-12 20:11:05,On Time,1849.78,Cash,82773,9838,-1.0,0,Large"
"902157975,80371626,2023-04-12 01:03:47,2023-04-12 01:14:47,2023-04-12 01:11:47,On Time,946.86,Cash,86411,4981,-3.0,0,Medium"
"6947741744,49617531,2023-07-10 08:05:17,2023-07-10 08:17:17,2023-07-10 08:22:17,On Time,936.96,Upi,54437,5608,5.0,1,Medium"
"4788498083,16420489,2023-09-17 02:54:21,2023-09-17 03:09:21,2023-09-17 03:25:21,Significantly Delayed,2208.78,Wallet,64522,8318,16.0,1,Premium"
"8070127087,27709218,2024-08-22 06:10:47,2024-08-22 06:21:47,2024-08-22 06:26:47,On Time,2506.63,Card,46786,7473,5.0,1,Premium"
"5191429552,14944819,2023-12-23 17:06:45,2023-12-23 17:23:45,2023-12-23 17:35:45,Slightly Delayed,2418.97,Upi,99889,8644,12.0,1,Premium"
"5220651138,91768226,2024-03-13 02:23:30,2024-03-13 02:42:30,2024-03-13 02:39:30,On Time,2783.14,Cash,9937,7709,-3.0,0,Premium"
"2758734705,54797119,2023-08-02 23:12:45,2023-08-02 23:29:45,2023-08-02 23:31:45,On Time,1460.54,Upi,30040,1576,2.0,1,Large"
"2907887532,85838438,2023-11-19 12:58:27,2023-11-19 13:10:27,2023-11-19 13:09:27,On Time,3870.66,Upi,83016,954,-1.0,0,Premium"
"7388846009,59094034,2024-02-22 09:01:52,2024-02-22 09:19:52,2024-02-22 09:18:52,On Time,616.45,Upi,51360,6586,-1.0,0,Medium"
"2606843929,29415527,2024-06-14 14:07:30,2024-06-14 14:24:30,2024-06-14 14:20:30,On Time,2095.62,Cash,15405,2825,-4.0,0,Premium"
"5637567433,91562028,2024-09-02 01:14:14,2024-09-02 01:28:14,2024-09-02 01:23:14,On Time,2428.45,Wallet,53431,5612,-5.0,0,Premium"
"8838095431,41194825,2023-05-06 10:54:36,2023-05-06 11:05:36,2023-05-06 11:07:36,On Time,2640.35,Upi,61209,221,2.0,1,Premium"
"1564649286,77869660,2023-12-06 03:51:09,2023-12-06 04:07:09,2023-12-06 04:12:09,On Time,827.44,Card,16991,1221,5.0,1,Medium"
"4098166849,33741801,2023-10-12 00:21:16,2023-10-12 00:40:16,2023-10-12 01:04:16,Significantly Delayed,4892.12,Wallet,93376,1712,24.0,1,Premium"
"8091143423,25128143,2023-11-23 22:56:41,2023-11-23 23:14:41,2023-11-23 23:17:41,On Time,3293.8,Card,71870,7167,3.0,1,Premium"
"3024045336,54877984,2024-04-15 01:47:11,2024-04-15 02:02:11,2024-04-15 02:06:11,On Time,2790.23,Cash,158,535,4.0,1,Premium"
"6152984028,60732869,2023-08-29 00:50:01,2023-08-29 01:10:01,2023-08-29 01:16:01,Slightly Delayed,2124.37,Card,47844,8407,6.0,1,Premium"
"3450790653,87266831,2023-08-27 18:14:12,2023-08-27 18:29:12,2023-08-27 18:27:12,On Time,1861.71,Card,5694,5053,-2.0,0,Large"
"8028917900,57340963,2023-07-18 00:50:09,2023-07-18 01:06:09,2023-07-18 01:08:09,On Time,2365.92,Card,56483,6121,2.0,1,Premium"
"7781884407,90666073,2024-08-11 15:59:31,2024-08-11 16:12:31,2024-08-11 16:14:31,On Time,773.17,Wallet,63528,906,2.0,1,Medium"
"3483689828,7687234,2023-07-28 06:45:11,2023-07-28 06:59:11,2023-07-28 06:59:11,On Time,4559.56,Upi,95069,4252,0.0,0,Premium"
"8341286014,31076002,2024-08-29 15:39:57,2024-08-29 15:52:57,2024-08-29 15:56:57,On Time,2399.69,Card,60030,5560,4.0,1,Premium"
"7936106887,95309983,2024-05-07 14:59:53,2024-05-07 15:17:53,2024-05-07 15:20:53,On Time,577.13,Upi,4033,3254,3.0,1,Medium"
"2247354978,6668498,2024-09-26 10:17:58,2024-09-26 10:34:58,2024-09-26 10:30:58,On Time,1322.72,Cash,56703,6533,-4.0,0,Large"
"5347701114,22036818,2023-10-16 18:07:51,2023-10-16 18:22:51,2023-10-16 18:20:51,On Time,374.68,Card,49960,1786,-2.0,0,Small"
"7846068436,93507573,2023-11-29 12:57:39,2023-11-29 13:17:39,2023-11-29 13:19:39,On Time,3379.35,Card,60910,5453,2.0,1,Premium"
"9893439302,67277562,2023-09-05 20:15:31,2023-09-05 20:33:31,2023-09-05 20:29:31,On Time,3745.35,Wallet,2306,1326,-4.0,0,Premium"
"4160816433,2219590,2023-12-09 12:20:14,2023-12-09 12:34:14,2023-12-09 12:43:14,Slightly Delayed,3238.22,Upi,34874,7247,9.0,1,Premium"
"6000890622,62828341,2024-09-14 16:12:21,2024-09-14 16:26:21,2024-09-14 16:23:21,On Time,1826.22,Upi,29998,2572,-3.0,0,Large"
"7317676958,92356639,2023-07-02 03:58:39,2023-07-02 04:14:39,2023-07-02 04:25:39,Slightly Delayed,2967.08,Card,61886,3528,11.0,1,Premium"
"8620144614,20122449,2024-07-10 22:57:25,2024-07-10 23:13:25,2024-07-10 23:34:25,Significantly Delayed,1435.13,Wallet,95461,5992,21.0,1,Large"
"3940758882,40085705,2024-01-24 04:33:57,2024-01-24 04:44:57,2024-01-24 04:48:57,On Time,186.08,Card,46910,6738,4.0,1,Small"
"5216555041,30188374,2024-03-03 23:15:52,2024-03-03 23:34:52,2024-03-03 23:31:52,On Time,3340.8,Wallet,72142,9088,-3.0,0,Premium"
"5144793312,59518795,2024-08-01 00:28:18,2024-08-01 00:38:18,2024-08-01 00:38:18,On Time,724.84,Upi,46815,1614,0.0,0,Medium"
"7241413847,10048910,2023-04-15 10:19:09,2023-04-15 10:39:09,2023-04-15 10:34:09,On Time,2620.23,Wallet,93156,6198,-5.0,0,Premium"
"3567610983,1816969,2023-08-19 04:01:26,2023-08-19 04:18:26,2023-08-19 04:35:26,Significantly Delayed,3657.49,Cash,20825,9376,17.0,1,Premium"
"16878685,37556526,2024-04-09 02:29:02,2024-04-09 02:44:02,2024-04-09 02:47:02,On Time,4267.94,Cash,52442,9683,3.0,1,Premium"
"951657166,63624332,2024-04-21 07:50:58,2024-04-21 08:04:58,2024-04-21 07:59:58,On Time,3588.19,Upi,14551,9165,-5.0,0,Premium"
"4189022307,21597477,2024-05-05 23:06:40,2024-05-05 23:23:40,2024-05-05 23:24:40,On Time,2928.14,Card,89735,2087,1.0,1,Premium"
"7378521428,10857389,2024-04-24 20:57:07,2024-04-24 21:13:07,2024-04-24 21:11:07,On Time,1225.86,Upi,2580,1360,-2.0,0,Large"
"6266311709,67708491,2024-06-25 01:44:46,2024-06-25 01:54:46,2024-06-25 01:56:46,On Time,1654.8,Cash,82516,7575,2.0,1,Large"
"7985347262,22483684,2024-07-31 08:42:13,2024-07-31 08:58:13,2024-07-31 08:57:13,On Time,1777.54,Wallet,55202,7376,-1.0,0,Large"
"992764262,69240186,2023-11-14 03:16:33,2023-11-14 03:35:33,2023-11-14 03:33:33,On Time,971.71,Cash,15917,7160,-2.0,0,Medium"
"3080291353,93937586,2024-08-16 19:05:58,2024-08-16 19:22:58,2024-08-16 19:25:58,On Time,2790.84,Wallet,11812,6073,3.0,1,Premium"
"5532188237,211163,2024-06-09 10:45:42,2024-06-09 11:05:42,2024-06-09 11:01:42,On Time,4861.55,Upi,12596,593,-4.0,0,Premium"
"6814658453,55278329,2023-09-28 11:21:00,2023-09-28 11:41:00,2023-09-28 11:37:00,On Time,552.2,Card,75027,4395,-4.0,0,Medium"
"4861499558,2684440,2024-03-20 16:37:21,2024-03-20 16:54:21,2024-03-20 16:55:21,On Time,1381.1,Wallet,50307,818,1.0,1,Large"
"2521042570,28394354,2024-05-17 10:43:36,2024-05-17 11:03:36,2024-05-17 11:01:36,On Time,3010.69,Cash,91832,1165,-2.0,0,Premium"
"5217781278,85658166,2023-06-27 02:48:57,2023-06-27 02:59:57,2023-06-27 03:13:57,Slightly Delayed,3074.48,Upi,73513,7586,14.0,1,Premium"
"8006034379,43784632,2024-05-03 06:21:51,2024-05-03 06:32:51,2024-05-03 06:37:51,On Time,3400.58,Card,34026,250,5.0,1,Premium"
"7380913411,49869358,2024-06-07 17:13:55,2024-06-07 17:32:55,2024-06-07 17:45:55,Slightly Delayed,367.08,Upi,31462,1515,13.0,1,Small"
"7706841114,68016312,2024-02-27 02:58:03,2024-02-27 03:16:03,2024-02-27 03:13:03,On Time,1317.62,Card,121,2640,-3.0,0,Large"
"1561779937,76359458,2024-03-27 22:00:35,2024-03-27 22:13:35,2024-03-27 22:15:35,On Time,1882.99,Cash,35802,6721,2.0,1,Large"
"7196559586,85658166,2024-08-19 11:25:51,2024-08-19 11:43:51,2024-08-19 11:38:51,On Time,1685.6,Cash,89036,5031,-5.0,0,Large"
"2359961993,28995786,2024-06-18 09:33:24,2024-06-18 09:43:24,2024-06-18 09:43:24,On Time,1895.12,Cash,53176,5711,0.0,0,Large"
"243819964,98225598,2023-12-03 09:22:31,2023-12-03 09:42:31,2023-12-03 09:43:31,On Time,1812.09,Wallet,42120,2690,1.0,1,Large"
"4806735178,8651281,2024-06-12 17:02:41,2024-06-12 17:14:41,2024-06-12 17:13:41,On Time,1275.37,Card,52673,2954,-1.0,0,Large"
"9198762300,46185579,2023-12-02 09:04:36,2023-12-02 09:15:36,2023-12-02 09:11:36,On Time,1570.51,Wallet,52504,2950,-4.0,0,Large"
"1105231941,29600229,2024-01-20 01:05:02,2024-01-20 01:20:02,2024-01-20 01:25:02,On Time,3493.45,Upi,38404,8263,5.0,1,Premium"
"5533955218,38969732,2024-06-20 04:24:16,2024-06-20 04:37:16,2024-06-20 04:33:16,On Time,5096.95,Card,61605,505,-4.0,0,Premium"
"5130246751,87641623,2023-05-08 06:03:22,2023-05-08 06:20:22,2023-05-08 06:16:22,On Time,1592.03,Card,23663,6697,-4.0,0,Large"
"4528445001,20163931,2024-04-19 12:35:43,2024-04-19 12:53:43,2024-04-19 13:02:43,Slightly Delayed,1640.29,Wallet,31379,4608,9.0,1,Large"
"9503959018,31084686,2024-09-18 10:42:59,2024-09-18 10:55:59,2024-09-18 10:58:59,On Time,3593.97,Cash,40645,5793,3.0,1,Premium"
"4107052604,34668988,2023-11-21 10:42:25,2023-11-21 11:00:25,2023-11-21 11:02:25,On Time,2777.59,Upi,32714,6503,2.0,1,Premium"
"5578822558,8817168,2023-08-06 17:49:31,2023-08-06 18:01:31,2023-08-06 18:16:31,Slightly Delayed,196.64,Upi,79766,8477,15.0,1,Small"
"5506634472,6579892,2024-09-22 18:05:59,2024-09-22 18:18:59,2024-09-22 18:36:59,Significantly Delayed,4019.21,Wallet,37774,2597,18.0,1,Premium"
"4112426763,97825663,2024-09-24 20:50:53,2024-09-24 21:03:53,2024-09-24 21:00:53,On Time,2042.79,Card,17291,4456,-3.0,0,Premium"
"7157334145,90021871,2023-10-09 08:57:19,2023-10-09 09:10:19,2023-10-09 09:08:19,On Time,239.54,Wallet,10121,2656,-2.0,0,Small"
"8423458672,60698094,2023-03-19 23:47:20,2023-03-20 00:04:20,2023-03-20 00:09:20,On Time,1745.1,Card,59255,3274,5.0,1,Large"
"3011683470,65121696,2023-03-20 07:30:42,2023-03-20 07:45:42,2023-03-20 07:50:42,On Time,4549.72,Cash,2265,9138,5.0,1,Premium"
"1884947290,75244116,2023-09-09 01:31:33,2023-09-09 01:48:33,2023-09-09 01:51:33,On Time,831.43,Wallet,96167,15,3.0,1,Medium"
"558163882,39317905,2024-07-11 11:44:58,2024-07-11 12:00:58,2024-07-11 12:07:58,Slightly Delayed,3633.09,Wallet,43299,9681,7.0,1,Premium"
"824869105,66943324,2024-08-27 16:34:48,2024-08-27 16:44:48,2024-08-27 16:41:48,On Time,2516.52,Upi,50457,6495,-3.0,0,Premium"
"4193492511,10683250,2023-10-02 15:15:52,2023-10-02 15:34:52,2023-10-02 15:33:52,On Time,316.02,Wallet,10949,7954,-1.0,0,Small"
"120996684,92455970,2023-10-02 11:21:59,2023-10-02 11:35:59,2023-10-02 11:45:59,Slightly Delayed,3139.62,Card,86475,5536,10.0,1,Premium"
"2531932780,91500615,2023-07-16 12:03:45,2023-07-16 12:15:45,2023-07-16 12:17:45,On Time,3340.23,Wallet,4665,1872,2.0,1,Premium"
"8095547865,27620326,2023-03-19 12:51:21,2023-03-19 13:11:21,2023-03-19 13:07:21,On Time,3355.93,Wallet,14451,3136,-4.0,0,Premium"
"6894204435,10700664,2023-06-17 18:35:31,2023-06-17 18:53:31,2023-06-17 18:48:31,On Time,697.38,Cash,48874,4816,-5.0,0,Medium"
"9514917126,43599910,2024-07-29 07:47:08,2024-07-29 08:03:08,2024-07-29 08:13:08,Slightly Delayed,1620.95,Upi,51089,7084,10.0,1,Large"
"9329665908,57102800,2023-07-15 08:14:21,2023-07-15 08:32:21,2023-07-15 08:34:21,On Time,2049.58,Card,64268,6777,2.0,1,Premium"
"1435406360,1174162,2023-12-11 07:44:46,2023-12-11 08:01:46,2023-12-11 07:58:46,On Time,2259.17,Wallet,25991,4834,-3.0,0,Premium"
"3460843508,32797235,2023-10-21 00:52:10,2023-10-21 01:05:10,2023-10-21 01:04:10,On Time,3465.32,Upi,89605,2021,-1.0,0,Premium"
"4762084133,72564495,2024-09-29 23:21:00,2024-09-29 23:38:00,2024-09-29 23:43:00,On Time,1969.21,Card,50374,9848,5.0,1,Large"
"3884862300,51544662,2024-02-21 09:01:55,2024-02-21 09:18:55,2024-02-21 09:25:55,Slightly Delayed,951.43,Card,38680,5609,7.0,1,Medium"
"1990946411,82286725,2024-05-16 22:59:16,2024-05-16 23:15:16,2024-05-16 23:12:16,On Time,2524.56,Cash,16925,2239,-3.0,0,Premium"
"5054937065,9274874,2024-08-24 16:53:46,2024-08-24 17:11:46,2024-08-24 17:24:46,Slightly Delayed,965.37,Upi,24647,7336,13.0,1,Medium"
"9431652023,59890331,2024-09-06 22:22:22,2024-09-06 22:35:22,2024-09-06 22:39:22,On Time,5320.2,Cash,53366,7227,4.0,1,Premium"
"2268736598,19259955,2023-07-07 08:07:32,2023-07-07 08:25:32,2023-07-07 08:21:32,On Time,2006.71,Cash,8883,1320,-4.0,0,Premium"
"2793638565,26844216,2024-02-11 08:28:16,2024-02-11 08:41:16,2024-02-11 08:36:16,On Time,2375.75,Upi,7507,9500,-5.0,0,Premium"
"4168839407,12088552,2023-04-06 00:04:24,2023-04-06 00:15:24,2023-04-06 00:14:24,On Time,822.68,Cash,45033,4657,-1.0,0,Medium"
"7406514357,20298398,2024-02-07 14:09:56,2024-02-07 14:25:56,2024-02-07 14:21:56,On Time,3698.78,Card,66093,3342,-4.0,0,Premium"
"6087916798,89968482,2023-11-17 16:39:04,2023-11-17 16:53:04,2023-11-17 17:03:04,Slightly Delayed,1692.4,Upi,10351,168,10.0,1,Large"
"4319962076,36146306,2024-01-11 05:52:34,2024-01-11 06:06:34,2024-01-11 06:25:34,Significantly Delayed,1612.18,Cash,66984,4338,19.0,1,Large"
"3904134741,58631874,2024-05-02 10:05:45,2024-05-02 10:19:45,2024-05-02 10:24:45,On Time,782.49,Upi,4829,7931,5.0,1,Medium"
"3770123374,29415527,2023-11-19 21:52:06,2023-11-19 22:03:06,2023-11-19 22:07:06,On Time,1939.04,Cash,86645,8947,4.0,1,Large"
"4494390731,34768050,2023-04-28 12:21:37,2023-04-28 12:31:37,2023-04-28 12:39:37,Slightly Delayed,1921.19,Wallet,10118,2236,8.0,1,Large"
"6109777696,89699655,2024-10-17 19:48:51,2024-10-17 20:04:51,2024-10-17 20:10:51,Slightly Delayed,3725.57,Card,12387,8590,6.0,1,Premium"
"1401372388,71411879,2023-04-17 09:37:03,2023-04-17 09:55:03,2023-04-17 09:54:03,On Time,426.72,Wallet,18081,6796,-1.0,0,Small"
"4283973398,18791381,2023-09-14 17:37:13,2023-09-14 17:50:13,2023-09-14 17:52:13,On Time,2869.43,Card,86156,2124,2.0,1,Premium"
"3261847147,67383024,2023-09-16 03:33:23,2023-09-16 03:48:23,2023-09-16 03:56:23,Slightly Delayed,3932.73,Cash,86297,9318,8.0,1,Premium"
"3153811191,87335844,2024-03-08 06:04:40,2024-03-08 06:16:40,2024-03-08 06:21:40,On Time,755.66,Wallet,69044,2009,5.0,1,Medium"
"2639216409,37702698,2024-03-10 11:45:49,2024-03-10 12:00:49,2024-03-10 12:04:49,On Time,880.72,Card,17836,8593,4.0,1,Medium"
"5948575331,92038780,2024-05-09 22:57:09,2024-05-09 23:12:09,2024-05-09 23:10:09,On Time,2112.59,Card,53387,4962,-2.0,0,Premium"
"7792925364,59830126,2024-10-23 02:49:05,2024-10-23 03:06:05,2024-10-23 03:07:05,On Time,2656.43,Card,8734,9939,1.0,1,Premium"
"7286478750,91196901,2023-10-13 03:58:31,2023-10-13 04:13:31,2023-10-13 04:22:31,Slightly Delayed,3482.66,Card,35322,1443,9.0,1,Premium"
"9776505630,15661674,2023-04-19 03:40:40,2023-04-19 03:59:40,2023-04-19 03:55:40,On Time,4167.91,Card,66941,4413,-4.0,0,Premium"
"4527342708,81183415,2023-10-03 13:34:39,2023-10-03 13:47:39,2023-10-03 13:42:39,On Time,1558.74,Wallet,81841,7746,-5.0,0,Large"
"1124359689,97825663,2024-09-13 05:09:44,2024-09-13 05:24:44,2024-09-13 05:37:44,Slightly Delayed,3608.92,Card,42724,960,13.0,1,Premium"
"3717458742,18113428,2023-08-27 23:43:12,2023-08-27 23:58:12,2023-08-28 00:04:12,Slightly Delayed,509.11,Cash,97637,5744,6.0,1,Medium"
"283675535,20238921,2023-03-24 17:02:38,2023-03-24 17:17:38,2023-03-24 17:14:38,On Time,1413.39,Wallet,3175,8980,-3.0,0,Large"
"6039353394,86479284,2023-08-08 15:10:38,2023-08-08 15:29:38,2023-08-08 15:25:38,On Time,313.77,Cash,39607,4595,-4.0,0,Small"
"6735917931,47206881,2023-09-27 12:09:29,2023-09-27 12:25:29,2023-09-27 12:24:29,On Time,2951.24,Wallet,99298,5893,-1.0,0,Premium"
"5155256671,19523856,2024-08-14 00:52:06,2024-08-14 01:02:06,2024-08-14 00:58:06,On Time,2961.15,Upi,8227,5590,-4.0,0,Premium"
"3984108726,31576845,2024-02-27 18:03:05,2024-02-27 18:15:05,2024-02-27 18:19:05,On Time,2458.19,Wallet,63676,9136,4.0,1,Premium"
"2491374111,2361575,2024-08-10 04:50:52,2024-08-10 05:06:52,2024-08-10 05:08:52,On Time,1196.3,Wallet,43388,3095,2.0,1,Large"
"2043371805,45066676,2024-10-02 06:57:04,2024-10-02 07:08:04,2024-10-02 07:22:04,Slightly Delayed,2756.32,Card,5098,848,14.0,1,Premium"
"9657782153,87251489,2024-02-29 14:46:40,2024-02-29 14:57:40,2024-02-29 14:53:40,On Time,995.98,Card,14419,3109,-4.0,0,Medium"
"9237289778,70168151,2024-05-29 14:49:19,2024-05-29 15:01:19,2024-05-29 15:06:19,On Time,4471.64,Card,10352,7022,5.0,1,Premium"
"8917116859,91562028,2024-07-05 23:35:01,2024-07-05 23:53:01,2024-07-05 23:54:01,On Time,1307.18,Card,29174,7287,1.0,1,Large"
"720578658,37551429,2024-06-02 08:56:27,2024-06-02 09:10:27,2024-06-02 09:06:27,On Time,963.23,Upi,67720,5823,-4.0,0,Medium"
"9122210530,15066187,2024-01-18 04:23:47,2024-01-18 04:39:47,2024-01-18 05:03:47,Significantly Delayed,3972.81,Upi,81385,8353,24.0,1,Premium"
"3540524256,28205701,2023-10-22 09:11:12,2023-10-22 09:31:12,2023-10-22 09:36:12,On Time,1218.01,Upi,39511,8385,5.0,1,Large"
"1909520255,71276926,2023-05-23 10:49:53,2023-05-23 11:00:53,2023-05-23 11:17:53,Significantly Delayed,2163.69,Card,16469,1144,17.0,1,Premium"
"8022279737,83058329,2024-09-08 14:02:47,2024-09-08 14:13:47,2024-09-08 14:11:47,On Time,275.03,Wallet,7643,5751,-2.0,0,Small"
"7381549355,75082508,2023-09-28 13:11:00,2023-09-28 13:30:00,2023-09-28 13:35:00,On Time,3144.56,Upi,28416,1370,5.0,1,Premium"
"3998829973,44149982,2023-10-10 01:09:17,2023-10-10 01:26:17,2023-10-10 01:46:17,Significantly Delayed,2828.4,Card,88976,7818,20.0,1,Premium"
"2895464675,94281220,2023-04-20 10:15:02,2023-04-20 10:28:02,2023-04-20 10:40:02,Slightly Delayed,935.64,Cash,13097,660,12.0,1,Medium"
"3971098657,90919603,2024-05-26 02:44:15,2024-05-26 03:04:15,2024-05-26 03:06:15,On Time,3993.42,Card,84093,8898,2.0,1,Premium"
"5278249111,78267238,2024-03-01 21:32:36,2024-03-01 21:45:36,2024-03-01 22:08:36,Significantly Delayed,1485.67,Wallet,22996,4140,23.0,1,Large"
"9810576443,42723554,2023-11-01 13:04:35,2023-11-01 13:20:35,2023-11-01 13:24:35,On Time,556.35,Upi,51602,5552,4.0,1,Medium"
"4128844410,76438648,2023-07-20 17:19:50,2023-07-20 17:36:50,2023-07-20 17:37:50,On Time,2556.83,Wallet,17809,1271,1.0,1,Premium"
"6103869123,16376189,2023-06-06 14:27:45,2023-06-06 14:37:45,2023-06-06 14:37:45,On Time,1609.25,Upi,60764,6641,0.0,0,Large"
"6595041423,57291761,2024-07-23 10:50:18,2024-07-23 11:06:18,2024-07-23 11:04:18,On Time,2079.8,Card,53964,3328,-2.0,0,Premium"
"3991011923,19182548,2024-02-07 09:02:38,2024-02-07 09:21:38,2024-02-07 09:21:38,On Time,1616.34,Wallet,4543,6308,0.0,0,Large"
"5275440923,67046342,2023-03-21 04:50:10,2023-03-21 05:06:10,2023-03-21 05:20:10,Slightly Delayed,932.79,Wallet,95040,2293,14.0,1,Medium"
"6468633344,29324437,2024-02-23 06:29:28,2024-02-23 06:43:28,2024-02-23 06:40:28,On Time,5515.23,Wallet,67358,6862,-3.0,0,Premium"
"9992859795,4356173,2023-11-12 20:07:41,2023-11-12 20:17:41,2023-11-12 20:30:41,Slightly Delayed,820.83,Wallet,47148,805,13.0,1,Medium"
"7518488485,54222320,2023-04-26 10:29:47,2023-04-26 10:41:47,2023-04-26 10:46:47,On Time,1783.54,Wallet,69310,1082,5.0,1,Large"
"9746950023,31776996,2023-11-02 06:27:26,2023-11-02 06:39:26,2023-11-02 06:36:26,On Time,1562.94,Card,50913,1509,-3.0,0,Large"
"2721433550,58873572,2023-06-07 14:10:05,2023-06-07 14:28:05,2023-06-07 14:29:05,On Time,1076.03,Upi,99958,5717,1.0,1,Large"
"6131680348,83701325,2024-07-19 21:57:55,2024-07-19 22:17:55,2024-07-19 22:18:55,On Time,2083.65,Card,11536,7707,1.0,1,Premium"
"2281544500,40692378,2023-06-09 10:08:18,2023-06-09 10:26:18,2023-06-09 10:28:18,On Time,2330.28,Upi,65040,8834,2.0,1,Premium"
"4283802879,61020,2023-05-10 15:23:10,2023-05-10 15:37:10,2023-05-10 15:32:10,On Time,2769.12,Wallet,22353,2537,-5.0,0,Premium"
"8621732366,25722990,2023-09-05 18:28:41,2023-09-05 18:46:41,2023-09-05 18:50:41,On Time,4527.28,Upi,87688,3968,4.0,1,Premium"
"3797679856,11562458,2023-12-10 05:08:46,2023-12-10 05:27:46,2023-12-10 05:27:46,On Time,4441.0,Cash,81944,7414,0.0,0,Premium"
"8532100929,31831843,2023-11-06 15:18:46,2023-11-06 15:34:46,2023-11-06 15:39:46,On Time,816.38,Card,84664,1355,5.0,1,Medium"
"2973976544,96795047,2024-09-19 17:19:49,2024-09-19 17:30:49,2024-09-19 17:35:49,On Time,1825.81,Wallet,71497,8689,5.0,1,Large"
"814260962,14974554,2023-09-14 16:10:25,2023-09-14 16:26:25,2023-09-14 16:24:25,On Time,869.22,Cash,23195,1625,-2.0,0,Medium"
"9411848231,59545278,2024-05-15 21:34:39,2024-05-15 21:51:39,2024-05-15 22:06:39,Slightly Delayed,2562.81,Upi,44999,4919,15.0,1,Premium"
"6637284724,36517334,2023-09-08 10:27:53,2023-09-08 10:44:53,2023-09-08 10:46:53,On Time,422.23,Upi,30833,784,2.0,1,Small"
"6497594124,39150258,2024-10-24 17:36:05,2024-10-24 17:53:05,2024-10-24 17:58:05,On Time,1858.93,Wallet,96186,7559,5.0,1,Large"
"7213146086,4862761,2023-03-23 20:08:50,2023-03-23 20:21:50,2023-03-23 20:16:50,On Time,1072.95,Upi,68499,8031,-5.0,0,Large"
"5110274761,24821281,2024-05-23 03:01:39,2024-05-23 03:15:39,2024-05-23 03:16:39,On Time,3728.79,Wallet,17677,1782,1.0,1,Premium"
"1112110363,98625898,2024-01-20 22:23:08,2024-01-20 22:36:08,2024-01-20 22:44:08,Slightly Delayed,775.91,Upi,50590,4297,8.0,1,Medium"
"1209202931,29451600,2023-06-27 00:09:47,2023-06-27 00:24:47,2023-06-27 00:26:47,On Time,2722.78,Card,32217,7637,2.0,1,Premium"
"6384745391,37095171,2024-08-17 15:55:50,2024-08-17 16:05:50,2024-08-17 16:12:50,Slightly Delayed,1511.16,Cash,65142,7230,7.0,1,Large"
"3367452972,61020,2024-08-31 14:07:08,2024-08-31 14:22:08,2024-08-31 14:38:08,Significantly Delayed,2515.48,Cash,6565,4289,16.0,1,Premium"
"2317597587,68661619,2024-06-17 00:30:57,2024-06-17 00:42:57,2024-06-17 00:40:57,On Time,4784.85,Card,30057,2642,-2.0,0,Premium"
"2254884198,54893418,2023-07-01 02:00:32,2023-07-01 02:19:32,2023-07-01 02:23:32,On Time,1433.62,Upi,62821,3510,4.0,1,Large"
"679196318,18642306,2024-08-19 22:43:03,2024-08-19 23:03:03,2024-08-19 23:00:03,On Time,4412.07,Wallet,77111,1274,-3.0,0,Premium"
"2185319815,19180962,2024-03-02 20:40:15,2024-03-02 20:56:15,2024-03-02 20:59:15,On Time,3963.77,Card,43571,6724,3.0,1,Premium"
"5965281449,17597449,2023-06-26 17:36:05,2023-06-26 17:51:05,2023-06-26 17:53:05,On Time,3412.11,Cash,26992,3156,2.0,1,Premium"
"8616726869,37691544,2024-01-10 22:10:37,2024-01-10 22:21:37,2024-01-10 22:46:37,Significantly Delayed,2369.51,Wallet,13100,1772,25.0,1,Premium"
"4786027510,5001749,2024-09-30 12:17:24,2024-09-30 12:33:24,2024-09-30 12:28:24,On Time,418.48,Upi,27204,359,-5.0,0,Small"
"4910445344,44030130,2024-05-18 08:58:42,2024-05-18 09:11:42,2024-05-18 09:08:42,On Time,914.88,Wallet,18682,6994,-3.0,0,Medium"
"7629577899,23348269,2023-12-14 15:42:44,2023-12-14 15:53:44,2023-12-14 16:02:44,Slightly Delayed,2550.73,Upi,524,8423,9.0,1,Premium"
"4769055037,66742602,2023-08-10 21:16:44,2023-08-10 21:31:44,2023-08-10 21:46:44,Slightly Delayed,3732.8,Cash,18445,3134,15.0,1,Premium"
"8476029654,77085443,2023-11-17 08:58:17,2023-11-17 09:14:17,2023-11-17 09:19:17,On Time,1585.8,Cash,52921,2666,5.0,1,Large"
"7809866112,3999964,2024-07-11 09:22:48,2024-07-11 09:41:48,2024-07-11 09:54:48,Slightly Delayed,3373.17,Cash,3022,992,13.0,1,Premium"
"5453896364,59840071,2023-06-24 00:27:19,2023-06-24 00:43:19,2023-06-24 00:45:19,On Time,908.37,Upi,24588,5854,2.0,1,Medium"
"9080432189,50080663,2024-08-27 19:41:12,2024-08-27 19:58:12,2024-08-27 20:02:12,On Time,3264.51,Card,42351,9910,4.0,1,Premium"
"3079758919,16410155,2024-08-22 15:55:25,2024-08-22 16:14:25,2024-08-22 16:13:25,On Time,1024.08,Upi,27064,7597,-1.0,0,Large"
"4076039325,27604184,2024-08-12 19:26:07,2024-08-12 19:45:07,2024-08-12 19:56:07,Slightly Delayed,3972.8,Wallet,79127,7367,11.0,1,Premium"
"9239241275,57291761,2024-02-07 03:19:37,2024-02-07 03:34:37,2024-02-07 03:32:37,On Time,169.88,Cash,48917,2815,-2.0,0,Small"
"4864829217,26521850,2023-09-19 05:05:23,2023-09-19 05:23:23,2023-09-19 05:20:23,On Time,144.19,Upi,25765,99,-3.0,0,Small"
"5108704843,10951674,2024-04-04 14:47:40,2024-04-04 15:04:40,2024-04-04 15:09:40,On Time,1179.1,Wallet,75292,4447,5.0,1,Large"
"8049805410,23098216,2024-09-27 18:32:00,2024-09-27 18:45:00,2024-09-27 19:11:00,Significantly Delayed,3823.81,Cash,61504,3022,26.0,1,Premium"
"4711642504,76850859,2024-08-15 13:26:51,2024-08-15 13:39:51,2024-08-15 13:44:51,On Time,2497.92,Card,89819,8927,5.0,1,Premium"
"8952094523,85626346,2023-11-14 18:13:24,2023-11-14 18:30:24,2023-11-14 18:41:24,Slightly Delayed,4876.44,Upi,83322,7536,11.0,1,Premium"
"4285784267,82169898,2024-04-15 18:41:08,2024-04-15 18:58:08,2024-04-15 18:56:08,On Time,2812.89,Upi,54001,3549,-2.0,0,Premium"
"7494670835,38728779,2024-01-18 00:22:22,2024-01-18 00:42:22,2024-01-18 00:45:22,On Time,3677.66,Cash,184,8312,3.0,1,Premium"
"7667090453,66135710,2023-06-23 23:30:40,2023-06-23 23:49:40,2023-06-23 23:50:40,On Time,852.81,Card,96187,3347,1.0,1,Medium"
"2193572534,19682060,2023-03-26 07:54:02,2023-03-26 08:05:02,2023-03-26 08:33:02,Significantly Delayed,2801.84,Upi,23297,1068,28.0,1,Premium"
"5357089776,44223796,2024-09-30 23:40:49,2024-09-30 23:53:49,2024-09-30 23:55:49,On Time,3880.92,Upi,33831,9284,2.0,1,Premium"
"1191016829,51661209,2023-06-27 20:22:04,2023-06-27 20:36:04,2023-06-27 20:50:04,Slightly Delayed,2000.2,Wallet,31384,929,14.0,1,Premium"
"549484032,79206969,2023-04-13 08:20:58,2023-04-13 08:40:58,2023-04-13 08:42:58,On Time,3436.16,Card,60679,3884,2.0,1,Premium"
"8164076900,91408854,2023-06-18 00:05:52,2023-06-18 00:23:52,2023-06-18 00:31:52,Slightly Delayed,4033.94,Wallet,63901,1349,8.0,1,Premium"
"7136165651,59485034,2024-09-30 12:50:23,2024-09-30 13:07:23,2024-09-30 13:10:23,On Time,5318.71,Cash,68514,3853,3.0,1,Premium"
"5368349643,46504355,2023-05-22 09:04:11,2023-05-22 09:21:11,2023-05-22 09:49:11,Significantly Delayed,3673.15,Card,33226,5706,28.0,1,Premium"
"6965901435,33741801,2024-10-16 15:42:15,2024-10-16 15:58:15,2024-10-16 15:55:15,On Time,2324.43,Upi,60857,6606,-3.0,0,Premium"
"6687307827,88532418,2023-04-19 14:10:40,2023-04-19 14:26:40,2023-04-19 14:31:40,On Time,2084.52,Wallet,71891,5988,5.0,1,Premium"
"475294138,31084686,2023-12-29 17:32:27,2023-12-29 17:45:27,2023-12-29 17:46:27,On Time,2500.69,Card,59790,691,1.0,1,Premium"
"9047534059,41647393,2023-12-08 14:01:55,2023-12-08 14:21:55,2023-12-08 14:25:55,On Time,1074.0,Upi,59606,4234,4.0,1,Large"
"2807487047,90448312,2024-11-03 13:30:45,2024-11-03 13:41:45,2024-11-03 13:43:45,On Time,3868.21,Wallet,72837,90,2.0,1,Premium"
"5840148195,66269844,2024-01-22 10:00:36,2024-01-22 10:16:36,2024-01-22 10:15:36,On Time,1688.23,Wallet,61116,5450,-1.0,0,Large"
"3758135932,77007315,2023-08-25 00:58:39,2023-08-25 01:17:39,2023-08-25 01:20:39,On Time,1629.06,Card,62277,2554,3.0,1,Large"
"1978476136,97315135,2024-06-22 20:14:13,2024-06-22 20:29:13,2024-06-22 20:30:13,On Time,2183.52,Wallet,70123,3351,1.0,1,Premium"
"423648434,82989313,2024-10-30 15:25:29,2024-10-30 15:43:29,2024-10-30 15:45:29,On Time,3926.19,Wallet,86520,3149,2.0,1,Premium"
"7201868330,89669139,2024-02-20 20:54:46,2024-02-20 21:11:46,2024-02-20 21:10:46,On Time,1845.31,Card,80726,4765,-1.0,0,Large"
"9710106935,14458150,2023-04-17 15:37:11,2023-04-17 15:57:11,2023-04-17 16:08:11,Slightly Delayed,4495.54,Upi,84964,388,11.0,1,Premium"
"4432235479,9278983,2024-09-27 17:01:56,2024-09-27 17:17:56,2024-09-27 17:18:56,On Time,1175.35,Card,28012,2806,1.0,1,Large"
"6951956244,60656482,2023-10-30 01:07:20,2023-10-30 01:27:20,2023-10-30 01:27:20,On Time,354.91,Wallet,24830,9554,0.0,0,Small"
"378485826,75739462,2024-03-27 11:55:27,2024-03-27 12:15:27,2024-03-27 12:15:27,On Time,616.45,Upi,58783,3677,0.0,0,Medium"
"8982211913,23984022,2024-09-19 18:02:28,2024-09-19 18:14:28,2024-09-19 18:15:28,On Time,2492.17,Cash,42083,7318,1.0,1,Premium"
"6487868576,49136375,2023-10-25 03:04:03,2023-10-25 03:23:03,2023-10-25 03:35:03,Slightly Delayed,209.59,Card,16376,8772,12.0,1,Small"
"2973502797,74694186,2024-06-02 03:23:24,2024-06-02 03:39:24,2024-06-02 03:41:24,On Time,5868.92,Upi,9894,909,2.0,1,Premium"
"4105022903,21282544,2023-08-20 19:07:25,2023-08-20 19:19:25,2023-08-20 19:20:25,On Time,1134.0,Card,9294,5645,1.0,1,Large"
"3668828731,72889295,2024-08-10 03:53:39,2024-08-10 04:07:39,2024-08-10 04:03:39,On Time,2975.38,Card,65268,4173,-4.0,0,Premium"
"8644734267,23348269,2023-10-12 07:15:53,2023-10-12 07:25:53,2023-10-12 07:20:53,On Time,3446.55,Card,12535,7262,-5.0,0,Premium"
"3757871565,9401406,2023-08-10 07:18:26,2023-08-10 07:37:26,2023-08-10 07:32:26,On Time,2012.76,Upi,59600,3635,-5.0,0,Premium"
"5770510806,47955004,2024-01-23 08:46:56,2024-01-23 09:05:56,2024-01-23 09:16:56,Slightly Delayed,127.16,Cash,62246,4185,11.0,1,Small"
"4514836077,60834500,2023-06-10 10:09:18,2023-06-10 10:27:18,2023-06-10 10:41:18,Slightly Delayed,401.43,Wallet,68618,1323,14.0,1,Small"
"5927852227,37556526,2024-04-12 06:07:28,2024-04-12 06:20:28,2024-04-12 06:18:28,On Time,1975.03,Cash,45911,3633,-2.0,0,Large"
"350719542,18642306,2024-10-06 06:59:00,2024-10-06 07:17:00,2024-10-06 07:14:00,On Time,1969.47,Wallet,14338,6884,-3.0,0,Large"
"868288823,65772743,2024-03-06 19:01:25,2024-03-06 19:17:25,2024-03-06 19:27:25,Slightly Delayed,3268.84,Wallet,72354,8142,10.0,1,Premium"
"7199670826,22694456,2024-01-17 10:30:50,2024-01-17 10:41:50,2024-01-17 11:08:50,Significantly Delayed,958.97,Card,81311,8599,27.0,1,Medium"
"3091948113,77306672,2024-02-13 09:49:09,2024-02-13 10:08:09,2024-02-13 10:22:09,Slightly Delayed,443.69,Cash,22775,4309,14.0,1,Small"
"5793742966,83412446,2024-01-04 18:10:20,2024-01-04 18:29:20,2024-01-04 18:34:20,On Time,140.8,Cash,17016,2618,5.0,1,Small"
"7347109009,75632045,2023-09-24 19:23:21,2023-09-24 19:42:21,2023-09-24 19:51:21,Slightly Delayed,3507.67,Cash,50972,507,9.0,1,Premium"
"7078912146,36142455,2023-09-18 11:38:36,2023-09-18 11:49:36,2023-09-18 11:44:36,On Time,3073.16,Upi,96685,6465,-5.0,0,Premium"
"2480856222,30373140,2023-11-08 16:28:56,2023-11-08 16:38:56,2023-11-08 16:41:56,On Time,3309.6,Wallet,46682,3447,3.0,1,Premium"
"281421547,88520326,2023-05-20 20:11:04,2023-05-20 20:22:04,2023-05-20 20:20:04,On Time,4398.86,Cash,20137,3521,-2.0,0,Premium"
"5226963306,96628029,2024-06-23 06:42:44,2024-06-23 07:02:44,2024-06-23 07:03:44,On Time,397.68,Card,85138,1713,1.0,1,Small"
"7316642056,92404798,2024-02-10 00:13:32,2024-02-10 00:23:32,2024-02-10 00:31:32,Slightly Delayed,3157.75,Upi,69898,8815,8.0,1,Premium"
"8997415290,85490177,2024-08-14 17:03:05,2024-08-14 17:19:05,2024-08-14 17:40:05,Significantly Delayed,1549.44,Cash,47066,7640,21.0,1,Large"
"6737025662,44928499,2023-03-28 06:46:34,2023-03-28 07:00:34,2023-03-28 07:01:34,On Time,1924.08,Upi,59670,6632,1.0,1,Large"
"8395290763,88312515,2024-05-31 19:02:48,2024-05-31 19:15:48,2024-05-31 19:39:48,Significantly Delayed,4696.69,Upi,51846,9679,24.0,1,Premium"
"7261119579,65903057,2024-07-06 06:23:10,2024-07-06 06:38:10,2024-07-06 06:37:10,On Time,448.16,Upi,35731,9530,-1.0,0,Small"
"9938037878,9796585,2024-10-29 11:29:36,2024-10-29 11:44:36,2024-10-29 11:56:36,Slightly Delayed,905.35,Upi,48074,1403,12.0,1,Medium"
"7154987905,63802820,2024-10-06 02:34:05,2024-10-06 02:52:05,2024-10-06 03:13:05,Significantly Delayed,1627.23,Cash,19693,8546,21.0,1,Large"
"3605534244,57526322,2024-01-17 12:15:12,2024-01-17 12:28:12,2024-01-17 12:30:12,On Time,3762.7,Cash,94641,8847,2.0,1,Premium"
"5626601040,19091057,2024-02-26 23:31:08,2024-02-26 23:48:08,2024-02-26 23:57:08,Slightly Delayed,931.61,Wallet,79158,5148,9.0,1,Medium"
"2577064886,63948546,2024-06-07 04:38:39,2024-06-07 04:51:39,2024-06-07 04:53:39,On Time,1713.44,Card,98272,6228,2.0,1,Large"
"2561362173,33481252,2023-05-30 07:42:00,2023-05-30 07:58:00,2023-05-30 07:59:00,On Time,2542.56,Cash,26727,1371,1.0,1,Premium"
"2793120553,6622751,2023-06-24 10:51:53,2023-06-24 11:10:53,2023-06-24 11:11:53,On Time,3090.15,Cash,7048,4491,1.0,1,Premium"
"4476563699,59222551,2023-09-11 02:29:45,2023-09-11 02:47:45,2023-09-11 03:13:45,Significantly Delayed,3655.01,Upi,60652,3285,26.0,1,Premium"
"1580021952,30317733,2024-10-24 14:22:39,2024-10-24 14:36:39,2024-10-24 14:32:39,On Time,3705.07,Cash,42125,1432,-4.0,0,Premium"
"7263454149,13760839,2023-10-14 01:37:23,2023-10-14 01:51:23,2023-10-14 01:50:23,On Time,576.22,Card,73299,2363,-1.0,0,Medium"
"4371924002,75944533,2024-10-21 13:20:53,2024-10-21 13:32:53,2024-10-21 13:46:53,Slightly Delayed,316.02,Card,24078,7937,14.0,1,Small"
"2955277471,79960955,2023-12-06 13:01:29,2023-12-06 13:15:29,2023-12-06 13:35:29,Significantly Delayed,2514.46,Upi,59573,329,20.0,1,Premium"
"9445490338,6812439,2023-05-23 22:54:26,2023-05-23 23:07:26,2023-05-23 23:18:26,Slightly Delayed,804.7,Cash,66940,3467,11.0,1,Medium"
"2668915104,19180962,2023-12-01 20:34:27,2023-12-01 20:44:27,2023-12-01 20:49:27,On Time,5494.22,Card,19287,4854,5.0,1,Premium"
"1045621584,85340038,2023-12-19 00:47:40,2023-12-19 00:57:40,2023-12-19 01:20:40,Significantly Delayed,4374.94,Upi,28894,5516,23.0,1,Premium"
"4550545705,17805991,2024-06-21 04:44:10,2024-06-21 04:59:10,2024-06-21 05:04:10,On Time,5039.37,Card,39869,2260,5.0,1,Premium"
"3373390154,68703613,2024-07-24 09:07:08,2024-07-24 09:18:08,2024-07-24 09:20:08,On Time,576.22,Cash,42345,3618,2.0,1,Medium"
"5142985961,2457734,2024-02-07 02:49:54,2024-02-07 03:08:54,2024-02-07 03:10:54,On Time,2044.41,Upi,19720,6842,2.0,1,Premium"
"649220272,67696145,2023-09-23 15:12:19,2023-09-23 15:25:19,2023-09-23 15:24:19,On Time,795.26,Card,7867,9794,-1.0,0,Medium"
"5023958886,12832151,2024-09-24 05:38:46,2024-09-24 05:58:46,2024-09-24 06:09:46,Slightly Delayed,4198.0,Card,75426,4033,11.0,1,Premium"
"9993542681,42589311,2023-05-23 04:12:41,2023-05-23 04:26:41,2023-05-23 04:41:41,Slightly Delayed,3564.26,Upi,73532,4596,15.0,1,Premium"
"4380367305,8955057,2024-04-08 13:39:20,2024-04-08 13:52:20,2024-04-08 13:55:20,On Time,1313.89,Wallet,45530,4846,3.0,1,Large"
"3626113485,97286925,2024-03-26 01:40:13,2024-03-26 01:51:13,2024-03-26 01:47:13,On Time,4059.84,Cash,17386,3800,-4.0,0,Premium"
"4399099668,44050697,2023-06-18 17:12:45,2023-06-18 17:29:45,2023-06-18 17:42:45,Slightly Delayed,2045.24,Wallet,36414,9054,13.0,1,Premium"
"3760880745,8791577,2024-10-13 21:57:38,2024-10-13 22:15:38,2024-10-13 22:23:38,Slightly Delayed,1342.49,Upi,97705,6613,8.0,1,Large"
"1803155516,98088303,2023-06-21 01:36:59,2023-06-21 01:51:59,2023-06-21 01:49:59,On Time,1874.24,Cash,16338,2119,-2.0,0,Large"
"4413782983,47515046,2023-06-01 18:19:57,2023-06-01 18:31:57,2023-06-01 18:34:57,On Time,814.87,Cash,94774,5243,3.0,1,Medium"
"6766424456,21866852,2024-04-10 05:53:16,2024-04-10 06:06:16,2024-04-10 06:11:16,On Time,904.88,Cash,10642,7095,5.0,1,Medium"
"8701531535,52613657,2024-09-02 23:59:51,2024-09-03 00:10:51,2024-09-03 00:20:51,Slightly Delayed,852.02,Card,84395,3977,10.0,1,Medium"
"3961971562,89811984,2024-04-19 19:39:06,2024-04-19 19:55:06,2024-04-19 19:51:06,On Time,263.7,Upi,66728,9322,-4.0,0,Small"
"1337510774,80800079,2024-07-19 12:41:59,2024-07-19 12:57:59,2024-07-19 12:56:59,On Time,1563.84,Card,37353,2685,-1.0,0,Large"
"8859147707,78394303,2024-03-29 21:44:03,2024-03-29 22:03:03,2024-03-29 22:17:03,Slightly Delayed,1820.22,Cash,40674,8548,14.0,1,Large"
"5850669672,24137201,2023-06-10 08:45:50,2023-06-10 09:01:50,2023-06-10 09:03:50,On Time,3441.13,Upi,78930,8779,2.0,1,Premium"
"1183906926,60385293,2023-12-29 20:23:40,2023-12-29 20:35:40,2023-12-29 20:46:40,Slightly Delayed,882.31,Upi,37000,5200,11.0,1,Medium"
"6277509652,71956734,2024-10-31 08:24:42,2024-10-31 08:37:42,2024-10-31 09:00:42,Significantly Delayed,4850.27,Wallet,71254,4407,23.0,1,Premium"
"72748189,82286725,2023-06-18 06:33:23,2023-06-18 06:47:23,2023-06-18 07:06:23,Significantly Delayed,3654.1,Wallet,69743,4974,19.0,1,Premium"
"3164922639,74230420,2024-05-05 23:00:26,2024-05-05 23:18:26,2024-05-05 23:13:26,On Time,1727.29,Upi,64606,2759,-5.0,0,Large"
"1768504415,20209237,2023-09-15 19:49:03,2023-09-15 19:59:03,2023-09-15 19:55:03,On Time,1516.6,Wallet,59784,8747,-4.0,0,Large"
"8173155169,56441247,2024-01-06 14:50:22,2024-01-06 15:05:22,2024-01-06 15:16:22,Slightly Delayed,1245.24,Card,69738,7817,11.0,1,Large"
"6164820061,91789216,2023-05-26 23:03:19,2023-05-26 23:18:19,2023-05-26 23:15:19,On Time,1332.79,Cash,90461,5943,-3.0,0,Large"
"768283559,24621386,2024-02-09 01:45:31,2024-02-09 01:59:31,2024-02-09 01:57:31,On Time,1780.68,Wallet,97341,6339,-2.0,0,Large"
"5091744424,53624677,2023-11-15 21:54:35,2023-11-15 22:06:35,2023-11-15 22:22:35,Significantly Delayed,13.25,Cash,98123,8074,16.0,1,Small"
"932482893,81088747,2024-07-24 22:54:26,2024-07-24 23:12:26,2024-07-24 23:08:26,On Time,342.66,Card,4554,6172,-4.0,0,Small"
"4588148640,24137201,2023-03-19 19:07:58,2023-03-19 19:27:58,2023-03-19 19:24:58,On Time,2884.36,Card,95857,1636,-3.0,0,Premium"
"8120457107,97664747,2024-01-27 18:46:35,2024-01-27 19:02:35,2024-01-27 19:05:35,On Time,3823.51,Card,20374,4857,3.0,1,Premium"
"6107471725,81940369,2023-08-26 07:39:48,2023-08-26 07:49:48,2023-08-26 07:53:48,On Time,3945.66,Wallet,1329,763,4.0,1,Premium"
"7001417958,22358567,2024-03-28 03:48:07,2024-03-28 04:03:07,2024-03-28 04:05:07,On Time,817.16,Wallet,97157,8109,2.0,1,Medium"
"7983443604,39717448,2024-01-18 15:17:19,2024-01-18 15:29:19,2024-01-18 15:31:19,On Time,1707.78,Wallet,86341,836,2.0,1,Large"
"3057907418,81757554,2024-04-04 22:41:31,2024-04-04 22:59:31,2024-04-04 22:58:31,On Time,2382.53,Wallet,51671,1481,-1.0,0,Premium"
"3312147996,67711384,2024-06-06 06:38:07,2024-06-06 06:52:07,2024-06-06 07:06:07,Slightly Delayed,5328.0,Wallet,12618,2557,14.0,1,Premium"
"6822269883,69276352,2024-01-15 07:25:07,2024-01-15 07:44:07,2024-01-15 07:43:07,On Time,999.44,Cash,51677,7543,-1.0,0,Medium"
"5004539711,73933840,2023-07-27 23:59:16,2023-07-28 00:10:16,2023-07-28 00:16:16,Slightly Delayed,3936.23,Upi,91697,7634,6.0,1,Premium"
"2426015858,22081691,2024-06-03 00:23:01,2024-06-03 00:36:01,2024-06-03 00:46:01,Slightly Delayed,3841.06,Wallet,62295,9273,10.0,1,Premium"
"4415332793,7333934,2024-04-24 23:57:49,2024-04-25 00:16:49,2024-04-25 00:21:49,On Time,96.09,Cash,23596,8089,5.0,1,Small"
"1256813796,12832151,2024-05-09 01:43:54,2024-05-09 02:01:54,2024-05-09 02:02:54,On Time,4157.79,Cash,67012,4212,1.0,1,Premium"
"633633688,71694275,2023-09-04 11:22:09,2023-09-04 11:38:09,2023-09-04 11:47:09,Slightly Delayed,5102.81,Cash,41759,8487,9.0,1,Premium"
"8311814996,50953418,2023-09-09 13:11:42,2023-09-09 13:21:42,2023-09-09 13:34:42,Slightly Delayed,3146.13,Cash,15205,1104,13.0,1,Premium"
"1441735184,41181125,2024-10-31 15:03:54,2024-10-31 15:20:54,2024-10-31 15:25:54,On Time,2119.23,Card,50605,6557,5.0,1,Premium"
"1525742840,39042103,2024-06-24 12:13:58,2024-06-24 12:29:58,2024-06-24 12:24:58,On Time,1791.07,Wallet,32237,6808,-5.0,0,Large"
"1947080315,54837637,2023-10-09 16:21:21,2023-10-09 16:35:21,2023-10-09 16:50:21,Slightly Delayed,385.71,Wallet,61905,9704,15.0,1,Small"
"5682081545,57340963,2024-07-11 16:06:45,2024-07-11 16:23:45,2024-07-11 16:26:45,On Time,1276.66,Cash,45875,6729,3.0,1,Large"
"8100817128,41494517,2023-04-01 22:04:42,2023-04-01 22:19:42,2023-04-01 22:31:42,Slightly Delayed,369.98,Wallet,91888,43,12.0,1,Small"
"6051792089,68906393,2024-07-23 21:53:14,2024-07-23 22:07:14,2024-07-23 22:09:14,On Time,2200.67,Cash,59903,8465,2.0,1,Premium"
"1158173915,27746432,2023-08-13 01:31:00,2023-08-13 01:42:00,2023-08-13 02:08:00,Significantly Delayed,3642.25,Card,58366,5188,26.0,1,Premium"
"266072469,49529811,2023-08-02 11:10:40,2023-08-02 11:23:40,2023-08-02 11:36:40,Slightly Delayed,877.17,Wallet,15434,6764,13.0,1,Medium"
"2529883737,94529626,2023-08-10 20:40:24,2023-08-10 20:50:24,2023-08-10 20:47:24,On Time,4623.58,Upi,39897,98,-3.0,0,Premium"
"9090089969,10951674,2023-08-02 21:09:48,2023-08-02 21:25:48,2023-08-02 21:33:48,Slightly Delayed,931.23,Upi,84901,2394,8.0,1,Medium"
"7102272749,10508763,2024-04-09 16:23:16,2024-04-09 16:33:16,2024-04-09 16:36:16,On Time,374.68,Cash,19086,8180,3.0,1,Small"
"4948925080,21201299,2023-04-27 12:38:19,2023-04-27 12:54:19,2023-04-27 12:50:19,On Time,3344.82,Cash,74253,4459,-4.0,0,Premium"
"9463013186,11928321,2023-06-29 17:28:38,2023-06-29 17:38:38,2023-06-29 17:36:38,On Time,1175.72,Card,11867,9937,-2.0,0,Large"
"5581013292,97557157,2024-09-17 19:03:27,2024-09-17 19:14:27,2024-09-17 19:29:27,Slightly Delayed,2823.96,Upi,54572,2765,15.0,1,Premium"
"7009619835,11063505,2024-10-28 06:21:11,2024-10-28 06:36:11,2024-10-28 06:35:11,On Time,1428.03,Cash,83314,2043,-1.0,0,Large"
"9177283950,33472376,2023-08-24 23:58:44,2023-08-25 00:14:44,2023-08-25 00:24:44,Slightly Delayed,4070.17,Wallet,76531,2717,10.0,1,Premium"
"9359187866,60732869,2023-12-18 09:30:08,2023-12-18 09:43:08,2023-12-18 09:56:08,Slightly Delayed,3474.61,Card,2758,7485,13.0,1,Premium"
"1524480475,14161586,2024-06-23 21:01:02,2024-06-23 21:13:02,2024-06-23 21:31:02,Significantly Delayed,3993.19,Cash,95253,3502,18.0,1,Premium"
"3829990099,60379302,2024-02-05 18:30:30,2024-02-05 18:49:30,2024-02-05 18:45:30,On Time,2064.98,Cash,51048,124,-4.0,0,Premium"
"1058609445,51341672,2024-07-09 18:57:06,2024-07-09 19:14:06,2024-07-09 19:10:06,On Time,2839.16,Cash,24272,5065,-4.0,0,Premium"
"1022764286,62243869,2024-04-21 14:28:03,2024-04-21 14:46:03,2024-04-21 14:42:03,On Time,878.8,Wallet,16048,9716,-4.0,0,Medium"
"1913299658,84377964,2023-12-25 12:59:45,2023-12-25 13:19:45,2023-12-25 13:20:45,On Time,1562.68,Upi,36708,5543,1.0,1,Large"
"5305443623,80476444,2024-01-13 12:06:38,2024-01-13 12:18:38,2024-01-13 12:14:38,On Time,2634.39,Upi,17051,8252,-4.0,0,Premium"
"4074369199,18259715,2024-06-19 03:22:49,2024-06-19 03:37:49,2024-06-19 03:39:49,On Time,296.94,Cash,30054,7469,2.0,1,Small"
"9966404015,85072416,2023-08-10 11:52:27,2023-08-10 12:09:27,2023-08-10 12:07:27,On Time,2615.98,Wallet,89111,993,-2.0,0,Premium"
"3192917514,16617201,2024-05-10 09:01:56,2024-05-10 09:18:56,2024-05-10 09:22:56,On Time,53.49,Wallet,10976,1199,4.0,1,Small"
"1256718210,6812439,2023-05-24 22:31:15,2023-05-24 22:46:15,2023-05-24 22:56:15,Slightly Delayed,781.08,Upi,45443,6210,10.0,1,Medium"
"6067839426,30317733,2023-08-24 08:03:08,2023-08-24 08:23:08,2023-08-24 08:22:08,On Time,1268.67,Cash,82492,4863,-1.0,0,Large"
"2254923956,80696046,2024-08-19 18:55:40,2024-08-19 19:12:40,2024-08-19 19:35:40,Significantly Delayed,2936.78,Card,71496,5515,23.0,1,Premium"
"7367673526,97144544,2024-05-01 09:07:52,2024-05-01 09:18:52,2024-05-01 09:20:52,On Time,2679.81,Cash,22866,9060,2.0,1,Premium"
"9467422683,10562528,2023-09-20 23:55:07,2023-09-21 00:11:07,2023-09-21 00:10:07,On Time,530.85,Upi,23501,9249,-1.0,0,Medium"
"819853692,32656885,2024-07-04 17:23:55,2024-07-04 17:40:55,2024-07-04 17:35:55,On Time,1540.06,Wallet,46537,1548,-5.0,0,Large"
"3070834475,80269328,2024-10-03 14:22:48,2024-10-03 14:39:48,2024-10-03 14:44:48,On Time,1382.07,Wallet,15125,1904,5.0,1,Large"
"3620552357,82918668,2024-06-19 02:55:22,2024-06-19 03:05:22,2024-06-19 03:05:22,On Time,1889.35,Wallet,26110,7418,0.0,0,Large"
"5938542755,3408982,2023-07-31 17:01:37,2023-07-31 17:18:37,2023-07-31 17:14:37,On Time,2934.58,Cash,91330,5103,-4.0,0,Premium"
"9315535975,70220141,2023-11-16 10:16:51,2023-11-16 10:30:51,2023-11-16 10:57:51,Significantly Delayed,1759.05,Upi,62494,4081,27.0,1,Large"
"3547873471,11478478,2024-10-08 04:17:08,2024-10-08 04:30:08,2024-10-08 04:35:08,On Time,4304.12,Cash,10442,606,5.0,1,Premium"
"6546999829,27381533,2023-10-06 18:00:56,2023-10-06 18:15:56,2023-10-06 18:18:56,On Time,4712.89,Cash,90775,4972,3.0,1,Premium"
"9039495201,25770577,2024-03-27 19:56:20,2024-03-27 20:14:20,2024-03-27 20:09:20,On Time,1258.39,Upi,92126,1970,-5.0,0,Large"
"99708985,91130614,2023-11-19 04:29:38,2023-11-19 04:46:38,2023-11-19 04:55:38,Slightly Delayed,2255.0,Card,8566,6116,9.0,1,Premium"
"6312811061,51661209,2024-08-31 13:45:05,2024-08-31 14:03:05,2024-08-31 14:17:05,Slightly Delayed,1004.9,Upi,59483,2948,14.0,1,Large"
"3915885220,54580166,2024-06-21 10:35:49,2024-06-21 10:53:49,2024-06-21 10:57:49,On Time,1377.68,Upi,75178,1751,4.0,1,Large"
"6654736751,45804389,2023-04-25 00:03:41,2023-04-25 00:16:41,2023-04-25 00:12:41,On Time,3452.86,Card,61095,232,-4.0,0,Premium"
"841915361,93318833,2024-10-31 19:04:59,2024-10-31 19:17:59,2024-10-31 19:13:59,On Time,3398.76,Upi,25472,9005,-4.0,0,Premium"
"2543233800,46686696,2023-09-23 17:11:27,2023-09-23 17:31:27,2023-09-23 17:43:27,Slightly Delayed,1776.61,Wallet,76752,2839,12.0,1,Large"
"5271947935,1601161,2024-08-26 23:07:11,2024-08-26 23:22:11,2024-08-26 23:18:11,On Time,1112.24,Wallet,70987,3959,-4.0,0,Large"
"6339554317,17132416,2023-06-14 00:50:23,2023-06-14 01:09:23,2023-06-14 01:05:23,On Time,3883.05,Upi,28470,1103,-4.0,0,Premium"
"1840475676,27971619,2024-05-27 03:37:21,2024-05-27 03:55:21,2024-05-27 03:55:21,On Time,3010.74,Upi,92449,4372,0.0,0,Premium"
"6812031667,66023110,2023-12-12 14:29:49,2023-12-12 14:44:49,2023-12-12 14:47:49,On Time,4136.46,Cash,20307,1319,3.0,1,Premium"
"3031698482,75213636,2024-10-11 07:21:20,2024-10-11 07:34:20,2024-10-11 07:38:20,On Time,931.61,Wallet,43787,6940,4.0,1,Medium"
"7902025520,78725001,2024-01-02 21:20:22,2024-01-02 21:40:22,2024-01-02 21:46:22,Slightly Delayed,670.62,Wallet,96782,4096,6.0,1,Medium"
"1969446314,29584848,2023-09-05 19:47:27,2023-09-05 20:05:27,2023-09-05 20:09:27,On Time,1940.6,Upi,93399,2549,4.0,1,Large"
"9949497098,8881320,2024-10-28 22:19:08,2024-10-28 22:31:08,2024-10-28 22:40:08,Slightly Delayed,1651.55,Card,92577,1125,9.0,1,Large"
"4572338018,59141605,2023-05-04 10:43:53,2023-05-04 11:00:53,2023-05-04 11:07:53,Slightly Delayed,329.79,Cash,11129,7646,7.0,1,Small"
"2964153358,78725001,2023-06-12 00:26:35,2023-06-12 00:42:35,2023-06-12 00:37:35,On Time,878.8,Card,60394,2541,-5.0,0,Medium"
"7642038633,27709218,2024-03-10 11:32:24,2024-03-10 11:50:24,2024-03-10 12:20:24,Significantly Delayed,511.79,Wallet,99317,6221,30.0,1,Medium"
"8208980848,17341194,2024-02-21 23:40:40,2024-02-21 23:57:40,2024-02-21 23:53:40,On Time,2894.06,Upi,53453,9131,-4.0,0,Premium"
"3343789681,20689141,2023-05-27 21:46:02,2023-05-27 21:57:02,2023-05-27 22:22:02,Significantly Delayed,831.1,Wallet,53744,2723,25.0,1,Medium"
"9478305481,92409489,2024-02-02 03:53:25,2024-02-02 04:12:25,2024-02-02 04:27:25,Slightly Delayed,1087.04,Wallet,33984,5967,15.0,1,Large"
"3475260976,57291761,2023-03-26 18:49:43,2023-03-26 19:09:43,2023-03-26 19:22:43,Slightly Delayed,3819.84,Cash,37563,4036,13.0,1,Premium"
"3665443705,14330483,2024-08-09 13:18:02,2024-08-09 13:30:02,2024-08-09 13:42:02,Slightly Delayed,1238.18,Upi,33503,9881,12.0,1,Large"
"673592541,75213636,2024-04-05 00:24:49,2024-04-05 00:35:49,2024-04-05 00:35:49,On Time,1684.03,Upi,48217,5611,0.0,0,Large"
"8074949320,14472401,2023-08-17 13:22:57,2023-08-17 13:35:57,2023-08-17 13:32:57,On Time,1919.79,Card,81625,9529,-3.0,0,Large"
"8056021378,95558510,2023-11-04 22:21:56,2023-11-04 22:32:56,2023-11-04 22:43:56,Slightly Delayed,778.27,Wallet,67163,319,11.0,1,Medium"
"2331582000,6637282,2024-03-16 09:19:08,2024-03-16 09:38:08,2024-03-16 09:35:08,On Time,212.14,Upi,12171,9916,-3.0,0,Small"
"5844776722,10038382,2024-01-10 12:05:56,2024-01-10 12:17:56,2024-01-10 12:18:56,On Time,3806.98,Upi,57666,4002,1.0,1,Premium"
"8426465860,88045094,2024-02-29 23:20:48,2024-02-29 23:32:48,2024-02-29 23:27:48,On Time,5206.71,Card,59023,9150,-5.0,0,Premium"
"9057555029,60446619,2024-02-02 19:12:14,2024-02-02 19:30:14,2024-02-02 19:36:14,Slightly Delayed,1623.58,Upi,70770,1898,6.0,1,Large"
"2210486526,65406127,2023-12-13 17:24:31,2023-12-13 17:41:31,2023-12-13 17:41:31,On Time,141.28,Card,78433,4466,0.0,0,Small"
"6421432903,66766629,2024-01-30 17:31:05,2024-01-30 17:47:05,2024-01-30 17:49:05,On Time,1251.88,Upi,36013,6271,2.0,1,Large"
"3562901354,5039883,2024-05-06 20:47:54,2024-05-06 21:07:54,2024-05-06 21:07:54,On Time,1897.97,Cash,30335,7758,0.0,0,Large"
"8194268842,17929886,2024-08-15 07:53:53,2024-08-15 08:08:53,2024-08-15 08:13:53,On Time,1094.79,Card,31210,5006,5.0,1,Large"
"7524467684,22321208,2023-04-25 00:40:16,2023-04-25 00:51:16,2023-04-25 00:50:16,On Time,2855.29,Cash,41508,8642,-1.0,0,Premium"
"1254195766,60399360,2023-12-21 04:53:51,2023-12-21 05:08:51,2023-12-21 05:06:51,On Time,1601.53,Cash,20073,2418,-2.0,0,Large"
"6476646153,60967677,2024-10-06 02:25:15,2024-10-06 02:38:15,2024-10-06 02:47:15,Slightly Delayed,2672.31,Upi,42014,9434,9.0,1,Premium"
"8278568103,28876580,2024-08-06 01:00:19,2024-08-06 01:19:19,2024-08-06 01:16:19,On Time,2465.17,Wallet,77200,603,-3.0,0,Premium"
"8589621333,38420886,2023-10-01 13:43:52,2023-10-01 14:00:52,2023-10-01 13:57:52,On Time,3157.69,Cash,21113,3452,-3.0,0,Premium"
"8531683720,85747175,2024-10-25 06:24:21,2024-10-25 06:39:21,2024-10-25 06:43:21,On Time,1705.25,Upi,45775,4902,4.0,1,Large"
"327291657,67729191,2024-07-15 04:35:45,2024-07-15 04:48:45,2024-07-15 04:44:45,On Time,1560.19,Upi,95819,2807,-4.0,0,Large"
"6159164139,35690581,2024-04-06 06:07:59,2024-04-06 06:17:59,2024-04-06 06:22:59,On Time,3195.45,Card,28967,5468,5.0,1,Premium"
"8029863164,50652909,2023-10-22 16:03:26,2023-10-22 16:17:26,2023-10-22 16:15:26,On Time,2232.88,Cash,94072,5831,-2.0,0,Premium"
"9387824629,96989204,2023-12-30 18:16:15,2023-12-30 18:30:15,2023-12-30 18:47:15,Significantly Delayed,237.62,Upi,92156,4299,17.0,1,Small"
"3289836195,18082040,2024-05-29 02:36:15,2024-05-29 02:48:15,2024-05-29 03:10:15,Significantly Delayed,704.19,Wallet,76199,14,22.0,1,Medium"
"5001931575,23380116,2024-10-28 20:02:45,2024-10-28 20:14:45,2024-10-28 20:33:45,Significantly Delayed,2224.46,Cash,22159,2266,19.0,1,Premium"
"7258292820,20689141,2023-08-13 22:07:47,2023-08-13 22:22:47,2023-08-13 22:47:47,Significantly Delayed,3920.14,Card,51026,6032,25.0,1,Premium"
"4924862857,65294340,2023-08-08 17:00:42,2023-08-08 17:14:42,2023-08-08 17:29:42,Slightly Delayed,4418.8,Card,41365,4543,15.0,1,Premium"
"8666314034,21697638,2023-04-21 18:59:41,2023-04-21 19:14:41,2023-04-21 19:17:41,On Time,951.9,Wallet,50429,9800,3.0,1,Medium"
"6775326324,16379942,2023-06-17 01:53:29,2023-06-17 02:13:29,2023-06-17 02:21:29,Slightly Delayed,1830.15,Wallet,59090,2109,8.0,1,Large"
"6092636899,53025962,2024-10-26 02:02:39,2024-10-26 02:18:39,2024-10-26 02:19:39,On Time,237.62,Wallet,73041,9225,1.0,1,Small"
"4115558056,98088303,2024-04-17 02:38:53,2024-04-17 02:49:53,2024-04-17 02:49:53,On Time,1720.72,Card,20348,3668,0.0,0,Large"
"2352136184,75289676,2023-11-21 22:00:06,2023-11-21 22:13:06,2023-11-21 22:37:06,Significantly Delayed,3271.34,Wallet,27659,2373,24.0,1,Premium"
"1706445141,93370787,2024-03-11 19:01:18,2024-03-11 19:13:18,2024-03-11 19:22:18,Slightly Delayed,1856.94,Upi,73737,4384,9.0,1,Large"
"9000165912,65895091,2023-08-20 08:14:44,2023-08-20 08:34:44,2023-08-20 08:57:44,Significantly Delayed,2821.61,Cash,50130,2167,23.0,1,Premium"
"7457305850,76857266,2023-12-08 11:59:55,2023-12-08 12:16:55,2023-12-08 12:21:55,On Time,3303.03,Upi,28367,157,5.0,1,Premium"
"9685973820,34281470,2024-04-20 03:25:50,2024-04-20 03:36:50,2024-04-20 03:48:50,Slightly Delayed,536.77,Cash,22198,2778,12.0,1,Medium"
"168067196,11071601,2024-07-16 13:16:12,2024-07-16 13:30:12,2024-07-16 13:35:12,On Time,1398.0,Cash,42592,6357,5.0,1,Large"
"6105240201,53299455,2024-05-22 23:20:32,2024-05-22 23:40:32,2024-05-22 23:48:32,Slightly Delayed,2915.01,Cash,59775,6959,8.0,1,Premium"
"1888247163,79630614,2024-02-09 11:35:54,2024-02-09 11:49:54,2024-02-09 11:48:54,On Time,48.55,Upi,77605,3503,-1.0,0,Small"
"7145162326,35459748,2023-06-23 22:29:58,2023-06-23 22:41:58,2023-06-23 22:51:58,Slightly Delayed,1507.31,Card,64500,1102,10.0,1,Large"
"7611231659,78841932,2023-09-22 12:05:11,2023-09-22 12:21:11,2023-09-22 12:46:11,Significantly Delayed,1641.37,Card,1857,9771,25.0,1,Large"
"4508784747,3483295,2024-03-11 01:43:36,2024-03-11 01:58:36,2024-03-11 02:10:36,Slightly Delayed,1596.72,Wallet,45529,2408,12.0,1,Large"
"2567590825,13604883,2023-10-10 20:05:46,2023-10-10 20:19:46,2023-10-10 20:19:46,On Time,48.55,Upi,2575,6685,0.0,0,Small"
"9255982861,83867512,2024-10-17 05:02:51,2024-10-17 05:12:51,2024-10-17 05:17:51,On Time,2748.87,Wallet,75663,1028,5.0,1,Premium"
"4102063254,86067293,2024-01-13 12:26:27,2024-01-13 12:44:27,2024-01-13 13:06:27,Significantly Delayed,482.06,Upi,14319,6881,22.0,1,Small"
"7373931740,49117070,2024-08-27 00:02:31,2024-08-27 00:22:31,2024-08-27 00:24:31,On Time,2925.56,Card,4116,9832,2.0,1,Premium"
"5682816404,10830043,2023-07-10 14:59:43,2023-07-10 15:11:43,2023-07-10 15:15:43,On Time,2244.39,Upi,14009,598,4.0,1,Premium"
"544018743,67310893,2024-03-31 14:16:00,2024-03-31 14:32:00,2024-03-31 14:38:00,Slightly Delayed,2878.88,Cash,23075,4272,6.0,1,Premium"
"3292929952,29272253,2024-09-10 06:42:18,2024-09-10 06:54:18,2024-09-10 07:05:18,Slightly Delayed,340.66,Upi,65834,3907,11.0,1,Small"
"9144790321,15808945,2023-04-17 16:21:59,2023-04-17 16:33:59,2023-04-17 16:48:59,Slightly Delayed,2605.29,Cash,32954,4377,15.0,1,Premium"
"9075991438,3999964,2023-06-21 23:10:05,2023-06-21 23:26:05,2023-06-21 23:27:05,On Time,2562.56,Cash,58668,4007,1.0,1,Premium"
"3634813810,32527479,2024-08-12 05:08:50,2024-08-12 05:18:50,2024-08-12 05:45:50,Significantly Delayed,2780.54,Wallet,73783,2310,27.0,1,Premium"
"8250406975,9573071,2023-12-07 11:12:13,2023-12-07 11:22:13,2023-12-07 11:21:13,On Time,1148.92,Wallet,64277,2553,-1.0,0,Large"
"5877618756,80571942,2023-07-07 11:11:17,2023-07-07 11:24:17,2023-07-07 11:20:17,On Time,3870.08,Cash,23099,3187,-4.0,0,Premium"
"2419292139,79916464,2024-05-31 22:38:38,2024-05-31 22:50:38,2024-05-31 23:01:38,Slightly Delayed,672.73,Upi,21081,8714,11.0,1,Medium"
"9547123332,66485571,2023-06-07 13:48:18,2023-06-07 13:58:18,2023-06-07 13:54:18,On Time,3485.53,Upi,86656,8485,-4.0,0,Premium"
"6968636396,38902193,2024-04-02 19:35:56,2024-04-02 19:50:56,2024-04-02 19:48:56,On Time,500.05,Card,60048,9422,-2.0,0,Medium"
"5247557644,44410149,2023-05-20 08:14:06,2023-05-20 08:27:06,2023-05-20 08:25:06,On Time,1631.31,Cash,72372,2953,-2.0,0,Large"
"7731193394,88553721,2024-10-15 13:06:15,2024-10-15 13:16:15,2024-10-15 13:43:15,Significantly Delayed,729.0,Cash,10460,835,27.0,1,Medium"
"6048321120,24357425,2024-07-25 10:46:28,2024-07-25 10:59:28,2024-07-25 11:07:28,Slightly Delayed,3163.12,Card,48142,9343,8.0,1,Premium"
"8494582006,60967677,2023-05-04 15:51:30,2023-05-04 16:07:30,2023-05-04 16:04:30,On Time,4761.85,Upi,29476,5540,-3.0,0,Premium"
"5600781757,67386193,2023-06-18 10:14:12,2023-06-18 10:32:12,2023-06-18 10:31:12,On Time,786.85,Card,96115,4908,-1.0,0,Medium"
"495091707,56457995,2024-09-16 01:11:00,2024-09-16 01:27:00,2024-09-16 01:39:00,Slightly Delayed,2502.47,Wallet,99245,673,12.0,1,Premium"
"3239613823,966247,2024-04-18 16:18:41,2024-04-18 16:36:41,2024-04-18 16:37:41,On Time,3110.34,Cash,91047,8007,1.0,1,Premium"
"3643352219,97928781,2023-09-15 09:42:26,2023-09-15 09:53:26,2023-09-15 09:50:26,On Time,3041.05,Upi,94768,933,-3.0,0,Premium"
"2051599638,44409533,2023-04-22 10:44:28,2023-04-22 10:55:28,2023-04-22 11:11:28,Significantly Delayed,3392.34,Cash,97807,3115,16.0,1,Premium"
"3514859549,16561710,2023-12-21 14:25:13,2023-12-21 14:45:13,2023-12-21 14:42:13,On Time,4073.75,Upi,33736,8850,-3.0,0,Premium"
"3907599008,31328762,2023-12-12 00:56:26,2023-12-12 01:08:26,2023-12-12 01:08:26,On Time,3803.76,Cash,68561,5659,0.0,0,Premium"
"1534993603,97507853,2024-01-07 00:13:44,2024-01-07 00:25:44,2024-01-07 00:20:44,On Time,2593.89,Card,97084,1931,-5.0,0,Premium"
"8980701254,1601161,2024-05-12 14:59:44,2024-05-12 15:17:44,2024-05-12 15:25:44,Slightly Delayed,3330.05,Card,94420,8552,8.0,1,Premium"
"6695408903,38613642,2023-05-24 13:41:31,2023-05-24 13:56:31,2023-05-24 14:08:31,Slightly Delayed,2136.83,Cash,37440,4609,12.0,1,Premium"
"3268455899,4439806,2023-09-16 17:06:21,2023-09-16 17:26:21,2023-09-16 17:26:21,On Time,5441.63,Wallet,19152,1863,0.0,0,Premium"
"7809161755,12778027,2023-04-10 16:15:51,2023-04-10 16:32:51,2023-04-10 16:34:51,On Time,1355.75,Cash,84449,6950,2.0,1,Large"
"8873697539,91384030,2024-02-14 05:21:26,2024-02-14 05:33:26,2024-02-14 05:34:26,On Time,2292.56,Cash,41581,2827,1.0,1,Premium"
"8603941640,82948843,2024-01-06 07:56:17,2024-01-06 08:16:17,2024-01-06 08:12:17,On Time,3404.01,Card,20405,4235,-4.0,0,Premium"
"8308184279,57658033,2023-06-19 08:05:51,2023-06-19 08:21:51,2023-06-19 08:26:51,On Time,2603.11,Wallet,64196,6421,5.0,1,Premium"
"7572826287,71252391,2023-04-23 11:47:31,2023-04-23 12:06:31,2023-04-23 12:04:31,On Time,1305.17,Upi,74511,5561,-2.0,0,Large"
"7478396641,77007315,2023-12-05 14:00:20,2023-12-05 14:12:20,2023-12-05 14:24:20,Slightly Delayed,1568.0,Card,37146,1435,12.0,1,Large"
"3569283921,53636086,2023-10-27 07:19:26,2023-10-27 07:34:26,2023-10-27 07:33:26,On Time,2602.63,Upi,26141,1631,-1.0,0,Premium"
"9947619677,6398761,2024-08-20 20:34:20,2024-08-20 20:50:20,2024-08-20 20:46:20,On Time,2743.63,Cash,65941,3563,-4.0,0,Premium"
"5396237918,8228843,2024-01-31 19:59:41,2024-01-31 20:17:41,2024-01-31 20:22:41,On Time,1004.55,Cash,49918,4107,5.0,1,Large"
"455878765,55733729,2024-07-06 04:10:53,2024-07-06 04:25:53,2024-07-06 04:26:53,On Time,959.01,Cash,6556,5818,1.0,1,Medium"
"2079195080,85518832,2024-03-30 02:33:42,2024-03-30 02:52:42,2024-03-30 02:50:42,On Time,957.68,Wallet,84399,8769,-2.0,0,Medium"
"6104211214,62816600,2024-07-21 02:26:58,2024-07-21 02:44:58,2024-07-21 02:46:58,On Time,3536.35,Upi,5923,8197,2.0,1,Premium"
"9442939134,92245432,2024-08-24 11:40:07,2024-08-24 11:52:07,2024-08-24 11:47:07,On Time,956.67,Upi,44610,9531,-5.0,0,Medium"
"3317293496,76917159,2024-02-13 08:53:08,2024-02-13 09:03:08,2024-02-13 09:00:08,On Time,1740.09,Card,42288,3035,-3.0,0,Large"
"8243326501,31681710,2024-01-21 11:22:26,2024-01-21 11:35:26,2024-01-21 11:36:26,On Time,317.05,Cash,24700,2648,1.0,1,Small"
"4109483569,92416428,2024-03-10 18:42:38,2024-03-10 19:01:38,2024-03-10 19:10:38,Slightly Delayed,3758.7,Card,22588,8656,9.0,1,Premium"
"5390352336,13462905,2024-07-15 04:36:53,2024-07-15 04:47:53,2024-07-15 04:49:53,On Time,176.34,Wallet,17564,386,2.0,1,Small"
"2581584982,25770577,2023-10-20 02:08:34,2023-10-20 02:26:34,2023-10-20 02:27:34,On Time,2315.9,Upi,92740,2416,1.0,1,Premium"
"1668737869,69908484,2023-03-23 23:45:26,2023-03-24 00:00:26,2023-03-23 23:57:26,On Time,2907.39,Wallet,21499,5364,-3.0,0,Premium"
"5046906329,65543312,2023-08-07 07:47:35,2023-08-07 08:00:35,2023-08-07 08:03:35,On Time,1438.16,Upi,55251,8270,3.0,1,Large"
"2536833157,19067680,2023-05-08 04:44:45,2023-05-08 04:58:45,2023-05-08 04:56:45,On Time,999.83,Card,29809,3674,-2.0,0,Medium"
"9176170352,98444183,2023-11-03 08:53:22,2023-11-03 09:06:22,2023-11-03 09:06:22,On Time,2360.84,Upi,64871,5525,0.0,0,Premium"
"833930925,9278983,2024-01-10 16:24:49,2024-01-10 16:44:49,2024-01-10 16:40:49,On Time,3217.03,Card,71285,2587,-4.0,0,Premium"
"8515226099,15661901,2023-08-21 17:08:26,2023-08-21 17:27:26,2023-08-21 17:25:26,On Time,2541.31,Upi,86830,4709,-2.0,0,Premium"
"2023020278,44477365,2023-06-14 10:11:21,2023-06-14 10:24:21,2023-06-14 10:37:21,Slightly Delayed,2301.59,Card,3627,7298,13.0,1,Premium"
"2840526544,63360864,2023-03-28 07:24:51,2023-03-28 07:36:51,2023-03-28 07:38:51,On Time,3795.46,Cash,3957,323,2.0,1,Premium"
"7267422945,49260858,2023-05-03 12:11:25,2023-05-03 12:29:25,2023-05-03 12:25:25,On Time,6161.48,Wallet,24170,103,-4.0,0,Premium"
"9400777426,86487478,2023-11-17 00:17:09,2023-11-17 00:31:09,2023-11-17 00:39:09,Slightly Delayed,1237.0,Upi,22677,8220,8.0,1,Large"
"3298603544,74515162,2023-06-15 23:44:37,2023-06-15 23:54:37,2023-06-16 00:16:37,Significantly Delayed,1394.47,Card,64773,2077,22.0,1,Large"
"4479973293,68965787,2024-09-11 19:01:57,2024-09-11 19:11:57,2024-09-11 19:15:57,On Time,753.28,Cash,76853,6967,4.0,1,Medium"
"356236208,62068277,2023-08-08 13:12:46,2023-08-08 13:31:46,2023-08-08 13:36:46,On Time,1408.83,Cash,89331,8913,5.0,1,Large"
"6699845542,22851478,2023-12-06 14:43:53,2023-12-06 15:02:53,2023-12-06 14:57:53,On Time,22.04,Upi,79038,539,-5.0,0,Small"
"3106057977,30455484,2024-06-07 18:38:09,2024-06-07 18:49:09,2024-06-07 18:46:09,On Time,3120.62,Cash,21621,5676,-3.0,0,Premium"
"1905367587,93321933,2023-11-05 08:39:17,2023-11-05 08:59:17,2023-11-05 08:57:17,On Time,3512.23,Upi,6217,4803,-2.0,0,Premium"
"169590729,10019218,2024-05-23 05:12:37,2024-05-23 05:28:37,2024-05-23 05:24:37,On Time,2086.36,Cash,45869,2744,-4.0,0,Premium"
"9820743709,81822494,2023-12-03 10:14:31,2023-12-03 10:32:31,2023-12-03 10:34:31,On Time,4843.24,Upi,57086,6374,2.0,1,Premium"
"6605882211,33544355,2023-12-03 10:33:46,2023-12-03 10:43:46,2023-12-03 11:08:46,Significantly Delayed,4248.77,Upi,39274,1654,25.0,1,Premium"
"9517765444,12832151,2023-09-28 04:45:11,2023-09-28 05:02:11,2023-09-28 04:59:11,On Time,764.33,Card,20603,9740,-3.0,0,Medium"
"7766311749,74313592,2023-11-28 15:06:39,2023-11-28 15:25:39,2023-11-28 15:23:39,On Time,3345.5,Wallet,54135,4101,-2.0,0,Premium"
"742238239,10605484,2023-12-21 21:27:19,2023-12-21 21:41:19,2023-12-21 21:43:19,On Time,2252.95,Cash,59655,2739,2.0,1,Premium"
"3146141485,47625855,2023-12-27 08:28:28,2023-12-27 08:46:28,2023-12-27 08:50:28,On Time,2812.23,Cash,19370,1368,4.0,1,Premium"
"6633702824,20148223,2024-06-19 08:54:43,2024-06-19 09:08:43,2024-06-19 09:05:43,On Time,781.08,Cash,32567,1770,-3.0,0,Medium"
"5033749011,41164215,2023-10-22 13:42:49,2023-10-22 14:00:49,2023-10-22 13:58:49,On Time,3295.74,Wallet,78614,6066,-2.0,0,Premium"
"4009496217,62416456,2023-07-22 03:10:51,2023-07-22 03:21:51,2023-07-22 03:24:51,On Time,2844.19,Wallet,19960,9232,3.0,1,Premium"
"4284473821,87251489,2024-03-25 08:13:13,2024-03-25 08:29:13,2024-03-25 08:32:13,On Time,2082.28,Cash,70335,5343,3.0,1,Premium"
"8860588793,50781611,2023-08-03 15:12:25,2023-08-03 15:32:25,2023-08-03 15:33:25,On Time,2052.47,Wallet,44421,7672,1.0,1,Premium"
"5305428485,9796585,2023-05-07 02:52:44,2023-05-07 03:11:44,2023-05-07 03:15:44,On Time,415.75,Cash,48428,1350,4.0,1,Small"
"676278878,99784559,2023-04-08 08:15:45,2023-04-08 08:29:45,2023-04-08 08:28:45,On Time,2527.14,Cash,11530,4673,-1.0,0,Premium"
"9459854097,40703374,2023-10-28 22:30:53,2023-10-28 22:47:53,2023-10-28 22:45:53,On Time,1682.46,Card,52270,8371,-2.0,0,Large"
"3895596621,91243571,2023-10-29 04:22:51,2023-10-29 04:32:51,2023-10-29 04:29:51,On Time,5579.47,Wallet,53909,5355,-3.0,0,Premium"
"7750915110,49050014,2023-09-18 19:19:02,2023-09-18 19:37:02,2023-09-18 19:44:02,Slightly Delayed,2767.47,Card,96593,1190,7.0,1,Premium"
"5173951989,43990799,2023-11-11 17:17:15,2023-11-11 17:33:15,2023-11-11 17:29:15,On Time,4237.7,Card,62728,4256,-4.0,0,Premium"
"6388954643,80286283,2024-02-23 06:51:22,2024-02-23 07:05:22,2024-02-23 07:03:22,On Time,193.46,Card,46446,5845,-2.0,0,Small"
"5819387689,49152878,2023-09-08 18:10:12,2023-09-08 18:24:12,2023-09-08 18:19:12,On Time,2115.04,Wallet,54590,87,-5.0,0,Premium"
"4184037584,68419593,2023-10-15 09:18:29,2023-10-15 09:31:29,2023-10-15 09:31:29,On Time,4028.13,Card,44659,1457,0.0,0,Premium"
"9525140554,91500615,2024-10-15 09:11:28,2024-10-15 09:26:28,2024-10-15 09:27:28,On Time,2589.99,Card,52570,8662,1.0,1,Premium"
"1617927874,84993732,2024-09-14 15:59:03,2024-09-14 16:09:03,2024-09-14 16:12:03,On Time,1025.18,Upi,46223,4127,3.0,1,Large"
"1543944105,82804543,2024-10-21 17:50:10,2024-10-21 18:00:10,2024-10-21 18:26:10,Significantly Delayed,3442.86,Wallet,21539,3941,26.0,1,Premium"
"341580530,45804389,2024-07-10 07:11:29,2024-07-10 07:21:29,2024-07-10 07:42:29,Significantly Delayed,986.46,Cash,43564,4398,21.0,1,Medium"
"5133661902,79695653,2023-11-13 22:43:41,2023-11-13 22:53:41,2023-11-13 23:04:41,Slightly Delayed,870.29,Card,36138,2434,11.0,1,Medium"
"4557328309,82854537,2024-06-13 01:26:04,2024-06-13 01:40:04,2024-06-13 01:44:04,On Time,1159.93,Cash,27324,4409,4.0,1,Large"
"4479421205,3893903,2024-07-02 12:16:17,2024-07-02 12:28:17,2024-07-02 12:42:17,Slightly Delayed,923.84,Cash,78302,7940,14.0,1,Medium"
"5740294639,67908555,2023-07-31 13:04:46,2023-07-31 13:16:46,2023-07-31 13:31:46,Slightly Delayed,2270.85,Wallet,3587,3046,15.0,1,Premium"
"8114060961,28394354,2023-10-12 17:37:59,2023-10-12 17:54:59,2023-10-12 18:21:59,Significantly Delayed,975.06,Wallet,27873,554,27.0,1,Medium"
"5744553133,60495351,2024-04-19 03:10:52,2024-04-19 03:28:52,2024-04-19 03:35:52,Slightly Delayed,3112.01,Card,78378,5224,7.0,1,Premium"
"5029893308,73799927,2024-01-26 14:45:50,2024-01-26 14:58:50,2024-01-26 14:56:50,On Time,5337.58,Upi,23973,588,-2.0,0,Premium"
"9663384689,89523804,2023-03-24 16:57:27,2023-03-24 17:15:27,2023-03-24 17:21:27,Slightly Delayed,1731.34,Cash,60561,3539,6.0,1,Large"
"7919240958,91614690,2023-05-18 23:59:38,2023-05-19 00:12:38,2023-05-19 00:12:38,On Time,3551.54,Cash,65015,6898,0.0,0,Premium"
"5211751826,77768189,2023-08-31 01:45:48,2023-08-31 01:55:48,2023-08-31 02:06:48,Slightly Delayed,6458.9,Card,73273,2334,11.0,1,Premium"
"8713129069,13189939,2024-10-16 08:29:07,2024-10-16 08:47:07,2024-10-16 08:47:07,On Time,3830.61,Upi,3028,6092,0.0,0,Premium"
"1407304162,76970363,2023-03-31 18:45:55,2023-03-31 18:59:55,2023-03-31 18:59:55,On Time,46.62,Wallet,56660,3909,0.0,0,Small"
"3793875046,17675915,2024-01-30 08:17:22,2024-01-30 08:30:22,2024-01-30 08:33:22,On Time,913.2,Wallet,14372,5133,3.0,1,Medium"
"4903700958,66866026,2024-05-30 09:44:35,2024-05-30 09:56:35,2024-05-30 09:59:35,On Time,2189.02,Card,68302,7700,3.0,1,Premium"
"1989547877,60700850,2023-12-14 02:10:55,2023-12-14 02:27:55,2023-12-14 02:28:55,On Time,755.66,Card,96259,7712,1.0,1,Medium"
"9584857115,25829710,2023-12-28 23:03:21,2023-12-28 23:23:21,2023-12-28 23:21:21,On Time,2825.52,Card,24203,1139,-2.0,0,Premium"
"7236760938,67918495,2024-06-29 11:59:15,2024-06-29 12:15:15,2024-06-29 12:11:15,On Time,1904.83,Card,61643,8999,-4.0,0,Large"
"4346903287,87463923,2024-10-28 23:39:45,2024-10-28 23:59:45,2024-10-29 00:02:45,On Time,752.3,Card,5643,5735,3.0,1,Medium"
"6353755071,41972994,2024-02-12 00:40:17,2024-02-12 01:00:17,2024-02-12 01:03:17,On Time,2335.6,Upi,15507,3012,3.0,1,Premium"
"89194627,37947202,2024-03-06 18:11:09,2024-03-06 18:27:09,2024-03-06 18:24:09,On Time,2925.55,Upi,37946,9507,-3.0,0,Premium"
"544919267,54923640,2024-09-25 14:05:58,2024-09-25 14:16:58,2024-09-25 14:17:58,On Time,1388.18,Cash,96790,256,1.0,1,Large"
"6665075012,19067680,2024-01-14 03:01:56,2024-01-14 03:21:56,2024-01-14 03:22:56,On Time,2174.62,Cash,3646,4501,1.0,1,Premium"
"4461389660,27513158,2023-07-30 15:02:38,2023-07-30 15:12:38,2023-07-30 15:40:38,Significantly Delayed,3822.25,Wallet,23681,1010,28.0,1,Premium"
"8789328634,53332493,2024-06-01 01:20:26,2024-06-01 01:32:26,2024-06-01 01:50:26,Significantly Delayed,2138.87,Card,34277,6326,18.0,1,Premium"
"147066568,44149982,2024-07-12 07:44:16,2024-07-12 07:58:16,2024-07-12 07:55:16,On Time,1180.63,Cash,86173,9742,-3.0,0,Large"
"6712947216,1697604,2023-04-11 04:11:23,2023-04-11 04:24:23,2023-04-11 04:28:23,On Time,3566.54,Cash,3996,6826,4.0,1,Premium"
"4731158560,29361038,2024-03-14 18:21:31,2024-03-14 18:37:31,2024-03-14 18:37:31,On Time,3876.32,Card,59602,6232,0.0,0,Premium"
"6228958238,50650215,2023-08-31 04:13:51,2023-08-31 04:25:51,2023-08-31 04:52:51,Significantly Delayed,827.77,Wallet,83846,3877,27.0,1,Medium"
"8006440384,20625627,2023-06-09 05:17:06,2023-06-09 05:35:06,2023-06-09 05:34:06,On Time,2636.17,Card,46105,4764,-1.0,0,Premium"
"7330672658,57474553,2024-10-25 04:02:42,2024-10-25 04:12:42,2024-10-25 04:08:42,On Time,770.59,Wallet,69442,4339,-4.0,0,Medium"
"1766200974,60591625,2024-10-13 14:55:22,2024-10-13 15:08:22,2024-10-13 15:03:22,On Time,906.54,Upi,56216,9459,-5.0,0,Medium"
"2878422829,84641682,2024-07-16 05:47:46,2024-07-16 06:06:46,2024-07-16 06:01:46,On Time,3560.1,Wallet,87135,3937,-5.0,0,Premium"
"5862535621,76850859,2024-01-03 06:09:00,2024-01-03 06:23:00,2024-01-03 06:25:00,On Time,2401.81,Card,82460,6856,2.0,1,Premium"
"3781134163,61320989,2024-02-03 02:51:21,2024-02-03 03:01:21,2024-02-03 03:09:21,Slightly Delayed,3121.4,Upi,89523,4334,8.0,1,Premium"
"7835720444,45700473,2024-01-10 23:12:29,2024-01-10 23:24:29,2024-01-10 23:51:29,Significantly Delayed,2706.65,Cash,69804,8093,27.0,1,Premium"
"1952343673,68965787,2024-02-24 05:57:00,2024-02-24 06:16:00,2024-02-24 06:14:00,On Time,4745.09,Cash,23019,3381,-2.0,0,Premium"
"9406096007,67092149,2023-11-24 09:00:17,2023-11-24 09:17:17,2023-11-24 09:30:17,Slightly Delayed,5878.14,Wallet,84186,3158,13.0,1,Premium"
"1136528533,20956158,2023-08-22 22:30:18,2023-08-22 22:46:18,2023-08-22 22:58:18,Slightly Delayed,545.49,Card,99968,9719,12.0,1,Medium"
"9137126466,75752515,2023-08-05 09:47:03,2023-08-05 10:03:03,2023-08-05 10:04:03,On Time,4786.91,Wallet,42265,7295,1.0,1,Premium"
"1495517558,96373206,2024-08-17 16:36:22,2024-08-17 16:49:22,2024-08-17 17:14:22,Significantly Delayed,2081.47,Card,4039,6728,25.0,1,Premium"
"1643011737,32585389,2024-07-14 08:23:35,2024-07-14 08:37:35,2024-07-14 08:42:35,On Time,2808.92,Cash,83118,2251,5.0,1,Premium"
"4067366774,19482392,2024-02-23 19:28:16,2024-02-23 19:39:16,2024-02-23 19:42:16,On Time,310.87,Cash,78609,2584,3.0,1,Small"
"1683118802,92306841,2023-12-17 15:28:55,2023-12-17 15:46:55,2023-12-17 15:49:55,On Time,2544.79,Cash,76106,6768,3.0,1,Premium"
"5770514189,57340963,2023-12-08 16:21:15,2023-12-08 16:31:15,2023-12-08 16:37:15,Slightly Delayed,267.61,Cash,50789,4910,6.0,1,Small"
"9612669334,49985597,2023-06-24 17:15:03,2023-06-24 17:25:03,2023-06-24 17:29:03,On Time,4789.72,Upi,77039,9758,4.0,1,Premium"
"3262295808,15487049,2024-04-19 20:12:41,2024-04-19 20:22:41,2024-04-19 20:26:41,On Time,2766.1,Cash,22950,7348,4.0,1,Premium"
"1593291198,93122847,2024-09-30 22:30:00,2024-09-30 22:40:00,2024-09-30 22:55:00,Slightly Delayed,2056.8,Cash,98452,8741,15.0,1,Premium"
"5327721432,13585482,2024-09-28 20:06:11,2024-09-28 20:16:11,2024-09-28 20:15:11,On Time,299.44,Upi,45092,8418,-1.0,0,Small"
"4879497185,51014003,2023-10-17 11:44:35,2023-10-17 11:55:35,2023-10-17 11:53:35,On Time,4723.23,Wallet,29418,458,-2.0,0,Premium"
"6883107728,97492493,2024-02-11 18:10:33,2024-02-11 18:29:33,2024-02-11 18:27:33,On Time,4247.33,Cash,55685,6292,-2.0,0,Premium"
"1643246998,90649019,2023-10-29 16:54:28,2023-10-29 17:12:28,2023-10-29 17:18:28,Slightly Delayed,1700.52,Upi,33474,9371,6.0,1,Large"
"913309291,89968482,2024-06-16 09:10:00,2024-06-16 09:23:00,2024-06-16 09:20:00,On Time,3661.13,Upi,77500,366,-3.0,0,Premium"
"8298829689,64535602,2023-11-29 12:16:34,2023-11-29 12:26:34,2023-11-29 12:29:34,On Time,242.57,Card,85725,2705,3.0,1,Small"
"7155488252,12090436,2024-09-28 21:24:26,2024-09-28 21:39:26,2024-09-28 21:36:26,On Time,834.86,Upi,56349,8493,-3.0,0,Medium"
"8316192789,25706121,2023-07-07 02:14:55,2023-07-07 02:33:55,2023-07-07 02:34:55,On Time,2422.14,Cash,93941,5279,1.0,1,Premium"
"3589756658,17749347,2023-12-18 09:06:42,2023-12-18 09:17:42,2023-12-18 09:22:42,On Time,3124.37,Wallet,10246,7660,5.0,1,Premium"
"8371900149,99893898,2024-08-31 13:11:39,2024-08-31 13:27:39,2024-08-31 13:28:39,On Time,1602.15,Card,37141,3637,1.0,1,Large"
"6659686612,90919603,2024-04-20 03:06:24,2024-04-20 03:17:24,2024-04-20 03:12:24,On Time,4654.27,Card,14050,8582,-5.0,0,Premium"
"2937676500,11202130,2024-05-25 18:53:00,2024-05-25 19:08:00,2024-05-25 19:16:00,Slightly Delayed,2018.48,Cash,91316,8103,8.0,1,Premium"
"9908301442,57967753,2023-06-10 08:02:04,2023-06-10 08:20:04,2023-06-10 08:25:04,On Time,976.13,Cash,50218,6164,5.0,1,Medium"
"3325049330,80761521,2023-03-31 19:04:39,2023-03-31 19:20:39,2023-03-31 19:17:39,On Time,2830.19,Cash,70928,2665,-3.0,0,Premium"
"2330986566,29941225,2023-03-26 16:31:03,2023-03-26 16:41:03,2023-03-26 16:40:03,On Time,559.88,Cash,80888,1004,-1.0,0,Medium"
"1495975802,17390673,2024-01-27 16:30:38,2024-01-27 16:41:38,2024-01-27 16:43:38,On Time,781.15,Card,91194,5886,2.0,1,Medium"
"4207249029,70529459,2023-10-15 17:44:14,2023-10-15 18:04:14,2023-10-15 18:05:14,On Time,1839.4,Upi,29507,2477,1.0,1,Large"
"1150143976,1588560,2023-08-12 10:30:09,2023-08-12 10:41:09,2023-08-12 10:42:09,On Time,3115.75,Card,17949,9083,1.0,1,Premium"
"8443390148,21577948,2023-06-12 11:03:12,2023-06-12 11:23:12,2023-06-12 11:23:12,On Time,3484.02,Upi,67582,8718,0.0,0,Premium"
"8358703267,20496835,2023-08-20 10:52:12,2023-08-20 11:05:12,2023-08-20 11:07:12,On Time,2532.22,Wallet,47723,1562,2.0,1,Premium"
"1608084881,85907588,2024-03-21 23:37:31,2024-03-21 23:52:31,2024-03-21 23:53:31,On Time,307.23,Upi,38092,7323,1.0,1,Small"
"2744486953,73891999,2024-09-29 20:05:27,2024-09-29 20:15:27,2024-09-29 20:37:27,Significantly Delayed,626.67,Cash,59839,3082,22.0,1,Medium"
"3036885153,4789829,2024-02-29 21:09:32,2024-02-29 21:20:32,2024-02-29 21:30:32,Slightly Delayed,3480.03,Upi,28150,3836,10.0,1,Premium"
"7335148205,85435560,2023-06-30 01:54:07,2023-06-30 02:08:07,2023-06-30 02:04:07,On Time,5814.13,Wallet,54244,6440,-4.0,0,Premium"
"2356580295,4597433,2023-08-21 01:33:20,2023-08-21 01:48:20,2023-08-21 01:49:20,On Time,3687.29,Wallet,58531,5532,1.0,1,Premium"
"8999547266,21697638,2023-12-09 16:59:35,2023-12-09 17:13:35,2023-12-09 17:17:35,On Time,478.79,Wallet,80008,4340,4.0,1,Small"
"3094439783,95873651,2023-11-30 03:55:34,2023-11-30 04:13:34,2023-11-30 04:15:34,On Time,114.52,Wallet,72382,9634,2.0,1,Small"
"2753579193,2558646,2023-03-29 14:52:03,2023-03-29 15:06:03,2023-03-29 15:05:03,On Time,755.66,Card,13373,5215,-1.0,0,Medium"
"7683077217,22047134,2024-04-17 18:12:04,2024-04-17 18:27:04,2024-04-17 18:27:04,On Time,870.29,Upi,74017,2846,0.0,0,Medium"
"2366099898,63339001,2023-05-10 20:45:53,2023-05-10 20:56:53,2023-05-10 20:57:53,On Time,987.51,Upi,5230,7752,1.0,1,Medium"
"1252810532,42102289,2024-07-03 21:22:17,2024-07-03 21:37:17,2024-07-03 21:48:17,Slightly Delayed,2064.17,Wallet,63346,6489,11.0,1,Premium"
"6493039553,90150193,2024-08-06 11:22:09,2024-08-06 11:41:09,2024-08-06 11:38:09,On Time,2955.87,Cash,79356,2112,-3.0,0,Premium"
"9274842886,69761993,2023-11-15 18:46:57,2023-11-15 19:04:57,2023-11-15 18:59:57,On Time,3293.42,Upi,68120,586,-5.0,0,Premium"
"8255275254,46615831,2023-12-03 02:03:06,2023-12-03 02:14:06,2023-12-03 02:22:06,Slightly Delayed,3313.64,Upi,33069,3327,8.0,1,Premium"
"2136873695,2391900,2023-07-09 10:58:32,2023-07-09 11:18:32,2023-07-09 11:14:32,On Time,1381.22,Card,40846,2312,-4.0,0,Large"
"3253225736,61753272,2024-07-19 08:49:06,2024-07-19 09:08:06,2024-07-19 09:11:06,On Time,3607.82,Cash,22694,1550,3.0,1,Premium"
"7712604853,10608845,2023-09-26 23:28:51,2023-09-26 23:48:51,2023-09-26 23:50:51,On Time,2265.63,Wallet,645,1500,2.0,1,Premium"
"5698803942,31813,2024-10-10 13:10:15,2024-10-10 13:26:15,2024-10-10 13:28:15,On Time,1227.21,Upi,38462,8304,2.0,1,Large"
"4393804577,69242672,2023-08-30 13:42:05,2023-08-30 13:54:05,2023-08-30 13:56:05,On Time,2410.08,Card,20781,7319,2.0,1,Premium"
"9307961643,82322028,2024-04-24 17:30:07,2024-04-24 17:40:07,2024-04-24 17:40:07,On Time,2930.91,Cash,69847,5477,0.0,0,Premium"
"14103943,9105829,2023-11-24 08:47:35,2023-11-24 09:07:35,2023-11-24 09:18:35,Slightly Delayed,1538.3,Cash,25400,6791,11.0,1,Large"
"4183595096,64141971,2024-01-09 06:21:14,2024-01-09 06:40:14,2024-01-09 06:35:14,On Time,1715.44,Card,5568,2040,-5.0,0,Large"
"9915365099,14367270,2023-05-19 11:35:45,2023-05-19 11:48:45,2023-05-19 11:50:45,On Time,2197.0,Wallet,36218,5534,2.0,1,Premium"
"7979108696,63368244,2024-05-20 22:10:25,2024-05-20 22:24:25,2024-05-20 22:33:25,Slightly Delayed,3369.12,Cash,67463,7492,9.0,1,Premium"
"8756485728,97466783,2024-02-10 21:20:58,2024-02-10 21:32:58,2024-02-10 21:33:58,On Time,2861.42,Cash,43987,3947,1.0,1,Premium"
"4859441294,3468355,2024-05-30 05:59:29,2024-05-30 06:11:29,2024-05-30 06:17:29,Slightly Delayed,367.08,Upi,6040,7446,6.0,1,Small"
"8100291984,54885705,2023-08-21 19:19:53,2023-08-21 19:31:53,2023-08-21 19:53:53,Significantly Delayed,631.7,Cash,70176,9440,22.0,1,Medium"
"7825714018,56548063,2024-08-27 19:59:28,2024-08-27 20:16:28,2024-08-27 20:16:28,On Time,3841.27,Upi,92931,1455,0.0,0,Premium"
"1785144322,8025622,2024-07-22 16:54:23,2024-07-22 17:04:23,2024-07-22 17:14:23,Slightly Delayed,2161.8,Cash,27342,6342,10.0,1,Premium"
"242240959,64562786,2024-01-26 15:20:01,2024-01-26 15:30:01,2024-01-26 15:34:01,On Time,1406.3,Cash,62828,5298,4.0,1,Large"
"3527621284,86636273,2024-07-21 04:23:25,2024-07-21 04:38:25,2024-07-21 04:35:25,On Time,4854.45,Cash,24006,2779,-3.0,0,Premium"
"2254856113,29973346,2023-04-16 10:26:22,2023-04-16 10:44:22,2023-04-16 10:44:22,On Time,2481.23,Cash,58706,1699,0.0,0,Premium"
"4295420935,97185284,2024-09-04 11:38:12,2024-09-04 11:51:12,2024-09-04 11:53:12,On Time,1882.87,Wallet,81922,2096,2.0,1,Large"
"8739415992,55042740,2023-06-02 23:08:03,2023-06-02 23:19:03,2023-06-02 23:19:03,On Time,1330.09,Wallet,88278,1797,0.0,0,Large"
"2123879653,43599910,2024-10-31 08:33:46,2024-10-31 08:43:46,2024-10-31 08:58:46,Slightly Delayed,941.19,Cash,87546,8532,15.0,1,Medium"
"1054974834,12272282,2023-05-14 18:40:28,2023-05-14 18:58:28,2023-05-14 19:06:28,Slightly Delayed,1785.73,Cash,12315,1031,8.0,1,Large"
"6660596550,48554440,2024-06-21 02:56:30,2024-06-21 03:15:30,2024-06-21 03:45:30,Significantly Delayed,1954.48,Wallet,22021,4121,30.0,1,Large"
"1633238374,26303194,2023-08-12 10:41:14,2023-08-12 10:52:14,2023-08-12 10:56:14,On Time,539.92,Upi,37968,5955,4.0,1,Medium"
"8133246330,34526570,2023-10-08 13:18:01,2023-10-08 13:38:01,2023-10-08 13:40:01,On Time,758.8,Card,14324,1932,2.0,1,Medium"
"4696656818,28458746,2023-04-11 13:00:06,2023-04-11 13:12:06,2023-04-11 13:26:06,Slightly Delayed,2932.44,Card,95505,2170,14.0,1,Premium"
"7590214417,69240186,2024-05-09 22:20:28,2024-05-09 22:31:28,2024-05-09 22:53:28,Significantly Delayed,2315.55,Cash,98898,9802,22.0,1,Premium"
"1736212920,9401406,2024-09-10 15:13:39,2024-09-10 15:30:39,2024-09-10 15:25:39,On Time,3377.91,Wallet,59462,6464,-5.0,0,Premium"
"4507702369,27955158,2023-04-23 23:54:06,2023-04-24 00:04:06,2023-04-24 00:06:06,On Time,3434.25,Card,25049,4275,2.0,1,Premium"
"6458765046,83348353,2023-06-29 17:39:33,2023-06-29 17:56:33,2023-06-29 17:53:33,On Time,1535.36,Cash,23030,6211,-3.0,0,Large"
"47953423,96806748,2024-02-27 00:13:46,2024-02-27 00:28:46,2024-02-27 00:32:46,On Time,2094.28,Upi,90878,6448,4.0,1,Premium"
"1263714922,77086539,2023-10-06 01:07:34,2023-10-06 01:24:34,2023-10-06 01:25:34,On Time,3523.86,Cash,33460,4718,1.0,1,Premium"
"2061768860,12469338,2023-09-19 16:43:40,2023-09-19 17:01:40,2023-09-19 17:09:40,Slightly Delayed,925.65,Card,13006,5935,8.0,1,Medium"
"4264335652,71321741,2023-09-08 06:23:40,2023-09-08 06:41:40,2023-09-08 06:37:40,On Time,977.67,Upi,66568,1300,-4.0,0,Medium"
"3087181728,58513300,2023-07-05 06:10:04,2023-07-05 06:21:04,2023-07-05 06:26:04,On Time,171.2,Upi,27119,4032,5.0,1,Small"
"599772156,35358395,2023-03-24 04:38:22,2023-03-24 04:49:22,2023-03-24 05:02:22,Slightly Delayed,1566.3,Wallet,62467,8240,13.0,1,Large"
"6074313668,77614510,2024-09-27 10:46:46,2024-09-27 10:57:46,2024-09-27 11:02:46,On Time,277.76,Cash,11276,4921,5.0,1,Small"
"5497551107,41647393,2024-08-18 15:51:52,2024-08-18 16:01:52,2024-08-18 15:57:52,On Time,562.89,Wallet,19502,1257,-4.0,0,Medium"
"9102202025,98896871,2024-04-10 07:36:32,2024-04-10 07:51:32,2024-04-10 08:15:32,Significantly Delayed,1559.6,Upi,65234,2233,24.0,1,Large"
"8794436743,40727086,2023-07-17 06:27:00,2023-07-17 06:41:00,2023-07-17 06:47:00,Slightly Delayed,4346.56,Card,10214,1175,6.0,1,Premium"
"3299603042,77614510,2024-06-17 04:02:53,2024-06-17 04:21:53,2024-06-17 04:26:53,On Time,3296.49,Wallet,94982,4279,5.0,1,Premium"
"243077069,46623192,2024-04-25 18:34:34,2024-04-25 18:54:34,2024-04-25 19:04:34,Slightly Delayed,1745.32,Upi,94987,677,10.0,1,Large"
"6749594412,16436359,2023-11-30 15:16:24,2023-11-30 15:32:24,2023-11-30 15:45:24,Slightly Delayed,3392.98,Cash,6570,2412,13.0,1,Premium"
"5378344982,33658749,2024-02-17 01:04:36,2024-02-17 01:23:36,2024-02-17 01:49:36,Significantly Delayed,109.03,Card,83534,4952,26.0,1,Small"
"9103834515,61851054,2024-01-03 08:27:26,2024-01-03 08:40:26,2024-01-03 08:38:26,On Time,2255.0,Card,30973,6449,-2.0,0,Premium"
"6237437720,15568831,2023-08-26 07:00:27,2023-08-26 07:17:27,2023-08-26 07:29:27,Slightly Delayed,598.83,Wallet,29950,8678,12.0,1,Medium"
"2719670578,95382317,2024-09-04 09:46:08,2024-09-04 10:02:08,2024-09-04 10:21:08,Significantly Delayed,2857.54,Wallet,75330,2008,19.0,1,Premium"
"2748681349,84862161,2024-05-15 05:36:05,2024-05-15 05:53:05,2024-05-15 05:58:05,On Time,1846.87,Card,464,3640,5.0,1,Large"
"9851618724,96149069,2023-10-03 18:03:27,2023-10-03 18:16:27,2023-10-03 18:22:27,Slightly Delayed,3628.23,Card,73930,4220,6.0,1,Premium"
"7013533376,81500385,2023-12-08 14:00:36,2023-12-08 14:15:36,2023-12-08 14:11:36,On Time,1242.23,Upi,53934,3361,-4.0,0,Large"
"9727047029,94730288,2024-01-04 01:55:00,2024-01-04 02:12:00,2024-01-04 02:13:00,On Time,786.85,Cash,92601,3252,1.0,1,Medium"
"1191540022,69863493,2024-09-15 00:08:35,2024-09-15 00:26:35,2024-09-15 00:37:35,Slightly Delayed,994.56,Upi,72969,1226,11.0,1,Medium"
"5733572517,5039883,2024-08-05 00:09:15,2024-08-05 00:21:15,2024-08-05 00:35:15,Slightly Delayed,1706.96,Cash,33195,5945,14.0,1,Large"
"9647928644,99406165,2023-05-19 13:40:04,2023-05-19 13:58:04,2023-05-19 13:57:04,On Time,612.04,Wallet,25971,9057,-1.0,0,Medium"
"9696598689,7288562,2023-08-24 18:13:31,2023-08-24 18:25:31,2023-08-24 18:33:31,Slightly Delayed,130.01,Card,54430,814,8.0,1,Small"
"1091207520,65559853,2024-10-05 19:02:54,2024-10-05 19:12:54,2024-10-05 19:12:54,On Time,4752.89,Card,29429,6765,0.0,0,Premium"
"7995971909,1342184,2023-05-08 18:11:30,2023-05-08 18:29:30,2023-05-08 18:57:30,Significantly Delayed,3065.9,Wallet,92899,8900,28.0,1,Premium"
"6077755741,40055711,2023-07-20 23:23:59,2023-07-20 23:41:59,2023-07-20 23:50:59,Slightly Delayed,321.28,Card,40233,3735,9.0,1,Small"
"1240745644,22915611,2023-05-20 11:57:18,2023-05-20 12:10:18,2023-05-20 12:06:18,On Time,2401.54,Wallet,53221,6291,-4.0,0,Premium"
"1397810713,9314637,2023-12-09 14:37:08,2023-12-09 14:55:08,2023-12-09 14:53:08,On Time,2534.35,Wallet,11268,3515,-2.0,0,Premium"
"5149614189,90150193,2023-07-24 14:47:54,2023-07-24 15:04:54,2023-07-24 15:19:54,Slightly Delayed,923.84,Wallet,10265,4566,15.0,1,Medium"
"7453349798,65488134,2023-08-10 13:54:12,2023-08-10 14:10:12,2023-08-10 14:06:12,On Time,2182.13,Upi,63046,8073,-4.0,0,Premium"
"7570986632,45166203,2023-05-17 11:01:22,2023-05-17 11:18:22,2023-05-17 11:17:22,On Time,3810.34,Upi,55977,8034,-1.0,0,Premium"
"5292931220,38327793,2023-11-25 02:57:18,2023-11-25 03:12:18,2023-11-25 03:14:18,On Time,3112.63,Cash,1662,3175,2.0,1,Premium"
"2654499230,79478655,2023-06-10 17:45:41,2023-06-10 18:01:41,2023-06-10 17:59:41,On Time,3594.0,Cash,38789,3352,-2.0,0,Premium"
"2327587597,24621386,2024-06-29 17:28:37,2024-06-29 17:44:37,2024-06-29 17:39:37,On Time,2167.31,Card,44056,6117,-5.0,0,Premium"
"5852189277,29653387,2024-10-13 14:14:35,2024-10-13 14:27:35,2024-10-13 14:22:35,On Time,615.56,Upi,95197,1771,-5.0,0,Medium"
"8943211530,14632090,2023-09-23 18:15:02,2023-09-23 18:28:02,2023-09-23 18:32:02,On Time,2867.18,Card,24417,6547,4.0,1,Premium"
"3305649506,90649019,2023-11-15 00:30:18,2023-11-15 00:45:18,2023-11-15 00:45:18,On Time,2556.55,Wallet,404,6301,0.0,0,Premium"
"538997323,13492411,2023-04-17 03:28:03,2023-04-17 03:45:03,2023-04-17 03:48:03,On Time,456.58,Cash,68926,7310,3.0,1,Small"
"2966187610,67310893,2023-04-13 01:04:17,2023-04-13 01:22:17,2023-04-13 01:31:17,Slightly Delayed,1334.05,Wallet,28872,4186,9.0,1,Large"
"866693541,14472401,2024-06-24 19:15:35,2024-06-24 19:32:35,2024-06-24 19:30:35,On Time,1917.12,Cash,47194,5764,-2.0,0,Large"
"440721658,9450435,2023-05-05 10:12:53,2023-05-05 10:23:53,2023-05-05 10:28:53,On Time,1749.09,Cash,90194,9486,5.0,1,Large"
"2084323012,11202130,2024-06-03 13:19:17,2024-06-03 13:29:17,2024-06-03 13:24:17,On Time,1390.65,Wallet,79429,2709,-5.0,0,Large"
"4876314410,37227953,2024-11-01 06:57:36,2024-11-01 07:15:36,2024-11-01 07:19:36,On Time,1735.7,Card,99870,1935,4.0,1,Large"
"2401282648,21425168,2023-08-10 20:45:58,2023-08-10 20:59:58,2023-08-10 21:04:58,On Time,483.9,Card,38150,9034,5.0,1,Small"
"2117291471,33481252,2023-06-21 15:31:00,2023-06-21 15:46:00,2023-06-21 15:49:00,On Time,1361.47,Cash,73647,5067,3.0,1,Large"
"5455295163,46989310,2024-08-25 11:26:15,2024-08-25 11:37:15,2024-08-25 11:55:15,Significantly Delayed,2275.16,Upi,70293,5250,18.0,1,Premium"
"3219761206,44589829,2024-07-14 12:58:37,2024-07-14 13:17:37,2024-07-14 13:18:37,On Time,2975.65,Card,25134,6040,1.0,1,Premium"
"7423918026,84448310,2024-04-27 09:54:44,2024-04-27 10:09:44,2024-04-27 10:07:44,On Time,2329.61,Upi,14790,6120,-2.0,0,Premium"
"1793817443,68661619,2023-11-14 23:44:05,2023-11-15 00:04:05,2023-11-15 00:14:05,Slightly Delayed,1474.45,Card,53816,5964,10.0,1,Large"
"2644609220,97825663,2024-05-22 07:43:43,2024-05-22 08:03:43,2024-05-22 07:59:43,On Time,2805.47,Upi,43073,2108,-4.0,0,Premium"
"1353492780,57765367,2024-03-06 16:25:44,2024-03-06 16:40:44,2024-03-06 16:40:44,On Time,1205.58,Upi,38772,9701,0.0,0,Large"
"1230061693,11616535,2023-06-15 18:21:45,2023-06-15 18:39:45,2023-06-15 18:40:45,On Time,1633.54,Wallet,32382,2384,1.0,1,Large"
"6299572675,81046421,2023-08-17 18:46:18,2023-08-17 19:01:18,2023-08-17 19:14:18,Slightly Delayed,1114.77,Wallet,51388,5372,13.0,1,Large"
"5956863364,24821281,2024-02-20 23:36:34,2024-02-20 23:47:34,2024-02-20 23:55:34,Slightly Delayed,918.58,Wallet,6378,3838,8.0,1,Medium"
"6788884093,2566268,2024-10-06 20:03:45,2024-10-06 20:13:45,2024-10-06 20:16:45,On Time,2885.2,Upi,53748,3332,3.0,1,Premium"
"6120799223,84377964,2024-01-14 00:47:46,2024-01-14 01:05:46,2024-01-14 01:18:46,Slightly Delayed,1441.13,Upi,7467,6766,13.0,1,Large"
"3892854030,74179536,2024-02-08 04:02:50,2024-02-08 04:18:50,2024-02-08 04:18:50,On Time,3818.13,Card,14424,8748,0.0,0,Premium"
"1883324334,76327561,2024-07-27 04:24:22,2024-07-27 04:43:22,2024-07-27 04:44:22,On Time,1762.3,Upi,36776,6915,1.0,1,Large"
"4541530278,59517074,2024-04-05 02:15:27,2024-04-05 02:29:27,2024-04-05 02:51:27,Significantly Delayed,3075.26,Wallet,9182,8934,22.0,1,Premium"
"8807380767,37947202,2023-04-22 21:41:04,2023-04-22 21:53:04,2023-04-22 21:57:04,On Time,699.62,Cash,62692,9425,4.0,1,Medium"
"5865396281,84119685,2024-02-06 02:08:36,2024-02-06 02:27:36,2024-02-06 02:57:36,Significantly Delayed,994.56,Upi,95971,6709,30.0,1,Medium"
"340451825,87691707,2024-09-25 19:16:34,2024-09-25 19:33:34,2024-09-25 19:31:34,On Time,2930.46,Card,47152,5783,-2.0,0,Premium"
"3327784606,61982521,2024-01-11 07:40:04,2024-01-11 07:52:04,2024-01-11 07:56:04,On Time,234.36,Cash,19928,773,4.0,1,Small"
"5990129875,87160527,2024-07-13 08:44:22,2024-07-13 09:01:22,2024-07-13 09:16:22,Slightly Delayed,2192.83,Upi,94600,2222,15.0,1,Premium"
"8808930721,59329145,2023-10-21 21:29:40,2023-10-21 21:39:40,2023-10-21 21:37:40,On Time,2623.19,Upi,29750,8722,-2.0,0,Premium"
"8116880443,26752630,2023-07-23 01:47:23,2023-07-23 01:57:23,2023-07-23 01:55:23,On Time,3628.41,Card,19975,1234,-2.0,0,Premium"
"9933926720,96640716,2023-08-17 05:10:16,2023-08-17 05:30:16,2023-08-17 05:29:16,On Time,1488.67,Upi,87199,5085,-1.0,0,Large"
"776562418,54923640,2024-09-08 21:57:02,2024-09-08 22:15:02,2024-09-08 22:19:02,On Time,1532.9,Card,38320,1894,4.0,1,Large"
"6105793582,67538982,2023-04-13 01:28:18,2023-04-13 01:38:18,2023-04-13 01:50:18,Slightly Delayed,1897.12,Cash,46350,5290,12.0,1,Large"
"9247779866,19523014,2024-10-24 02:47:13,2024-10-24 03:02:13,2024-10-24 03:16:13,Slightly Delayed,2452.82,Wallet,5188,6646,14.0,1,Premium"
"5456672526,52757321,2024-09-23 17:51:26,2024-09-23 18:05:26,2024-09-23 18:10:26,On Time,3534.84,Wallet,21356,678,5.0,1,Premium"
"6676994910,50557979,2023-11-28 22:30:33,2023-11-28 22:41:33,2023-11-28 22:44:33,On Time,2181.99,Wallet,79068,5170,3.0,1,Premium"
"9353512235,97277696,2023-11-29 11:12:59,2023-11-29 11:32:59,2023-11-29 11:29:59,On Time,933.3,Cash,32312,1598,-3.0,0,Medium"
"6539196955,58974323,2024-05-27 08:15:29,2024-05-27 08:32:29,2024-05-27 08:49:29,Significantly Delayed,1508.88,Wallet,44716,8933,17.0,1,Large"
"7886908865,1529180,2023-04-07 02:53:46,2023-04-07 03:05:46,2023-04-07 03:08:46,On Time,4319.96,Upi,34483,578,3.0,1,Premium"
"7548844176,12088552,2023-05-12 17:23:18,2023-05-12 17:40:18,2023-05-12 17:40:18,On Time,1227.14,Card,82860,1642,0.0,0,Large"
"3375735380,93735495,2024-06-15 04:48:21,2024-06-15 05:05:21,2024-06-15 05:01:21,On Time,3373.41,Wallet,70000,9432,-4.0,0,Premium"
"32604190,51503088,2023-12-08 09:08:03,2023-12-08 09:19:03,2023-12-08 09:16:03,On Time,1169.84,Wallet,60196,7220,-3.0,0,Large"
"5731985133,80696046,2024-06-21 09:35:10,2024-06-21 09:46:10,2024-06-21 09:53:10,Slightly Delayed,715.72,Upi,43899,6208,7.0,1,Medium"
"7586577278,63360864,2023-11-24 07:41:51,2023-11-24 07:52:51,2023-11-24 07:47:51,On Time,3704.57,Upi,97897,203,-5.0,0,Premium"
"7765930124,82179338,2024-10-14 07:40:20,2024-10-14 07:54:20,2024-10-14 07:59:20,On Time,1921.46,Wallet,55007,7976,5.0,1,Large"
"299059193,26805477,2024-05-04 09:02:25,2024-05-04 09:20:25,2024-05-04 09:23:25,On Time,1520.7,Upi,88355,2427,3.0,1,Large"
"135053432,10796846,2023-04-24 13:30:15,2023-04-24 13:50:15,2023-04-24 13:52:15,On Time,3330.44,Wallet,29782,5488,2.0,1,Premium"
"9618593702,29451600,2024-03-31 09:26:46,2024-03-31 09:36:46,2024-03-31 09:49:46,Slightly Delayed,3886.48,Card,57144,7443,13.0,1,Premium"
"2802699236,83262890,2024-05-08 21:07:08,2024-05-08 21:20:08,2024-05-08 21:46:08,Significantly Delayed,576.22,Wallet,18183,746,26.0,1,Medium"
"2044567188,4988545,2023-05-19 10:27:52,2023-05-19 10:46:52,2023-05-19 10:51:52,On Time,3889.03,Card,87638,3987,5.0,1,Premium"
"913489768,57833505,2023-06-27 00:50:04,2023-06-27 01:04:04,2023-06-27 01:06:04,On Time,3824.6,Cash,92300,8555,2.0,1,Premium"
"6856986497,3421258,2024-02-19 15:44:34,2024-02-19 16:03:34,2024-02-19 16:01:34,On Time,223.27,Cash,55218,6706,-2.0,0,Small"
"7292898570,26285589,2024-09-05 22:34:37,2024-09-05 22:44:37,2024-09-05 23:03:37,Significantly Delayed,2532.09,Wallet,88703,4379,19.0,1,Premium"
"6223087303,65570302,2024-08-05 15:22:23,2024-08-05 15:40:23,2024-08-05 15:42:23,On Time,447.28,Card,8124,55,2.0,1,Small"
"403352765,4057678,2024-09-30 08:32:46,2024-09-30 08:49:46,2024-09-30 08:58:46,Slightly Delayed,1568.48,Wallet,83523,6895,9.0,1,Large"
"7004560997,81994445,2024-09-20 02:11:27,2024-09-20 02:21:27,2024-09-20 02:27:27,Slightly Delayed,1459.57,Cash,73176,793,6.0,1,Large"
"8159868515,2558646,2024-04-12 11:43:17,2024-04-12 11:53:17,2024-04-12 11:55:17,On Time,2797.64,Upi,62375,2884,2.0,1,Premium"
"8854320668,67918495,2023-11-17 08:24:06,2023-11-17 08:37:06,2023-11-17 08:41:06,On Time,417.39,Upi,74961,4348,4.0,1,Small"
"2285302205,13251137,2024-08-25 09:54:40,2024-08-25 10:14:40,2024-08-25 10:10:40,On Time,4438.92,Wallet,96870,2655,-4.0,0,Premium"
"5160584867,34897081,2024-06-02 18:31:20,2024-06-02 18:44:20,2024-06-02 18:40:20,On Time,3140.25,Cash,71087,398,-4.0,0,Premium"
"4314105605,34787383,2024-07-12 18:30:17,2024-07-12 18:44:17,2024-07-12 18:39:17,On Time,317.8,Wallet,20540,7294,-5.0,0,Small"
"9895756835,10694081,2024-10-09 15:05:40,2024-10-09 15:15:40,2024-10-09 15:31:40,Significantly Delayed,3821.8,Card,70732,4090,16.0,1,Premium"
"1975300826,35885052,2024-09-25 18:01:36,2024-09-25 18:17:36,2024-09-25 18:16:36,On Time,1685.6,Wallet,84506,3702,-1.0,0,Large"
"2214666083,66427343,2024-08-13 17:16:09,2024-08-13 17:32:09,2024-08-13 17:31:09,On Time,923.09,Cash,85027,845,-1.0,0,Medium"
"4735339432,29653387,2024-03-04 03:07:09,2024-03-04 03:23:09,2024-03-04 03:19:09,On Time,2630.14,Cash,49478,3195,-4.0,0,Premium"
"9863540120,33675108,2023-07-14 00:40:25,2023-07-14 00:53:25,2023-07-14 01:01:25,Slightly Delayed,769.21,Cash,29135,4420,8.0,1,Medium"
"8789376461,28394354,2023-09-17 01:06:07,2023-09-17 01:18:07,2023-09-17 01:48:07,Significantly Delayed,1626.99,Wallet,70720,1916,30.0,1,Large"
"4784591220,88923048,2024-10-29 03:28:37,2024-10-29 03:44:37,2024-10-29 03:43:37,On Time,3656.06,Wallet,6251,2990,-1.0,0,Premium"
"6759658833,84377964,2023-09-29 07:08:55,2023-09-29 07:25:55,2023-09-29 07:24:55,On Time,3420.13,Upi,4233,2031,-1.0,0,Premium"
"1241631129,3897936,2024-04-26 21:15:08,2024-04-26 21:33:08,2024-04-26 21:38:08,On Time,1322.18,Upi,95532,1283,5.0,1,Large"
"8803314647,93938425,2024-08-17 04:42:54,2024-08-17 04:58:54,2024-08-17 05:03:54,On Time,1789.57,Upi,98246,3652,5.0,1,Large"
"1016410657,32830199,2023-11-01 23:05:16,2023-11-01 23:15:16,2023-11-01 23:10:16,On Time,3656.07,Card,98504,6536,-5.0,0,Premium"
"8284240513,949062,2023-04-05 11:28:45,2023-04-05 11:38:45,2023-04-05 11:42:45,On Time,3558.14,Card,59760,1107,4.0,1,Premium"
"343239069,41439103,2024-02-12 17:28:06,2024-02-12 17:46:06,2024-02-12 17:45:06,On Time,2655.22,Upi,23690,4746,-1.0,0,Premium"
"3941137932,84929351,2024-02-28 14:12:32,2024-02-28 14:27:32,2024-02-28 14:46:32,Significantly Delayed,5473.26,Wallet,73638,4509,19.0,1,Premium"
"8955573840,21461764,2023-07-28 08:17:26,2023-07-28 08:34:26,2023-07-28 08:48:26,Slightly Delayed,4869.22,Cash,42461,8014,14.0,1,Premium"
"6832435511,62971413,2023-04-18 15:30:02,2023-04-18 15:49:02,2023-04-18 15:44:02,On Time,2575.94,Cash,33260,8467,-5.0,0,Premium"
"3014319697,28428852,2023-08-27 05:03:40,2023-08-27 05:13:40,2023-08-27 05:11:40,On Time,1822.73,Cash,11218,4239,-2.0,0,Large"
"7367717333,11047835,2023-07-30 10:15:56,2023-07-30 10:35:56,2023-07-30 10:33:56,On Time,2091.23,Card,54707,4841,-2.0,0,Premium"
"9389677233,99714944,2024-08-10 12:35:37,2024-08-10 12:45:37,2024-08-10 12:56:37,Slightly Delayed,2143.74,Cash,34925,7085,11.0,1,Premium"
"2929883167,41146001,2023-12-05 16:41:49,2023-12-05 17:01:49,2023-12-05 17:12:49,Slightly Delayed,918.58,Upi,97076,9623,11.0,1,Medium"
"9045592834,84119685,2024-10-30 16:52:05,2024-10-30 17:02:05,2024-10-30 17:07:05,On Time,997.61,Cash,47395,3069,5.0,1,Medium"
"7128308885,76604145,2023-12-14 10:38:06,2023-12-14 10:56:06,2023-12-14 11:05:06,Slightly Delayed,2541.96,Cash,48388,9727,9.0,1,Premium"
"2060028411,27694927,2023-11-15 18:55:20,2023-11-15 19:06:20,2023-11-15 19:02:20,On Time,1751.84,Wallet,87806,9144,-4.0,0,Large"
"3856301920,63339001,2024-07-05 04:07:34,2024-07-05 04:19:34,2024-07-05 04:37:34,Significantly Delayed,796.36,Wallet,57805,9475,18.0,1,Medium"
"7248479077,31940833,2023-09-23 13:27:01,2023-09-23 13:46:01,2023-09-23 13:49:01,On Time,3007.61,Upi,81690,6954,3.0,1,Premium"
"2738466605,49147776,2024-08-23 05:00:22,2024-08-23 05:12:22,2024-08-23 05:15:22,On Time,439.24,Card,80973,5981,3.0,1,Small"
"9801353230,96853930,2023-05-18 12:01:40,2023-05-18 12:16:40,2023-05-18 12:29:40,Slightly Delayed,3749.33,Wallet,97442,3787,13.0,1,Premium"
"2103613260,67528368,2024-07-01 19:49:37,2024-07-01 20:00:37,2024-07-01 19:55:37,On Time,1031.19,Card,21195,3565,-5.0,0,Large"
"7624166218,29525287,2024-01-04 00:23:02,2024-01-04 00:35:02,2024-01-04 00:30:02,On Time,1213.14,Upi,20790,633,-5.0,0,Large"
"4692680597,97185284,2023-06-20 22:49:37,2023-06-20 23:09:37,2023-06-20 23:09:37,On Time,2789.63,Card,35371,5201,0.0,0,Premium"
"2028074931,33998721,2024-06-23 17:52:51,2024-06-23 18:09:51,2024-06-23 18:10:51,On Time,3038.93,Cash,63636,8862,1.0,1,Premium"
"6247819401,57526322,2023-03-30 06:00:33,2023-03-30 06:11:33,2023-03-30 06:12:33,On Time,3456.8,Cash,7912,3634,1.0,1,Premium"
"6299879620,48160359,2023-11-10 17:37:35,2023-11-10 17:54:35,2023-11-10 18:04:35,Slightly Delayed,1300.47,Card,8965,5841,10.0,1,Large"
"3398014747,87823209,2023-06-15 06:52:20,2023-06-15 07:05:20,2023-06-15 07:08:20,On Time,2430.88,Cash,32690,4964,3.0,1,Premium"
"4526087670,54923640,2023-11-03 06:17:43,2023-11-03 06:34:43,2023-11-03 06:33:43,On Time,2304.85,Upi,23919,2583,-1.0,0,Premium"
"4473653758,4597433,2024-08-26 16:17:59,2024-08-26 16:34:59,2024-08-26 16:38:59,On Time,2342.62,Cash,63804,3679,4.0,1,Premium"
"1286821727,32003512,2024-08-04 02:44:11,2024-08-04 02:55:11,2024-08-04 02:59:11,On Time,2910.9,Upi,97332,9685,4.0,1,Premium"
"5566617391,81822935,2024-08-21 19:41:28,2024-08-21 19:58:28,2024-08-21 20:11:28,Slightly Delayed,2195.25,Cash,63829,238,13.0,1,Premium"
"6630935939,67708491,2024-10-31 10:29:04,2024-10-31 10:48:04,2024-10-31 10:45:04,On Time,3344.49,Upi,87804,6628,-3.0,0,Premium"
"8676443273,47215976,2024-05-24 10:53:46,2024-05-24 11:05:46,2024-05-24 11:24:46,Significantly Delayed,58.59,Wallet,91222,8880,19.0,1,Small"
"439562091,36400756,2024-04-26 18:16:10,2024-04-26 18:26:10,2024-04-26 18:28:10,On Time,2223.31,Cash,81799,3768,2.0,1,Premium"
"7361440096,82529927,2024-02-12 12:22:30,2024-02-12 12:39:30,2024-02-12 13:00:30,Significantly Delayed,1068.91,Card,94957,1150,21.0,1,Large"
"2480611325,30823988,2024-02-25 16:24:49,2024-02-25 16:42:49,2024-02-25 16:50:49,Slightly Delayed,4729.75,Cash,78792,1838,8.0,1,Premium"
"5091640382,64141971,2024-01-31 06:58:29,2024-01-31 07:17:29,2024-01-31 07:17:29,On Time,402.11,Card,10930,5538,0.0,0,Small"
"1443292147,8395610,2024-04-16 03:18:14,2024-04-16 03:32:14,2024-04-16 03:28:14,On Time,3889.01,Wallet,37003,9470,-4.0,0,Premium"
"3342653518,6319646,2023-07-22 07:35:00,2023-07-22 07:45:00,2023-07-22 07:40:00,On Time,577.13,Upi,49750,2138,-5.0,0,Medium"
"3836073957,54952806,2023-07-16 18:18:15,2023-07-16 18:37:15,2023-07-16 18:44:15,Slightly Delayed,1264.91,Card,70427,4458,7.0,1,Large"
"4192669219,44589829,2024-04-22 03:00:28,2024-04-22 03:16:28,2024-04-22 03:12:28,On Time,1447.55,Wallet,44206,3092,-4.0,0,Large"
"6922121165,97928781,2024-01-04 07:51:02,2024-01-04 08:11:02,2024-01-04 08:29:02,Significantly Delayed,1513.91,Upi,75795,8773,18.0,1,Large"
"4850653474,66932104,2024-03-05 03:41:52,2024-03-05 03:51:52,2024-03-05 03:56:52,On Time,2997.71,Upi,50658,4174,5.0,1,Premium"
"1229660813,54748429,2023-11-02 19:30:52,2023-11-02 19:45:52,2023-11-02 20:12:52,Significantly Delayed,5173.19,Upi,35201,1477,27.0,1,Premium"
"5194396051,12338529,2024-10-26 18:11:47,2024-10-26 18:30:47,2024-10-26 18:28:47,On Time,508.0,Cash,9121,8049,-2.0,0,Medium"
"8971899775,92118758,2024-03-04 12:09:15,2024-03-04 12:22:15,2024-03-04 12:17:15,On Time,5067.85,Wallet,17588,5380,-5.0,0,Premium"
"5619049608,56572297,2024-05-06 13:10:05,2024-05-06 13:30:05,2024-05-06 13:50:05,Significantly Delayed,3972.23,Card,86750,777,20.0,1,Premium"
"9943996342,3282647,2023-09-12 22:57:10,2023-09-12 23:07:10,2023-09-12 23:08:10,On Time,4252.97,Upi,55860,7659,1.0,1,Premium"
"4548721519,93018527,2024-08-20 23:28:40,2024-08-20 23:42:40,2024-08-20 23:46:40,On Time,1816.47,Wallet,26714,9726,4.0,1,Large"
"6211537502,2164524,2023-09-06 23:08:44,2023-09-06 23:24:44,2023-09-06 23:49:44,Significantly Delayed,1427.81,Wallet,99208,5234,25.0,1,Large"
"347093563,31026200,2024-09-23 13:17:00,2024-09-23 13:35:00,2024-09-23 13:53:00,Significantly Delayed,2614.94,Card,27801,1463,18.0,1,Premium"
"1855924568,33472376,2024-08-20 22:49:00,2024-08-20 23:06:00,2024-08-20 23:04:00,On Time,3758.71,Card,17039,1711,-2.0,0,Premium"
"5914484553,4378755,2023-11-17 16:40:52,2023-11-17 16:59:52,2023-11-17 16:57:52,On Time,931.36,Upi,74330,106,-2.0,0,Medium"
"8068903161,11705793,2024-02-14 22:15:46,2024-02-14 22:35:46,2024-02-14 22:37:46,On Time,4089.67,Wallet,60117,6061,2.0,1,Premium"
"2147159735,50527764,2023-05-13 03:52:37,2023-05-13 04:08:37,2023-05-13 04:13:37,On Time,1246.63,Upi,11051,5971,5.0,1,Large"
"9006983686,68063317,2023-10-10 00:41:04,2023-10-10 00:55:04,2023-10-10 01:10:04,Slightly Delayed,788.36,Card,48159,7090,15.0,1,Medium"
"7606134274,69034027,2024-05-28 12:31:28,2024-05-28 12:46:28,2024-05-28 12:59:28,Slightly Delayed,832.06,Card,31574,2028,13.0,1,Medium"
"4034750827,10019218,2023-06-24 04:04:24,2023-06-24 04:14:24,2023-06-24 04:16:24,On Time,1168.59,Wallet,68331,7729,2.0,1,Large"
"851062565,49457685,2024-03-15 11:23:08,2024-03-15 11:41:08,2024-03-15 11:47:08,Slightly Delayed,3773.85,Cash,32026,9465,6.0,1,Premium"
"4283323746,93321933,2023-11-01 03:01:34,2023-11-01 03:21:34,2023-11-01 03:33:34,Slightly Delayed,2824.79,Wallet,78455,5976,12.0,1,Premium"
"7842390585,6637282,2023-10-11 12:35:31,2023-10-11 12:51:31,2023-10-11 12:47:31,On Time,2820.47,Wallet,98082,3881,-4.0,0,Premium"
"2449548943,68486301,2023-09-23 11:24:05,2023-09-23 11:39:05,2023-09-23 11:53:05,Slightly Delayed,1635.94,Wallet,23429,8687,14.0,1,Large"
"7067924535,95371787,2023-11-28 02:51:41,2023-11-28 03:09:41,2023-11-28 03:27:41,Significantly Delayed,422.14,Cash,39985,4804,18.0,1,Small"
"1602291242,19581959,2023-03-29 09:40:52,2023-03-29 09:57:52,2023-03-29 09:58:52,On Time,2648.42,Wallet,79235,8540,1.0,1,Premium"
"7067630786,75082508,2023-09-28 08:03:14,2023-09-28 08:16:14,2023-09-28 08:12:14,On Time,2467.57,Card,25395,8695,-4.0,0,Premium"
"9726762425,75674671,2023-08-13 21:45:44,2023-08-13 21:55:44,2023-08-13 21:51:44,On Time,4041.64,Wallet,32062,7653,-4.0,0,Premium"
"1129887168,21201299,2024-02-16 03:22:08,2024-02-16 03:34:08,2024-02-16 03:35:08,On Time,1818.6,Wallet,35560,8814,1.0,1,Large"
"3371892236,81763298,2024-05-06 17:18:58,2024-05-06 17:38:58,2024-05-06 17:37:58,On Time,2101.11,Wallet,31710,2699,-1.0,0,Premium"
"6532953824,93924203,2024-11-02 11:49:30,2024-11-02 12:02:30,2024-11-02 12:24:30,Significantly Delayed,3946.2,Cash,1025,6715,22.0,1,Premium"
"252964377,89531595,2024-05-31 08:22:32,2024-05-31 08:33:32,2024-05-31 08:28:32,On Time,1197.31,Cash,41128,2438,-5.0,0,Large"
"6270495384,12272282,2023-09-11 22:37:29,2023-09-11 22:57:29,2023-09-11 22:53:29,On Time,878.07,Cash,10368,2689,-4.0,0,Medium"
"2450770184,45323391,2023-08-11 09:00:48,2023-08-11 09:18:48,2023-08-11 09:28:48,Slightly Delayed,3428.44,Wallet,71871,3016,10.0,1,Premium"
"7543192113,82898985,2023-12-28 05:43:03,2023-12-28 05:55:03,2023-12-28 06:02:03,Slightly Delayed,4768.12,Cash,82419,7250,7.0,1,Premium"
"9890817032,12967305,2023-04-24 06:21:47,2023-04-24 06:38:47,2023-04-24 06:43:47,On Time,582.87,Card,69033,3984,5.0,1,Medium"
"183165359,73098723,2023-05-24 06:47:39,2023-05-24 07:03:39,2023-05-24 07:32:39,Significantly Delayed,90.56,Wallet,57165,6151,29.0,1,Small"
"2136907826,7591711,2023-12-21 14:21:21,2023-12-21 14:34:21,2023-12-21 14:37:21,On Time,887.78,Wallet,16756,200,3.0,1,Medium"
"2801605687,16561710,2024-03-04 21:19:44,2024-03-04 21:31:44,2024-03-04 21:27:44,On Time,1956.01,Card,14972,4864,-4.0,0,Large"
"8869292457,12851610,2024-09-25 04:22:43,2024-09-25 04:36:43,2024-09-25 04:39:43,On Time,2971.17,Card,15395,8529,3.0,1,Premium"
"5414471648,46741896,2023-05-20 03:22:51,2023-05-20 03:37:51,2023-05-20 03:35:51,On Time,3156.76,Card,60303,3751,-2.0,0,Premium"
"7827370415,97770901,2023-06-23 12:23:20,2023-06-23 12:42:20,2023-06-23 12:48:20,Slightly Delayed,576.7,Wallet,59261,4487,6.0,1,Medium"
"7216662926,76327561,2024-07-11 21:59:50,2024-07-11 22:14:50,2024-07-11 22:18:50,On Time,123.74,Cash,71646,354,4.0,1,Small"
"349410429,42514124,2024-01-29 01:59:54,2024-01-29 02:15:54,2024-01-29 02:13:54,On Time,255.6,Wallet,20170,6611,-2.0,0,Small"
"8512030806,77768189,2024-10-26 11:26:17,2024-10-26 11:36:17,2024-10-26 11:44:17,Slightly Delayed,2772.71,Card,64640,5820,8.0,1,Premium"
"8003807551,76917159,2024-08-25 11:46:42,2024-08-25 12:00:42,2024-08-25 12:01:42,On Time,4583.02,Cash,76918,1511,1.0,1,Premium"
"274320517,18567760,2024-08-23 04:13:36,2024-08-23 04:28:36,2024-08-23 04:23:36,On Time,1654.66,Wallet,53245,1714,-5.0,0,Large"
"2150447285,93370787,2024-06-13 10:24:40,2024-06-13 10:43:40,2024-06-13 10:39:40,On Time,1299.62,Upi,23570,2041,-4.0,0,Large"
"5089385450,33608451,2023-06-16 14:35:44,2023-06-16 14:54:44,2023-06-16 15:02:44,Slightly Delayed,3352.28,Upi,51224,4385,8.0,1,Premium"
"8622799862,5386246,2024-02-10 02:57:56,2024-02-10 03:16:56,2024-02-10 03:13:56,On Time,2724.25,Card,87205,6216,-3.0,0,Premium"
"2773034272,36400756,2024-06-27 04:28:30,2024-06-27 04:45:30,2024-06-27 04:49:30,On Time,2309.25,Wallet,69257,224,4.0,1,Premium"
"4028266143,19216141,2023-03-16 08:31:08,2023-03-16 08:48:08,2023-03-16 08:50:08,On Time,616.45,Card,2633,4198,2.0,1,Medium"
"9691888826,54680459,2023-10-31 16:21:00,2023-10-31 16:39:00,2023-10-31 16:42:00,On Time,1075.43,Card,45204,9637,3.0,1,Large"
"8891340263,87718744,2024-09-02 00:09:24,2024-09-02 00:19:24,2024-09-02 00:14:24,On Time,3612.45,Wallet,69702,5048,-5.0,0,Premium"
"1149293318,43459807,2023-11-25 20:09:17,2023-11-25 20:20:17,2023-11-25 20:24:17,On Time,123.74,Upi,36971,8943,4.0,1,Small"
"1288695184,46885873,2023-10-03 01:31:18,2023-10-03 01:47:18,2023-10-03 01:46:18,On Time,984.35,Wallet,20473,2984,-1.0,0,Medium"
"5229336544,72857290,2023-09-22 20:53:29,2023-09-22 21:10:29,2023-09-22 21:16:29,Slightly Delayed,1017.1,Wallet,91261,2166,6.0,1,Large"
"196885435,88045094,2023-06-25 02:20:56,2023-06-25 02:40:56,2023-06-25 02:42:56,On Time,96.09,Wallet,22558,8392,2.0,1,Small"
"6961457996,89704218,2024-10-26 21:31:39,2024-10-26 21:44:39,2024-10-26 21:41:39,On Time,3243.74,Upi,79623,4533,-3.0,0,Premium"
"5059907679,65963876,2024-04-18 11:47:40,2024-04-18 11:57:40,2024-04-18 12:07:40,Slightly Delayed,4049.8,Card,10255,6372,10.0,1,Premium"
"9046226901,38728779,2024-02-28 07:15:01,2024-02-28 07:30:01,2024-02-28 07:25:01,On Time,486.28,Upi,45262,8216,-5.0,0,Small"
"515408216,3408982,2023-12-25 09:36:58,2023-12-25 09:50:58,2023-12-25 09:59:58,Slightly Delayed,1665.29,Upi,85348,6042,9.0,1,Large"
"9048597167,75510747,2024-06-17 02:18:01,2024-06-17 02:32:01,2024-06-17 03:00:01,Significantly Delayed,2379.23,Wallet,24877,2440,28.0,1,Premium"
"4308216668,6335221,2024-07-11 05:59:50,2024-07-11 06:10:50,2024-07-11 06:28:50,Significantly Delayed,3751.75,Upi,36727,287,18.0,1,Premium"
"8671875127,13383642,2023-06-05 01:39:19,2023-06-05 01:52:19,2023-06-05 01:57:19,On Time,2445.48,Wallet,15112,6328,5.0,1,Premium"
"9622968817,96042320,2023-06-12 22:58:47,2023-06-12 23:15:47,2023-06-12 23:10:47,On Time,2846.85,Card,45135,376,-5.0,0,Premium"
"7832599414,18889370,2023-08-07 07:16:25,2023-08-07 07:29:25,2023-08-07 07:27:25,On Time,2986.47,Upi,51384,6045,-2.0,0,Premium"
"5533307028,21577948,2023-05-27 10:39:37,2023-05-27 10:51:37,2023-05-27 10:52:37,On Time,5567.15,Upi,56686,9001,1.0,1,Premium"
"752185231,24633671,2024-03-02 04:01:30,2024-03-02 04:19:30,2024-03-02 04:19:30,On Time,1091.67,Wallet,5165,7627,0.0,0,Large"
"5859787209,8628482,2024-09-30 06:06:12,2024-09-30 06:18:12,2024-09-30 06:28:12,Slightly Delayed,2601.55,Cash,76845,839,10.0,1,Premium"
"1736713150,46741896,2024-01-07 10:03:34,2024-01-07 10:18:34,2024-01-07 10:24:34,Slightly Delayed,730.32,Cash,19501,7481,6.0,1,Medium"
"3620570172,25829710,2024-04-16 18:25:09,2024-04-16 18:36:09,2024-04-16 19:03:09,Significantly Delayed,422.87,Card,35025,7384,27.0,1,Small"
"5758119413,22694456,2024-10-10 09:25:22,2024-10-10 09:37:22,2024-10-10 09:44:22,Slightly Delayed,2017.51,Wallet,72740,9315,7.0,1,Premium"
"2204489775,79257353,2024-05-03 01:11:36,2024-05-03 01:21:36,2024-05-03 01:26:36,On Time,2799.27,Card,79497,1294,5.0,1,Premium"
"5881059783,2219590,2023-08-01 10:03:31,2023-08-01 10:15:31,2023-08-01 10:10:31,On Time,1432.73,Cash,75665,4749,-5.0,0,Large"
"9475167773,48418662,2023-07-24 17:30:20,2023-07-24 17:43:20,2023-07-24 17:53:20,Slightly Delayed,2224.47,Cash,44817,8010,10.0,1,Premium"
"4635228647,6459100,2023-08-27 19:34:49,2023-08-27 19:44:49,2023-08-27 19:48:49,On Time,1218.98,Upi,88768,9635,4.0,1,Large"
"8394536341,6459100,2024-08-17 07:51:09,2024-08-17 08:01:09,2024-08-17 08:11:09,Slightly Delayed,949.73,Cash,97145,2747,10.0,1,Medium"
"4726427550,93699264,2024-02-04 22:57:07,2024-02-04 23:08:07,2024-02-04 23:22:07,Slightly Delayed,891.6,Card,66248,9161,14.0,1,Medium"
"5387935727,22694456,2023-10-02 04:06:47,2023-10-02 04:24:47,2023-10-02 04:20:47,On Time,1457.05,Upi,94937,461,-4.0,0,Large"
"1886705751,73393269,2023-04-19 18:50:45,2023-04-19 19:02:45,2023-04-19 18:57:45,On Time,878.07,Wallet,97590,8345,-5.0,0,Medium"
"4224014067,85218071,2023-05-15 12:01:24,2023-05-15 12:21:24,2023-05-15 12:22:24,On Time,3274.45,Cash,53348,1401,1.0,1,Premium"
"8726515908,82900175,2024-10-01 16:00:07,2024-10-01 16:15:07,2024-10-01 16:14:07,On Time,3941.32,Wallet,68903,4011,-1.0,0,Premium"
"7388091459,10562528,2024-10-16 15:30:51,2024-10-16 15:49:51,2024-10-16 16:02:51,Slightly Delayed,5228.36,Card,64324,1937,13.0,1,Premium"
"9320256091,32595806,2024-01-11 17:10:03,2024-01-11 17:25:03,2024-01-11 17:26:03,On Time,1628.06,Card,42510,9377,1.0,1,Large"
"3872093894,67729191,2023-11-01 11:42:45,2023-11-01 11:55:45,2023-11-01 12:22:45,Significantly Delayed,267.18,Cash,94703,2106,27.0,1,Small"
"992848455,44269569,2024-09-18 12:49:11,2024-09-18 13:00:11,2024-09-18 12:59:11,On Time,2749.56,Card,77210,3122,-1.0,0,Premium"
"4458723519,38902882,2024-09-01 17:25:55,2024-09-01 17:41:55,2024-09-01 17:39:55,On Time,2217.71,Wallet,66237,3777,-2.0,0,Premium"
"7755662096,10700664,2024-01-30 12:43:24,2024-01-30 12:58:24,2024-01-30 13:06:24,Slightly Delayed,1963.69,Cash,39318,7928,8.0,1,Large"
"5779793224,95971469,2024-05-13 01:56:10,2024-05-13 02:11:10,2024-05-13 02:11:10,On Time,2121.4,Card,66680,3790,0.0,0,Premium"
"8253576531,57063557,2023-08-22 19:11:32,2023-08-22 19:26:32,2023-08-22 19:34:32,Slightly Delayed,1686.55,Cash,31219,9907,8.0,1,Large"
"4993169316,90649019,2024-07-10 16:56:35,2024-07-10 17:12:35,2024-07-10 17:21:35,Slightly Delayed,3585.38,Cash,25105,2844,9.0,1,Premium"
"828017545,12622901,2024-03-12 02:25:14,2024-03-12 02:44:14,2024-03-12 02:57:14,Slightly Delayed,1197.51,Upi,1921,3919,13.0,1,Large"
"2012368621,71252391,2024-07-21 04:32:17,2024-07-21 04:44:17,2024-07-21 04:43:17,On Time,1328.97,Card,70216,1514,-1.0,0,Large"
"6603205997,37702698,2024-05-17 07:11:11,2024-05-17 07:30:11,2024-05-17 07:30:11,On Time,4193.2,Card,30506,5722,0.0,0,Premium"
"833581472,31026200,2023-08-19 15:33:38,2023-08-19 15:48:38,2023-08-19 16:00:38,Slightly Delayed,1495.9,Upi,7924,556,12.0,1,Large"
"8755782101,50557979,2023-12-30 16:40:51,2023-12-30 16:55:51,2023-12-30 16:55:51,On Time,424.58,Cash,43429,1255,0.0,0,Small"
"1049830215,44828791,2024-08-06 01:47:05,2024-08-06 01:57:05,2024-08-06 02:07:05,Slightly Delayed,1177.01,Wallet,525,1844,10.0,1,Large"
"2399383238,79789048,2023-11-09 18:09:39,2023-11-09 18:27:39,2023-11-09 18:26:39,On Time,3759.65,Upi,38443,4550,-1.0,0,Premium"
"143399998,46686696,2024-10-17 13:55:44,2024-10-17 14:13:44,2024-10-17 14:24:44,Slightly Delayed,481.63,Upi,24612,833,11.0,1,Small"
"2444273306,32003512,2024-06-27 18:21:46,2024-06-27 18:38:46,2024-06-27 18:36:46,On Time,2023.82,Upi,65109,7225,-2.0,0,Premium"
"1309618968,91228580,2023-04-04 19:47:37,2023-04-04 19:57:37,2023-04-04 19:55:37,On Time,3211.74,Cash,29830,2406,-2.0,0,Premium"
"3972788794,67708491,2024-03-26 00:03:04,2024-03-26 00:23:04,2024-03-26 00:26:04,On Time,1274.33,Wallet,12838,2404,3.0,1,Large"
"2356073413,29902416,2024-03-16 23:23:24,2024-03-16 23:43:24,2024-03-16 23:54:24,Slightly Delayed,2690.61,Card,43363,3908,11.0,1,Premium"
"3775683944,57217288,2024-07-31 20:55:35,2024-07-31 21:08:35,2024-07-31 21:13:35,On Time,3297.69,Upi,43490,8284,5.0,1,Premium"
"8994776653,3002538,2023-12-22 05:55:24,2023-12-22 06:15:24,2023-12-22 06:27:24,Slightly Delayed,2384.45,Upi,42895,6428,12.0,1,Premium"
"8124075720,46741896,2024-10-11 15:31:32,2024-10-11 15:46:32,2024-10-11 15:46:32,On Time,1077.91,Wallet,77902,5406,0.0,0,Large"
"5534171862,97664747,2023-11-19 00:38:11,2023-11-19 00:50:11,2023-11-19 01:02:11,Slightly Delayed,4216.87,Upi,47319,826,12.0,1,Premium"
"4825558658,41008070,2024-08-11 23:00:07,2024-08-11 23:14:07,2024-08-11 23:13:07,On Time,1446.36,Wallet,69839,1030,-1.0,0,Large"
"1541676341,73660582,2023-08-26 23:35:13,2023-08-26 23:47:13,2023-08-26 23:54:13,Slightly Delayed,638.39,Cash,65569,9879,7.0,1,Medium"
"5360755658,68341636,2023-06-22 01:02:47,2023-06-22 01:15:47,2023-06-22 01:13:47,On Time,4391.02,Cash,13204,176,-2.0,0,Premium"
"844328418,29584848,2023-04-11 21:39:16,2023-04-11 21:53:16,2023-04-11 22:20:16,Significantly Delayed,2429.88,Card,21982,5669,27.0,1,Premium"
"1843468816,55425478,2023-07-03 03:03:59,2023-07-03 03:20:59,2023-07-03 03:21:59,On Time,2092.13,Cash,8630,8400,1.0,1,Premium"
"3771484570,60319216,2023-08-15 20:43:06,2023-08-15 21:03:06,2023-08-15 21:01:06,On Time,2809.06,Upi,12214,8845,-2.0,0,Premium"
"2458783424,1497747,2023-06-02 16:45:09,2023-06-02 16:56:09,2023-06-02 16:54:09,On Time,1072.62,Card,20118,937,-2.0,0,Large"
"2272849018,6982488,2024-11-04 00:15:51,2024-11-04 00:34:51,2024-11-04 00:38:51,On Time,1797.17,Upi,46289,5068,4.0,1,Large"
"8549503132,63238941,2023-03-29 10:49:35,2023-03-29 11:03:35,2023-03-29 11:00:35,On Time,1824.21,Cash,86962,8975,-3.0,0,Large"
"4032847942,10857389,2024-09-28 04:10:41,2024-09-28 04:21:41,2024-09-28 04:24:41,On Time,169.88,Wallet,32388,4760,3.0,1,Small"
"8224665612,27727819,2023-07-16 12:34:40,2023-07-16 12:53:40,2023-07-16 12:50:40,On Time,3720.0,Wallet,37229,3474,-3.0,0,Premium"
"8007222259,31940833,2024-02-05 01:14:16,2024-02-05 01:32:16,2024-02-05 01:29:16,On Time,2700.94,Card,14904,7210,-3.0,0,Premium"
"3522030676,46313756,2023-06-01 15:26:41,2023-06-01 15:43:41,2023-06-01 15:52:41,Slightly Delayed,604.87,Wallet,61126,4247,9.0,1,Medium"
"3224743071,17805991,2023-10-04 19:59:38,2023-10-04 20:10:38,2023-10-04 20:15:38,On Time,2374.92,Cash,43,1669,5.0,1,Premium"
"7474790671,43256928,2023-10-13 18:57:52,2023-10-13 19:11:52,2023-10-13 19:18:52,Slightly Delayed,4457.7,Cash,97794,3820,7.0,1,Premium"
"7884745950,13585482,2024-04-09 21:50:29,2024-04-09 22:10:29,2024-04-09 22:13:29,On Time,2356.29,Cash,90525,3955,3.0,1,Premium"
"8269502930,11616535,2024-06-01 02:03:06,2024-06-01 02:23:06,2024-06-01 02:24:06,On Time,826.21,Upi,11674,6811,1.0,1,Medium"
"985347383,50080663,2024-05-22 19:09:02,2024-05-22 19:23:02,2024-05-22 19:24:02,On Time,4860.53,Upi,85773,3020,1.0,1,Premium"
"5932091553,80571942,2024-10-22 11:07:22,2024-10-22 11:26:22,2024-10-22 11:36:22,Slightly Delayed,1269.18,Card,14918,5812,10.0,1,Large"
"69932727,83236183,2024-08-28 16:10:09,2024-08-28 16:25:09,2024-08-28 16:20:09,On Time,2192.28,Wallet,15976,6580,-5.0,0,Premium"
"2715027145,26903313,2024-05-25 03:48:02,2024-05-25 04:07:02,2024-05-25 04:13:02,Slightly Delayed,1301.38,Cash,81723,3804,6.0,1,Large"
"5234261944,18113428,2023-06-30 20:23:31,2023-06-30 20:35:31,2023-06-30 20:38:31,On Time,3315.64,Wallet,42968,5423,3.0,1,Premium"
"2818967815,74212242,2024-04-08 21:17:51,2024-04-08 21:35:51,2024-04-08 22:05:51,Significantly Delayed,1612.04,Cash,39675,1934,30.0,1,Large"
"1598213217,37947202,2023-08-09 12:40:16,2023-08-09 12:53:16,2023-08-09 12:49:16,On Time,4755.76,Wallet,41761,1657,-4.0,0,Premium"
"9087747856,31681710,2024-05-28 19:41:00,2024-05-28 20:01:00,2024-05-28 20:08:00,Slightly Delayed,530.85,Cash,35148,216,7.0,1,Medium"
"9606925547,45659330,2024-03-10 20:52:16,2024-03-10 21:02:16,2024-03-10 21:02:16,On Time,1293.2,Upi,22049,4719,0.0,0,Large"
"9866554851,63793401,2023-07-03 09:17:58,2023-07-03 09:29:58,2023-07-03 09:26:58,On Time,3641.7,Wallet,82357,8277,-3.0,0,Premium"
"3719294769,64316806,2024-08-27 16:53:31,2024-08-27 17:09:31,2024-08-27 17:14:31,On Time,951.43,Upi,918,4799,5.0,1,Medium"
"3576529840,13383642,2024-07-15 11:21:51,2024-07-15 11:31:51,2024-07-15 11:37:51,Slightly Delayed,1697.53,Upi,40696,6837,6.0,1,Large"
"5478986113,72089140,2023-04-16 00:26:28,2023-04-16 00:40:28,2023-04-16 00:49:28,Slightly Delayed,4538.48,Upi,64855,3960,9.0,1,Premium"
"6724582316,14991661,2023-10-28 23:59:05,2023-10-29 00:16:05,2023-10-29 00:11:05,On Time,22.14,Card,87179,3813,-5.0,0,Small"
"4391559649,60904312,2023-06-25 00:05:02,2023-06-25 00:15:02,2023-06-25 00:11:02,On Time,2595.1,Wallet,86088,513,-4.0,0,Premium"
"9530258400,84850688,2023-10-24 23:09:56,2023-10-24 23:20:56,2023-10-24 23:21:56,On Time,3087.68,Upi,36249,9233,1.0,1,Premium"
"609162117,85233498,2023-09-23 16:00:38,2023-09-23 16:14:38,2023-09-23 16:33:38,Significantly Delayed,3723.26,Cash,81927,6939,19.0,1,Premium"
"755143077,6856445,2023-07-31 08:28:13,2023-07-31 08:43:13,2023-07-31 08:43:13,On Time,3152.22,Cash,18005,2140,0.0,0,Premium"
"5239439928,67908555,2023-08-25 08:26:08,2023-08-25 08:46:08,2023-08-25 08:56:08,Slightly Delayed,3988.72,Card,25997,9825,10.0,1,Premium"
"1328248068,51556553,2024-05-14 00:59:20,2024-05-14 01:16:20,2024-05-14 01:29:20,Slightly Delayed,1817.16,Cash,27695,2255,13.0,1,Large"
"1440606577,76917159,2024-04-30 12:42:45,2024-04-30 13:01:45,2024-04-30 13:06:45,On Time,2092.55,Wallet,10954,9846,5.0,1,Premium"
"8884389971,95858939,2024-08-18 17:30:59,2024-08-18 17:40:59,2024-08-18 17:38:59,On Time,1889.4,Upi,82326,6568,-2.0,0,Large"
"7307977336,95858939,2023-09-02 08:47:10,2023-09-02 09:01:10,2023-09-02 08:57:10,On Time,939.2,Cash,93785,4666,-4.0,0,Medium"
"5953535252,79630614,2024-06-08 18:58:00,2024-06-08 19:11:00,2024-06-08 19:07:00,On Time,1693.84,Upi,18950,6004,-4.0,0,Large"
"6133025410,6061349,2023-09-09 09:06:23,2023-09-09 09:19:23,2023-09-09 09:22:23,On Time,3478.04,Cash,11126,8516,3.0,1,Premium"
"798088726,89699655,2023-09-07 07:57:54,2023-09-07 08:10:54,2023-09-07 08:16:54,Slightly Delayed,3022.46,Cash,53764,2013,6.0,1,Premium"
"3372412988,89036169,2024-01-22 20:01:10,2024-01-22 20:12:10,2024-01-22 20:10:10,On Time,3759.52,Upi,56993,6810,-2.0,0,Premium"
"4910060567,24323106,2023-04-02 10:43:26,2023-04-02 11:02:26,2023-04-02 10:58:26,On Time,3151.21,Upi,19589,9462,-4.0,0,Premium"
"8708211566,38420886,2023-04-30 20:23:35,2023-04-30 20:37:35,2023-04-30 20:48:35,Slightly Delayed,2544.23,Cash,4219,3772,11.0,1,Premium"
"2126853184,92509376,2024-10-15 20:53:48,2024-10-15 21:05:48,2024-10-15 21:14:48,Slightly Delayed,2444.79,Cash,9528,8086,9.0,1,Premium"
"4390795259,66932104,2023-09-20 09:46:52,2023-09-20 09:59:52,2023-09-20 09:55:52,On Time,923.84,Upi,28675,1417,-4.0,0,Medium"
"9030686359,5961261,2023-05-01 23:02:00,2023-05-01 23:12:00,2023-05-01 23:16:00,On Time,2386.48,Card,24142,3717,4.0,1,Premium"
"8565611606,85854265,2024-02-01 04:19:46,2024-02-01 04:29:46,2024-02-01 04:54:46,Significantly Delayed,1156.45,Card,37301,2415,25.0,1,Large"
"6782020758,23380116,2023-11-30 06:23:19,2023-11-30 06:36:19,2023-11-30 06:40:19,On Time,1979.99,Cash,83133,7482,4.0,1,Large"
"561884159,84066402,2023-09-01 14:23:30,2023-09-01 14:33:30,2023-09-01 14:37:30,On Time,3232.78,Wallet,64474,1026,4.0,1,Premium"
"2767430579,16424635,2023-10-21 07:51:34,2023-10-21 08:04:34,2023-10-21 08:11:34,Slightly Delayed,2819.8,Wallet,16851,8979,7.0,1,Premium"
"5934372451,56441247,2023-04-10 01:58:24,2023-04-10 02:10:24,2023-04-10 02:05:24,On Time,3355.51,Cash,81095,9122,-5.0,0,Premium"
"6833977302,97475543,2023-06-05 04:44:35,2023-06-05 04:57:35,2023-06-05 05:22:35,Significantly Delayed,2495.74,Wallet,66274,9262,25.0,1,Premium"
"8396649871,2517955,2024-02-27 16:16:35,2024-02-27 16:26:35,2024-02-27 16:27:35,On Time,950.6,Upi,66543,1658,1.0,1,Medium"
"1937188757,57392064,2023-09-05 02:46:11,2023-09-05 02:59:11,2023-09-05 03:04:11,On Time,3936.8,Cash,55848,8861,5.0,1,Premium"
"3142198801,49152878,2024-07-16 01:14:38,2024-07-16 01:25:38,2024-07-16 01:24:38,On Time,1409.38,Wallet,7052,40,-1.0,0,Large"
"6087109745,84824280,2023-03-18 19:01:19,2023-03-18 19:21:19,2023-03-18 19:24:19,On Time,2201.69,Cash,77386,1486,3.0,1,Premium"
"8895262247,191616,2023-03-20 03:14:16,2023-03-20 03:25:16,2023-03-20 03:40:16,Slightly Delayed,1664.01,Card,44279,7859,15.0,1,Large"
"5138524153,7522036,2023-08-09 18:06:42,2023-08-09 18:21:42,2023-08-09 18:16:42,On Time,845.0,Card,44843,3542,-5.0,0,Medium"
"9789995549,34567918,2024-01-24 22:05:21,2024-01-24 22:25:21,2024-01-24 22:29:21,On Time,2653.75,Cash,12282,7209,4.0,1,Premium"
"7485459856,89784343,2023-09-15 07:10:58,2023-09-15 07:22:58,2023-09-15 07:20:58,On Time,1163.04,Upi,77052,8664,-2.0,0,Large"
"4033626537,66943324,2023-05-03 22:54:44,2023-05-03 23:09:44,2023-05-03 23:09:44,On Time,1379.99,Upi,15034,4743,0.0,0,Large"
"9370915142,95372766,2023-10-28 19:29:21,2023-10-28 19:49:21,2023-10-28 19:59:21,Slightly Delayed,1849.29,Card,53012,6129,10.0,1,Large"
"7211325894,70976153,2023-04-21 14:27:48,2023-04-21 14:41:48,2023-04-21 14:36:48,On Time,2956.03,Card,9731,5539,-5.0,0,Premium"
"3482827003,77869660,2023-05-08 14:59:01,2023-05-08 15:11:01,2023-05-08 15:23:01,Slightly Delayed,3749.87,Wallet,79094,6253,12.0,1,Premium"
"6656246719,19180962,2024-09-09 13:42:16,2024-09-09 13:53:16,2024-09-09 14:07:16,Slightly Delayed,885.08,Wallet,29942,8464,14.0,1,Medium"
"6092663288,51341672,2024-09-28 03:12:58,2024-09-28 03:32:58,2024-09-28 03:27:58,On Time,4680.35,Cash,67487,8336,-5.0,0,Premium"
"9346041594,77559557,2023-06-08 14:26:52,2023-06-08 14:40:52,2023-06-08 14:39:52,On Time,3936.68,Cash,29892,190,-1.0,0,Premium"
"9105127475,87213891,2023-11-10 13:37:27,2023-11-10 13:54:27,2023-11-10 14:06:27,Slightly Delayed,4110.56,Card,74365,57,12.0,1,Premium"
"6120818381,34768050,2024-05-02 00:28:42,2024-05-02 00:38:42,2024-05-02 00:34:42,On Time,3091.49,Upi,30114,7698,-4.0,0,Premium"
"5174370629,31156674,2024-07-09 02:51:49,2024-07-09 03:01:49,2024-07-09 03:05:49,On Time,729.87,Card,60359,5902,4.0,1,Medium"
"3244930036,67386193,2023-05-15 01:17:28,2023-05-15 01:33:28,2023-05-15 01:36:28,On Time,2457.44,Cash,88104,2332,3.0,1,Premium"
"2976493998,820740,2024-10-26 08:38:46,2024-10-26 08:56:46,2024-10-26 09:03:46,Slightly Delayed,2716.3,Card,73434,3202,7.0,1,Premium"
"7971593791,92209869,2023-06-14 04:31:45,2023-06-14 04:41:45,2023-06-14 04:57:45,Significantly Delayed,2048.91,Wallet,41540,9162,16.0,1,Premium"
"4052544342,58214883,2024-04-30 18:23:36,2024-04-30 18:38:36,2024-04-30 18:54:36,Significantly Delayed,987.59,Cash,48904,7759,16.0,1,Medium"
"6264003424,26863280,2024-08-03 11:28:53,2024-08-03 11:42:53,2024-08-03 11:42:53,On Time,517.03,Upi,73469,1483,0.0,0,Medium"
"3436107152,64141971,2024-04-04 18:16:56,2024-04-04 18:29:56,2024-04-04 18:34:56,On Time,3112.14,Upi,6379,4757,5.0,1,Premium"
"8546631319,10541231,2023-10-30 18:42:37,2023-10-30 18:58:37,2023-10-30 19:02:37,On Time,327.07,Wallet,91729,902,4.0,1,Small"
"640960551,34237583,2023-06-09 02:50:17,2023-06-09 03:03:17,2023-06-09 03:05:17,On Time,3018.53,Cash,25009,8596,2.0,1,Premium"
"1141173434,5961261,2023-11-24 04:24:42,2023-11-24 04:38:42,2023-11-24 04:50:42,Slightly Delayed,77.11,Wallet,62363,113,12.0,1,Small"
"528309380,52409516,2024-04-30 10:59:53,2024-04-30 11:10:53,2024-04-30 11:19:53,Slightly Delayed,2021.54,Wallet,62555,8858,9.0,1,Premium"
"2387509904,63310076,2024-07-26 00:01:41,2024-07-26 00:18:41,2024-07-26 00:23:41,On Time,4019.23,Card,89577,5614,5.0,1,Premium"
"6791931269,38133873,2024-07-05 01:32:45,2024-07-05 01:45:45,2024-07-05 01:50:45,On Time,329.79,Wallet,51873,3261,5.0,1,Small"
"4063689432,6025470,2023-10-14 03:18:34,2023-10-14 03:34:34,2023-10-14 03:33:34,On Time,4593.42,Cash,72992,370,-1.0,0,Premium"
"1206887762,59909004,2024-06-19 01:04:43,2024-06-19 01:23:43,2024-06-19 01:37:43,Slightly Delayed,1620.95,Wallet,20391,9364,14.0,1,Large"
"6409437174,3399251,2023-12-06 13:00:16,2023-12-06 13:14:16,2023-12-06 13:36:16,Significantly Delayed,1348.39,Wallet,9955,866,22.0,1,Large"
"1355164713,28995786,2023-09-03 15:15:59,2023-09-03 15:30:59,2023-09-03 15:31:59,On Time,2054.43,Card,7902,3264,1.0,1,Premium"
"2604772138,15144290,2024-05-21 11:26:22,2024-05-21 11:44:22,2024-05-21 11:46:22,On Time,1515.64,Cash,8171,9574,2.0,1,Large"
"5868093790,61618079,2023-04-05 23:55:52,2023-04-06 00:08:52,2023-04-06 00:11:52,On Time,443.03,Card,30003,6582,3.0,1,Small"
"10161194,63238941,2023-12-24 23:10:35,2023-12-24 23:28:35,2023-12-24 23:31:35,On Time,3827.54,Card,58293,6592,3.0,1,Premium"
"8930380639,98540377,2023-10-03 02:51:58,2023-10-03 03:09:58,2023-10-03 03:09:58,On Time,556.35,Upi,4457,6679,0.0,0,Medium"
"2247940574,11202130,2024-04-09 07:42:54,2024-04-09 08:02:54,2024-04-09 08:07:54,On Time,2397.73,Card,67154,5259,5.0,1,Premium"
"6190907327,64151769,2023-11-03 00:35:52,2023-11-03 00:52:52,2023-11-03 00:52:52,On Time,1891.03,Card,9720,3217,0.0,0,Large"
"127277515,35455991,2023-09-30 08:18:09,2023-09-30 08:37:09,2023-09-30 08:41:09,On Time,2838.48,Card,87204,3277,4.0,1,Premium"
"8209093135,2558646,2023-10-30 06:16:40,2023-10-30 06:35:40,2023-10-30 06:37:40,On Time,481.63,Card,43473,744,2.0,1,Small"
"4419380079,1989720,2023-12-15 15:15:19,2023-12-15 15:33:19,2023-12-15 15:41:19,Slightly Delayed,3278.3,Cash,19632,1701,8.0,1,Premium"
"2954606845,14294171,2024-10-26 08:39:43,2024-10-26 08:58:43,2024-10-26 08:54:43,On Time,995.56,Wallet,96117,7556,-4.0,0,Medium"
"5128739359,57081917,2024-07-25 03:49:30,2024-07-25 04:00:30,2024-07-25 03:55:30,On Time,730.51,Cash,37108,9183,-5.0,0,Medium"
"8183315245,80499378,2024-02-27 15:17:56,2024-02-27 15:33:56,2024-02-27 15:47:56,Slightly Delayed,825.46,Upi,14135,8694,14.0,1,Medium"
"8820606892,8395343,2023-04-13 05:56:54,2023-04-13 06:14:54,2023-04-13 06:16:54,On Time,2635.56,Cash,75354,4241,2.0,1,Premium"
"7779228340,8395343,2023-06-09 09:44:03,2023-06-09 10:02:03,2023-06-09 09:57:03,On Time,545.49,Cash,57356,9297,-5.0,0,Medium"
"8459230018,50899600,2024-06-02 23:56:31,2024-06-03 00:07:31,2024-06-03 00:07:31,On Time,4124.32,Upi,26266,328,0.0,0,Premium"
"7060468800,83867512,2024-07-03 03:43:39,2024-07-03 03:54:39,2024-07-03 04:06:39,Slightly Delayed,2192.05,Wallet,76511,351,12.0,1,Premium"
"218821567,95428692,2024-03-08 20:49:16,2024-03-08 21:08:16,2024-03-08 21:04:16,On Time,1711.15,Cash,71006,164,-4.0,0,Large"
"7795766861,79135318,2023-05-10 23:35:01,2023-05-10 23:54:01,2023-05-10 23:53:01,On Time,3024.18,Wallet,32999,291,-1.0,0,Premium"
"4285804383,23755474,2023-05-01 02:15:15,2023-05-01 02:26:15,2023-05-01 02:37:15,Slightly Delayed,479.64,Card,90470,2486,11.0,1,Small"
"5961051248,20834589,2024-10-28 20:12:29,2024-10-28 20:23:29,2024-10-28 20:26:29,On Time,3502.35,Cash,69003,3409,3.0,1,Premium"
"5630323534,98218863,2024-03-08 13:40:09,2024-03-08 13:51:09,2024-03-08 13:58:09,Slightly Delayed,1450.75,Cash,5799,2286,7.0,1,Large"
"4642824835,76327561,2024-07-07 02:41:18,2024-07-07 02:51:18,2024-07-07 02:53:18,On Time,4721.64,Cash,42958,209,2.0,1,Premium"
"3060527554,75213636,2024-03-27 15:50:30,2024-03-27 16:05:30,2024-03-27 16:13:30,Slightly Delayed,1143.28,Upi,55714,2318,8.0,1,Large"
"4048252396,75213636,2024-04-12 19:45:15,2024-04-12 20:04:15,2024-04-12 20:00:15,On Time,2437.04,Wallet,94706,7401,-4.0,0,Premium"
"1271431612,18082040,2024-04-16 13:05:31,2024-04-16 13:16:31,2024-04-16 13:22:31,Slightly Delayed,2167.1,Cash,48259,3997,6.0,1,Premium"
"8981940261,31537100,2024-05-24 18:51:34,2024-05-24 19:09:34,2024-05-24 19:07:34,On Time,3097.06,Cash,56327,9485,-2.0,0,Premium"
"3896239510,90856813,2023-05-19 13:05:59,2023-05-19 13:21:59,2023-05-19 13:35:59,Slightly Delayed,2011.56,Card,63917,3580,14.0,1,Premium"
"711316410,25587553,2024-02-20 10:15:11,2024-02-20 10:30:11,2024-02-20 10:32:11,On Time,2027.04,Cash,6620,1779,2.0,1,Premium"
"9863502398,31619915,2023-12-19 09:35:31,2023-12-19 09:48:31,2023-12-19 09:50:31,On Time,1379.82,Card,30168,6501,2.0,1,Large"
"293770293,45066676,2023-09-20 05:43:04,2023-09-20 05:57:04,2023-09-20 06:02:04,On Time,1019.25,Upi,80022,9076,5.0,1,Large"
"890800429,95594611,2024-03-28 02:58:31,2024-03-28 03:15:31,2024-03-28 03:17:31,On Time,2490.28,Cash,4235,2863,2.0,1,Premium"
"1270503169,8791577,2024-07-09 11:42:13,2024-07-09 11:52:13,2024-07-09 11:55:13,On Time,3836.35,Wallet,87390,2209,3.0,1,Premium"
"168180571,89910157,2023-03-16 14:50:01,2023-03-16 15:06:01,2023-03-16 15:16:01,Slightly Delayed,563.45,Cash,41985,6130,10.0,1,Medium"
"111296281,28413467,2024-05-28 15:17:09,2024-05-28 15:30:09,2024-05-28 15:28:09,On Time,4414.19,Upi,6245,348,-2.0,0,Premium"
"7329085364,53392567,2023-06-07 21:24:43,2023-06-07 21:44:43,2023-06-07 21:45:43,On Time,332.84,Wallet,35350,5424,1.0,1,Small"
"1129130498,62243869,2023-12-01 16:38:53,2023-12-01 16:52:53,2023-12-01 16:47:53,On Time,2623.48,Card,63048,4381,-5.0,0,Premium"
"996939836,23794330,2024-05-15 12:53:16,2024-05-15 13:07:16,2024-05-15 13:06:16,On Time,3269.43,Upi,71808,5098,-1.0,0,Premium"
"8263379807,14479168,2023-04-16 11:33:52,2023-04-16 11:50:52,2023-04-16 11:49:52,On Time,3179.87,Upi,1156,4213,-1.0,0,Premium"
"5735975899,83304571,2023-09-14 07:37:08,2023-09-14 07:57:08,2023-09-14 07:59:08,On Time,2199.37,Card,74786,5286,2.0,1,Premium"
"9651034668,70615775,2024-09-07 09:46:29,2024-09-07 09:57:29,2024-09-07 09:58:29,On Time,2603.33,Cash,69245,8727,1.0,1,Premium"
"3103539793,75244116,2023-07-30 23:53:19,2023-07-31 00:08:19,2023-07-31 00:03:19,On Time,2514.37,Cash,460,2907,-5.0,0,Premium"
"1611921781,48776805,2023-06-01 13:00:30,2023-06-01 13:10:30,2023-06-01 13:10:30,On Time,2698.66,Card,14763,7520,0.0,0,Premium"
"7532381028,73392739,2023-03-21 19:55:00,2023-03-21 20:07:00,2023-03-21 20:04:00,On Time,3637.95,Cash,72118,2672,-3.0,0,Premium"
"7803665404,63571453,2023-05-27 23:22:57,2023-05-27 23:38:57,2023-05-27 23:42:57,On Time,2423.07,Upi,41752,5038,4.0,1,Premium"
"466184886,40277444,2023-08-16 22:52:34,2023-08-16 23:10:34,2023-08-16 23:06:34,On Time,2154.04,Card,95724,9024,-4.0,0,Premium"
"4692518050,46989310,2024-03-29 00:13:21,2024-03-29 00:26:21,2024-03-29 00:25:21,On Time,2176.24,Card,33265,3998,-1.0,0,Premium"
"9408428,31456752,2023-08-30 13:34:14,2023-08-30 13:54:14,2023-08-30 13:50:14,On Time,1911.86,Upi,76392,9889,-4.0,0,Large"
"8766330526,85907588,2023-04-14 13:16:47,2023-04-14 13:29:47,2023-04-14 13:26:47,On Time,1580.27,Cash,98295,2066,-3.0,0,Large"
"9221423039,42208242,2024-10-27 13:36:06,2024-10-27 13:55:06,2024-10-27 13:50:06,On Time,1574.23,Wallet,54403,25,-5.0,0,Large"
"4268661538,22694456,2023-10-24 03:46:33,2023-10-24 03:59:33,2023-10-24 04:01:33,On Time,5136.72,Cash,33402,2987,2.0,1,Premium"
"1378809665,52409516,2023-03-18 19:45:58,2023-03-18 20:01:58,2023-03-18 20:06:58,On Time,3370.17,Wallet,27819,5417,5.0,1,Premium"
"4917941248,83701325,2024-05-19 04:01:01,2024-05-19 04:11:01,2024-05-19 04:14:01,On Time,3135.65,Cash,86288,7404,3.0,1,Premium"
"5132792285,19080489,2024-04-10 14:07:17,2024-04-10 14:26:17,2024-04-10 14:23:17,On Time,2858.4,Wallet,10112,3189,-3.0,0,Premium"
"3776678112,34655710,2023-12-09 22:30:33,2023-12-09 22:43:33,2023-12-09 22:59:33,Significantly Delayed,2429.82,Cash,48559,3210,16.0,1,Premium"
"6940411801,59009727,2023-07-01 21:55:34,2023-07-01 22:07:34,2023-07-01 22:20:34,Slightly Delayed,1888.04,Upi,4371,6174,13.0,1,Large"
"7422521525,92509376,2024-03-16 01:39:27,2024-03-16 01:59:27,2024-03-16 01:54:27,On Time,643.87,Card,706,4268,-5.0,0,Medium"
"4419022028,23961725,2023-12-13 09:25:07,2023-12-13 09:37:07,2023-12-13 09:42:07,On Time,3804.98,Upi,44847,183,5.0,1,Premium"
"8016651984,90745023,2023-04-30 06:35:41,2023-04-30 06:46:41,2023-04-30 06:48:41,On Time,651.93,Card,19538,2196,2.0,1,Medium"
"2361722422,89412038,2023-04-27 09:53:35,2023-04-27 10:07:35,2023-04-27 10:12:35,On Time,3755.33,Wallet,89265,4259,5.0,1,Premium"
"1001453982,34668988,2023-07-31 04:57:56,2023-07-31 05:13:56,2023-07-31 05:24:56,Slightly Delayed,2774.06,Cash,611,8763,11.0,1,Premium"
"9093918346,74038361,2024-03-31 22:52:56,2024-03-31 23:04:56,2024-03-31 23:08:56,On Time,3918.67,Upi,65217,2999,4.0,1,Premium"
"3969014433,61982521,2023-08-09 13:04:23,2023-08-09 13:24:23,2023-08-09 13:19:23,On Time,2747.35,Upi,62397,9872,-5.0,0,Premium"
"9684561720,61121421,2023-09-04 11:40:25,2023-09-04 11:52:25,2023-09-04 11:56:25,On Time,1514.4,Cash,53523,2246,4.0,1,Large"
"7031115362,27878182,2024-10-25 07:48:29,2024-10-25 07:59:29,2024-10-25 08:29:29,Significantly Delayed,2998.51,Upi,93983,5151,30.0,1,Premium"
"8204766849,76020843,2024-07-29 02:53:06,2024-07-29 03:06:06,2024-07-29 03:26:06,Significantly Delayed,3350.53,Card,1679,3990,20.0,1,Premium"
"2785412612,60210778,2024-03-18 21:22:29,2024-03-18 21:35:29,2024-03-18 21:31:29,On Time,1439.58,Card,96984,7667,-4.0,0,Large"
"2624138741,31718565,2024-04-18 01:09:21,2024-04-18 01:23:21,2024-04-18 01:18:21,On Time,1112.82,Cash,2332,5824,-5.0,0,Large"
"748376248,66766629,2023-08-29 00:41:18,2023-08-29 00:57:18,2023-08-29 00:53:18,On Time,2422.16,Cash,12777,2386,-4.0,0,Premium"
"6096787440,25128143,2023-03-18 12:00:39,2023-03-18 12:17:39,2023-03-18 12:14:39,On Time,2294.77,Card,91233,8358,-3.0,0,Premium"
"8787660233,90586029,2024-05-26 07:16:36,2024-05-26 07:35:36,2024-05-26 07:46:36,Slightly Delayed,1435.29,Card,58570,2445,11.0,1,Large"
"3845481278,63870636,2023-07-05 05:55:10,2023-07-05 06:14:10,2023-07-05 06:15:10,On Time,3988.77,Card,76640,881,1.0,1,Premium"
"4636134267,57642258,2024-02-28 19:30:45,2024-02-28 19:49:45,2024-02-28 20:02:45,Slightly Delayed,223.27,Card,75957,7151,13.0,1,Small"
"4538825340,45700739,2024-04-05 10:26:34,2024-04-05 10:44:34,2024-04-05 10:46:34,On Time,4269.5,Cash,53653,1624,2.0,1,Premium"
"4553101047,39301587,2024-05-31 23:11:12,2024-05-31 23:23:12,2024-05-31 23:20:12,On Time,236.51,Wallet,32873,3855,-3.0,0,Small"
"2193853405,42208242,2023-05-30 20:49:41,2023-05-30 21:05:41,2023-05-30 21:15:41,Slightly Delayed,657.71,Upi,61506,9875,10.0,1,Medium"
"1642059453,7378768,2023-08-12 05:14:33,2023-08-12 05:33:33,2023-08-12 05:36:33,On Time,1277.62,Card,58385,9556,3.0,1,Large"
"5890339330,2188994,2024-05-21 16:19:30,2024-05-21 16:31:30,2024-05-21 16:26:30,On Time,3750.59,Wallet,84178,5506,-5.0,0,Premium"
"313663478,6959437,2024-02-21 16:55:20,2024-02-21 17:14:20,2024-02-21 17:17:20,On Time,1184.42,Wallet,65113,2287,3.0,1,Large"
"8591576320,79916464,2023-07-29 06:28:49,2023-07-29 06:38:49,2023-07-29 06:33:49,On Time,3993.97,Upi,39993,5912,-5.0,0,Premium"
"4728104591,31389750,2023-11-06 02:50:03,2023-11-06 03:00:03,2023-11-06 02:55:03,On Time,650.2,Wallet,87703,6986,-5.0,0,Medium"
"8276401643,88252625,2024-10-17 06:18:51,2024-10-17 06:36:51,2024-10-17 06:31:51,On Time,4724.31,Card,18608,7395,-5.0,0,Premium"
"8709694061,6724509,2024-10-17 11:15:32,2024-10-17 11:30:32,2024-10-17 11:44:32,Slightly Delayed,114.52,Upi,70333,7522,14.0,1,Small"
"4080156881,97770901,2024-04-03 18:42:51,2024-04-03 18:58:51,2024-04-03 18:58:51,On Time,950.39,Cash,11130,3532,0.0,0,Medium"
"7485829116,49050014,2024-03-30 13:45:50,2024-03-30 14:02:50,2024-03-30 14:03:50,On Time,3895.28,Card,71081,4815,1.0,1,Premium"
"7378865582,30643619,2023-05-23 18:01:13,2023-05-23 18:21:13,2023-05-23 18:17:13,On Time,340.66,Card,44634,4250,-4.0,0,Small"
"335575667,32929817,2023-09-07 06:07:54,2023-09-07 06:23:54,2023-09-07 06:24:54,On Time,3048.86,Card,2018,3663,1.0,1,Premium"
"1621109077,87450286,2024-03-25 17:49:50,2024-03-25 17:59:50,2024-03-25 18:06:50,Slightly Delayed,4969.83,Card,83040,3410,7.0,1,Premium"
"7468088555,21697638,2023-05-10 11:30:56,2023-05-10 11:44:56,2023-05-10 11:41:56,On Time,2410.07,Cash,80809,465,-3.0,0,Premium"
"3676517886,57505804,2024-06-08 19:12:48,2024-06-08 19:26:48,2024-06-08 19:38:48,Slightly Delayed,582.03,Wallet,82211,3625,12.0,1,Medium"
"1746921111,56604077,2024-08-28 18:31:18,2024-08-28 18:41:18,2024-08-28 18:39:18,On Time,2466.28,Card,82913,7956,-2.0,0,Premium"
"7774691391,42514124,2023-07-20 08:34:35,2023-07-20 08:53:35,2023-07-20 08:58:35,On Time,1545.97,Cash,34427,9396,5.0,1,Large"
"8220678247,63858550,2024-06-23 18:23:45,2024-06-23 18:35:45,2024-06-23 18:33:45,On Time,2089.26,Cash,13272,702,-2.0,0,Premium"
"6048604080,98218863,2023-09-06 02:01:23,2023-09-06 02:19:23,2023-09-06 02:16:23,On Time,5820.25,Cash,90276,7098,-3.0,0,Premium"
"8545716586,98540377,2024-01-12 13:17:31,2024-01-12 13:34:31,2024-01-12 13:48:31,Slightly Delayed,1454.01,Wallet,72311,3915,14.0,1,Large"
"530870056,39140039,2024-08-15 12:59:18,2024-08-15 13:11:18,2024-08-15 13:08:18,On Time,2788.5,Upi,48704,472,-3.0,0,Premium"
"4055690435,15568831,2023-04-05 02:02:30,2023-04-05 02:20:30,2023-04-05 02:16:30,On Time,3571.53,Cash,25984,2874,-4.0,0,Premium"
"7096530350,97411107,2024-06-26 04:19:57,2024-06-26 04:39:57,2024-06-26 04:38:57,On Time,2474.92,Card,13756,767,-1.0,0,Premium"
"7083649345,75464725,2023-05-20 10:11:53,2023-05-20 10:24:53,2023-05-20 10:26:53,On Time,3009.87,Wallet,44505,1374,2.0,1,Premium"
"836457367,2365348,2024-06-02 05:56:22,2024-06-02 06:14:22,2024-06-02 06:42:22,Significantly Delayed,4789.73,Wallet,81718,3262,28.0,1,Premium"
"7698126312,1705969,2023-10-31 03:35:39,2023-10-31 03:51:39,2023-10-31 04:02:39,Slightly Delayed,2404.95,Upi,58953,1023,11.0,1,Premium"
"2267297760,5754255,2024-01-29 11:49:19,2024-01-29 12:03:19,2024-01-29 11:59:19,On Time,1895.47,Cash,85720,8171,-4.0,0,Large"
"1717841423,87954926,2024-01-31 20:29:40,2024-01-31 20:44:40,2024-01-31 20:50:40,Slightly Delayed,2393.48,Wallet,56322,9204,6.0,1,Premium"
"4330597536,40563029,2023-04-11 14:50:09,2023-04-11 15:08:09,2023-04-11 15:12:09,On Time,1494.23,Wallet,26934,1372,4.0,1,Large"
"3687593721,61121421,2023-05-16 22:20:38,2023-05-16 22:40:38,2023-05-16 22:49:38,Slightly Delayed,3344.72,Wallet,22476,5775,9.0,1,Premium"
"6660740926,119099,2024-05-24 16:36:21,2024-05-24 16:47:21,2024-05-24 16:58:21,Slightly Delayed,2771.28,Card,50382,7468,11.0,1,Premium"
"9439713009,4439806,2024-04-22 02:53:06,2024-04-22 03:09:06,2024-04-22 03:06:06,On Time,1804.06,Upi,8281,8462,-3.0,0,Large"
"5281121057,67908555,2023-08-20 22:24:44,2023-08-20 22:35:44,2023-08-20 22:49:44,Slightly Delayed,2207.49,Cash,14666,3916,14.0,1,Premium"
"7044351561,91024604,2023-09-19 16:19:53,2023-09-19 16:35:53,2023-09-19 16:34:53,On Time,4069.86,Card,50051,5705,-1.0,0,Premium"
"9121393476,57896058,2023-08-01 08:04:38,2023-08-01 08:20:38,2023-08-01 08:19:38,On Time,1583.71,Upi,14938,4537,-1.0,0,Large"
"7202170939,50518311,2024-01-13 13:46:21,2024-01-13 14:02:21,2024-01-13 14:06:21,On Time,1105.29,Cash,5907,3578,4.0,1,Large"
"1429047127,18465047,2023-12-09 20:37:38,2023-12-09 20:57:38,2023-12-09 21:15:38,Significantly Delayed,4708.07,Card,53462,3650,18.0,1,Premium"
"8551965787,8383197,2024-10-16 11:19:47,2024-10-16 11:36:47,2024-10-16 11:33:47,On Time,3864.44,Wallet,97423,2708,-3.0,0,Premium"
"6756882357,83155219,2024-06-23 09:48:26,2024-06-23 09:58:26,2024-06-23 09:53:26,On Time,654.31,Upi,20722,5223,-5.0,0,Medium"
"618929241,53624677,2023-10-02 21:26:22,2023-10-02 21:36:22,2023-10-02 21:53:22,Significantly Delayed,2348.09,Upi,78204,8015,17.0,1,Premium"
"9711157887,46615831,2024-01-03 18:21:23,2024-01-03 18:39:23,2024-01-03 18:40:23,On Time,2577.15,Wallet,5779,6137,1.0,1,Premium"
"354149805,41164215,2024-04-17 21:44:47,2024-04-17 22:03:47,2024-04-17 22:04:47,On Time,1274.62,Cash,99775,5877,1.0,1,Large"
"231328814,25287111,2024-04-19 04:03:27,2024-04-19 04:16:27,2024-04-19 04:25:27,Slightly Delayed,2506.93,Wallet,47916,7970,9.0,1,Premium"
"523916986,66761643,2024-09-19 07:46:51,2024-09-19 08:05:51,2024-09-19 08:03:51,On Time,1152.87,Cash,35635,7927,-2.0,0,Large"
"1930887811,12302179,2023-08-10 04:55:14,2023-08-10 05:11:14,2023-08-10 05:11:14,On Time,1497.01,Upi,30771,5070,0.0,0,Large"
"9958741781,95971469,2024-08-26 01:43:47,2024-08-26 01:59:47,2024-08-26 02:08:47,Slightly Delayed,2439.42,Wallet,94839,9597,9.0,1,Premium"
"6727230123,26303194,2024-10-19 12:16:02,2024-10-19 12:35:02,2024-10-19 12:51:02,Significantly Delayed,1806.96,Cash,77576,3775,16.0,1,Large"
"9487368442,50899600,2023-08-09 18:34:10,2023-08-09 18:52:10,2023-08-09 18:55:10,On Time,1725.5,Card,38330,4068,3.0,1,Large"
"671459763,50630016,2024-06-23 14:18:16,2024-06-23 14:36:16,2024-06-23 14:41:16,On Time,1249.31,Cash,65075,5402,5.0,1,Large"
"9129957352,95971469,2023-09-06 16:47:31,2023-09-06 17:01:31,2023-09-06 17:05:31,On Time,2166.2,Upi,65283,435,4.0,1,Premium"
"9206073690,19425804,2024-06-07 18:00:15,2024-06-07 18:12:15,2024-06-07 18:16:15,On Time,1452.39,Upi,35739,5158,4.0,1,Large"
"5587148302,32635818,2024-09-23 21:07:03,2024-09-23 21:21:03,2024-09-23 21:26:03,On Time,2028.78,Cash,6600,7273,5.0,1,Premium"
"6936256414,72263318,2024-06-23 03:12:15,2024-06-23 03:22:15,2024-06-23 03:27:15,On Time,2331.06,Upi,11559,303,5.0,1,Premium"
"3341228576,91196901,2023-05-05 02:09:40,2023-05-05 02:21:40,2023-05-05 02:27:40,Slightly Delayed,3724.8,Wallet,49279,1134,6.0,1,Premium"
"4817323453,75028268,2023-09-07 06:40:32,2023-09-07 06:51:32,2023-09-07 06:53:32,On Time,340.36,Cash,73349,8512,2.0,1,Small"
"1163454835,50392139,2023-12-06 05:40:58,2023-12-06 05:56:58,2023-12-06 06:01:58,On Time,1711.61,Upi,53545,2931,5.0,1,Large"
"5236061455,48158494,2023-04-06 23:50:19,2023-04-07 00:05:19,2023-04-07 00:09:19,On Time,2844.94,Cash,14592,1802,4.0,1,Premium"
"5982829268,90038364,2023-04-01 04:32:39,2023-04-01 04:43:39,2023-04-01 04:43:39,On Time,2923.98,Cash,97197,6399,0.0,0,Premium"
"1901688056,16780752,2023-09-13 16:06:06,2023-09-13 16:20:06,2023-09-13 16:20:06,On Time,2814.99,Card,13115,1188,0.0,0,Premium"
"5936051107,83304462,2024-10-21 14:47:16,2024-10-21 14:58:16,2024-10-21 15:10:16,Slightly Delayed,939.55,Wallet,63513,1813,12.0,1,Medium"
"3018272105,18465047,2023-03-21 02:48:16,2023-03-21 02:59:16,2023-03-21 02:56:16,On Time,4236.91,Upi,51005,4858,-3.0,0,Premium"
"3656191983,59252433,2023-08-16 23:04:52,2023-08-16 23:21:52,2023-08-16 23:20:52,On Time,3775.69,Card,4230,7180,-1.0,0,Premium"
"5186692805,97678578,2023-11-08 14:57:16,2023-11-08 15:17:16,2023-11-08 15:37:16,Significantly Delayed,4981.07,Card,12223,2224,20.0,1,Premium"
"7281243151,13581527,2023-08-30 09:48:17,2023-08-30 10:03:17,2023-08-30 10:00:17,On Time,957.5,Wallet,3056,8730,-3.0,0,Medium"
"7906004940,65963876,2023-04-27 17:09:57,2023-04-27 17:29:57,2023-04-27 17:32:57,On Time,3488.88,Wallet,47649,8508,3.0,1,Premium"
"6354703603,63310076,2024-05-17 21:51:08,2024-05-17 22:08:08,2024-05-17 22:03:08,On Time,2980.62,Wallet,3515,7913,-5.0,0,Premium"
"6444064733,80571942,2023-10-11 11:08:17,2023-10-11 11:21:17,2023-10-11 11:18:17,On Time,3213.89,Wallet,17550,5172,-3.0,0,Premium"
"2405783093,36428139,2023-03-18 08:18:44,2023-03-18 08:32:44,2023-03-18 08:32:44,On Time,2246.93,Upi,70069,8243,0.0,0,Premium"
"63363146,16410155,2023-07-12 01:33:45,2023-07-12 01:50:45,2023-07-12 02:05:45,Slightly Delayed,4207.71,Cash,89996,3833,15.0,1,Premium"
"7040313500,90298394,2024-10-14 15:16:37,2024-10-14 15:33:37,2024-10-14 15:29:37,On Time,1102.72,Wallet,22828,1440,-4.0,0,Large"
"5844807259,45477575,2023-10-14 02:32:22,2023-10-14 02:52:22,2023-10-14 02:47:22,On Time,4355.46,Cash,56643,2024,-5.0,0,Premium"
"1931703221,62917794,2023-05-08 08:40:11,2023-05-08 08:57:11,2023-05-08 08:59:11,On Time,1332.43,Card,60906,2023,2.0,1,Large"
"3525336030,89998489,2023-04-12 22:46:00,2023-04-12 23:03:00,2023-04-12 23:18:00,Slightly Delayed,329.79,Cash,2314,1348,15.0,1,Small"
"4359807852,81136091,2024-04-11 10:38:01,2024-04-11 10:54:01,2024-04-11 10:55:01,On Time,4759.44,Cash,82810,3639,1.0,1,Premium"
"6946959356,13963450,2023-12-15 21:46:35,2023-12-15 22:05:35,2023-12-15 22:12:35,Slightly Delayed,2630.12,Wallet,88906,7218,7.0,1,Premium"
"782338627,73639935,2024-09-08 05:46:37,2024-09-08 06:06:37,2024-09-08 06:31:37,Significantly Delayed,4244.83,Wallet,50557,5324,25.0,1,Premium"
"4942714391,25294147,2024-01-19 22:51:15,2024-01-19 23:09:15,2024-01-19 23:12:15,On Time,3427.02,Card,44975,9467,3.0,1,Premium"
"919307194,11928321,2024-01-07 15:22:00,2024-01-07 15:41:00,2024-01-07 15:59:00,Significantly Delayed,2747.59,Wallet,86545,6441,18.0,1,Premium"
"6509263423,29324437,2024-01-20 12:11:50,2024-01-20 12:29:50,2024-01-20 12:26:50,On Time,3930.1,Cash,87487,8110,-3.0,0,Premium"
"7200105089,24845814,2023-11-29 07:16:18,2023-11-29 07:35:18,2023-11-29 07:48:18,Slightly Delayed,1613.85,Upi,74324,9011,13.0,1,Large"
"7120372196,40727086,2024-08-10 17:23:00,2024-08-10 17:36:00,2024-08-10 17:47:00,Slightly Delayed,1887.36,Card,9785,3300,11.0,1,Large"
"8710393245,32564478,2024-07-21 11:07:08,2024-07-21 11:22:08,2024-07-21 11:20:08,On Time,3025.16,Wallet,79417,6575,-2.0,0,Premium"
"8862036450,7228206,2024-01-03 12:27:59,2024-01-03 12:38:59,2024-01-03 12:36:59,On Time,1764.64,Upi,59711,8479,-2.0,0,Large"
"2087769338,8536503,2024-06-08 06:23:34,2024-06-08 06:34:34,2024-06-08 06:34:34,On Time,764.33,Cash,68170,529,0.0,0,Medium"
"3349267712,85354059,2023-09-25 00:54:21,2023-09-25 01:10:21,2023-09-25 01:20:21,Slightly Delayed,230.58,Cash,58986,794,10.0,1,Small"
"1689937124,21701991,2024-01-17 05:53:44,2024-01-17 06:09:44,2024-01-17 06:13:44,On Time,576.22,Wallet,14563,4191,4.0,1,Medium"
"4498769995,84275450,2024-01-23 02:23:29,2024-01-23 02:41:29,2024-01-23 02:46:29,On Time,786.85,Card,38919,6666,5.0,1,Medium"
"3729771871,79592021,2023-11-10 10:50:42,2023-11-10 11:00:42,2023-11-10 11:04:42,On Time,3905.34,Upi,32626,1728,4.0,1,Premium"
"9065518834,61877649,2024-06-17 17:12:43,2024-06-17 17:25:43,2024-06-17 17:27:43,On Time,3395.29,Card,93566,3593,2.0,1,Premium"
"7524465290,22851478,2024-01-06 15:42:03,2024-01-06 16:01:03,2024-01-06 16:07:03,Slightly Delayed,4089.6,Card,93477,1138,6.0,1,Premium"
"2319921666,97150234,2024-05-01 11:42:02,2024-05-01 11:57:02,2024-05-01 11:54:02,On Time,3204.57,Card,4851,9752,-3.0,0,Premium"
"9541612277,5001749,2024-03-31 06:34:45,2024-03-31 06:48:45,2024-03-31 06:46:45,On Time,2185.97,Card,43452,9382,-2.0,0,Premium"
"6303548068,31846190,2024-06-30 00:12:33,2024-06-30 00:29:33,2024-06-30 00:40:33,Slightly Delayed,939.55,Card,40567,8411,11.0,1,Medium"
"5867651793,64197854,2023-11-09 11:37:19,2023-11-09 11:51:19,2023-11-09 11:50:19,On Time,2984.43,Wallet,84411,8491,-1.0,0,Premium"
"6405947025,19375332,2024-09-28 21:59:52,2024-09-28 22:18:52,2024-09-28 22:20:52,On Time,1756.09,Cash,29228,172,2.0,1,Large"
"2150790907,12655794,2023-08-16 13:03:49,2023-08-16 13:21:49,2023-08-16 13:33:49,Slightly Delayed,217.5,Card,37465,2818,12.0,1,Small"
"212856641,51994597,2024-11-02 10:51:18,2024-11-02 11:02:18,2024-11-02 10:57:18,On Time,949.73,Cash,86373,5233,-5.0,0,Medium"
"1686508921,47215976,2024-07-22 22:17:01,2024-07-22 22:32:01,2024-07-22 22:27:01,On Time,769.24,Wallet,37806,1855,-5.0,0,Medium"
"5879579208,41261495,2024-09-10 10:51:59,2024-09-10 11:07:59,2024-09-10 11:13:59,Slightly Delayed,983.81,Wallet,29566,5704,6.0,1,Medium"
"1882682579,44050697,2023-05-13 23:08:40,2023-05-13 23:21:40,2023-05-13 23:20:40,On Time,2560.66,Wallet,78512,9746,-1.0,0,Premium"
"8370410622,10663246,2024-06-01 13:09:54,2024-06-01 13:19:54,2024-06-01 13:21:54,On Time,1989.47,Cash,10210,2459,2.0,1,Large"
"368599691,44030130,2024-10-22 16:16:46,2024-10-22 16:36:46,2024-10-22 16:37:46,On Time,3753.0,Wallet,57291,1885,1.0,1,Premium"
"9282982332,97873848,2024-09-12 22:13:08,2024-09-12 22:32:08,2024-09-12 22:34:08,On Time,3359.77,Card,21658,3609,2.0,1,Premium"
"4874880100,67271824,2024-09-09 22:56:26,2024-09-09 23:14:26,2024-09-09 23:19:26,On Time,1619.89,Upi,81596,3824,5.0,1,Large"
"102639985,40392019,2023-08-27 06:58:21,2023-08-27 07:12:21,2023-08-27 07:15:21,On Time,3686.28,Wallet,25125,4639,3.0,1,Premium"
"5288207551,53299455,2023-09-10 18:49:17,2023-09-10 19:09:17,2023-09-10 19:23:17,Slightly Delayed,3228.77,Wallet,64001,5001,14.0,1,Premium"
"693932743,57658033,2023-06-06 20:28:15,2023-06-06 20:45:15,2023-06-06 20:45:15,On Time,1378.36,Card,34625,492,0.0,0,Large"
"2325405669,20834589,2024-03-08 23:18:49,2024-03-08 23:29:49,2024-03-08 23:27:49,On Time,1432.06,Card,53132,2380,-2.0,0,Large"
"8152364696,90665975,2023-12-24 13:13:30,2023-12-24 13:29:30,2023-12-24 13:29:30,On Time,5047.96,Wallet,50040,1200,0.0,0,Premium"
"7682359398,36833857,2024-09-15 04:58:47,2024-09-15 05:16:47,2024-09-15 05:25:47,Slightly Delayed,1168.41,Cash,70975,4717,9.0,1,Large"
"1742951029,95371787,2023-05-07 23:10:50,2023-05-07 23:20:50,2023-05-07 23:39:50,Significantly Delayed,4766.38,Cash,62055,9903,19.0,1,Premium"
"4799787645,71905368,2023-10-07 07:11:32,2023-10-07 07:24:32,2023-10-07 07:43:32,Significantly Delayed,1025.06,Wallet,61740,9732,19.0,1,Large"
"8498666384,37556526,2024-03-08 17:58:36,2024-03-08 18:13:36,2024-03-08 18:16:36,On Time,630.84,Cash,94061,3091,3.0,1,Medium"
"5013572642,73363613,2023-05-08 19:20:37,2023-05-08 19:37:37,2023-05-08 19:50:37,Slightly Delayed,1812.54,Card,90675,2187,13.0,1,Large"
"8403006958,59398136,2023-11-27 05:42:29,2023-11-27 05:53:29,2023-11-27 05:48:29,On Time,1272.55,Upi,22292,9004,-5.0,0,Large"
"4688831157,13071673,2024-07-03 23:35:41,2024-07-03 23:55:41,2024-07-03 23:59:41,On Time,2824.26,Upi,75752,6973,4.0,1,Premium"
"394578210,88067569,2023-09-26 05:15:28,2023-09-26 05:33:28,2023-09-26 05:38:28,On Time,1706.05,Card,91958,8335,5.0,1,Large"
"8681711802,36833857,2023-10-07 07:03:38,2023-10-07 07:22:38,2023-10-07 07:17:38,On Time,3724.44,Upi,50,2940,-5.0,0,Premium"
"9311399064,20238921,2023-11-04 21:26:08,2023-11-04 21:42:08,2023-11-04 21:45:08,On Time,720.95,Wallet,91086,3093,3.0,1,Medium"
"2620581496,63092485,2023-04-21 02:33:11,2023-04-21 02:46:11,2023-04-21 02:45:11,On Time,2457.47,Wallet,38634,7441,-1.0,0,Premium"
"5116898322,73377004,2024-07-18 13:26:09,2024-07-18 13:37:09,2024-07-18 13:35:09,On Time,1385.25,Upi,93289,1820,-2.0,0,Large"
"5995819849,34787383,2023-08-19 04:16:08,2023-08-19 04:35:08,2023-08-19 04:44:08,Slightly Delayed,2030.88,Wallet,2395,4317,9.0,1,Premium"
"7690500286,35349582,2024-07-12 18:09:22,2024-07-12 18:27:22,2024-07-12 18:34:22,Slightly Delayed,3224.92,Wallet,39966,8296,7.0,1,Premium"
"6107283203,87444738,2024-09-09 20:27:41,2024-09-09 20:41:41,2024-09-09 20:43:41,On Time,1173.0,Card,21522,8551,2.0,1,Large"
"3170417508,85561151,2024-01-10 05:24:05,2024-01-10 05:43:05,2024-01-10 05:56:05,Slightly Delayed,1432.65,Cash,30064,2288,13.0,1,Large"
"805682701,33481252,2023-07-30 22:42:14,2023-07-30 23:02:14,2023-07-30 23:14:14,Slightly Delayed,2637.15,Upi,84695,6430,12.0,1,Premium"
"8960508625,20163931,2023-10-07 09:53:49,2023-10-07 10:13:49,2023-10-07 10:18:49,On Time,1058.0,Cash,57297,1057,5.0,1,Large"
"5580397726,62243869,2023-06-21 04:49:17,2023-06-21 05:05:17,2023-06-21 05:24:17,Significantly Delayed,37.8,Cash,64619,4351,19.0,1,Small"
"1506599381,77345018,2024-09-18 04:36:44,2024-09-18 04:47:44,2024-09-18 04:50:44,On Time,465.38,Cash,19253,5615,3.0,1,Small"
"8424478165,27416314,2023-04-21 18:23:42,2023-04-21 18:36:42,2023-04-21 18:36:42,On Time,230.58,Cash,37654,244,0.0,0,Small"
"6083333956,45028365,2023-03-27 06:42:59,2023-03-27 06:53:59,2023-03-27 07:06:59,Slightly Delayed,3002.02,Wallet,34580,4635,13.0,1,Premium"
"9611327860,6335221,2024-04-07 17:40:20,2024-04-07 17:57:20,2024-04-07 17:55:20,On Time,4410.34,Cash,25443,3780,-2.0,0,Premium"
"9539444766,97873848,2023-11-04 07:59:03,2023-11-04 08:11:03,2023-11-04 08:16:03,On Time,870.29,Wallet,94753,7663,5.0,1,Medium"
"756168939,54923640,2024-07-05 18:33:40,2024-07-05 18:49:40,2024-07-05 18:44:40,On Time,3321.94,Cash,69292,6050,-5.0,0,Premium"
"7762624518,22738465,2024-08-26 21:19:15,2024-08-26 21:32:15,2024-08-26 21:46:15,Slightly Delayed,2301.05,Card,56407,128,14.0,1,Premium"
"3681781563,4940671,2023-11-18 10:23:31,2023-11-18 10:35:31,2023-11-18 10:33:31,On Time,3471.7,Wallet,41664,8544,-2.0,0,Premium"
"1571085226,78961097,2024-04-07 00:35:53,2024-04-07 00:50:53,2024-04-07 00:57:53,Slightly Delayed,4040.38,Cash,35840,8778,7.0,1,Premium"
"4244306883,2584499,2024-03-03 10:25:44,2024-03-03 10:42:44,2024-03-03 10:56:44,Slightly Delayed,893.81,Card,94771,2157,14.0,1,Medium"
"7333141591,69415494,2024-03-15 16:47:34,2024-03-15 17:02:34,2024-03-15 17:20:34,Significantly Delayed,1042.3,Wallet,1610,9231,18.0,1,Large"
"1199945706,70867736,2024-01-08 19:31:33,2024-01-08 19:48:33,2024-01-08 19:47:33,On Time,1712.9,Upi,30489,953,-1.0,0,Large"
"5895644119,1603358,2023-06-11 14:12:56,2023-06-11 14:27:56,2023-06-11 14:27:56,On Time,1742.44,Wallet,6452,8140,0.0,0,Large"
"7112919210,55693909,2024-02-01 21:59:31,2024-02-01 22:18:31,2024-02-01 22:18:31,On Time,3921.9,Card,58625,9154,0.0,0,Premium"
"8315937318,64497538,2024-05-08 17:34:39,2024-05-08 17:52:39,2024-05-08 18:01:39,Slightly Delayed,2187.85,Card,35071,7676,9.0,1,Premium"
"5331800057,65488134,2023-03-29 01:21:40,2023-03-29 01:41:40,2023-03-29 01:54:40,Slightly Delayed,4003.82,Wallet,39782,220,13.0,1,Premium"
"5989265505,62742797,2024-03-15 04:11:36,2024-03-15 04:27:36,2024-03-15 04:22:36,On Time,3673.81,Card,11502,4556,-5.0,0,Premium"
"7906361274,96795047,2023-09-03 18:32:54,2023-09-03 18:52:54,2023-09-03 18:51:54,On Time,4228.99,Cash,44821,3646,-1.0,0,Premium"
"6312476146,35988028,2024-01-27 19:44:55,2024-01-27 19:57:55,2024-01-27 20:06:55,Slightly Delayed,1867.01,Card,87880,143,9.0,1,Large"
"9436272631,44410149,2024-05-18 02:42:09,2024-05-18 02:57:09,2024-05-18 02:56:09,On Time,2112.07,Wallet,82287,8837,-1.0,0,Premium"
"8289791792,61516967,2024-01-26 14:45:19,2024-01-26 15:04:19,2024-01-26 15:00:19,On Time,326.42,Card,70314,2704,-4.0,0,Small"
"7659532788,22112867,2024-02-01 20:59:31,2024-02-01 21:16:31,2024-02-01 21:19:31,On Time,3157.69,Card,62888,5046,3.0,1,Premium"
"1498157233,19180962,2024-02-08 06:24:38,2024-02-08 06:44:38,2024-02-08 06:48:38,On Time,1659.86,Card,13716,8869,4.0,1,Large"
"8560951754,954629,2023-05-17 18:13:02,2023-05-17 18:26:02,2023-05-17 18:32:02,Slightly Delayed,44.35,Card,55642,9337,6.0,1,Small"
"8764192824,64823226,2023-07-24 08:49:59,2023-07-24 09:08:59,2023-07-24 09:23:59,Slightly Delayed,2704.64,Wallet,34121,6935,15.0,1,Premium"
"1900542981,11254582,2023-03-25 18:31:16,2023-03-25 18:46:16,2023-03-25 18:50:16,On Time,2332.14,Card,82683,3727,4.0,1,Premium"
"9445683691,41878908,2023-11-12 20:03:13,2023-11-12 20:17:13,2023-11-12 20:33:13,Significantly Delayed,2342.04,Upi,70620,6404,16.0,1,Premium"
"7719808335,48358028,2023-04-26 17:45:53,2023-04-26 18:00:53,2023-04-26 17:59:53,On Time,4406.7,Wallet,80882,447,-1.0,0,Premium"
"4865644960,50484778,2023-09-11 08:45:57,2023-09-11 08:59:57,2023-09-11 09:07:57,Slightly Delayed,866.17,Wallet,11250,5280,8.0,1,Medium"
"6518276143,70965437,2024-01-25 23:09:31,2024-01-25 23:29:31,2024-01-25 23:24:31,On Time,5253.79,Cash,99506,7188,-5.0,0,Premium"
"2211459584,73869823,2023-12-25 14:20:44,2023-12-25 14:34:44,2023-12-25 14:34:44,On Time,1116.17,Card,69281,8760,0.0,0,Large"
"6811633572,7728406,2024-06-26 14:28:44,2024-06-26 14:44:44,2024-06-26 14:48:44,On Time,88.43,Cash,49915,45,4.0,1,Small"
"1821573240,32019725,2024-04-10 16:28:04,2024-04-10 16:39:04,2024-04-10 16:42:04,On Time,3338.08,Card,45208,7802,3.0,1,Premium"
"8848227434,12988801,2023-06-17 14:04:33,2023-06-17 14:18:33,2023-06-17 14:16:33,On Time,552.2,Cash,74756,7795,-2.0,0,Medium"
"7812276711,67465084,2023-03-25 06:09:39,2023-03-25 06:28:39,2023-03-25 06:40:39,Slightly Delayed,1649.13,Cash,60140,7898,12.0,1,Large"
"939966106,42012717,2023-05-02 09:45:13,2023-05-02 10:04:13,2023-05-02 10:06:13,On Time,3461.4,Upi,267,2339,2.0,1,Premium"
"4099108156,24144240,2024-04-10 04:21:01,2024-04-10 04:40:01,2024-04-10 04:39:01,On Time,4435.45,Card,21877,7032,-1.0,0,Premium"
"5684182622,29095552,2024-03-03 16:17:14,2024-03-03 16:31:14,2024-03-03 16:31:14,On Time,1591.23,Upi,6390,3490,0.0,0,Large"
"4916740946,69240186,2023-10-29 19:15:31,2023-10-29 19:30:31,2023-10-29 19:34:31,On Time,1835.2,Upi,11753,7658,4.0,1,Large"
"9732307600,81757554,2024-01-31 08:46:13,2024-01-31 09:03:13,2024-01-31 09:02:13,On Time,3988.7,Wallet,91547,7816,-1.0,0,Premium"
"9280329883,60904312,2023-09-10 23:04:56,2023-09-10 23:19:56,2023-09-10 23:27:56,Slightly Delayed,2447.91,Upi,44108,4975,8.0,1,Premium"
"4284285927,92843141,2024-08-04 21:00:58,2024-08-04 21:12:58,2024-08-04 21:14:58,On Time,4371.79,Upi,29343,5374,2.0,1,Premium"
"8701796,14479168,2024-08-19 19:01:44,2024-08-19 19:14:44,2024-08-19 19:23:44,Slightly Delayed,215.65,Cash,41266,1925,9.0,1,Small"
"6834734512,40727086,2023-08-31 23:13:56,2023-08-31 23:28:56,2023-08-31 23:29:56,On Time,738.46,Upi,76817,3945,1.0,1,Medium"
"7127377458,99406165,2023-03-26 15:37:19,2023-03-26 15:47:19,2023-03-26 15:55:19,Slightly Delayed,1540.67,Wallet,9342,9661,8.0,1,Large"
"4754481356,84161531,2023-08-14 18:23:06,2023-08-14 18:36:06,2023-08-14 18:35:06,On Time,2891.12,Card,49314,9517,-1.0,0,Premium"
"4726007482,93924203,2023-08-30 11:52:03,2023-08-30 12:07:03,2023-08-30 12:11:03,On Time,874.78,Cash,36892,8402,4.0,1,Medium"
"2320560482,27709218,2024-02-18 13:07:26,2024-02-18 13:21:26,2024-02-18 13:19:26,On Time,1435.56,Card,7285,3307,-2.0,0,Large"
"1456550348,39674723,2024-05-02 00:22:28,2024-05-02 00:38:28,2024-05-02 00:38:28,On Time,1980.75,Upi,97265,1166,0.0,0,Large"
"5370744569,61522288,2023-08-23 13:35:26,2023-08-23 13:55:26,2023-08-23 14:08:26,Slightly Delayed,2393.81,Cash,32084,8394,13.0,1,Premium"
"5819887962,49433260,2024-03-03 00:31:47,2024-03-03 00:46:47,2024-03-03 01:08:47,Significantly Delayed,4570.58,Wallet,85744,4778,22.0,1,Premium"
"1929465827,19556566,2023-12-13 12:44:12,2023-12-13 13:01:12,2023-12-13 13:00:12,On Time,4702.15,Upi,8263,3297,-1.0,0,Premium"
"9430139302,59329145,2024-02-09 07:52:50,2024-02-09 08:04:50,2024-02-09 08:05:50,On Time,2829.63,Upi,90056,801,1.0,1,Premium"
"3632715912,66135710,2024-08-18 17:15:12,2024-08-18 17:35:12,2024-08-18 17:40:12,On Time,1892.3,Upi,72130,2068,5.0,1,Large"
"3356214803,66655397,2024-06-08 22:01:14,2024-06-08 22:11:14,2024-06-08 22:08:14,On Time,4359.64,Wallet,83239,8255,-3.0,0,Premium"
"2277864850,73377004,2024-10-30 04:15:24,2024-10-30 04:34:24,2024-10-30 04:30:24,On Time,2054.4,Cash,7967,1563,-4.0,0,Premium"
"1754472592,33331259,2024-06-11 01:55:09,2024-06-11 02:12:09,2024-06-11 02:13:09,On Time,4183.35,Card,12994,7706,1.0,1,Premium"
"1833208408,49881540,2023-08-16 07:23:25,2023-08-16 07:43:25,2023-08-16 07:43:25,On Time,236.51,Cash,91091,9548,0.0,0,Small"
"6567954047,21809858,2023-07-09 09:53:02,2023-07-09 10:06:02,2023-07-09 10:28:02,Significantly Delayed,83.18,Cash,7493,2606,22.0,1,Small"
"9409585531,2414265,2023-04-03 06:11:57,2023-04-03 06:22:57,2023-04-03 06:29:57,Slightly Delayed,3092.14,Wallet,16318,8153,7.0,1,Premium"
"731371161,57566548,2024-09-25 09:55:55,2024-09-25 10:09:55,2024-09-25 10:29:55,Significantly Delayed,465.24,Wallet,78728,968,20.0,1,Small"
"7863496069,63802820,2024-02-09 18:51:29,2024-02-09 19:09:29,2024-02-09 19:24:29,Slightly Delayed,3103.01,Card,11754,8787,15.0,1,Premium"
"9043955242,92123198,2024-04-13 05:06:04,2024-04-13 05:19:04,2024-04-13 05:45:04,Significantly Delayed,2903.44,Cash,89325,3812,26.0,1,Premium"
"8257564936,15897933,2024-03-31 08:04:53,2024-03-31 08:22:53,2024-03-31 08:22:53,On Time,154.5,Card,84555,3508,0.0,0,Small"
"7487631571,77397957,2024-04-12 17:09:51,2024-04-12 17:22:51,2024-04-12 17:31:51,Slightly Delayed,2778.63,Cash,54412,5862,9.0,1,Premium"
"4243307535,8886587,2024-07-04 21:42:31,2024-07-04 21:55:31,2024-07-04 22:03:31,Slightly Delayed,2023.82,Upi,18181,7044,8.0,1,Premium"
"5490221933,41155125,2023-06-21 12:46:33,2023-06-21 13:05:33,2023-06-21 13:01:33,On Time,2855.48,Cash,47119,6358,-4.0,0,Premium"
"577600718,72857290,2024-04-06 03:39:44,2024-04-06 03:56:44,2024-04-06 04:05:44,Slightly Delayed,1447.21,Card,15216,1520,9.0,1,Large"
"1815462789,47618810,2023-09-09 04:46:10,2023-09-09 05:03:10,2023-09-09 05:15:10,Slightly Delayed,58.59,Upi,62423,9304,12.0,1,Small"
"896786012,99156138,2023-08-18 05:36:14,2023-08-18 05:55:14,2023-08-18 06:05:14,Slightly Delayed,4116.32,Upi,63700,6034,10.0,1,Premium"
"2610552179,98225598,2024-06-26 11:29:47,2024-06-26 11:40:47,2024-06-26 11:42:47,On Time,1012.79,Cash,21304,1905,2.0,1,Large"
"6244718082,2400009,2024-05-22 14:09:40,2024-05-22 14:27:40,2024-05-22 14:23:40,On Time,1920.42,Card,9658,9245,-4.0,0,Large"
"1837634871,98241853,2023-05-06 13:36:50,2023-05-06 13:50:50,2023-05-06 14:05:50,Slightly Delayed,959.01,Cash,26621,3416,15.0,1,Medium"
"8684571382,94033330,2023-10-04 22:34:08,2023-10-04 22:51:08,2023-10-04 22:50:08,On Time,883.36,Cash,19722,7399,-1.0,0,Medium"
"1659181364,27513158,2023-08-26 23:39:59,2023-08-26 23:49:59,2023-08-26 23:59:59,Slightly Delayed,918.58,Upi,4115,5139,10.0,1,Medium"
"5626641031,65426878,2024-05-19 01:30:02,2024-05-19 01:47:02,2024-05-19 01:49:02,On Time,4747.5,Card,65770,6408,2.0,1,Premium"
"1589326447,77961205,2024-01-27 14:34:02,2024-01-27 14:47:02,2024-01-27 14:52:02,On Time,582.87,Card,83945,1871,5.0,1,Medium"
"5018325783,52862822,2024-02-11 04:22:54,2024-02-11 04:37:54,2024-02-11 04:35:54,On Time,1487.29,Cash,41888,8523,-2.0,0,Large"
"5111073873,75984768,2024-02-02 19:36:40,2024-02-02 19:56:40,2024-02-02 19:56:40,On Time,2273.81,Cash,77796,3765,0.0,0,Premium"
"5953426781,79135318,2023-12-10 11:26:07,2023-12-10 11:44:07,2023-12-10 11:42:07,On Time,3762.13,Upi,21723,930,-2.0,0,Premium"
"8966870214,59518795,2024-02-27 21:30:02,2024-02-27 21:42:02,2024-02-27 21:48:02,Slightly Delayed,2904.43,Upi,25007,6460,6.0,1,Premium"
"6962915277,54748429,2024-09-14 10:42:22,2024-09-14 10:57:22,2024-09-14 10:57:22,On Time,2097.56,Wallet,16407,2859,0.0,0,Premium"
"4309308088,18642306,2023-12-02 20:28:56,2023-12-02 20:44:56,2023-12-02 20:48:56,On Time,236.95,Wallet,44969,8036,4.0,1,Small"
"5391068200,68159723,2023-11-20 04:03:06,2023-11-20 04:13:06,2023-11-20 04:08:06,On Time,3265.32,Wallet,79700,3782,-5.0,0,Premium"
"4394681222,80517784,2024-03-28 23:16:24,2024-03-28 23:30:24,2024-03-28 23:45:24,Slightly Delayed,1157.88,Upi,92464,8977,15.0,1,Large"
"4791895461,63793401,2024-08-10 23:44:45,2024-08-11 00:04:45,2024-08-11 00:28:45,Significantly Delayed,1338.81,Card,38858,2091,24.0,1,Large"
"7272011740,54139038,2024-09-16 12:33:23,2024-09-16 12:46:23,2024-09-16 12:48:23,On Time,3361.56,Cash,42857,9219,2.0,1,Premium"
"87784691,92583164,2024-09-29 00:51:06,2024-09-29 01:10:06,2024-09-29 01:13:06,On Time,534.55,Wallet,88685,3159,3.0,1,Medium"
"4939105270,2164524,2023-11-02 02:45:13,2023-11-02 03:00:13,2023-11-02 02:58:13,On Time,1026.88,Cash,84293,4374,-2.0,0,Large"
"4622303035,55060796,2023-08-03 11:10:02,2023-08-03 11:25:02,2023-08-03 11:23:02,On Time,3067.7,Wallet,26126,7191,-2.0,0,Premium"
"3460208027,78725001,2024-04-19 21:38:18,2024-04-19 21:56:18,2024-04-19 21:56:18,On Time,2835.33,Upi,75868,4457,0.0,0,Premium"
"2548125971,7228206,2023-11-05 21:58:39,2023-11-05 22:18:39,2023-11-05 22:13:39,On Time,4335.06,Cash,41755,9121,-5.0,0,Premium"
"2390111460,70608515,2023-09-09 21:22:09,2023-09-09 21:37:09,2023-09-09 21:42:09,On Time,4182.23,Upi,36389,9686,5.0,1,Premium"
"8309485249,87200291,2023-12-02 20:34:50,2023-12-02 20:46:50,2023-12-02 20:51:50,On Time,624.16,Upi,3729,9772,5.0,1,Medium"
"8322543480,34668988,2024-09-27 02:18:22,2024-09-27 02:38:22,2024-09-27 03:02:22,Significantly Delayed,513.36,Wallet,94614,4197,24.0,1,Medium"
"2819200158,64497538,2023-07-23 14:42:43,2023-07-23 14:54:43,2023-07-23 14:56:43,On Time,1263.55,Cash,58827,8084,2.0,1,Large"
"7087151227,49795571,2023-11-26 00:53:11,2023-11-26 01:10:11,2023-11-26 01:06:11,On Time,1917.32,Upi,25423,7783,-4.0,0,Large"
"6704234561,51833636,2024-01-03 07:30:25,2024-01-03 07:40:25,2024-01-03 08:10:25,Significantly Delayed,3172.73,Cash,91747,8838,30.0,1,Premium"
"6998410196,78748184,2023-07-25 15:33:47,2023-07-25 15:51:47,2023-07-25 16:04:47,Slightly Delayed,505.95,Wallet,97976,7979,13.0,1,Medium"
"707035635,61618079,2024-09-29 09:30:51,2024-09-29 09:47:51,2024-09-29 09:43:51,On Time,3868.34,Wallet,71996,7875,-4.0,0,Premium"
"543400704,60300263,2023-10-27 00:41:23,2023-10-27 00:54:23,2023-10-27 00:49:23,On Time,3496.47,Card,60474,9098,-5.0,0,Premium"
"3604694195,34713143,2023-09-03 16:21:20,2023-09-03 16:41:20,2023-09-03 16:36:20,On Time,2577.7,Upi,6583,5553,-5.0,0,Premium"
"3560549947,42465414,2024-07-21 02:22:15,2024-07-21 02:39:15,2024-07-21 02:47:15,Slightly Delayed,1973.85,Card,87552,9599,8.0,1,Large"
"9982178143,89968482,2023-12-08 14:07:42,2023-12-08 14:17:42,2023-12-08 14:39:42,Significantly Delayed,2530.45,Card,53810,2963,22.0,1,Premium"
"1423646541,48730063,2023-12-10 10:34:10,2023-12-10 10:45:10,2023-12-10 10:44:10,On Time,2734.37,Upi,19293,2522,-1.0,0,Premium"
"7441941402,16785724,2023-12-22 22:14:29,2023-12-22 22:33:29,2023-12-22 22:31:29,On Time,2580.93,Upi,79767,8585,-2.0,0,Premium"
"8395661807,4386273,2024-08-19 07:50:08,2024-08-19 08:09:08,2024-08-19 08:11:08,On Time,2561.18,Card,9665,5198,2.0,1,Premium"
"5480656353,11446157,2024-03-05 19:23:07,2024-03-05 19:33:07,2024-03-05 19:28:07,On Time,3053.71,Card,34982,6864,-5.0,0,Premium"
"4561602092,53624677,2024-09-18 09:27:09,2024-09-18 09:45:09,2024-09-18 09:44:09,On Time,1825.82,Cash,28344,7622,-1.0,0,Large"
"1695982633,81382213,2024-01-13 18:46:50,2024-01-13 18:59:50,2024-01-13 18:55:50,On Time,2247.86,Wallet,44739,2381,-4.0,0,Premium"
"6309447153,74212242,2023-05-18 21:18:34,2023-05-18 21:38:34,2023-05-18 21:38:34,On Time,423.56,Cash,52804,4937,0.0,0,Small"
"4796733514,87251489,2023-04-03 18:31:05,2023-04-03 18:48:05,2023-04-03 19:17:05,Significantly Delayed,2436.11,Card,22316,7680,29.0,1,Premium"
"2858966982,77214094,2024-04-25 10:21:37,2024-04-25 10:34:37,2024-04-25 10:29:37,On Time,2280.3,Card,5328,4073,-5.0,0,Premium"
"6948607495,18259715,2024-08-28 09:38:14,2024-08-28 09:56:14,2024-08-28 10:01:14,On Time,1508.35,Upi,47202,49,5.0,1,Large"
"4959271803,11082181,2024-02-22 01:13:13,2024-02-22 01:31:13,2024-02-22 01:44:13,Slightly Delayed,1303.23,Wallet,52469,1339,13.0,1,Large"
"5669689881,7728406,2023-07-11 21:20:37,2023-07-11 21:32:37,2023-07-11 21:43:37,Slightly Delayed,3152.59,Cash,17862,8583,11.0,1,Premium"
"5352265711,75928073,2024-02-29 19:33:52,2024-02-29 19:48:52,2024-02-29 20:01:52,Slightly Delayed,2319.89,Wallet,73582,4884,13.0,1,Premium"
"5498551836,62243869,2023-11-02 13:26:20,2023-11-02 13:45:20,2023-11-02 13:47:20,On Time,3619.47,Upi,65877,5957,2.0,1,Premium"
"6556845822,68692574,2023-05-13 19:07:16,2023-05-13 19:23:16,2023-05-13 19:28:16,On Time,1527.98,Upi,47070,5294,5.0,1,Large"
"5167008199,76359458,2024-05-31 21:21:14,2024-05-31 21:41:14,2024-05-31 21:36:14,On Time,697.53,Upi,26989,262,-5.0,0,Medium"
"966294309,89619421,2024-05-02 05:47:11,2024-05-02 06:03:11,2024-05-02 06:06:11,On Time,2928.57,Card,92606,1506,3.0,1,Premium"
"3163611427,85074810,2024-01-17 06:25:26,2024-01-17 06:37:26,2024-01-17 06:42:26,On Time,342.94,Cash,67659,9445,5.0,1,Small"
"203136866,91320466,2024-06-11 12:26:47,2024-06-11 12:37:47,2024-06-11 12:36:47,On Time,826.21,Wallet,676,6082,-1.0,0,Medium"
"1815555165,58085779,2023-09-11 11:47:58,2023-09-11 12:01:58,2023-09-11 12:01:58,On Time,435.48,Card,3304,3386,0.0,0,Small"
"1874499212,64162093,2024-05-30 00:09:01,2024-05-30 00:23:01,2024-05-30 00:25:01,On Time,2252.85,Cash,88852,2609,2.0,1,Premium"
"4012779165,84641682,2024-09-16 09:26:48,2024-09-16 09:44:48,2024-09-16 09:47:48,On Time,899.16,Wallet,59519,7146,3.0,1,Medium"
"3669023899,81183415,2024-05-12 09:34:26,2024-05-12 09:53:26,2024-05-12 10:04:26,Slightly Delayed,4292.45,Card,289,8930,11.0,1,Premium"
"9296381620,50630016,2024-04-28 01:33:11,2024-04-28 01:44:11,2024-04-28 01:43:11,On Time,841.56,Card,93839,4885,-1.0,0,Medium"
"2725513934,54799731,2023-10-07 06:21:20,2023-10-07 06:37:20,2023-10-07 06:39:20,On Time,5349.56,Wallet,27735,1213,2.0,1,Premium"
"5564338561,61226563,2024-03-31 22:59:21,2024-03-31 23:16:21,2024-03-31 23:14:21,On Time,3295.72,Upi,99128,2964,-2.0,0,Premium"
"4701778121,23348269,2024-06-06 21:29:44,2024-06-06 21:40:44,2024-06-06 21:44:44,On Time,786.17,Wallet,18398,1314,4.0,1,Medium"
"9529272337,29973346,2023-12-11 00:03:58,2023-12-11 00:17:58,2023-12-11 00:17:58,On Time,801.81,Upi,34837,2872,0.0,0,Medium"
"869910650,34755436,2024-05-27 00:42:52,2024-05-27 00:57:52,2024-05-27 00:52:52,On Time,2378.93,Upi,45055,8521,-5.0,0,Premium"
"2127080399,84468124,2024-09-16 14:58:17,2024-09-16 15:17:17,2024-09-16 15:25:17,Slightly Delayed,2317.2,Card,55501,3298,8.0,1,Premium"
"3547439109,33481252,2023-04-13 00:22:45,2023-04-13 00:41:45,2023-04-13 00:39:45,On Time,3176.34,Cash,91588,7552,-2.0,0,Premium"
"997535715,21409946,2023-03-27 11:18:08,2023-03-27 11:35:08,2023-03-27 11:37:08,On Time,1097.17,Wallet,35602,5326,2.0,1,Large"
"2442453181,16543242,2023-03-26 07:24:46,2023-03-26 07:40:46,2023-03-26 07:45:46,On Time,858.57,Card,21860,4137,5.0,1,Medium"
"1182120536,4386273,2024-05-26 15:40:32,2024-05-26 15:51:32,2024-05-26 15:53:32,On Time,843.97,Cash,6560,1836,2.0,1,Medium"
"2819297954,5540556,2024-04-07 15:53:26,2024-04-07 16:05:26,2024-04-07 16:08:26,On Time,1762.49,Cash,93978,3250,3.0,1,Large"
"9870956079,39423691,2023-10-26 07:26:28,2023-10-26 07:43:28,2023-10-26 07:45:28,On Time,3130.27,Card,42784,9124,2.0,1,Premium"
"6032675432,63368244,2024-09-29 05:08:49,2024-09-29 05:22:49,2024-09-29 05:19:49,On Time,2708.71,Wallet,29641,371,-3.0,0,Premium"
"329790912,76925460,2024-08-04 10:24:41,2024-08-04 10:38:41,2024-08-04 10:34:41,On Time,4636.88,Cash,43584,6949,-4.0,0,Premium"
"6459815532,43295656,2023-05-16 21:39:22,2023-05-16 21:57:22,2023-05-16 22:09:22,Slightly Delayed,877.48,Card,10758,1615,12.0,1,Medium"
"9214523757,59619739,2023-10-20 21:30:45,2023-10-20 21:41:45,2023-10-20 21:37:45,On Time,1657.57,Card,45153,8949,-4.0,0,Large"
"9450279027,38694209,2023-09-30 04:35:00,2023-09-30 04:51:00,2023-09-30 04:47:00,On Time,3043.5,Card,31584,4578,-4.0,0,Premium"
"6265551101,38568692,2023-11-13 21:52:45,2023-11-13 22:02:45,2023-11-13 21:58:45,On Time,1723.54,Cash,43283,9840,-4.0,0,Large"
"4138526838,33871107,2023-10-25 00:11:05,2023-10-25 00:22:05,2023-10-25 00:35:05,Slightly Delayed,3273.82,Cash,24981,6282,13.0,1,Premium"
"8005579633,89617089,2023-08-16 05:25:22,2023-08-16 05:37:22,2023-08-16 06:01:22,Significantly Delayed,2758.2,Upi,98172,2829,24.0,1,Premium"
"3442984170,55472026,2024-09-16 23:33:42,2024-09-16 23:48:42,2024-09-16 23:49:42,On Time,1398.1,Upi,52151,7510,1.0,1,Large"
"8711550413,68941950,2023-05-30 14:19:46,2023-05-30 14:32:46,2023-05-30 14:54:46,Significantly Delayed,1022.12,Card,15340,241,22.0,1,Large"
"2509593585,58111297,2023-05-05 01:42:01,2023-05-05 02:02:01,2023-05-05 01:59:01,On Time,2163.4,Cash,87829,7710,-3.0,0,Premium"
"6126557370,61982521,2024-04-20 07:41:40,2024-04-20 08:00:40,2024-04-20 08:05:40,On Time,3776.14,Card,37656,4133,5.0,1,Premium"
"9876119035,29095552,2023-04-15 01:07:35,2023-04-15 01:22:35,2023-04-15 01:35:35,Slightly Delayed,4751.01,Card,83597,5558,13.0,1,Premium"
"3739042166,92416428,2024-07-23 00:49:03,2024-07-23 01:02:03,2024-07-23 01:07:03,On Time,2089.76,Upi,52760,4722,5.0,1,Premium"
"7938944124,85074810,2024-03-30 01:54:28,2024-03-30 02:13:28,2024-03-30 02:18:28,On Time,2183.84,Upi,43293,7894,5.0,1,Premium"
"506804807,9107360,2024-07-10 04:44:45,2024-07-10 05:02:45,2024-07-10 04:57:45,On Time,2368.7,Upi,29740,9702,-5.0,0,Premium"
"3577900599,28286754,2024-02-02 08:12:47,2024-02-02 08:27:47,2024-02-02 08:22:47,On Time,3491.53,Upi,32303,2011,-5.0,0,Premium"
"8337599633,41073776,2023-11-21 12:48:18,2023-11-21 13:08:18,2023-11-21 13:07:18,On Time,2853.43,Card,23191,5487,-1.0,0,Premium"
"8611745429,88045094,2024-05-12 03:21:52,2024-05-12 03:41:52,2024-05-12 03:40:52,On Time,1567.01,Card,97499,924,-1.0,0,Large"
"2990223879,72359843,2023-08-11 18:13:54,2023-08-11 18:25:54,2023-08-11 18:35:54,Slightly Delayed,367.08,Cash,2555,174,10.0,1,Small"
"52324496,81605722,2024-02-23 17:32:54,2024-02-23 17:47:54,2024-02-23 17:52:54,On Time,560.54,Card,54293,4009,5.0,1,Medium"
"6594929133,45868300,2023-04-14 09:49:18,2023-04-14 10:02:18,2023-04-14 10:01:18,On Time,2352.18,Wallet,30251,4519,-1.0,0,Premium"
"2480235830,31324823,2023-09-19 05:40:36,2023-09-19 05:54:36,2023-09-19 05:58:36,On Time,2484.07,Cash,58919,5418,4.0,1,Premium"
"9667072962,50781611,2023-04-11 20:58:29,2023-04-11 21:09:29,2023-04-11 21:15:29,Slightly Delayed,2753.36,Cash,31515,8751,6.0,1,Premium"
"277700053,1174162,2023-08-15 19:15:25,2023-08-15 19:26:25,2023-08-15 19:29:25,On Time,190.09,Upi,29553,3796,3.0,1,Small"
"5691623788,60757351,2024-03-16 18:58:00,2024-03-16 19:17:00,2024-03-16 19:17:00,On Time,2178.18,Cash,3949,6867,0.0,0,Premium"
"6845696161,37759707,2023-07-14 07:37:28,2023-07-14 07:49:28,2023-07-14 08:03:28,Slightly Delayed,2844.2,Cash,77587,5816,14.0,1,Premium"
"4098488449,60049160,2023-03-31 13:33:47,2023-03-31 13:48:47,2023-03-31 13:48:47,On Time,340.36,Card,5718,6824,0.0,0,Small"
"5653623743,96461062,2023-03-30 08:43:35,2023-03-30 08:53:35,2023-03-30 09:19:35,Significantly Delayed,4125.04,Wallet,59281,2740,26.0,1,Premium"
"6416399784,34156884,2023-08-07 02:35:15,2023-08-07 02:45:15,2023-08-07 02:54:15,Slightly Delayed,316.02,Upi,31405,5155,9.0,1,Small"
"4365565386,54145987,2023-06-30 04:15:15,2023-06-30 04:25:15,2023-06-30 04:21:15,On Time,918.86,Card,24899,6311,-4.0,0,Medium"
"6423269418,30643619,2024-08-23 09:56:42,2024-08-23 10:13:42,2024-08-23 10:27:42,Slightly Delayed,2648.0,Upi,67311,4027,14.0,1,Premium"
"1020534590,48150243,2023-12-12 09:55:06,2023-12-12 10:13:06,2023-12-12 10:21:06,Slightly Delayed,3205.74,Wallet,16201,6353,8.0,1,Premium"
"4015289878,72489544,2024-03-22 06:56:23,2024-03-22 07:09:23,2024-03-22 07:19:23,Slightly Delayed,3698.77,Wallet,53358,6661,10.0,1,Premium"
"9959668334,80935110,2024-01-07 08:11:57,2024-01-07 08:28:57,2024-01-07 08:25:57,On Time,494.17,Wallet,81433,94,-3.0,0,Small"
"8054387790,84953008,2023-05-08 18:33:24,2023-05-08 18:44:24,2023-05-08 18:40:24,On Time,4112.71,Card,66757,2442,-4.0,0,Premium"
"4795344310,91562028,2024-04-12 15:53:40,2024-04-12 16:07:40,2024-04-12 16:37:40,Significantly Delayed,486.97,Wallet,34016,6505,30.0,1,Small"
"2205862234,52001314,2023-10-02 13:43:36,2023-10-02 14:01:36,2023-10-02 13:57:36,On Time,2871.57,Cash,68306,738,-4.0,0,Premium"
"4686249863,21701991,2024-08-31 03:26:25,2024-08-31 03:41:25,2024-08-31 03:38:25,On Time,2908.98,Upi,34524,9362,-3.0,0,Premium"
"1270524770,11478478,2023-10-11 07:18:40,2023-10-11 07:33:40,2023-10-11 07:35:40,On Time,3520.61,Wallet,95994,2800,2.0,1,Premium"
"5743550453,93699264,2024-05-19 05:04:34,2024-05-19 05:24:34,2024-05-19 05:29:34,On Time,3921.27,Card,95126,5655,5.0,1,Premium"
"5309699078,81584486,2023-08-02 17:35:02,2023-08-02 17:53:02,2023-08-02 18:07:02,Slightly Delayed,1026.58,Card,65578,6106,14.0,1,Large"
"7565768030,15830066,2024-02-10 02:50:25,2024-02-10 03:08:25,2024-02-10 03:07:25,On Time,980.97,Upi,54027,7035,-1.0,0,Medium"
"3210260715,68939350,2023-04-06 15:05:02,2023-04-06 15:21:02,2023-04-06 15:16:02,On Time,1793.45,Card,12745,8705,-5.0,0,Large"
"6657245289,820740,2024-05-20 01:54:03,2024-05-20 02:14:03,2024-05-20 02:33:03,Significantly Delayed,1820.28,Card,45050,391,19.0,1,Large"
"7854526965,48228547,2023-08-18 07:47:47,2023-08-18 08:06:47,2023-08-18 08:15:47,Slightly Delayed,1944.66,Cash,53207,1046,9.0,1,Large"
"2770948451,22077605,2023-04-27 07:44:43,2023-04-27 08:03:43,2023-04-27 08:22:43,Significantly Delayed,1775.72,Wallet,81011,2637,19.0,1,Large"
"624070426,41640262,2023-10-07 16:47:55,2023-10-07 17:05:55,2023-10-07 17:02:55,On Time,845.85,Cash,343,7732,-3.0,0,Medium"
"891583492,13651980,2024-04-07 04:49:11,2024-04-07 05:01:11,2024-04-07 05:02:11,On Time,3269.6,Card,98655,4623,1.0,1,Premium"
"5811206654,70391758,2023-05-17 05:17:19,2023-05-17 05:34:19,2023-05-17 05:48:19,Slightly Delayed,1917.36,Cash,71923,4685,14.0,1,Large"
"809894905,82374625,2023-12-28 16:37:59,2023-12-28 16:51:59,2023-12-28 16:56:59,On Time,670.12,Card,86857,274,5.0,1,Medium"
"8209000496,63948546,2023-03-28 19:54:34,2023-03-28 20:10:34,2023-03-28 20:25:34,Slightly Delayed,1239.55,Upi,15353,255,15.0,1,Large"
"4901288364,44723662,2023-07-31 22:09:25,2023-07-31 22:26:25,2023-07-31 22:38:25,Slightly Delayed,3186.85,Wallet,36597,9585,12.0,1,Premium"
"5890338566,81337068,2023-04-29 02:55:02,2023-04-29 03:11:02,2023-04-29 03:12:02,On Time,4368.22,Cash,58543,2886,1.0,1,Premium"
"2745295248,40643232,2024-05-28 21:19:44,2024-05-28 21:34:44,2024-05-28 21:33:44,On Time,929.37,Wallet,85960,1080,-1.0,0,Medium"
"5708700204,40387944,2023-05-05 17:48:38,2023-05-05 18:08:38,2023-05-05 18:07:38,On Time,864.94,Upi,4397,276,-1.0,0,Medium"
"8643851643,57360162,2023-04-21 01:31:37,2023-04-21 01:41:37,2023-04-21 02:11:37,Significantly Delayed,1532.33,Cash,17189,8413,30.0,1,Large"
"4525287277,74174956,2023-06-29 00:08:19,2023-06-29 00:20:19,2023-06-29 00:23:19,On Time,432.39,Wallet,72834,4189,3.0,1,Small"
"6154459753,82179338,2024-06-12 09:13:57,2024-06-12 09:28:57,2024-06-12 09:39:57,Slightly Delayed,3709.23,Cash,16231,7935,11.0,1,Premium"
"2587790388,45586151,2024-06-09 18:01:59,2024-06-09 18:18:59,2024-06-09 18:16:59,On Time,695.87,Cash,60426,9279,-2.0,0,Medium"
"2665891587,86636273,2024-03-18 15:53:34,2024-03-18 16:10:34,2024-03-18 16:05:34,On Time,504.18,Cash,40904,1766,-5.0,0,Medium"
"6996561687,3844290,2024-06-29 04:36:55,2024-06-29 04:52:55,2024-06-29 04:53:55,On Time,3469.28,Wallet,75938,2480,1.0,1,Premium"
"961607638,55170753,2023-08-03 23:41:19,2023-08-03 23:57:19,2023-08-04 00:25:19,Significantly Delayed,967.96,Wallet,23890,5325,28.0,1,Medium"
"4385491839,7228206,2024-06-07 20:25:54,2024-06-07 20:35:54,2024-06-07 20:30:54,On Time,2158.72,Cash,48535,3074,-5.0,0,Premium"
"1279200190,84468124,2024-07-10 06:00:41,2024-07-10 06:18:41,2024-07-10 06:25:41,Slightly Delayed,2280.01,Wallet,63446,7654,7.0,1,Premium"
"9668698616,76441843,2023-11-01 14:10:21,2023-11-01 14:24:21,2023-11-01 14:24:21,On Time,1813.08,Upi,23600,7782,0.0,0,Large"
"4813038298,27304827,2024-05-23 13:27:54,2024-05-23 13:43:54,2024-05-23 13:53:54,Slightly Delayed,4047.69,Upi,69529,6741,10.0,1,Premium"
"2030125421,44477365,2024-05-03 14:50:27,2024-05-03 15:06:27,2024-05-03 15:10:27,On Time,2375.26,Cash,88936,1901,4.0,1,Premium"
"6997235339,87669943,2024-01-12 08:55:18,2024-01-12 09:05:18,2024-01-12 09:04:18,On Time,554.83,Wallet,98293,1768,-1.0,0,Medium"
"7438342576,82585664,2023-05-09 21:58:47,2023-05-09 22:11:47,2023-05-09 22:16:47,On Time,3835.39,Card,25965,568,5.0,1,Premium"
"9958423263,47503133,2024-03-15 05:55:57,2024-03-15 06:10:57,2024-03-15 06:07:57,On Time,1678.13,Card,97375,2105,-3.0,0,Large"
"3416693628,52428250,2024-10-03 00:22:31,2024-10-03 00:38:31,2024-10-03 00:39:31,On Time,651.23,Card,93184,9611,1.0,1,Medium"
"3440579647,89950235,2024-08-05 15:28:00,2024-08-05 15:48:00,2024-08-05 15:48:00,On Time,1827.9,Upi,76028,5470,0.0,0,Large"
"5307231496,14330483,2024-04-23 06:16:32,2024-04-23 06:36:32,2024-04-23 06:35:32,On Time,2048.45,Card,84740,4723,-1.0,0,Premium"
"4779055734,36587003,2023-06-30 05:45:36,2023-06-30 06:04:36,2023-06-30 06:14:36,Slightly Delayed,1765.22,Upi,49398,2993,10.0,1,Large"
"3834705841,54375571,2023-09-09 07:18:51,2023-09-09 07:38:51,2023-09-09 08:01:51,Significantly Delayed,1440.56,Card,78388,7102,23.0,1,Large"
"9080324081,48554440,2023-05-27 09:14:16,2023-05-27 09:34:16,2023-05-27 09:33:16,On Time,2315.52,Card,88838,1583,-1.0,0,Premium"
"2500757555,65488134,2024-10-27 10:52:42,2024-10-27 11:03:42,2024-10-27 11:00:42,On Time,4945.86,Upi,52455,665,-3.0,0,Premium"
"1292986566,47503133,2023-07-12 03:59:43,2023-07-12 04:14:43,2023-07-12 04:10:43,On Time,2659.09,Wallet,28341,9316,-4.0,0,Premium"
"6602362287,5961261,2024-02-01 21:05:56,2024-02-01 21:18:56,2024-02-01 21:23:56,On Time,2491.22,Cash,89221,8022,5.0,1,Premium"
"184844043,33331259,2023-12-07 05:00:07,2023-12-07 05:13:07,2023-12-07 05:08:07,On Time,2146.32,Card,18845,6656,-5.0,0,Premium"
"936587253,93699264,2023-07-18 09:42:45,2023-07-18 10:00:45,2023-07-18 10:04:45,On Time,1820.32,Card,93251,9864,4.0,1,Large"
"2834429147,66742602,2023-10-04 04:52:48,2023-10-04 05:08:48,2023-10-04 05:15:48,Slightly Delayed,1482.38,Wallet,62176,4363,7.0,1,Large"
"114306835,13251137,2024-02-06 20:32:16,2024-02-06 20:47:16,2024-02-06 20:52:16,On Time,2885.11,Wallet,60947,3692,5.0,1,Premium"
"1675849477,36998375,2024-06-11 20:01:49,2024-06-11 20:13:49,2024-06-11 20:18:49,On Time,1650.66,Upi,70336,5579,5.0,1,Large"
"5191052705,6579892,2023-06-19 05:32:30,2023-06-19 05:49:30,2023-06-19 05:53:30,On Time,1438.94,Cash,97676,4116,4.0,1,Large"
"7068834722,45314389,2023-11-19 08:25:33,2023-11-19 08:43:33,2023-11-19 08:48:33,On Time,1559.6,Cash,97953,4564,5.0,1,Large"
"5051330893,74230420,2024-07-04 02:35:20,2024-07-04 02:47:20,2024-07-04 03:01:20,Slightly Delayed,786.85,Cash,49311,1706,14.0,1,Medium"
"6065496420,12277039,2023-05-16 16:31:53,2023-05-16 16:44:53,2023-05-16 16:55:53,Slightly Delayed,4299.16,Cash,49744,4918,11.0,1,Premium"
"7574848635,79206969,2023-06-28 02:18:28,2023-06-28 02:31:28,2023-06-28 02:43:28,Slightly Delayed,4837.03,Upi,74349,349,12.0,1,Premium"
"8793868975,16256136,2024-02-01 17:22:46,2024-02-01 17:32:46,2024-02-01 17:36:46,On Time,1048.83,Upi,47869,8383,4.0,1,Large"
"5381466176,64106072,2023-06-01 20:53:50,2023-06-01 21:05:50,2023-06-01 21:08:50,On Time,281.73,Upi,48307,3043,3.0,1,Small"
"7709366480,91024604,2024-08-28 02:22:17,2024-08-28 02:38:17,2024-08-28 02:38:17,On Time,3998.65,Upi,92788,9961,0.0,0,Premium"
"4936667930,18567760,2023-06-20 09:49:22,2023-06-20 10:08:22,2023-06-20 10:09:22,On Time,2747.08,Wallet,36661,3426,1.0,1,Premium"
"6860925755,14272050,2023-09-29 09:06:04,2023-09-29 09:20:04,2023-09-29 09:19:04,On Time,3219.23,Upi,7299,5226,-1.0,0,Premium"
"5486433396,9278983,2024-01-20 18:08:10,2024-01-20 18:27:10,2024-01-20 18:32:10,On Time,776.26,Cash,87165,4581,5.0,1,Medium"
"7089292009,8791577,2023-04-05 23:10:17,2023-04-05 23:29:17,2023-04-05 23:30:17,On Time,1425.76,Upi,70015,5111,1.0,1,Large"
"5350760367,25587553,2023-08-13 06:06:18,2023-08-13 06:22:18,2023-08-13 06:26:18,On Time,3300.67,Card,56321,7299,4.0,1,Premium"
"5581769906,41164215,2024-04-14 04:04:17,2024-04-14 04:17:17,2024-04-14 04:30:17,Slightly Delayed,2042.47,Wallet,80281,1538,13.0,1,Premium"
"6256637306,3096845,2023-11-07 11:20:32,2023-11-07 11:37:32,2023-11-07 11:46:32,Slightly Delayed,5196.58,Cash,57954,2218,9.0,1,Premium"
"2999946056,92306841,2024-06-28 10:40:06,2024-06-28 10:50:06,2024-06-28 10:50:06,On Time,1554.85,Wallet,6882,5591,0.0,0,Large"
"5218488175,57833505,2024-01-03 20:29:01,2024-01-03 20:39:01,2024-01-03 20:39:01,On Time,709.02,Upi,38184,4232,0.0,0,Medium"
"8297436592,46802633,2024-10-20 08:34:38,2024-10-20 08:46:38,2024-10-20 08:41:38,On Time,545.49,Upi,20223,1536,-5.0,0,Medium"
"1806118907,75752515,2023-12-25 05:25:12,2023-12-25 05:43:12,2023-12-25 05:45:12,On Time,4646.12,Wallet,22727,1154,2.0,1,Premium"
"6999224625,49806393,2023-04-16 00:20:18,2023-04-16 00:38:18,2023-04-16 00:39:18,On Time,2274.19,Card,29986,6931,1.0,1,Premium"
"1809997641,48281892,2023-11-10 10:22:12,2023-11-10 10:33:12,2023-11-10 10:56:12,Significantly Delayed,152.55,Upi,56471,8985,23.0,1,Small"
"7528090614,73639935,2024-06-29 17:56:55,2024-06-29 18:07:55,2024-06-29 18:10:55,On Time,929.86,Card,91659,2377,3.0,1,Medium"
"4884904912,36737539,2023-08-24 13:58:19,2023-08-24 14:13:19,2023-08-24 14:08:19,On Time,3074.06,Upi,45668,8629,-5.0,0,Premium"
"9811235698,58929595,2024-03-02 11:01:48,2024-03-02 11:21:48,2024-03-02 11:33:48,Slightly Delayed,877.43,Upi,50768,3395,12.0,1,Medium"
"5616653529,52001314,2023-12-23 03:20:12,2023-12-23 03:32:12,2023-12-23 03:37:12,On Time,2986.32,Card,34530,1499,5.0,1,Premium"
"7188183056,84953008,2023-08-06 13:35:22,2023-08-06 13:52:22,2023-08-06 13:52:22,On Time,2396.81,Wallet,84857,6024,0.0,0,Premium"
"7898301143,73660582,2023-08-10 21:11:51,2023-08-10 21:28:51,2023-08-10 21:31:51,On Time,3375.53,Upi,68227,5413,3.0,1,Premium"
"5222677885,31582950,2024-07-15 10:44:09,2024-07-15 11:03:09,2024-07-15 11:10:09,Slightly Delayed,3429.93,Wallet,53731,340,7.0,1,Premium"
"8544952346,61618079,2023-11-23 04:50:58,2023-11-23 05:02:58,2023-11-23 05:03:58,On Time,1205.58,Upi,2103,4150,1.0,1,Large"
"9403371764,3096845,2023-06-08 03:09:50,2023-06-08 03:29:50,2023-06-08 03:42:50,Slightly Delayed,317.8,Cash,20589,8873,13.0,1,Small"
"3956205476,57892837,2023-06-12 01:00:49,2023-06-12 01:18:49,2023-06-12 01:17:49,On Time,1386.61,Wallet,30143,546,-1.0,0,Large"
"5678362658,58513300,2024-07-22 04:48:43,2024-07-22 05:06:43,2024-07-22 05:06:43,On Time,2100.38,Cash,90700,792,0.0,0,Premium"
"8131610255,90448312,2024-03-22 15:56:37,2024-03-22 16:15:37,2024-03-22 16:12:37,On Time,2409.01,Card,56625,289,-3.0,0,Premium"
"4722653990,95428692,2023-07-19 15:59:48,2023-07-19 16:19:48,2023-07-19 16:23:48,On Time,1684.14,Cash,35362,6595,4.0,1,Large"
"6613853662,75474920,2024-01-26 14:02:11,2024-01-26 14:17:11,2024-01-26 14:27:11,Slightly Delayed,1748.17,Cash,57477,3473,10.0,1,Large"
"8274987671,19523014,2024-10-03 07:49:18,2024-10-03 08:02:18,2024-10-03 08:04:18,On Time,1766.79,Upi,25394,3696,2.0,1,Large"
"5519983123,78678612,2024-04-11 14:16:22,2024-04-11 14:28:22,2024-04-11 14:26:22,On Time,1645.97,Wallet,16320,1336,-2.0,0,Large"
"2746329488,35156679,2023-08-26 15:58:09,2023-08-26 16:09:09,2023-08-26 16:08:09,On Time,972.69,Cash,91841,7686,-1.0,0,Medium"
"6443285614,2400009,2023-08-29 03:27:57,2023-08-29 03:47:57,2023-08-29 03:48:57,On Time,3136.89,Upi,51921,9814,1.0,1,Premium"
"6932426427,31384626,2023-08-01 19:46:04,2023-08-01 19:56:04,2023-08-01 19:51:04,On Time,1001.25,Cash,24784,3017,-5.0,0,Large"
"1796512004,19741509,2023-06-13 13:37:42,2023-06-13 13:56:42,2023-06-13 13:59:42,On Time,1832.58,Cash,6966,2927,3.0,1,Large"
"1464518253,12695670,2023-07-04 02:15:55,2023-07-04 02:26:55,2023-07-04 02:30:55,On Time,1022.05,Wallet,86453,1047,4.0,1,Large"
"3585105627,41168392,2024-10-10 03:43:05,2024-10-10 03:56:05,2024-10-10 03:53:05,On Time,2024.09,Card,68268,9598,-3.0,0,Premium"
"5387247994,19182548,2024-04-28 20:22:25,2024-04-28 20:39:25,2024-04-28 20:42:25,On Time,2436.58,Card,13031,5876,3.0,1,Premium"
"7568171531,46504355,2023-12-02 12:47:08,2023-12-02 12:57:08,2023-12-02 13:00:08,On Time,33.76,Wallet,71881,5675,3.0,1,Small"
"4111193446,85020453,2024-01-22 09:08:13,2024-01-22 09:25:13,2024-01-22 09:25:13,On Time,2318.06,Card,84313,2683,0.0,0,Premium"
"8683154153,89986926,2024-09-07 06:40:42,2024-09-07 06:50:42,2024-09-07 06:52:42,On Time,3588.19,Card,95782,1197,2.0,1,Premium"
"5712367183,85763665,2024-06-13 19:15:19,2024-06-13 19:31:19,2024-06-13 19:45:19,Slightly Delayed,2496.31,Cash,92876,6570,14.0,1,Premium"
"3952854723,88739922,2023-09-15 02:34:20,2023-09-15 02:54:20,2023-09-15 02:50:20,On Time,2653.25,Card,76903,2560,-4.0,0,Premium"
"4631387671,86704661,2024-10-08 08:44:29,2024-10-08 09:00:29,2024-10-08 09:23:29,Significantly Delayed,1770.58,Upi,79609,4904,23.0,1,Large"
"2145309969,35988028,2023-09-17 16:44:19,2023-09-17 17:01:19,2023-09-17 17:01:19,On Time,995.98,Upi,30573,4375,0.0,0,Medium"
"4314762741,61516967,2023-06-17 09:36:10,2023-06-17 09:46:10,2023-06-17 09:42:10,On Time,4040.43,Wallet,5623,638,-4.0,0,Premium"
"7401889152,15733078,2024-09-20 01:43:32,2024-09-20 02:01:32,2024-09-20 01:57:32,On Time,2406.32,Cash,91633,6657,-4.0,0,Premium"
"1932040824,32987624,2024-03-15 20:40:41,2024-03-15 20:59:41,2024-03-15 21:04:41,On Time,1305.23,Upi,54078,9248,5.0,1,Large"
"9836424713,53815931,2023-11-19 03:22:27,2023-11-19 03:38:27,2023-11-19 03:42:27,On Time,267.29,Cash,1086,6418,4.0,1,Small"
"9882312203,65134271,2024-05-15 05:35:36,2024-05-15 05:53:36,2024-05-15 06:23:36,Significantly Delayed,2246.09,Wallet,65591,9384,30.0,1,Premium"
"3082649585,92409489,2023-09-26 18:01:46,2023-09-26 18:20:46,2023-09-26 18:22:46,On Time,127.08,Cash,79821,5968,2.0,1,Small"
"6033878151,61226563,2023-11-11 18:32:19,2023-11-11 18:42:19,2023-11-11 18:37:19,On Time,572.02,Card,5041,6219,-5.0,0,Medium"
"6395547592,43799224,2024-10-23 10:37:05,2024-10-23 10:53:05,2024-10-23 11:23:05,Significantly Delayed,440.19,Upi,94212,7196,30.0,1,Small"
"372962997,43799224,2024-04-18 00:11:51,2024-04-18 00:28:51,2024-04-18 00:41:51,Slightly Delayed,325.08,Upi,46745,8437,13.0,1,Small"
"2988215377,46802633,2024-08-18 15:10:03,2024-08-18 15:23:03,2024-08-18 15:22:03,On Time,2731.72,Upi,20480,9744,-1.0,0,Premium"
"7081583361,39093069,2024-08-01 20:30:53,2024-08-01 20:45:53,2024-08-01 20:50:53,On Time,2777.11,Card,8253,9532,5.0,1,Premium"
"1860491452,99893898,2024-04-18 11:44:01,2024-04-18 11:59:01,2024-04-18 12:12:01,Slightly Delayed,3744.71,Cash,12552,9865,13.0,1,Premium"
"7499656197,12469338,2024-03-27 09:26:49,2024-03-27 09:46:49,2024-03-27 10:01:49,Slightly Delayed,832.1,Card,28004,8833,15.0,1,Medium"
"4507112412,47577193,2023-09-30 22:08:09,2023-09-30 22:27:09,2023-09-30 22:22:09,On Time,2679.57,Card,49476,5193,-5.0,0,Premium"
"9214595868,98211325,2024-07-01 23:42:15,2024-07-01 23:55:15,2024-07-02 00:08:15,Slightly Delayed,3419.53,Wallet,34254,8256,13.0,1,Premium"
"253430904,16543242,2023-07-08 00:55:44,2023-07-08 01:13:44,2023-07-08 01:09:44,On Time,1392.32,Upi,65198,5277,-4.0,0,Large"
"5574588218,48281892,2024-06-28 08:57:17,2024-06-28 09:07:17,2024-06-28 09:14:17,Slightly Delayed,5318.31,Cash,98523,2154,7.0,1,Premium"
"2817281674,73869823,2023-09-16 13:27:51,2023-09-16 13:39:51,2023-09-16 13:40:51,On Time,923.09,Upi,83817,5058,1.0,1,Medium"
"4932779616,90021871,2024-07-26 05:11:13,2024-07-26 05:24:13,2024-07-26 05:29:13,On Time,3548.4,Upi,72875,7930,5.0,1,Premium"
"7932879650,81088747,2023-05-07 18:50:20,2023-05-07 19:09:20,2023-05-07 19:35:20,Significantly Delayed,1885.92,Cash,77996,1758,26.0,1,Large"
"997698125,97492493,2023-11-29 05:51:30,2023-11-29 06:04:30,2023-11-29 06:04:30,On Time,1552.41,Card,83779,1694,0.0,0,Large"
"2403547563,59677346,2024-05-20 16:56:51,2024-05-20 17:08:51,2024-05-20 17:04:51,On Time,2309.25,Wallet,38539,3595,-4.0,0,Premium"
"8875483494,34787383,2024-03-12 05:26:09,2024-03-12 05:38:09,2024-03-12 05:44:09,Slightly Delayed,827.44,Upi,43097,8225,6.0,1,Medium"
"883548284,3408982,2024-05-23 04:21:13,2024-05-23 04:36:13,2024-05-23 04:42:13,Slightly Delayed,2340.86,Wallet,16742,2475,6.0,1,Premium"
"2364229435,69339331,2024-07-13 05:31:47,2024-07-13 05:51:47,2024-07-13 05:47:47,On Time,4099.53,Wallet,23696,2832,-4.0,0,Premium"
"6845869445,54730270,2024-05-27 17:23:25,2024-05-27 17:39:25,2024-05-27 17:59:25,Significantly Delayed,4065.85,Upi,73284,6222,20.0,1,Premium"
"397818832,75467328,2023-12-22 12:59:55,2023-12-22 13:18:55,2023-12-22 13:45:55,Significantly Delayed,3963.84,Card,89520,4358,27.0,1,Premium"
"304166272,34835738,2023-10-29 01:26:58,2023-10-29 01:37:58,2023-10-29 01:42:58,On Time,3896.33,Upi,14802,2812,5.0,1,Premium"
"1575626085,78157360,2023-05-19 13:24:15,2023-05-19 13:43:15,2023-05-19 13:39:15,On Time,58.59,Card,36728,9143,-4.0,0,Small"
"3945644714,92356639,2023-05-16 14:06:16,2023-05-16 14:23:16,2023-05-16 14:26:16,On Time,1226.18,Upi,74071,3084,3.0,1,Large"
"8370213291,10855630,2023-05-20 14:05:18,2023-05-20 14:16:18,2023-05-20 14:30:18,Slightly Delayed,2721.29,Wallet,40650,3852,14.0,1,Premium"
"2185375786,46313756,2024-04-25 10:38:55,2024-04-25 10:58:55,2024-04-25 11:13:55,Slightly Delayed,2132.32,Card,10502,1639,15.0,1,Premium"
"1828975788,41155125,2024-01-30 13:15:19,2024-01-30 13:25:19,2024-01-30 13:32:19,Slightly Delayed,3658.25,Card,39589,995,7.0,1,Premium"
"4319450104,7288562,2024-09-16 09:57:14,2024-09-16 10:15:14,2024-09-16 10:21:14,Slightly Delayed,1968.01,Card,58079,7352,6.0,1,Large"
"5059765199,91562028,2023-10-19 05:58:52,2023-10-19 06:09:52,2023-10-19 06:15:52,Slightly Delayed,3092.93,Cash,10225,2988,6.0,1,Premium"
"5360089735,21425168,2023-05-04 05:15:17,2023-05-04 05:25:17,2023-05-04 05:28:17,On Time,3550.74,Wallet,11907,1189,3.0,1,Premium"
"8008211695,77397957,2023-09-07 16:23:21,2023-09-07 16:39:21,2023-09-07 16:41:21,On Time,3773.66,Cash,5891,8657,2.0,1,Premium"
"4400031082,46682777,2023-07-08 20:42:32,2023-07-08 20:58:32,2023-07-08 20:55:32,On Time,765.76,Cash,85402,4314,-3.0,0,Medium"
"9582738204,88312515,2023-08-17 02:50:35,2023-08-17 03:10:35,2023-08-17 03:29:35,Significantly Delayed,1728.25,Cash,35952,7696,19.0,1,Large"
"1368450162,14974554,2023-09-11 00:04:44,2023-09-11 00:16:44,2023-09-11 00:13:44,On Time,3130.36,Card,96642,5455,-3.0,0,Premium"
"56705032,63060947,2023-11-16 04:30:25,2023-11-16 04:40:25,2023-11-16 04:54:25,Slightly Delayed,3069.98,Upi,77287,8706,14.0,1,Premium"
"2407168640,78254569,2024-07-25 09:51:06,2024-07-25 10:04:06,2024-07-25 10:17:06,Slightly Delayed,1781.83,Cash,31314,1449,13.0,1,Large"
"530588807,25722990,2024-02-01 13:40:53,2024-02-01 13:50:53,2024-02-01 14:12:53,Significantly Delayed,2352.13,Wallet,97484,831,22.0,1,Premium"
"9975541696,59890331,2023-06-12 22:41:34,2023-06-12 23:01:34,2023-06-12 23:10:34,Slightly Delayed,3990.22,Upi,65401,9000,9.0,1,Premium"
"8602707005,77673290,2024-04-02 12:58:37,2024-04-02 13:15:37,2024-04-02 13:20:37,On Time,2934.21,Card,18347,6189,5.0,1,Premium"
"2382595056,76377003,2023-12-09 12:30:22,2023-12-09 12:42:22,2023-12-09 12:41:22,On Time,227.22,Wallet,12155,2710,-1.0,0,Small"
"8056162498,11446157,2023-05-08 22:14:21,2023-05-08 22:27:21,2023-05-08 22:48:21,Significantly Delayed,5891.08,Card,21033,9691,21.0,1,Premium"
"4593039089,50015282,2024-09-14 07:00:20,2024-09-14 07:15:20,2024-09-14 07:20:20,On Time,1790.99,Card,58970,2768,5.0,1,Large"
"7311288658,48358028,2024-08-15 15:36:43,2024-08-15 15:51:43,2024-08-15 15:51:43,On Time,1282.27,Upi,96125,8806,0.0,0,Large"
"9157217130,8073518,2023-06-18 19:59:32,2023-06-18 20:12:32,2023-06-18 20:07:32,On Time,1448.27,Wallet,22520,8340,-5.0,0,Large"
"9328094731,77086539,2024-08-21 04:31:01,2024-08-21 04:43:01,2024-08-21 04:41:01,On Time,2164.86,Card,87082,8300,-2.0,0,Premium"
"3259266120,35049420,2024-07-08 12:40:30,2024-07-08 13:00:30,2024-07-08 13:14:30,Slightly Delayed,3483.31,Cash,98390,8069,14.0,1,Premium"
"4656541041,84572019,2024-10-30 19:05:44,2024-10-30 19:24:44,2024-10-30 19:49:44,Significantly Delayed,87.3,Card,12258,4751,25.0,1,Small"
"730839483,20148223,2023-07-23 23:59:23,2023-07-24 00:12:23,2023-07-24 00:08:23,On Time,2528.88,Cash,56532,8077,-4.0,0,Premium"
"6185824257,1816969,2024-08-05 07:01:50,2024-08-05 07:15:50,2024-08-05 07:15:50,On Time,4093.07,Upi,1663,9890,0.0,0,Premium"
"225195662,76202036,2024-08-30 19:21:40,2024-08-30 19:41:40,2024-08-30 19:48:40,Slightly Delayed,284.69,Card,41237,4605,7.0,1,Small"
"6771104541,61618079,2023-05-10 10:40:23,2023-05-10 10:59:23,2023-05-10 10:58:23,On Time,97.04,Cash,57250,9739,-1.0,0,Small"
"6146830622,14367270,2024-10-04 13:15:54,2024-10-04 13:31:54,2024-10-04 13:27:54,On Time,271.38,Cash,47626,3967,-4.0,0,Small"
"1380326453,68159723,2023-08-29 20:51:35,2023-08-29 21:11:35,2023-08-29 21:14:35,On Time,4991.05,Cash,81223,5301,3.0,1,Premium"
"728523620,46699982,2023-08-31 19:13:41,2023-08-31 19:30:41,2023-08-31 19:33:41,On Time,1394.0,Wallet,56472,4697,3.0,1,Large"
"27296314,64562786,2024-10-17 16:13:30,2024-10-17 16:24:30,2024-10-17 16:46:30,Significantly Delayed,3866.08,Upi,97704,3986,22.0,1,Premium"
"2608278705,51945420,2023-10-22 02:28:34,2023-10-22 02:40:34,2023-10-22 02:46:34,Slightly Delayed,4746.82,Cash,47002,6359,6.0,1,Premium"
"6786366774,5716817,2024-03-21 02:27:40,2024-03-21 02:38:40,2024-03-21 02:35:40,On Time,3962.96,Card,24511,7573,-3.0,0,Premium"
"5572475750,40563029,2023-04-25 09:43:38,2023-04-25 09:54:38,2023-04-25 09:55:38,On Time,4045.5,Upi,40263,3548,1.0,1,Premium"
"8276417383,39976965,2024-06-18 02:15:04,2024-06-18 02:33:04,2024-06-18 02:36:04,On Time,1938.45,Cash,12207,5288,3.0,1,Large"
"784435014,2684440,2023-10-11 14:46:33,2023-10-11 14:58:33,2023-10-11 14:56:33,On Time,415.75,Cash,92792,7308,-2.0,0,Small"
"9442274046,93617659,2023-09-01 10:55:53,2023-09-01 11:08:53,2023-09-01 11:14:53,Slightly Delayed,229.38,Upi,54659,4120,6.0,1,Small"
"2470025903,81420960,2024-06-06 07:57:42,2024-06-06 08:07:42,2024-06-06 08:02:42,On Time,3939.11,Cash,86113,5295,-5.0,0,Premium"
"6774241153,29272253,2024-09-23 05:28:57,2024-09-23 05:46:57,2024-09-23 05:44:57,On Time,915.45,Upi,43384,1503,-2.0,0,Medium"
"3874644184,49152878,2024-06-23 23:29:09,2024-06-23 23:43:09,2024-06-23 23:48:09,On Time,577.13,Cash,94851,7620,5.0,1,Medium"
"8078065454,97033691,2024-05-19 11:15:16,2024-05-19 11:31:16,2024-05-19 12:01:16,Significantly Delayed,2440.55,Cash,61678,4145,30.0,1,Premium"
"340113260,83039559,2024-02-27 15:25:27,2024-02-27 15:38:27,2024-02-27 15:51:27,Slightly Delayed,869.51,Card,75601,2430,13.0,1,Medium"
"2978839318,59436131,2024-01-11 16:07:45,2024-01-11 16:18:45,2024-01-11 16:18:45,On Time,1031.54,Card,28270,2089,0.0,0,Large"
"3896922017,9274874,2024-08-25 17:39:03,2024-08-25 17:55:03,2024-08-25 17:59:03,On Time,726.41,Card,65400,6459,4.0,1,Medium"
"7621954956,32797235,2023-07-07 03:59:40,2023-07-07 04:14:40,2023-07-07 04:10:40,On Time,793.14,Upi,54741,2156,-4.0,0,Medium"
"581178324,12277039,2024-02-17 04:05:04,2024-02-17 04:22:04,2024-02-17 04:19:04,On Time,2887.67,Cash,47464,2226,-3.0,0,Premium"
"8469170680,5901440,2023-03-16 18:55:27,2023-03-16 19:14:27,2023-03-16 19:18:27,On Time,39.65,Upi,63716,1928,4.0,1,Small"
"6779626333,55404382,2024-05-11 01:20:43,2024-05-11 01:31:43,2024-05-11 01:42:43,Slightly Delayed,329.79,Card,76974,8218,11.0,1,Small"
"6335704206,38327793,2024-05-22 12:37:47,2024-05-22 12:48:47,2024-05-22 12:49:47,On Time,3363.41,Card,20524,7314,1.0,1,Premium"
"8314342490,21677923,2023-04-05 01:03:31,2023-04-05 01:23:31,2023-04-05 01:23:31,On Time,3821.54,Wallet,66981,8209,0.0,0,Premium"
"1948795658,49833888,2023-10-23 07:46:00,2023-10-23 07:57:00,2023-10-23 07:55:00,On Time,3541.32,Card,77748,4485,-2.0,0,Premium"
"9187864807,44776601,2024-06-22 10:00:22,2024-06-22 10:17:22,2024-06-22 10:16:22,On Time,1565.97,Wallet,69796,5814,-1.0,0,Large"
"8399666962,21573815,2023-04-08 09:45:31,2023-04-08 10:04:31,2023-04-08 09:59:31,On Time,3782.86,Upi,970,6255,-5.0,0,Premium"
"6196321055,30788486,2024-05-17 18:25:15,2024-05-17 18:38:15,2024-05-17 18:37:15,On Time,1795.02,Cash,42302,4893,-1.0,0,Large"
"8128518434,94486311,2023-08-12 16:51:00,2023-08-12 17:06:00,2023-08-12 17:03:00,On Time,2083.51,Card,69854,5160,-3.0,0,Premium"
"9854897999,72415263,2023-10-04 17:52:34,2023-10-04 18:11:34,2023-10-04 18:10:34,On Time,2790.09,Card,91060,2982,-1.0,0,Premium"
"2603584546,41811800,2024-05-21 21:53:23,2024-05-21 22:05:23,2024-05-21 22:09:23,On Time,1328.82,Wallet,65439,3672,4.0,1,Large"
"1295119665,99695529,2024-03-19 08:08:31,2024-03-19 08:26:31,2024-03-19 08:21:31,On Time,4979.18,Upi,2255,8775,-5.0,0,Premium"
"599975885,45708879,2023-06-07 05:55:43,2023-06-07 06:13:43,2023-06-07 06:11:43,On Time,3420.7,Card,71620,2050,-2.0,0,Premium"
"5834861324,84826389,2023-07-04 12:17:28,2023-07-04 12:29:28,2023-07-04 12:50:28,Significantly Delayed,1367.34,Upi,35944,3985,21.0,1,Large"
"2032005162,18791381,2024-10-21 07:09:25,2024-10-21 07:19:25,2024-10-21 07:23:25,On Time,2152.48,Wallet,34670,2241,4.0,1,Premium"
"8391900458,43518622,2023-05-17 05:40:54,2023-05-17 05:51:54,2023-05-17 05:48:54,On Time,1807.66,Wallet,24889,2375,-3.0,0,Large"
"1887687323,85518832,2024-02-08 02:50:48,2024-02-08 03:09:48,2024-02-08 03:07:48,On Time,695.62,Cash,33348,384,-2.0,0,Medium"
"2120411967,6867315,2023-12-21 01:28:43,2023-12-21 01:38:43,2023-12-21 02:00:43,Significantly Delayed,4769.69,Wallet,57032,5498,22.0,1,Premium"
"3158340906,48002829,2024-07-19 01:27:35,2024-07-19 01:41:35,2024-07-19 01:48:35,Slightly Delayed,4157.26,Wallet,87614,7547,7.0,1,Premium"
"2387343456,17749347,2024-10-19 03:10:02,2024-10-19 03:22:02,2024-10-19 03:34:02,Slightly Delayed,915.29,Wallet,95322,7943,12.0,1,Medium"
"338609144,12574626,2024-10-26 05:45:05,2024-10-26 05:55:05,2024-10-26 05:52:05,On Time,2731.77,Cash,30432,6708,-3.0,0,Premium"
"9056190831,3100301,2023-07-17 06:57:09,2023-07-17 07:08:09,2023-07-17 07:08:09,On Time,2618.61,Wallet,80716,7951,0.0,0,Premium"
"2803081135,42262168,2023-06-10 21:55:58,2023-06-10 22:06:58,2023-06-10 22:07:58,On Time,1389.92,Wallet,91761,9047,1.0,1,Large"
"5970759669,26285589,2024-03-19 10:30:44,2024-03-19 10:42:44,2024-03-19 10:41:44,On Time,3168.87,Upi,77115,3868,-1.0,0,Premium"
"3226693729,62629494,2023-08-06 13:26:22,2023-08-06 13:46:22,2023-08-06 13:45:22,On Time,748.62,Upi,63788,3892,-1.0,0,Medium"
"8132845656,4597433,2024-07-10 11:53:29,2024-07-10 12:12:29,2024-07-10 12:36:29,Significantly Delayed,690.08,Upi,59176,8266,24.0,1,Medium"
"7850550725,16424635,2023-12-31 05:45:21,2023-12-31 06:00:21,2023-12-31 06:04:21,On Time,1641.82,Wallet,95256,9018,4.0,1,Large"
"2934547619,77161976,2024-06-01 20:59:04,2024-06-01 21:11:04,2024-06-01 21:12:04,On Time,3784.91,Card,93096,1442,1.0,1,Premium"
"608179182,87220860,2024-08-01 08:28:48,2024-08-01 08:41:48,2024-08-01 08:57:48,Significantly Delayed,4653.67,Card,62860,7107,16.0,1,Premium"
"5191326847,48158494,2023-05-13 21:35:00,2023-05-13 21:45:00,2023-05-13 21:40:00,On Time,3166.48,Upi,18931,7651,-5.0,0,Premium"
"7614561036,91853589,2023-09-10 05:56:46,2023-09-10 06:13:46,2023-09-10 06:09:46,On Time,1848.84,Wallet,12416,4853,-4.0,0,Large"
"2947791133,19741509,2023-11-28 07:16:17,2023-11-28 07:29:17,2023-11-28 07:25:17,On Time,1379.52,Wallet,27180,2712,-4.0,0,Large"
"6538760883,119099,2024-04-19 13:46:57,2024-04-19 14:06:57,2024-04-19 14:06:57,On Time,5122.1,Upi,6246,3096,0.0,0,Premium"
"8872250952,43243913,2023-10-04 04:56:45,2023-10-04 05:09:45,2023-10-04 05:25:45,Significantly Delayed,993.86,Upi,56371,8902,16.0,1,Medium"
"8173258734,20835909,2023-11-03 03:32:12,2023-11-03 03:51:12,2023-11-03 03:59:12,Slightly Delayed,1063.55,Wallet,65288,5758,8.0,1,Large"
"5465833352,11047835,2023-03-28 19:57:09,2023-03-28 20:10:09,2023-03-28 20:12:09,On Time,2140.08,Upi,43563,8457,2.0,1,Premium"
"2106569369,27513158,2024-01-02 11:25:38,2024-01-02 11:45:38,2024-01-02 11:45:38,On Time,2211.21,Upi,6531,9675,0.0,0,Premium"
"9039440500,64298209,2024-07-12 05:36:09,2024-07-12 05:53:09,2024-07-12 05:54:09,On Time,4074.16,Card,30254,3169,1.0,1,Premium"
"8281482042,72889295,2023-06-28 15:21:01,2023-06-28 15:38:01,2023-06-28 15:42:01,On Time,1781.14,Card,42297,5598,4.0,1,Large"
"479528548,21786873,2023-07-17 23:34:46,2023-07-17 23:45:46,2023-07-17 23:47:46,On Time,2419.83,Card,48749,8068,2.0,1,Premium"
"8087519921,90246977,2023-10-19 08:34:22,2023-10-19 08:49:22,2023-10-19 08:45:22,On Time,3870.37,Upi,45580,566,-4.0,0,Premium"
"4869691623,9401406,2023-05-05 04:16:51,2023-05-05 04:29:51,2023-05-05 04:24:51,On Time,2648.0,Card,83043,1385,-5.0,0,Premium"
"7155177625,2566268,2024-08-25 23:46:26,2024-08-25 23:59:26,2024-08-26 00:04:26,On Time,3064.83,Upi,30422,309,5.0,1,Premium"
"7254499390,93563435,2023-11-29 13:26:00,2023-11-29 13:46:00,2023-11-29 13:46:00,On Time,1260.53,Cash,86803,6757,0.0,0,Large"
"7394439260,22358567,2024-10-21 06:27:59,2024-10-21 06:44:59,2024-10-21 07:11:59,Significantly Delayed,4682.75,Cash,12528,8221,27.0,1,Premium"
"6581715589,8375298,2023-05-09 00:35:46,2023-05-09 00:54:46,2023-05-09 00:53:46,On Time,900.3,Upi,58622,7415,-1.0,0,Medium"
"9457009010,80858127,2024-02-06 00:04:30,2024-02-06 00:23:30,2024-02-06 00:37:30,Slightly Delayed,3393.32,Cash,2554,6240,14.0,1,Premium"
"2859660695,33685414,2023-08-02 04:36:07,2023-08-02 04:53:07,2023-08-02 05:06:07,Slightly Delayed,1022.62,Upi,16252,9876,13.0,1,Large"
"6392348668,1697604,2024-01-29 19:49:32,2024-01-29 20:06:32,2024-01-29 20:11:32,On Time,4479.61,Upi,45949,3200,5.0,1,Premium"
"6933011590,21658322,2023-08-01 23:22:26,2023-08-01 23:34:26,2023-08-01 23:29:26,On Time,549.47,Card,61242,3239,-5.0,0,Medium"
"5809441378,51872499,2024-07-29 20:56:08,2024-07-29 21:11:08,2024-07-29 21:35:08,Significantly Delayed,1275.88,Card,5755,776,24.0,1,Large"
"411113020,84953008,2024-06-29 01:37:42,2024-06-29 01:48:42,2024-06-29 01:51:42,On Time,1822.88,Wallet,67832,4880,3.0,1,Large"
"5512796364,12507907,2023-06-21 15:23:37,2023-06-21 15:38:37,2023-06-21 15:38:37,On Time,1369.75,Card,26740,1341,0.0,0,Large"
"2610813239,62917794,2023-11-26 04:06:37,2023-11-26 04:21:37,2023-11-26 04:20:37,On Time,1291.85,Upi,70178,9191,-1.0,0,Large"
"3236748462,58111297,2024-06-26 10:13:19,2024-06-26 10:30:19,2024-06-26 10:34:19,On Time,2340.2,Upi,22715,6982,4.0,1,Premium"
"6652395897,60904312,2024-07-11 03:41:04,2024-07-11 03:52:04,2024-07-11 03:49:04,On Time,2780.39,Upi,9118,163,-3.0,0,Premium"
"5517901926,40593638,2023-06-24 23:50:38,2023-06-25 00:01:38,2023-06-25 00:05:38,On Time,2377.37,Cash,44062,6183,4.0,1,Premium"
"2174753933,38780509,2024-10-12 05:12:22,2024-10-12 05:29:22,2024-10-12 05:26:22,On Time,940.61,Card,24246,8817,-3.0,0,Medium"
"1525700767,61320989,2023-05-29 00:08:08,2023-05-29 00:22:08,2023-05-29 00:37:08,Slightly Delayed,4081.2,Cash,84226,5999,15.0,1,Premium"
"7232692149,899941,2023-12-01 20:28:51,2023-12-01 20:42:51,2023-12-01 20:46:51,On Time,1932.42,Wallet,77791,3715,4.0,1,Large"
"8556607504,68703613,2024-02-20 06:35:03,2024-02-20 06:47:03,2024-02-20 06:48:03,On Time,1877.95,Card,26730,3778,1.0,1,Large"
"5841260317,65426878,2023-04-28 19:29:03,2023-04-28 19:44:03,2023-04-28 19:58:03,Slightly Delayed,3951.8,Cash,46790,7582,14.0,1,Premium"
"9471427840,18935489,2023-07-08 06:36:31,2023-07-08 06:55:31,2023-07-08 07:10:31,Slightly Delayed,4352.3,Card,3518,7378,15.0,1,Premium"
"2070610257,4386273,2023-07-20 04:48:04,2023-07-20 05:08:04,2023-07-20 05:08:04,On Time,949.73,Card,79253,1523,0.0,0,Medium"
"1884811437,24988999,2023-03-21 20:07:38,2023-03-21 20:21:38,2023-03-21 20:16:38,On Time,665.98,Card,85987,4546,-5.0,0,Medium"
"5331747573,3588443,2024-09-30 16:45:59,2024-09-30 16:58:59,2024-09-30 16:55:59,On Time,3589.43,Card,21022,8840,-3.0,0,Premium"
"9977285985,22321208,2023-08-11 15:04:42,2023-08-11 15:18:42,2023-08-11 15:20:42,On Time,325.08,Cash,9310,5920,2.0,1,Small"
"1715175070,33706378,2023-09-27 04:45:33,2023-09-27 05:03:33,2023-09-27 05:25:33,Significantly Delayed,3786.34,Cash,81041,514,22.0,1,Premium"
"4117790162,52770036,2023-05-11 23:26:43,2023-05-11 23:36:43,2023-05-11 23:39:43,On Time,986.22,Upi,67561,6341,3.0,1,Medium"
"9051644316,30447453,2024-07-23 17:11:45,2024-07-23 17:31:45,2024-07-23 17:38:45,Slightly Delayed,1636.36,Wallet,3338,3116,7.0,1,Large"
"4903335316,47822591,2023-04-30 19:35:17,2023-04-30 19:51:17,2023-04-30 20:01:17,Slightly Delayed,3090.86,Upi,78579,3917,10.0,1,Premium"
"3341481363,43066953,2023-11-22 02:15:41,2023-11-22 02:33:41,2023-11-22 02:49:41,Significantly Delayed,2839.24,Cash,5676,982,16.0,1,Premium"
"4074537770,2400009,2024-04-30 07:00:27,2024-04-30 07:12:27,2024-04-30 07:16:27,On Time,871.22,Card,35318,9861,4.0,1,Medium"
"5374589112,52409516,2023-10-26 14:14:38,2023-10-26 14:31:38,2023-10-26 14:55:38,Significantly Delayed,355.96,Cash,5005,7583,24.0,1,Small"
"6401406847,58152923,2023-11-04 14:02:24,2023-11-04 14:14:24,2023-11-04 14:25:24,Slightly Delayed,2125.71,Card,73083,1286,11.0,1,Premium"
"698439139,75038062,2024-09-07 07:06:30,2024-09-07 07:25:30,2024-09-07 07:23:30,On Time,5380.75,Card,11532,5480,-2.0,0,Premium"
"881367843,25221501,2024-10-14 08:12:02,2024-10-14 08:22:02,2024-10-14 08:18:02,On Time,1830.88,Cash,44968,4552,-4.0,0,Large"
"6438115781,43431724,2023-10-29 13:27:38,2023-10-29 13:46:38,2023-10-29 13:46:38,On Time,2245.7,Upi,4344,9657,0.0,0,Premium"
"1706198744,19425804,2024-06-03 18:12:37,2024-06-03 18:30:37,2024-06-03 18:29:37,On Time,278.4,Upi,71880,8416,-1.0,0,Small"
"3115167739,83304571,2024-07-25 18:31:08,2024-07-25 18:43:08,2024-07-25 18:43:08,On Time,870.29,Card,72022,8592,0.0,0,Medium"
"8608111158,75244116,2023-04-14 02:39:54,2023-04-14 02:57:54,2023-04-14 03:06:54,Slightly Delayed,4129.04,Cash,12818,1407,9.0,1,Premium"
"8167540645,69925688,2023-07-23 13:23:28,2023-07-23 13:35:28,2023-07-23 13:39:28,On Time,3873.68,Wallet,58084,3251,4.0,1,Premium"
"898210033,28111842,2024-06-13 03:42:15,2024-06-13 03:57:15,2024-06-13 03:55:15,On Time,3445.49,Cash,12413,3478,-2.0,0,Premium"
"5415454466,79369660,2024-07-09 12:07:53,2024-07-09 12:19:53,2024-07-09 12:20:53,On Time,2422.42,Wallet,34853,7347,1.0,1,Premium"
"9240312177,80862136,2023-04-06 12:22:30,2023-04-06 12:41:30,2023-04-06 12:48:30,Slightly Delayed,3134.86,Wallet,95973,2892,7.0,1,Premium"
"4880265969,20163931,2023-05-22 01:12:12,2023-05-22 01:32:12,2023-05-22 01:32:12,On Time,2341.08,Upi,27914,1617,0.0,0,Premium"
"5056583192,27336589,2023-11-30 05:07:39,2023-11-30 05:20:39,2023-11-30 05:16:39,On Time,61.79,Wallet,92613,1035,-4.0,0,Small"
"1921412688,12338529,2023-10-04 14:32:30,2023-10-04 14:48:30,2023-10-04 14:51:30,On Time,261.03,Cash,73146,5163,3.0,1,Small"
"5829741995,40434527,2023-12-25 23:00:40,2023-12-25 23:10:40,2023-12-25 23:20:40,Slightly Delayed,1906.86,Card,19670,7172,10.0,1,Large"
"9830742370,49806393,2024-02-09 16:22:41,2024-02-09 16:32:41,2024-02-09 16:38:41,Slightly Delayed,2223.88,Wallet,76449,6927,6.0,1,Premium"
"509041342,91243571,2024-01-05 15:09:52,2024-01-05 15:21:52,2024-01-05 15:21:52,On Time,2427.78,Cash,46033,3455,0.0,0,Premium"
"8420144998,72164737,2023-11-25 19:40:54,2023-11-25 19:50:54,2023-11-25 19:47:54,On Time,4216.31,Card,23389,2908,-3.0,0,Premium"
"7353766541,48418662,2023-06-28 21:29:31,2023-06-28 21:43:31,2023-06-28 21:43:31,On Time,441.87,Cash,31980,3214,0.0,0,Small"
"8617979440,13604883,2023-09-10 11:49:39,2023-09-10 11:59:39,2023-09-10 12:17:39,Significantly Delayed,1827.78,Cash,58649,5221,18.0,1,Large"
"680476823,75739462,2024-09-23 14:07:55,2024-09-23 14:23:55,2024-09-23 14:27:55,On Time,1205.62,Cash,57248,7056,4.0,1,Large"
"5424536852,18035010,2024-08-18 12:18:21,2024-08-18 12:35:21,2024-08-18 12:37:21,On Time,3267.02,Upi,62091,4945,2.0,1,Premium"
"1142004448,73735548,2024-06-05 07:38:45,2024-06-05 07:54:45,2024-06-05 07:50:45,On Time,2117.45,Cash,26520,9370,-4.0,0,Premium"
"1814491335,27336589,2024-02-24 07:45:16,2024-02-24 07:57:16,2024-02-24 08:10:16,Slightly Delayed,3762.92,Wallet,88279,2298,13.0,1,Premium"
"445929405,36885115,2023-07-18 17:01:40,2023-07-18 17:19:40,2023-07-18 17:22:40,On Time,1363.04,Card,56215,4644,3.0,1,Large"
"3849003596,60300263,2023-10-07 17:21:57,2023-10-07 17:31:57,2023-10-07 17:57:57,Significantly Delayed,2568.24,Card,32753,3531,26.0,1,Premium"
"6367757670,33617546,2024-09-08 16:38:15,2024-09-08 16:48:15,2024-09-08 16:44:15,On Time,4428.29,Cash,87431,3103,-4.0,0,Premium"
"4925321106,77214094,2024-02-04 06:25:26,2024-02-04 06:39:26,2024-02-04 06:40:26,On Time,3596.68,Wallet,88488,6684,1.0,1,Premium"
"4463294381,44409533,2023-12-31 22:50:47,2023-12-31 23:06:47,2023-12-31 23:21:47,Slightly Delayed,3635.76,Wallet,53108,5698,15.0,1,Premium"
"9077946933,81808190,2024-04-19 15:31:52,2024-04-19 15:41:52,2024-04-19 15:50:52,Slightly Delayed,4519.36,Wallet,36570,7046,9.0,1,Premium"
"6688079478,57392064,2024-04-18 12:12:45,2024-04-18 12:25:45,2024-04-18 12:23:45,On Time,53.49,Cash,94088,4812,-2.0,0,Small"
"8712304346,40085705,2023-06-10 02:41:49,2023-06-10 02:57:49,2023-06-10 02:52:49,On Time,4727.01,Upi,62302,8169,-5.0,0,Premium"
"3748957111,98088303,2023-04-30 14:51:49,2023-04-30 15:09:49,2023-04-30 15:17:49,Slightly Delayed,1499.45,Wallet,90798,8507,8.0,1,Large"
"2388792163,81160474,2024-02-20 17:10:19,2024-02-20 17:27:19,2024-02-20 17:40:19,Slightly Delayed,839.84,Wallet,16233,380,13.0,1,Medium"
"2583035857,77220027,2023-11-15 21:48:52,2023-11-15 21:59:52,2023-11-15 22:02:52,On Time,874.78,Wallet,94223,2902,3.0,1,Medium"
"2649487718,81346291,2024-03-01 14:00:21,2024-03-01 14:11:21,2024-03-01 14:15:21,On Time,549.47,Cash,74371,4840,4.0,1,Medium"
"5936628691,47387512,2023-10-01 11:20:21,2023-10-01 11:37:21,2023-10-01 11:49:21,Slightly Delayed,2943.17,Upi,50066,5691,12.0,1,Premium"
"7662682121,1562083,2024-09-12 04:16:57,2024-09-12 04:29:57,2024-09-12 04:30:57,On Time,4222.73,Cash,67053,1332,1.0,1,Premium"
"736115661,55971849,2023-05-22 01:22:24,2023-05-22 01:40:24,2023-05-22 01:50:24,Slightly Delayed,1710.16,Card,29600,8347,10.0,1,Large"
"2448741950,60757351,2023-11-26 19:26:31,2023-11-26 19:42:31,2023-11-26 19:45:31,On Time,1534.86,Cash,91140,202,3.0,1,Large"
"9321629905,79206969,2024-02-08 20:25:13,2024-02-08 20:36:13,2024-02-08 20:40:13,On Time,3273.05,Upi,93938,2273,4.0,1,Premium"
"9020583379,9573071,2023-06-20 18:08:01,2023-06-20 18:27:01,2023-06-20 18:29:01,On Time,2075.61,Cash,45361,4382,2.0,1,Premium"
"2642275862,97419742,2023-12-18 06:15:35,2023-12-18 06:28:35,2023-12-18 06:53:35,Significantly Delayed,5086.75,Upi,13165,542,25.0,1,Premium"
"6932431317,79206969,2024-07-16 04:05:08,2024-07-16 04:22:08,2024-07-16 04:20:08,On Time,329.79,Wallet,17468,3199,-2.0,0,Small"
"9126871366,67696145,2023-05-18 08:44:54,2023-05-18 09:04:54,2023-05-18 09:20:54,Significantly Delayed,3246.38,Card,52905,2921,16.0,1,Premium"
"3244572785,60732869,2024-01-16 21:22:55,2024-01-16 21:32:55,2024-01-16 21:57:55,Significantly Delayed,491.21,Card,94129,1991,25.0,1,Small"
"6485432691,18082040,2023-05-13 21:26:44,2023-05-13 21:38:44,2023-05-13 21:40:44,On Time,2635.54,Upi,89800,9974,2.0,1,Premium"
"6047222755,78394303,2023-09-23 06:45:31,2023-09-23 06:59:31,2023-09-23 06:58:31,On Time,4715.13,Card,19111,9177,-1.0,0,Premium"
"6167501412,20940403,2024-01-24 23:43:14,2024-01-24 23:56:14,2024-01-25 00:23:14,Significantly Delayed,2814.34,Wallet,16808,1014,27.0,1,Premium"
"2052163872,20634789,2023-06-21 22:30:22,2023-06-21 22:43:22,2023-06-21 22:43:22,On Time,819.82,Card,36843,2177,0.0,0,Medium"
"7740339645,70170606,2023-12-04 01:16:30,2023-12-04 01:32:30,2023-12-04 01:41:30,Slightly Delayed,2054.08,Card,8704,2146,9.0,1,Premium"
"2761855959,81541985,2023-10-24 07:06:54,2023-10-24 07:17:54,2023-10-24 07:12:54,On Time,4023.54,Wallet,21232,5899,-5.0,0,Premium"
"8010347195,18935489,2023-12-14 20:23:20,2023-12-14 20:35:20,2023-12-14 20:38:20,On Time,341.75,Upi,37264,6055,3.0,1,Small"
"2384153985,30285217,2023-10-09 12:12:03,2023-10-09 12:22:03,2023-10-09 12:32:03,Slightly Delayed,2168.39,Wallet,57668,5184,10.0,1,Premium"
"3584794157,96253172,2024-04-04 05:02:46,2024-04-04 05:20:46,2024-04-04 05:18:46,On Time,3902.46,Wallet,9727,3719,-2.0,0,Premium"
"8186709947,27604184,2023-11-18 08:57:30,2023-11-18 09:16:30,2023-11-18 09:38:30,Significantly Delayed,768.27,Wallet,23823,6943,22.0,1,Medium"
"6027355216,17929886,2023-06-27 20:49:55,2023-06-27 21:07:55,2023-06-27 21:08:55,On Time,2562.39,Card,89884,8534,1.0,1,Premium"
"9823160533,51119088,2024-06-05 05:16:03,2024-06-05 05:30:03,2024-06-05 05:35:03,On Time,1408.86,Wallet,80889,3975,5.0,1,Large"
"8694663463,12851610,2024-01-16 01:11:41,2024-01-16 01:25:41,2024-01-16 01:23:41,On Time,1496.16,Upi,42844,1316,-2.0,0,Large"
"1296772969,68703613,2024-06-02 02:03:40,2024-06-02 02:13:40,2024-06-02 02:14:40,On Time,5662.12,Upi,61392,5047,1.0,1,Premium"
"5856838171,55971849,2023-12-20 18:25:40,2023-12-20 18:44:40,2023-12-20 19:09:40,Significantly Delayed,3115.94,Wallet,7117,1390,25.0,1,Premium"
"915473142,53636086,2024-05-30 02:09:42,2024-05-30 02:24:42,2024-05-30 02:39:42,Slightly Delayed,152.55,Upi,93166,4295,15.0,1,Small"
"6992097680,9450435,2023-11-13 22:10:00,2023-11-13 22:21:00,2023-11-13 22:34:00,Slightly Delayed,1214.18,Wallet,74334,4273,13.0,1,Large"
"6870670122,70529459,2023-11-24 12:04:22,2023-11-24 12:15:22,2023-11-24 12:16:22,On Time,449.97,Upi,89533,9539,1.0,1,Small"
"6626994121,44223796,2024-07-16 00:45:39,2024-07-16 00:57:39,2024-07-16 01:10:39,Slightly Delayed,1769.65,Cash,18323,8212,13.0,1,Large"
"6125813500,44562310,2023-07-23 17:17:56,2023-07-23 17:29:56,2023-07-23 17:41:56,Slightly Delayed,3788.27,Cash,31926,441,12.0,1,Premium"
"6899859775,33706378,2024-04-30 16:35:18,2024-04-30 16:48:18,2024-04-30 16:51:18,On Time,3110.34,Wallet,12202,9252,3.0,1,Premium"
"1825560091,41494867,2024-01-31 20:57:35,2024-01-31 21:08:35,2024-01-31 21:13:35,On Time,422.14,Cash,1440,2114,5.0,1,Small"
"1320638425,36833857,2023-04-26 21:53:58,2023-04-26 22:11:58,2023-04-26 22:11:58,On Time,3608.01,Card,38512,4392,0.0,0,Premium"
"5320995509,81932548,2023-06-12 09:16:12,2023-06-12 09:27:12,2023-06-12 09:32:12,On Time,4452.79,Wallet,63710,9308,5.0,1,Premium"
"4249535395,50953418,2023-03-25 11:21:29,2023-03-25 11:31:29,2023-03-25 11:26:29,On Time,1566.19,Card,45901,6866,-5.0,0,Large"
"804881381,44269569,2024-05-26 10:00:47,2024-05-26 10:18:47,2024-05-26 10:14:47,On Time,321.33,Upi,61383,6978,-4.0,0,Small"
"4858560187,55028958,2023-10-21 20:23:10,2023-10-21 20:43:10,2023-10-21 20:47:10,On Time,1018.81,Cash,16416,7344,4.0,1,Large"
"6425666148,24144240,2023-08-07 20:54:37,2023-08-07 21:05:37,2023-08-07 21:01:37,On Time,1967.25,Wallet,19912,8114,-4.0,0,Large"
"9021754099,23844919,2024-08-01 02:27:31,2024-08-01 02:38:31,2024-08-01 02:40:31,On Time,3472.43,Wallet,54647,3228,2.0,1,Premium"
"7728205680,46023497,2024-06-15 21:30:18,2024-06-15 21:48:18,2024-06-15 21:48:18,On Time,325.08,Cash,63693,5959,0.0,0,Small"
"9346166799,62416456,2024-10-23 00:20:31,2024-10-23 00:38:31,2024-10-23 00:45:31,Slightly Delayed,1896.99,Card,40234,781,7.0,1,Large"
"3377313085,89036169,2023-09-23 23:16:58,2023-09-23 23:34:58,2023-09-23 23:41:58,Slightly Delayed,2044.47,Upi,83445,2496,7.0,1,Premium"
"8167716321,73392739,2024-05-02 03:12:20,2024-05-02 03:23:20,2024-05-02 03:23:20,On Time,3448.04,Cash,69644,5231,0.0,0,Premium"
"2024637181,29451600,2023-06-04 21:26:10,2023-06-04 21:39:10,2023-06-04 21:40:10,On Time,2241.49,Cash,3368,9002,1.0,1,Premium"
"9310630290,64162093,2023-10-04 06:35:01,2023-10-04 06:54:01,2023-10-04 06:52:01,On Time,2003.29,Cash,47069,4115,-2.0,0,Premium"
"2276505075,12769552,2024-07-05 13:41:54,2024-07-05 13:51:54,2024-07-05 13:51:54,On Time,2169.15,Upi,40432,28,0.0,0,Premium"
"6615188116,49529811,2023-08-30 13:03:42,2023-08-30 13:22:42,2023-08-30 13:27:42,On Time,1531.68,Wallet,42073,9663,5.0,1,Large"
"6858336318,92027021,2024-06-29 07:32:32,2024-06-29 07:48:32,2024-06-29 07:46:32,On Time,160.07,Cash,18825,5222,-2.0,0,Small"
"7601638642,32426778,2024-09-10 06:07:31,2024-09-10 06:23:31,2024-09-10 06:39:31,Significantly Delayed,4827.19,Card,8313,6401,16.0,1,Premium"
"1191565627,51661209,2023-11-04 12:01:36,2023-11-04 12:20:36,2023-11-04 12:16:36,On Time,1760.51,Upi,13574,8835,-4.0,0,Large"
"4785021992,91144803,2023-12-20 12:11:37,2023-12-20 12:30:37,2023-12-20 12:35:37,On Time,3562.88,Wallet,14692,7921,5.0,1,Premium"
"3452964753,49449238,2024-06-15 18:53:44,2024-06-15 19:09:44,2024-06-15 19:13:44,On Time,3713.57,Card,56030,4866,4.0,1,Premium"
"3490919801,85198177,2023-10-18 06:51:41,2023-10-18 07:08:41,2023-10-18 07:06:41,On Time,801.81,Cash,59239,8709,-2.0,0,Medium"
"105578518,38615653,2024-03-03 01:59:51,2024-03-03 02:13:51,2024-03-03 02:27:51,Slightly Delayed,1034.16,Cash,97558,3362,14.0,1,Large"
"2978719561,11478478,2023-11-09 09:33:50,2023-11-09 09:53:50,2023-11-09 10:00:50,Slightly Delayed,3000.58,Card,39241,7396,7.0,1,Premium"
"9979010790,13465850,2024-02-13 01:25:09,2024-02-13 01:36:09,2024-02-13 01:46:09,Slightly Delayed,415.75,Upi,41655,6979,10.0,1,Small"
"4435636116,93018527,2023-04-07 14:02:46,2023-04-07 14:22:46,2023-04-07 14:20:46,On Time,552.2,Wallet,45294,1997,-2.0,0,Medium"
"5909879259,82594354,2024-08-06 19:17:03,2024-08-06 19:31:03,2024-08-06 19:42:03,Slightly Delayed,786.1,Card,48039,4123,11.0,1,Medium"
"2686390867,45071436,2024-02-04 17:00:23,2024-02-04 17:17:23,2024-02-04 17:15:23,On Time,397.55,Card,21025,6752,-2.0,0,Small"
"6698537000,52770036,2024-01-16 05:36:12,2024-01-16 05:55:12,2024-01-16 05:54:12,On Time,2179.27,Card,50375,9810,-1.0,0,Premium"
"4395604675,53076417,2023-11-11 10:55:29,2023-11-11 11:11:29,2023-11-11 11:18:29,Slightly Delayed,1878.33,Upi,608,3185,7.0,1,Large"
"3475041787,34425723,2024-07-27 12:46:39,2024-07-27 13:00:39,2024-07-27 13:14:39,Slightly Delayed,890.42,Upi,93068,2344,14.0,1,Medium"
"5817989751,72366758,2023-11-22 11:36:54,2023-11-22 11:48:54,2023-11-22 11:49:54,On Time,1730.17,Wallet,53533,2507,1.0,1,Large"
"1433129858,43256928,2024-05-27 14:45:47,2024-05-27 14:57:47,2024-05-27 14:52:47,On Time,481.63,Upi,25333,8177,-5.0,0,Small"
"3571922553,69364309,2024-01-04 14:09:50,2024-01-04 14:22:50,2024-01-04 14:26:50,On Time,2999.67,Cash,84788,6288,4.0,1,Premium"
"7940229189,50632192,2024-03-20 21:38:09,2024-03-20 21:49:09,2024-03-20 22:06:09,Significantly Delayed,481.63,Wallet,40127,6133,17.0,1,Small"
"3801240688,18256339,2024-08-26 00:46:08,2024-08-26 01:02:08,2024-08-26 01:02:08,On Time,1441.45,Card,82311,123,0.0,0,Large"
"1295268290,70168151,2024-02-16 22:34:18,2024-02-16 22:53:18,2024-02-16 22:50:18,On Time,3522.38,Cash,30358,3039,-3.0,0,Premium"
"4552636670,74313592,2024-08-12 17:56:50,2024-08-12 18:16:50,2024-08-12 18:19:50,On Time,2002.09,Upi,32309,5564,3.0,1,Premium"
"6805071689,87266309,2024-03-30 04:50:39,2024-03-30 05:06:39,2024-03-30 05:29:39,Significantly Delayed,1190.62,Upi,85430,1183,23.0,1,Large"
"8026827967,49371494,2023-06-17 22:28:55,2023-06-17 22:41:55,2023-06-17 22:41:55,On Time,878.8,Wallet,72056,9216,0.0,0,Medium"
"6417774057,22800586,2024-03-06 18:58:23,2024-03-06 19:14:23,2024-03-06 19:20:23,Slightly Delayed,3376.87,Wallet,96532,9385,6.0,1,Premium"
"7877665931,35434373,2023-12-24 09:20:20,2023-12-24 09:34:20,2023-12-24 09:39:20,On Time,722.42,Card,72800,6726,5.0,1,Medium"
"7754237266,75836905,2023-05-09 13:29:26,2023-05-09 13:48:26,2023-05-09 13:46:26,On Time,445.48,Card,9779,5897,-2.0,0,Small"
"7985418058,35302195,2024-09-10 03:53:21,2024-09-10 04:10:21,2024-09-10 04:10:21,On Time,672.73,Card,72721,184,0.0,0,Medium"
"5287733777,84066402,2024-10-24 16:14:26,2024-10-24 16:30:26,2024-10-24 16:28:26,On Time,1654.07,Card,40327,1389,-2.0,0,Large"
"7112725384,21658322,2024-02-10 07:50:22,2024-02-10 08:03:22,2024-02-10 08:03:22,On Time,211.25,Wallet,18999,5956,0.0,0,Small"
"6261926473,50760752,2024-06-16 19:05:12,2024-06-16 19:17:12,2024-06-16 19:13:12,On Time,2714.81,Card,21242,1195,-4.0,0,Premium"
"1495465938,5607734,2023-10-15 07:21:32,2023-10-15 07:38:32,2023-10-15 07:43:32,On Time,3767.45,Upi,53172,4249,5.0,1,Premium"
"7891205593,10562528,2024-07-14 17:41:11,2024-07-14 18:00:11,2024-07-14 17:56:11,On Time,1348.96,Wallet,43532,5316,-4.0,0,Large"
"924888012,79298972,2024-03-10 08:27:01,2024-03-10 08:47:01,2024-03-10 08:57:01,Slightly Delayed,843.03,Upi,28336,9609,10.0,1,Medium"
"943278538,22227829,2024-04-06 05:24:47,2024-04-06 05:37:47,2024-04-06 06:04:47,Significantly Delayed,4369.44,Wallet,84473,5145,27.0,1,Premium"
"9981950902,39153585,2024-07-28 05:46:17,2024-07-28 05:59:17,2024-07-28 06:04:17,On Time,941.19,Upi,74591,7848,5.0,1,Medium"
"7769253886,8351747,2023-09-25 23:30:12,2023-09-25 23:50:12,2023-09-25 23:55:12,On Time,4065.3,Upi,34392,6028,5.0,1,Premium"
"9350977708,41874489,2023-08-18 05:23:32,2023-08-18 05:33:32,2023-08-18 05:32:32,On Time,2004.57,Upi,93092,6351,-1.0,0,Premium"
"4525211942,30317733,2024-06-24 23:32:24,2024-06-24 23:51:24,2024-06-24 23:50:24,On Time,2234.58,Cash,33706,7393,-1.0,0,Premium"
"7232049635,79916464,2023-03-25 15:49:28,2023-03-25 16:07:28,2023-03-25 16:02:28,On Time,2379.3,Card,86311,5119,-5.0,0,Premium"
"679546532,72942753,2024-05-28 16:58:25,2024-05-28 17:17:25,2024-05-28 17:26:25,Slightly Delayed,3679.63,Upi,40781,8974,9.0,1,Premium"
"4665187954,97739583,2024-04-03 05:13:47,2024-04-03 05:33:47,2024-04-03 05:30:47,On Time,340.66,Wallet,39743,2639,-3.0,0,Small"
"3914760118,61877649,2023-03-21 20:18:23,2023-03-21 20:29:23,2023-03-21 20:30:23,On Time,2930.6,Wallet,52436,1101,1.0,1,Premium"
"155568486,36517334,2023-12-26 04:56:10,2023-12-26 05:07:10,2023-12-26 05:09:10,On Time,936.98,Upi,59769,3309,2.0,1,Medium"
"3773972929,26752630,2023-10-19 11:20:42,2023-10-19 11:35:42,2023-10-19 11:34:42,On Time,297.68,Card,42110,263,-1.0,0,Small"
"2168808412,91382237,2023-05-23 10:16:42,2023-05-23 10:36:42,2023-05-23 10:50:42,Slightly Delayed,1185.57,Upi,23293,9712,14.0,1,Large"
"7697315553,49769532,2023-12-10 02:54:11,2023-12-10 03:13:11,2023-12-10 03:16:11,On Time,3321.85,Upi,74363,4656,3.0,1,Premium"
"804414742,42781544,2024-07-15 21:18:58,2024-07-15 21:34:58,2024-07-15 21:46:58,Slightly Delayed,3378.21,Cash,98191,8163,12.0,1,Premium"
"918328199,60656482,2023-12-18 01:55:01,2023-12-18 02:05:01,2023-12-18 02:16:01,Slightly Delayed,1095.57,Card,20173,9479,11.0,1,Large"
"3084493525,32527479,2023-04-11 18:46:37,2023-04-11 19:06:37,2023-04-11 19:08:37,On Time,1922.46,Cash,89201,8205,2.0,1,Large"
"8047256000,17805991,2024-08-08 20:00:24,2024-08-08 20:12:24,2024-08-08 20:23:24,Slightly Delayed,1862.31,Card,73002,8179,11.0,1,Large"
"5176597414,80875034,2024-01-25 04:34:04,2024-01-25 04:46:04,2024-01-25 04:54:04,Slightly Delayed,1723.93,Wallet,41701,7307,8.0,1,Large"
"110303417,57566548,2024-05-24 01:48:07,2024-05-24 02:08:07,2024-05-24 02:08:07,On Time,2258.29,Wallet,66500,7725,0.0,0,Premium"
"1809212176,50105174,2023-04-08 09:17:28,2023-04-08 09:36:28,2023-04-08 09:32:28,On Time,4454.66,Card,68256,133,-4.0,0,Premium"
"1765001264,1697604,2023-07-06 11:02:35,2023-07-06 11:13:35,2023-07-06 11:40:35,Significantly Delayed,412.53,Upi,16034,3190,27.0,1,Small"
"4220306391,44139071,2024-01-08 04:39:13,2024-01-08 04:51:13,2024-01-08 05:03:13,Slightly Delayed,1587.88,Upi,74233,377,12.0,1,Large"
"1275637731,20148223,2023-12-21 10:41:16,2023-12-21 10:53:16,2023-12-21 11:14:16,Significantly Delayed,786.85,Upi,29837,9107,21.0,1,Medium"
"7729557529,59252433,2024-09-24 10:49:23,2024-09-24 11:08:23,2024-09-24 11:11:23,On Time,2146.47,Wallet,14931,5486,3.0,1,Premium"
"9279017414,60495351,2023-05-29 14:59:48,2023-05-29 15:09:48,2023-05-29 15:10:48,On Time,1476.41,Upi,72785,8954,1.0,1,Large"
"8726185624,57505804,2024-09-25 20:16:31,2024-09-25 20:26:31,2024-09-25 20:31:31,On Time,3851.22,Card,8736,9750,5.0,1,Premium"
"3192177869,59252433,2024-08-10 04:21:42,2024-08-10 04:39:42,2024-08-10 04:36:42,On Time,168.09,Cash,2439,9579,-3.0,0,Small"
"5033541164,32987624,2024-05-26 04:28:43,2024-05-26 04:39:43,2024-05-26 04:57:43,Significantly Delayed,950.94,Cash,78526,194,18.0,1,Medium"
"4495977117,61753272,2023-05-02 10:10:23,2023-05-02 10:23:23,2023-05-02 10:35:23,Slightly Delayed,2663.89,Card,30929,8009,12.0,1,Premium"
"8866977450,97509888,2024-09-03 09:15:50,2024-09-03 09:31:50,2024-09-03 09:32:50,On Time,735.43,Wallet,60421,2841,1.0,1,Medium"
"7542030170,49371494,2023-12-21 00:30:48,2023-12-21 00:45:48,2023-12-21 00:45:48,On Time,1247.39,Cash,157,8206,0.0,0,Large"
"8782031586,23982977,2024-06-19 19:08:21,2024-06-19 19:21:21,2024-06-19 19:28:21,Slightly Delayed,1485.74,Wallet,89181,1796,7.0,1,Large"
"7177553918,10048910,2023-03-31 22:05:28,2023-03-31 22:17:28,2023-03-31 22:31:28,Slightly Delayed,1381.29,Card,13012,9833,14.0,1,Large"
"9157563215,89142848,2023-05-31 20:34:28,2023-05-31 20:46:28,2023-05-31 20:45:28,On Time,2075.02,Card,20285,7019,-1.0,0,Premium"
"989452284,79773912,2024-07-07 22:13:41,2024-07-07 22:23:41,2024-07-07 22:25:41,On Time,551.88,Wallet,34208,9884,2.0,1,Medium"
"9972678893,45033270,2024-08-13 07:23:10,2024-08-13 07:42:10,2024-08-13 07:42:10,On Time,3702.6,Wallet,56834,7171,0.0,0,Premium"
"8561203503,6390687,2024-04-14 05:13:07,2024-04-14 05:23:07,2024-04-14 05:20:07,On Time,2766.81,Wallet,70087,2325,-3.0,0,Premium"
"1388300707,84824280,2024-04-08 21:53:05,2024-04-08 22:12:05,2024-04-08 22:16:05,On Time,3998.46,Upi,48870,6018,4.0,1,Premium"
"4054816025,29584848,2024-07-19 14:29:26,2024-07-19 14:49:26,2024-07-19 14:51:26,On Time,2422.3,Upi,2786,4274,2.0,1,Premium"
"9943206333,12851610,2023-03-22 09:47:17,2023-03-22 09:57:17,2023-03-22 10:01:17,On Time,918.65,Wallet,86716,2694,4.0,1,Medium"
"3948498236,35402531,2024-08-30 05:15:03,2024-08-30 05:34:03,2024-08-30 05:43:03,Slightly Delayed,2174.34,Card,71487,3973,9.0,1,Premium"
"8096169523,66768157,2024-09-15 05:37:55,2024-09-15 05:52:55,2024-09-15 05:55:55,On Time,2160.02,Upi,24856,9286,3.0,1,Premium"
"8803091944,11228463,2024-05-18 03:11:30,2024-05-18 03:24:30,2024-05-18 03:19:30,On Time,3598.91,Upi,70237,1496,-5.0,0,Premium"
"7409519974,60834500,2024-01-16 21:25:18,2024-01-16 21:41:18,2024-01-16 21:42:18,On Time,4040.13,Wallet,63789,3913,1.0,1,Premium"
"456278500,62526567,2024-05-06 16:13:15,2024-05-06 16:27:15,2024-05-06 16:39:15,Slightly Delayed,2591.57,Cash,70639,9627,12.0,1,Premium"
"9912965340,95309983,2023-08-20 17:16:27,2023-08-20 17:31:27,2023-08-20 17:59:27,Significantly Delayed,4366.97,Wallet,38348,7496,28.0,1,Premium"
"2802653261,9987182,2024-10-07 16:33:53,2024-10-07 16:47:53,2024-10-07 16:43:53,On Time,1481.99,Upi,8096,1650,-4.0,0,Large"
"8629948751,97678578,2023-08-31 14:56:32,2023-08-31 15:08:32,2023-08-31 15:14:32,Slightly Delayed,2006.53,Card,57001,2313,6.0,1,Premium"
"9169008097,98625898,2024-05-18 09:23:08,2024-05-18 09:37:08,2024-05-18 09:42:08,On Time,2432.06,Wallet,11475,4039,5.0,1,Premium"
"3186513319,3730316,2023-04-14 00:08:38,2023-04-14 00:19:38,2023-04-14 00:28:38,Slightly Delayed,83.18,Upi,2924,4043,9.0,1,Small"
"8837578937,28663279,2023-08-14 08:55:19,2023-08-14 09:06:19,2023-08-14 09:07:19,On Time,3480.43,Cash,59526,2219,1.0,1,Premium"
"1468095888,37691544,2023-06-17 06:09:04,2023-06-17 06:24:04,2023-06-17 06:19:04,On Time,4034.72,Cash,73298,5684,-5.0,0,Premium"
"3055120492,408590,2023-12-19 16:33:47,2023-12-19 16:53:47,2023-12-19 17:03:47,Slightly Delayed,1217.39,Wallet,10184,5237,10.0,1,Large"
"6083457185,80571942,2024-08-19 20:34:04,2024-08-19 20:54:04,2024-08-19 20:58:04,On Time,923.43,Wallet,5319,6370,4.0,1,Medium"
"7154956248,22112867,2023-07-17 19:48:59,2023-07-17 20:02:59,2023-07-17 19:58:59,On Time,801.47,Wallet,38167,4761,-4.0,0,Medium"
"246971181,376144,2023-07-30 14:12:21,2023-07-30 14:32:21,2023-07-30 14:34:21,On Time,3266.0,Upi,10315,3131,2.0,1,Premium"
"2452915406,96806748,2024-07-17 12:29:12,2024-07-17 12:43:12,2024-07-17 12:46:12,On Time,2169.36,Cash,59616,1892,3.0,1,Premium"
"9458183390,88203688,2023-03-17 01:19:51,2023-03-17 01:39:51,2023-03-17 01:37:51,On Time,1507.92,Wallet,9443,5900,-2.0,0,Large"
"576571858,26285589,2024-09-23 05:09:07,2024-09-23 05:25:07,2024-09-23 05:26:07,On Time,4080.28,Card,3179,137,1.0,1,Premium"
"9544803182,31410886,2024-03-27 02:35:21,2024-03-27 02:53:21,2024-03-27 02:55:21,On Time,2272.72,Cash,13919,7922,2.0,1,Premium"
"2121652047,65815155,2024-02-03 18:01:48,2024-02-03 18:13:48,2024-02-03 18:30:48,Significantly Delayed,1734.01,Upi,63262,7863,17.0,1,Large"
"8891725854,13871547,2023-05-16 21:08:18,2023-05-16 21:23:18,2023-05-16 21:22:18,On Time,2149.76,Wallet,16971,1423,-1.0,0,Premium"
"4870772869,78903046,2024-03-31 08:14:25,2024-03-31 08:25:25,2024-03-31 08:26:25,On Time,2385.36,Wallet,4732,75,1.0,1,Premium"
"262562615,12059049,2023-04-09 04:43:09,2023-04-09 04:55:09,2023-04-09 04:59:09,On Time,2066.5,Wallet,4045,4716,4.0,1,Premium"
"5142912812,57642258,2023-11-16 22:10:43,2023-11-16 22:28:43,2023-11-16 22:48:43,Significantly Delayed,2175.4,Cash,90866,6494,20.0,1,Premium"
"1225289500,70529459,2024-03-31 21:51:15,2024-03-31 22:04:15,2024-03-31 22:07:15,On Time,3663.25,Wallet,77780,8199,3.0,1,Premium"
"7337555525,44223796,2024-03-09 19:28:58,2024-03-09 19:48:58,2024-03-09 19:49:58,On Time,3036.62,Card,99482,5013,1.0,1,Premium"
"5719806088,42012717,2024-01-08 13:30:35,2024-01-08 13:50:35,2024-01-08 13:55:35,On Time,1759.81,Card,88036,1096,5.0,1,Large"
"6890191424,57360162,2024-06-13 00:43:50,2024-06-13 00:57:50,2024-06-13 01:03:50,Slightly Delayed,760.54,Wallet,28164,5646,6.0,1,Medium"
"5695198653,29562254,2024-09-20 01:17:54,2024-09-20 01:36:54,2024-09-20 01:38:54,On Time,572.4,Upi,29646,5437,2.0,1,Medium"
"482670263,9641623,2024-06-05 04:40:12,2024-06-05 05:00:12,2024-06-05 04:59:12,On Time,835.53,Cash,90648,459,-1.0,0,Medium"
"7857904467,97286925,2023-04-25 12:40:49,2023-04-25 12:55:49,2023-04-25 12:56:49,On Time,888.12,Upi,83539,3956,1.0,1,Medium"
"614435661,73586244,2023-08-01 21:25:47,2023-08-01 21:44:47,2023-08-01 21:48:47,On Time,1266.44,Cash,34007,8306,4.0,1,Large"
"2284551326,68063317,2023-10-07 04:36:46,2023-10-07 04:55:46,2023-10-07 04:57:46,On Time,207.41,Cash,48499,6910,2.0,1,Small"
"8614991290,57566548,2024-10-17 13:13:23,2024-10-17 13:33:23,2024-10-17 13:54:23,Significantly Delayed,96.33,Wallet,85862,1674,21.0,1,Small"
"9865566300,61753272,2023-11-28 02:35:37,2023-11-28 02:46:37,2023-11-28 02:53:37,Slightly Delayed,2566.27,Upi,66125,7265,7.0,1,Premium"
"6672582413,82359623,2024-06-13 22:04:02,2024-06-13 22:22:02,2024-06-13 22:36:02,Slightly Delayed,1020.03,Upi,18435,636,14.0,1,Large"
"3004834987,91590001,2023-10-12 02:21:02,2023-10-12 02:36:02,2023-10-12 02:31:02,On Time,1849.28,Card,1554,1413,-5.0,0,Large"
"4486349175,45481936,2024-04-20 01:10:08,2024-04-20 01:29:08,2024-04-20 01:34:08,On Time,2577.5,Cash,93191,6903,5.0,1,Premium"
"3098655541,69908484,2023-05-06 06:44:37,2023-05-06 07:03:37,2023-05-06 07:07:37,On Time,680.53,Wallet,58041,2969,4.0,1,Medium"
"1912293606,49433260,2024-07-17 19:35:11,2024-07-17 19:47:11,2024-07-17 19:49:11,On Time,2522.33,Card,72857,8233,2.0,1,Premium"
"7465280557,26863280,2024-03-13 13:22:12,2024-03-13 13:35:12,2024-03-13 13:40:12,On Time,3881.99,Cash,44449,327,5.0,1,Premium"
"343050015,72263318,2023-04-21 06:20:18,2023-04-21 06:40:18,2023-04-21 07:01:18,Significantly Delayed,1163.49,Cash,72401,3952,21.0,1,Large"
"6414606364,70867736,2024-01-26 04:48:08,2024-01-26 05:05:08,2024-01-26 05:06:08,On Time,1615.25,Cash,32432,5693,1.0,1,Large"
"4092550629,50572914,2023-04-09 16:19:33,2023-04-09 16:30:33,2023-04-09 16:30:33,On Time,1925.24,Wallet,73303,6204,0.0,0,Large"
"9810964144,51476157,2024-02-08 19:57:13,2024-02-08 20:11:13,2024-02-08 20:10:13,On Time,517.03,Wallet,28405,6274,-1.0,0,Medium"
"6513851276,99160348,2023-08-24 15:43:08,2023-08-24 15:58:08,2023-08-24 16:10:08,Slightly Delayed,722.42,Wallet,36145,4078,12.0,1,Medium"
"6080784069,39418109,2023-07-19 11:42:13,2023-07-19 11:58:13,2023-07-19 12:07:13,Slightly Delayed,3940.75,Wallet,78499,2830,9.0,1,Premium"
"1967283733,15796277,2023-08-01 07:09:08,2023-08-01 07:20:08,2023-08-01 07:35:08,Slightly Delayed,1589.89,Cash,37938,4047,15.0,1,Large"
"2683672396,89617089,2023-08-27 04:49:33,2023-08-27 05:02:33,2023-08-27 04:58:33,On Time,2073.99,Card,18256,6550,-4.0,0,Premium"
"1464736195,15830066,2024-08-23 16:05:00,2024-08-23 16:17:00,2024-08-23 16:27:00,Slightly Delayed,692.32,Wallet,21637,1345,10.0,1,Medium"
"3258963661,20343501,2024-05-17 08:00:34,2024-05-17 08:14:34,2024-05-17 08:11:34,On Time,3903.48,Wallet,53738,8685,-3.0,0,Premium"
"9956872454,41874489,2023-11-20 05:11:37,2023-11-20 05:23:37,2023-11-20 05:38:37,Slightly Delayed,5294.27,Card,31304,1949,15.0,1,Premium"
"867630114,30373140,2023-06-26 18:24:36,2023-06-26 18:38:36,2023-06-26 18:38:36,On Time,2680.19,Wallet,49041,6095,0.0,0,Premium"
"3333752740,84862161,2023-07-10 16:58:53,2023-07-10 17:14:53,2023-07-10 17:09:53,On Time,397.55,Upi,84844,3006,-5.0,0,Small"
"4835197446,72889295,2024-01-02 08:08:22,2024-01-02 08:26:22,2024-01-02 08:29:22,On Time,1255.62,Wallet,20579,7618,3.0,1,Large"
"1888517793,42514124,2023-10-02 06:38:37,2023-10-02 06:55:37,2023-10-02 06:58:37,On Time,828.44,Wallet,3529,7834,3.0,1,Medium"
"5148599328,28350645,2024-05-07 13:36:19,2024-05-07 13:47:19,2024-05-07 13:58:19,Slightly Delayed,97.04,Upi,57593,8401,11.0,1,Small"
"3405089431,96629034,2024-02-23 15:28:21,2024-02-23 15:45:21,2024-02-23 15:58:21,Slightly Delayed,2479.65,Card,66223,2300,13.0,1,Premium"
"9286199495,5751638,2023-09-10 20:57:55,2023-09-10 21:08:55,2023-09-10 21:10:55,On Time,813.3,Wallet,61907,5262,2.0,1,Medium"
"6418255337,63948546,2024-02-13 17:53:34,2024-02-13 18:06:34,2024-02-13 18:06:34,On Time,3894.81,Wallet,34687,6584,0.0,0,Premium"
"7442478777,28289030,2023-10-17 08:13:55,2023-10-17 08:25:55,2023-10-17 08:22:55,On Time,2429.09,Cash,81710,4607,-3.0,0,Premium"
"5170777528,31537100,2023-05-01 09:41:09,2023-05-01 09:59:09,2023-05-01 10:02:09,On Time,1207.56,Upi,48906,5244,3.0,1,Large"
"1255941187,38420886,2024-02-10 06:00:03,2024-02-10 06:14:03,2024-02-10 06:27:03,Slightly Delayed,2307.21,Wallet,75245,5839,13.0,1,Premium"
"4704980993,119099,2024-05-24 04:11:09,2024-05-24 04:22:09,2024-05-24 04:34:09,Slightly Delayed,3153.02,Wallet,56079,4325,12.0,1,Premium"
"7310604669,93617659,2023-07-09 06:12:54,2023-07-09 06:28:54,2023-07-09 06:37:54,Slightly Delayed,4342.7,Card,44693,8079,9.0,1,Premium"
"7970608721,60385293,2024-01-31 06:43:27,2024-01-31 07:00:27,2024-01-31 07:14:27,Slightly Delayed,4153.66,Upi,23409,7364,14.0,1,Premium"
"3164727163,20956158,2023-05-09 08:30:24,2023-05-09 08:48:24,2023-05-09 08:54:24,Slightly Delayed,1185.06,Cash,99751,8379,6.0,1,Large"
"2388064449,34237583,2024-05-26 06:10:19,2024-05-26 06:22:19,2024-05-26 06:27:19,On Time,3393.04,Card,30915,4671,5.0,1,Premium"
"757816226,22571994,2023-03-16 14:07:42,2023-03-16 14:24:42,2023-03-16 14:42:42,Significantly Delayed,1308.05,Wallet,62043,3870,18.0,1,Large"
"259772553,2566268,2023-09-27 02:09:15,2023-09-27 02:25:15,2023-09-27 02:23:15,On Time,881.42,Card,96120,7872,-2.0,0,Medium"
"8388644219,4444673,2024-04-21 09:50:41,2024-04-21 10:05:41,2024-04-21 10:02:41,On Time,491.39,Card,29917,3927,-3.0,0,Small"
"1545044936,77921718,2023-08-24 23:36:46,2023-08-24 23:50:46,2023-08-24 23:54:46,On Time,1686.14,Cash,95370,975,4.0,1,Large"
"6995571310,81200164,2024-03-24 07:14:59,2024-03-24 07:24:59,2024-03-24 07:22:59,On Time,2773.23,Upi,35644,8811,-2.0,0,Premium"
"8801161214,9107360,2024-04-11 01:56:50,2024-04-11 02:15:50,2024-04-11 02:19:50,On Time,1367.02,Upi,16061,9278,4.0,1,Large"
"1751319400,98307019,2024-06-25 10:54:04,2024-06-25 11:09:04,2024-06-25 11:09:04,On Time,4146.0,Card,13729,1178,0.0,0,Premium"
"10448052,90021871,2023-08-05 10:01:05,2023-08-05 10:21:05,2023-08-05 10:26:05,On Time,1228.86,Upi,47308,1064,5.0,1,Large"
"3047076079,65895091,2023-05-22 08:29:28,2023-05-22 08:47:28,2023-05-22 08:43:28,On Time,881.42,Card,19052,559,-4.0,0,Medium"
"5085860780,64316806,2023-12-13 18:19:00,2023-12-13 18:39:00,2023-12-13 18:34:00,On Time,697.53,Cash,38853,1364,-5.0,0,Medium"
"6213909425,42208242,2023-12-05 21:06:09,2023-12-05 21:21:09,2023-12-05 21:23:09,On Time,4991.59,Cash,28346,2757,2.0,1,Premium"
"3712789789,20634789,2024-02-02 19:52:03,2024-02-02 20:03:03,2024-02-02 20:05:03,On Time,2294.43,Wallet,67269,2443,2.0,1,Premium"
"278794976,94137242,2023-03-18 11:29:14,2023-03-18 11:46:14,2023-03-18 11:50:14,On Time,3325.87,Cash,56515,109,4.0,1,Premium"
"3420357591,86444757,2024-07-10 22:01:15,2024-07-10 22:14:15,2024-07-10 22:11:15,On Time,4924.02,Card,49383,4085,-3.0,0,Premium"
"4551386734,62807542,2023-03-18 00:29:58,2023-03-18 00:46:58,2023-03-18 00:59:58,Slightly Delayed,1974.67,Card,92089,6471,13.0,1,Large"
"7609681987,22076522,2023-10-16 15:03:06,2023-10-16 15:14:06,2023-10-16 15:18:06,On Time,4177.05,Card,97077,827,4.0,1,Premium"
"1721655048,79742293,2024-04-15 13:33:03,2024-04-15 13:45:03,2024-04-15 13:53:03,Slightly Delayed,2644.87,Wallet,44050,1036,8.0,1,Premium"
"7040151151,5540556,2023-03-28 16:54:25,2023-03-28 17:07:25,2023-03-28 17:07:25,On Time,3174.92,Cash,55045,8992,0.0,0,Premium"
"6719661881,48716374,2023-05-13 04:58:22,2023-05-13 05:13:22,2023-05-13 05:13:22,On Time,2911.6,Wallet,74581,5692,0.0,0,Premium"
"5195004299,50632192,2024-01-09 06:37:07,2024-01-09 06:57:07,2024-01-09 07:02:07,On Time,1214.72,Card,52894,3246,5.0,1,Large"
"5441946621,40256341,2024-02-01 07:51:45,2024-02-01 08:08:45,2024-02-01 08:27:45,Significantly Delayed,1477.71,Card,4469,4464,19.0,1,Large"
"3508992095,32293017,2023-12-09 10:01:52,2023-12-09 10:17:52,2023-12-09 10:44:52,Significantly Delayed,2024.65,Card,32093,3494,27.0,1,Premium"
"8454449180,79672044,2024-02-18 20:51:31,2024-02-18 21:10:31,2024-02-18 21:18:31,Slightly Delayed,229.38,Cash,2578,5571,8.0,1,Small"
"9251851237,94453274,2023-11-25 13:43:03,2023-11-25 13:58:03,2023-11-25 14:02:03,On Time,3102.6,Cash,94666,9301,4.0,1,Premium"
"6739811103,9981089,2024-01-01 22:52:54,2024-01-01 23:10:54,2024-01-01 23:14:54,On Time,1098.44,Card,93027,6544,4.0,1,Large"
"7590827828,40703374,2023-11-05 23:49:25,2023-11-06 00:00:25,2023-11-05 23:59:25,On Time,1527.05,Upi,14664,8893,-1.0,0,Large"
"310213322,12077371,2023-09-30 04:27:12,2023-09-30 04:38:12,2023-09-30 04:46:12,Slightly Delayed,3179.91,Upi,13885,4253,8.0,1,Premium"
"934908369,53299455,2024-08-15 12:33:04,2024-08-15 12:50:04,2024-08-15 12:54:04,On Time,692.8,Card,90844,9234,4.0,1,Medium"
"3817617199,29525287,2024-08-28 00:19:42,2024-08-28 00:33:42,2024-08-28 01:00:42,Significantly Delayed,2583.68,Upi,37598,3597,27.0,1,Premium"
"2622709030,50781611,2024-07-11 12:45:49,2024-07-11 13:04:49,2024-07-11 13:28:49,Significantly Delayed,1796.1,Cash,10007,3256,24.0,1,Large"
"3843689992,3730316,2024-10-13 13:52:50,2024-10-13 14:06:50,2024-10-13 14:09:50,On Time,2378.76,Upi,11827,8575,3.0,1,Premium"
"8732395640,26285589,2024-03-17 13:44:38,2024-03-17 13:57:38,2024-03-17 13:54:38,On Time,671.55,Card,24839,7998,-3.0,0,Medium"
"3889721330,44269569,2024-05-16 10:00:09,2024-05-16 10:13:09,2024-05-16 10:41:09,Significantly Delayed,1698.08,Card,36020,3101,28.0,1,Large"
"7064093619,90665975,2023-05-23 05:35:10,2023-05-23 05:49:10,2023-05-23 05:49:10,On Time,2426.17,Wallet,12886,3209,0.0,0,Premium"
"6798661163,3730316,2024-07-23 10:15:16,2024-07-23 10:34:16,2024-07-23 10:36:16,On Time,711.91,Upi,29752,8237,2.0,1,Medium"
"2878307830,97150234,2024-05-01 15:04:50,2024-05-01 15:22:50,2024-05-01 15:37:50,Slightly Delayed,2165.98,Upi,56966,8518,15.0,1,Premium"
"4133369643,95971469,2023-07-03 22:41:35,2023-07-03 22:55:35,2023-07-03 23:01:35,Slightly Delayed,3015.94,Upi,76053,8673,6.0,1,Premium"
"3394787348,40841791,2024-06-23 04:56:02,2024-06-23 05:09:02,2024-06-23 05:23:02,Slightly Delayed,2942.82,Cash,74478,6609,14.0,1,Premium"
"4830380663,19259955,2023-12-24 10:17:01,2023-12-24 10:29:01,2023-12-24 10:30:01,On Time,610.43,Wallet,41847,9819,1.0,1,Medium"
"3441042301,43052303,2023-08-05 09:42:32,2023-08-05 10:00:32,2023-08-05 09:56:32,On Time,2638.95,Upi,80455,353,-4.0,0,Premium"
"3984353474,17681645,2024-05-19 06:48:11,2024-05-19 07:02:11,2024-05-19 07:25:11,Significantly Delayed,136.6,Card,94156,512,23.0,1,Small"
"4495916529,57662767,2023-04-01 11:32:48,2023-04-01 11:51:48,2023-04-01 11:54:48,On Time,760.22,Upi,63656,7592,3.0,1,Medium"
"5075205264,51034600,2024-04-22 13:43:00,2024-04-22 13:54:00,2024-04-22 14:00:00,Slightly Delayed,1652.05,Card,21123,9169,6.0,1,Large"
"6129180304,86499778,2024-01-17 21:50:48,2024-01-17 22:05:48,2024-01-17 22:06:48,On Time,1047.98,Wallet,41630,9307,1.0,1,Large"
"3311686914,63310076,2024-05-06 20:48:58,2024-05-06 21:02:58,2024-05-06 21:05:58,On Time,4422.12,Cash,95107,8048,3.0,1,Premium"
"3907403745,99490786,2023-06-19 16:37:55,2023-06-19 16:51:55,2023-06-19 16:46:55,On Time,2440.93,Wallet,767,3088,-5.0,0,Premium"
"9924696305,43367112,2023-04-30 14:40:42,2023-04-30 14:53:42,2023-04-30 14:55:42,On Time,46.62,Cash,93204,5581,2.0,1,Small"
"7348508805,45052594,2024-05-23 22:19:58,2024-05-23 22:39:58,2024-05-23 22:49:58,Slightly Delayed,3935.99,Cash,67512,19,10.0,1,Premium"
"1665004352,5226128,2023-08-01 05:40:59,2023-08-01 05:52:59,2023-08-01 05:50:59,On Time,1989.91,Cash,75219,3040,-2.0,0,Large"
"1049800958,44139071,2023-07-02 09:05:35,2023-07-02 09:16:35,2023-07-02 09:16:35,On Time,1099.79,Cash,95346,1098,0.0,0,Large"
"2937550786,72946405,2023-08-06 08:03:35,2023-08-06 08:18:35,2023-08-06 08:14:35,On Time,1638.19,Card,59192,2083,-4.0,0,Large"
"486724008,12415659,2024-07-12 04:35:15,2024-07-12 04:52:15,2024-07-12 05:04:15,Slightly Delayed,2431.37,Wallet,50502,8143,12.0,1,Premium"
"9361578823,81373608,2023-08-18 13:36:21,2023-08-18 13:53:21,2023-08-18 13:55:21,On Time,3335.13,Upi,83234,8665,2.0,1,Premium"
"6249585672,20940403,2023-07-09 08:37:58,2023-07-09 08:50:58,2023-07-09 08:54:58,On Time,864.3,Card,56043,6218,4.0,1,Medium"
"2111712383,67465084,2024-01-23 18:08:02,2024-01-23 18:23:02,2024-01-23 18:26:02,On Time,727.95,Card,19726,9806,3.0,1,Medium"
"2962076108,99824171,2024-06-13 04:42:25,2024-06-13 05:02:25,2024-06-13 05:02:25,On Time,1970.13,Upi,54302,978,0.0,0,Large"
"7509638056,35912599,2024-02-13 00:53:38,2024-02-13 01:03:38,2024-02-13 01:08:38,On Time,1009.53,Wallet,75144,6064,5.0,1,Large"
"6074743537,32797235,2024-09-12 06:33:08,2024-09-12 06:43:08,2024-09-12 06:44:08,On Time,431.37,Wallet,91918,2135,1.0,1,Small"
"3560026527,97174235,2024-06-09 18:25:49,2024-06-09 18:43:49,2024-06-09 19:07:49,Significantly Delayed,255.35,Wallet,56514,2364,24.0,1,Small"
"7005103077,76850859,2024-05-14 02:58:36,2024-05-14 03:11:36,2024-05-14 03:11:36,On Time,1835.86,Card,2513,6699,0.0,0,Large"
"8175826750,22076522,2024-09-17 20:10:13,2024-09-17 20:24:13,2024-09-17 20:27:13,On Time,1546.34,Cash,45838,1879,3.0,1,Large"
"8572946020,41168392,2024-04-26 04:31:01,2024-04-26 04:42:01,2024-04-26 04:42:01,On Time,786.85,Card,36711,3449,0.0,0,Medium"
"2936701883,28286754,2024-03-02 09:00:52,2024-03-02 09:10:52,2024-03-02 09:13:52,On Time,1577.75,Upi,69765,688,3.0,1,Large"
"9948324640,22054087,2023-10-31 04:05:42,2023-10-31 04:21:42,2023-10-31 04:25:42,On Time,1529.04,Cash,17187,3268,4.0,1,Large"
"2865872281,49970560,2024-09-13 23:51:04,2024-09-14 00:02:04,2024-09-14 00:13:04,Slightly Delayed,3543.67,Wallet,62950,2005,11.0,1,Premium"
"5785351358,64795608,2024-11-03 14:28:39,2024-11-03 14:41:39,2024-11-03 14:38:39,On Time,2240.09,Upi,31077,6926,-3.0,0,Premium"
"5204776107,65514005,2023-08-24 23:32:11,2023-08-24 23:47:11,2023-08-24 23:45:11,On Time,2183.02,Cash,66003,1691,-2.0,0,Premium"
"8689865723,62526567,2024-03-28 15:21:29,2024-03-28 15:31:29,2024-03-28 15:27:29,On Time,3277.87,Cash,15816,4414,-4.0,0,Premium"
"7822329516,79742293,2023-11-19 22:55:01,2023-11-19 23:12:01,2023-11-19 23:18:01,Slightly Delayed,367.08,Card,16858,2461,6.0,1,Small"
"5995393950,64535602,2023-08-06 07:53:40,2023-08-06 08:09:40,2023-08-06 08:07:40,On Time,3434.89,Card,47824,3722,-2.0,0,Premium"
"5458784818,79672044,2024-07-24 02:59:03,2024-07-24 03:16:03,2024-07-24 03:14:03,On Time,3321.58,Cash,23513,5867,-2.0,0,Premium"
"5611686165,83660688,2023-07-02 08:15:05,2023-07-02 08:27:05,2023-07-02 08:25:05,On Time,2997.68,Wallet,61000,8172,-2.0,0,Premium"
"6390653932,83597876,2023-05-19 08:04:04,2023-05-19 08:18:04,2023-05-19 08:13:04,On Time,1996.94,Card,54208,3905,-5.0,0,Large"
"1215008706,68219091,2024-03-04 22:56:25,2024-03-04 23:15:25,2024-03-04 23:11:25,On Time,3025.0,Cash,6321,8245,-4.0,0,Premium"
"7357727116,6617417,2024-06-15 09:30:19,2024-06-15 09:45:19,2024-06-15 09:40:19,On Time,1441.9,Upi,10076,6704,-5.0,0,Large"
"7562975685,89910157,2023-07-02 04:44:00,2023-07-02 04:59:00,2023-07-02 05:10:00,Slightly Delayed,3837.24,Card,7822,1002,11.0,1,Premium"
"3118070064,50518311,2023-06-05 04:26:07,2023-06-05 04:41:07,2023-06-05 04:37:07,On Time,3977.57,Upi,84527,8287,-4.0,0,Premium"
"8255753870,72667140,2023-09-09 08:25:02,2023-09-09 08:35:02,2023-09-09 08:36:02,On Time,5768.29,Card,87331,3023,1.0,1,Premium"
"5924715529,79919160,2024-03-24 04:10:10,2024-03-24 04:26:10,2024-03-24 04:29:10,On Time,3867.9,Upi,96349,8803,3.0,1,Premium"
"9593816617,44589829,2023-05-28 01:37:07,2023-05-28 01:56:07,2023-05-28 01:51:07,On Time,3890.77,Card,39095,119,-5.0,0,Premium"
"6143213997,71643758,2024-03-21 10:05:10,2024-03-21 10:15:10,2024-03-21 10:17:10,On Time,4464.71,Card,11720,5651,2.0,1,Premium"
"4516009647,99361865,2024-07-19 01:14:23,2024-07-19 01:34:23,2024-07-19 01:36:23,On Time,3570.86,Wallet,41620,4099,2.0,1,Premium"
"291900074,625395,2024-10-02 17:17:52,2024-10-02 17:27:52,2024-10-02 17:22:52,On Time,2248.63,Card,5023,2983,-5.0,0,Premium"
"3178700341,48033969,2024-06-10 04:45:21,2024-06-10 04:58:21,2024-06-10 04:53:21,On Time,1776.0,Cash,3879,1093,-5.0,0,Large"
"4231742059,4439806,2023-11-21 07:52:59,2023-11-21 08:12:59,2023-11-21 08:26:59,Slightly Delayed,1232.31,Upi,98347,3792,14.0,1,Large"
"7437613292,31582950,2023-12-30 01:27:48,2023-12-30 01:43:48,2023-12-30 01:52:48,Slightly Delayed,4161.8,Card,59329,3072,9.0,1,Premium"
"5609346062,82169898,2023-08-08 20:17:58,2023-08-08 20:33:58,2023-08-08 20:32:58,On Time,134.69,Card,24295,8189,-1.0,0,Small"
"909033820,93924203,2023-10-11 10:18:32,2023-10-11 10:36:32,2023-10-11 10:51:32,Slightly Delayed,2660.5,Upi,51543,6165,15.0,1,Premium"
"470624828,59545278,2023-08-21 03:20:09,2023-08-21 03:39:09,2023-08-21 03:40:09,On Time,197.39,Upi,51227,9388,1.0,1,Small"
"9608676386,99714944,2023-08-14 19:28:16,2023-08-14 19:43:16,2023-08-14 19:40:16,On Time,545.0,Upi,71226,6017,-3.0,0,Medium"
"6846160702,77661491,2023-07-20 15:58:04,2023-07-20 16:17:04,2023-07-20 16:13:04,On Time,483.05,Card,89788,3237,-4.0,0,Small"
"4248168019,29973346,2024-03-26 14:29:52,2024-03-26 14:43:52,2024-03-26 14:39:52,On Time,1838.03,Card,30671,8134,-4.0,0,Large"
"9057909300,9738801,2024-01-17 16:21:44,2024-01-17 16:38:44,2024-01-17 16:37:44,On Time,787.4,Cash,74314,697,-1.0,0,Medium"
"2171816966,92404798,2024-01-30 19:08:30,2024-01-30 19:26:30,2024-01-30 19:22:30,On Time,2672.4,Cash,6125,6332,-4.0,0,Premium"
"1387025817,52417972,2024-06-15 20:30:42,2024-06-15 20:46:42,2024-06-15 20:50:42,On Time,1004.68,Card,5633,4735,4.0,1,Large"
"6801124715,26912171,2024-04-10 06:34:06,2024-04-10 06:46:06,2024-04-10 06:44:06,On Time,697.53,Card,15655,9037,-2.0,0,Medium"
"6117979297,79206969,2023-12-23 05:22:12,2023-12-23 05:32:12,2023-12-23 05:32:12,On Time,2007.19,Cash,69314,1734,0.0,0,Premium"
"4902314626,98307019,2024-05-25 15:43:16,2024-05-25 16:01:16,2024-05-25 15:58:16,On Time,1819.77,Cash,35281,4018,-3.0,0,Large"
"361595059,70966268,2023-10-21 06:12:27,2023-10-21 06:25:27,2023-10-21 06:21:27,On Time,1854.55,Cash,12549,8346,-4.0,0,Large"
"5309683159,24153726,2023-04-21 05:04:01,2023-04-21 05:19:01,2023-04-21 05:36:01,Significantly Delayed,3047.03,Wallet,90567,4677,17.0,1,Premium"
"2300265337,90246977,2024-01-01 01:10:17,2024-01-01 01:23:17,2024-01-01 01:26:17,On Time,2215.55,Cash,48275,6444,3.0,1,Premium"
"199903168,99627097,2023-04-16 10:59:20,2023-04-16 11:14:20,2023-04-16 11:11:20,On Time,1440.04,Upi,93719,2391,-3.0,0,Large"
"4923840119,60049160,2024-09-04 05:40:29,2024-09-04 05:56:29,2024-09-04 05:53:29,On Time,426.72,Upi,27171,5293,-3.0,0,Small"
"2209550085,56457995,2024-09-07 13:22:14,2024-09-07 13:42:14,2024-09-07 13:41:14,On Time,2710.74,Cash,80992,9844,-1.0,0,Premium"
"120178110,65294340,2024-01-21 01:20:21,2024-01-21 01:37:21,2024-01-21 01:47:21,Slightly Delayed,1508.3,Wallet,73380,6099,10.0,1,Large"
"6647259959,83660688,2023-06-20 22:30:07,2023-06-20 22:42:07,2023-06-20 23:05:07,Significantly Delayed,3032.51,Card,45832,9451,23.0,1,Premium"
"3859980017,77015367,2023-05-15 05:15:07,2023-05-15 05:27:07,2023-05-15 05:29:07,On Time,114.52,Card,15085,1716,2.0,1,Small"
"9196827234,51669263,2023-10-31 04:53:31,2023-10-31 05:05:31,2023-10-31 05:17:31,Slightly Delayed,2203.36,Wallet,96615,7484,12.0,1,Premium"
"3499440849,3638834,2023-10-10 21:36:37,2023-10-10 21:47:37,2023-10-10 21:43:37,On Time,1266.77,Card,72321,2816,-4.0,0,Large"
"7114775833,68965787,2024-07-08 12:52:59,2024-07-08 13:09:59,2024-07-08 13:04:59,On Time,1057.06,Cash,84672,491,-5.0,0,Large"
"7812364366,25081012,2023-08-26 23:42:03,2023-08-26 23:53:03,2023-08-26 23:50:03,On Time,4225.96,Cash,82685,2342,-3.0,0,Premium"
"7525899857,52428250,2023-09-04 04:12:50,2023-09-04 04:31:50,2023-09-04 04:26:50,On Time,3983.85,Wallet,98968,1081,-5.0,0,Premium"
"3917847107,90665975,2024-08-13 22:21:03,2024-08-13 22:37:03,2024-08-13 22:38:03,On Time,2860.94,Upi,17488,4390,1.0,1,Premium"
"1229828587,42989999,2023-10-27 01:20:12,2023-10-27 01:39:12,2023-10-27 01:43:12,On Time,3587.77,Upi,1392,9576,4.0,1,Premium"
"4249345096,81346291,2023-05-31 18:48:29,2023-05-31 19:00:29,2023-05-31 19:00:29,On Time,1230.3,Upi,31425,5759,0.0,0,Large"
"4002407580,59398136,2023-11-17 17:12:26,2023-11-17 17:30:26,2023-11-17 17:35:26,On Time,4381.56,Cash,96978,9460,5.0,1,Premium"
"5982122427,6398761,2023-04-23 19:59:41,2023-04-23 20:15:41,2023-04-23 20:18:41,On Time,345.54,Card,58401,1333,3.0,1,Small"
"3280431261,48268435,2024-03-13 22:01:07,2024-03-13 22:15:07,2024-03-13 22:10:07,On Time,1198.33,Cash,26604,3799,-5.0,0,Large"
"5066338759,48284116,2023-11-21 04:48:59,2023-11-21 05:05:59,2023-11-21 05:00:59,On Time,616.45,Upi,62785,3897,-5.0,0,Medium"
"9087426355,66932104,2023-11-03 17:05:47,2023-11-03 17:25:47,2023-11-03 17:24:47,On Time,473.64,Wallet,34521,6566,-1.0,0,Small"
"5512907,51476157,2023-04-30 20:52:21,2023-04-30 21:11:21,2023-04-30 21:26:21,Slightly Delayed,861.53,Wallet,44545,419,15.0,1,Medium"
"4174741467,34074184,2023-12-17 02:00:05,2023-12-17 02:10:05,2023-12-17 02:22:05,Slightly Delayed,1492.14,Upi,13853,7942,12.0,1,Large"
"6270463968,35434373,2023-10-03 03:37:56,2023-10-03 03:57:56,2023-10-03 03:53:56,On Time,3784.59,Wallet,66084,4408,-4.0,0,Premium"
"1239385001,82359623,2023-09-27 14:03:37,2023-09-27 14:15:37,2023-09-27 14:17:37,On Time,2963.43,Upi,73973,4114,2.0,1,Premium"
"5250202756,40871915,2023-09-10 11:47:03,2023-09-10 12:07:03,2023-09-10 12:27:03,Significantly Delayed,1416.86,Card,20751,2042,20.0,1,Large"
"4099185509,22047134,2024-01-24 20:20:07,2024-01-24 20:38:07,2024-01-24 20:37:07,On Time,2680.39,Cash,58500,4179,-1.0,0,Premium"
"7875903450,17805991,2024-03-14 04:38:14,2024-03-14 04:51:14,2024-03-14 04:51:14,On Time,877.43,Wallet,58175,6653,0.0,0,Medium"
"7561642939,75739462,2024-07-24 20:16:37,2024-07-24 20:29:37,2024-07-24 20:25:37,On Time,2045.25,Upi,2481,6438,-4.0,0,Premium"
"5438908316,59815512,2024-04-03 00:44:54,2024-04-03 00:58:54,2024-04-03 00:58:54,On Time,3399.81,Card,72583,1533,0.0,0,Premium"
"357437373,23126657,2023-05-10 06:00:22,2023-05-10 06:20:22,2023-05-10 06:25:22,On Time,3284.68,Upi,18049,2372,5.0,1,Premium"
"8972877222,57291761,2024-10-26 04:59:57,2024-10-26 05:12:57,2024-10-26 05:13:57,On Time,4304.25,Cash,33125,3754,1.0,1,Premium"
"1163798451,25641500,2023-10-04 03:09:32,2023-10-04 03:20:32,2023-10-04 03:47:32,Significantly Delayed,2383.88,Cash,42721,8660,27.0,1,Premium"
"3588229485,29973346,2024-08-01 00:33:39,2024-08-01 00:48:39,2024-08-01 01:09:39,Significantly Delayed,3644.32,Wallet,49352,254,21.0,1,Premium"
"1205823348,79478655,2024-07-29 10:13:55,2024-07-29 10:32:55,2024-07-29 10:41:55,Slightly Delayed,2426.3,Upi,49614,9924,9.0,1,Premium"
"2867008541,99594960,2023-12-20 17:42:19,2023-12-20 17:59:19,2023-12-20 18:11:19,Slightly Delayed,1763.79,Card,91284,8989,12.0,1,Large"
"5794917332,12574626,2024-02-16 13:46:41,2024-02-16 14:02:41,2024-02-16 13:57:41,On Time,1099.91,Cash,49073,1119,-5.0,0,Large"
"4726520098,48284116,2023-04-19 21:36:45,2023-04-19 21:49:45,2023-04-19 21:46:45,On Time,2873.05,Cash,78911,5762,-3.0,0,Premium"
"6251716165,93723634,2023-09-27 21:30:53,2023-09-27 21:50:53,2023-09-27 22:01:53,Slightly Delayed,2660.73,Card,11366,2728,11.0,1,Premium"
"5991829458,80850753,2023-08-12 07:02:02,2023-08-12 07:17:02,2023-08-12 07:14:02,On Time,4046.31,Upi,38043,7607,-3.0,0,Premium"
"1142626566,27304827,2024-05-31 05:15:00,2024-05-31 05:31:00,2024-05-31 05:28:00,On Time,1294.71,Cash,96797,208,-3.0,0,Large"
"2595161999,45586151,2023-08-12 02:19:59,2023-08-12 02:29:59,2023-08-12 02:26:59,On Time,3891.35,Card,55560,1665,-3.0,0,Premium"
"8865698939,3897936,2023-09-09 19:18:23,2023-09-09 19:31:23,2023-09-09 19:33:23,On Time,1333.67,Upi,63903,8382,2.0,1,Large"
"1776582175,12305040,2024-03-29 23:46:45,2024-03-29 23:56:45,2024-03-30 00:01:45,On Time,2507.31,Wallet,24098,1810,5.0,1,Premium"
"7323157341,16543242,2024-07-01 22:47:22,2024-07-01 22:57:22,2024-07-01 23:02:22,On Time,2438.78,Wallet,62964,2571,5.0,1,Premium"
"8997413283,45314389,2024-10-02 10:25:13,2024-10-02 10:39:13,2024-10-02 10:43:13,On Time,3639.44,Card,66681,1840,4.0,1,Premium"
"2548452255,44776601,2023-09-18 02:09:26,2023-09-18 02:24:26,2023-09-18 02:45:26,Significantly Delayed,2112.34,Wallet,24605,4072,21.0,1,Premium"
"7906839225,56548063,2023-10-28 15:45:23,2023-10-28 15:55:23,2023-10-28 15:54:23,On Time,1434.14,Wallet,60479,8047,-1.0,0,Large"
"4113927200,53782978,2023-05-19 05:22:03,2023-05-19 05:32:03,2023-05-19 05:29:03,On Time,4111.84,Cash,27208,1186,-3.0,0,Premium"
"4233626614,24043135,2024-07-28 05:10:33,2024-07-28 05:30:33,2024-07-28 05:35:33,On Time,1487.88,Card,92251,4855,5.0,1,Large"
"2886463378,6853981,2023-12-24 19:17:51,2023-12-24 19:31:51,2023-12-24 19:54:51,Significantly Delayed,141.28,Upi,84279,2329,23.0,1,Small"
"1823348306,92604392,2023-06-27 09:50:08,2023-06-27 10:08:08,2023-06-27 10:07:08,On Time,1015.0,Upi,67696,146,-1.0,0,Large"
"8706556166,84953008,2024-09-11 23:11:11,2024-09-11 23:27:11,2024-09-11 23:38:11,Slightly Delayed,690.08,Wallet,62877,462,11.0,1,Medium"
"5139433840,77614510,2023-05-25 20:50:40,2023-05-25 21:02:40,2023-05-25 21:05:40,On Time,3480.72,Wallet,51831,1611,3.0,1,Premium"
"769731596,97825663,2024-10-10 06:40:41,2024-10-10 06:55:41,2024-10-10 06:59:41,On Time,2692.05,Card,68989,2471,4.0,1,Premium"
"1346090496,88202341,2023-08-18 07:48:46,2023-08-18 08:03:46,2023-08-18 08:08:46,On Time,2035.95,Cash,12853,30,5.0,1,Premium"
"9339629293,79478655,2023-05-28 02:29:58,2023-05-28 02:45:58,2023-05-28 02:56:58,Slightly Delayed,1797.71,Upi,84873,8161,11.0,1,Large"
"3043993017,13455530,2023-11-25 00:38:58,2023-11-25 00:51:58,2023-11-25 01:00:58,Slightly Delayed,3205.65,Wallet,17792,1757,9.0,1,Premium"
"274863669,39140039,2024-04-11 17:37:35,2024-04-11 17:50:35,2024-04-11 17:48:35,On Time,1785.63,Wallet,28216,1959,-2.0,0,Large"
"3736611791,6959437,2024-10-05 07:48:45,2024-10-05 08:05:45,2024-10-05 08:01:45,On Time,1410.62,Card,74097,4071,-4.0,0,Large"
"9628875555,11470681,2024-03-09 03:58:13,2024-03-09 04:09:13,2024-03-09 04:07:13,On Time,3007.93,Cash,41405,17,-2.0,0,Premium"
"6367306297,17201639,2023-09-25 11:13:00,2023-09-25 11:33:00,2023-09-25 11:29:00,On Time,3012.27,Cash,66042,4611,-4.0,0,Premium"
"4393113152,79695653,2024-06-02 08:12:47,2024-06-02 08:24:47,2024-06-02 08:39:47,Slightly Delayed,3080.2,Cash,65563,1903,15.0,1,Premium"
"1239928207,79591237,2023-09-11 00:37:13,2023-09-11 00:47:13,2023-09-11 00:46:13,On Time,281.73,Upi,32011,1041,-1.0,0,Small"
"5473002872,44030130,2024-07-07 16:39:05,2024-07-07 16:53:05,2024-07-07 16:51:05,On Time,755.66,Card,32746,5382,-2.0,0,Medium"
"6536847919,81822935,2023-06-10 19:34:51,2023-06-10 19:48:51,2023-06-10 19:48:51,On Time,5410.01,Wallet,94795,5403,0.0,0,Premium"
"5480709564,18140588,2023-12-16 23:01:42,2023-12-16 23:20:42,2023-12-16 23:17:42,On Time,3731.46,Card,12013,9426,-3.0,0,Premium"
"1393100618,33295496,2024-09-25 01:37:46,2024-09-25 01:47:46,2024-09-25 01:44:46,On Time,3502.77,Cash,29783,8686,-3.0,0,Premium"
"6999330116,81605722,2023-04-13 00:06:06,2023-04-13 00:24:06,2023-04-13 00:47:06,Significantly Delayed,931.61,Card,52664,4675,23.0,1,Medium"
"7816842690,1449273,2023-08-01 19:16:42,2023-08-01 19:31:42,2023-08-01 19:34:42,On Time,3078.32,Cash,65271,3253,3.0,1,Premium"
"3186586558,9987182,2024-02-21 13:59:40,2024-02-21 14:09:40,2024-02-21 14:08:40,On Time,2983.4,Card,65286,5556,-1.0,0,Premium"
"7927955136,32293017,2023-08-27 23:56:24,2023-08-28 00:07:24,2023-08-28 00:07:24,On Time,597.91,Cash,68889,5721,0.0,0,Medium"
"3518172697,13189939,2023-05-13 19:18:59,2023-05-13 19:37:59,2023-05-13 19:33:59,On Time,2809.38,Card,30283,8607,-4.0,0,Premium"
"4557188271,17597449,2024-05-16 06:38:40,2024-05-16 06:49:40,2024-05-16 06:53:40,On Time,4693.64,Cash,95152,2327,4.0,1,Premium"
"2893244627,11493380,2024-10-10 18:17:29,2024-10-10 18:28:29,2024-10-10 18:39:29,Slightly Delayed,3331.28,Cash,27027,2343,11.0,1,Premium"
"1996683408,5043760,2024-01-30 23:25:16,2024-01-30 23:40:16,2024-01-30 23:53:16,Slightly Delayed,870.29,Wallet,88615,191,13.0,1,Medium"
"1673794089,48167795,2024-02-06 16:10:43,2024-02-06 16:24:43,2024-02-06 16:19:43,On Time,891.13,Cash,8299,2365,-5.0,0,Medium"
"9931161723,41640262,2023-07-12 19:57:22,2023-07-12 20:16:22,2023-07-12 20:13:22,On Time,883.44,Card,71373,6439,-3.0,0,Medium"
"856799416,25770577,2023-09-10 14:48:09,2023-09-10 15:03:09,2023-09-10 15:05:09,On Time,439.98,Wallet,9261,4839,2.0,1,Small"
"6668508959,15144290,2024-08-31 19:27:35,2024-08-31 19:40:35,2024-08-31 19:36:35,On Time,2236.64,Upi,28017,2949,-4.0,0,Premium"
"4914874727,80517784,2023-06-13 19:36:13,2023-06-13 19:47:13,2023-06-13 19:50:13,On Time,2658.31,Upi,87545,2449,3.0,1,Premium"
"7869104895,57392064,2023-10-01 21:30:39,2023-10-01 21:42:39,2023-10-01 21:41:39,On Time,1638.0,Cash,40351,5533,-1.0,0,Large"
"5094989752,87107263,2024-06-01 12:17:08,2024-06-01 12:28:08,2024-06-01 12:32:08,On Time,46.62,Card,58224,1243,4.0,1,Small"
"4305377896,19216141,2024-08-08 00:29:16,2024-08-08 00:45:16,2024-08-08 01:10:16,Significantly Delayed,2737.62,Cash,98259,4243,25.0,1,Premium"
"7017136473,50680889,2024-03-11 20:19:32,2024-03-11 20:32:32,2024-03-11 20:28:32,On Time,2783.74,Upi,97218,6934,-4.0,0,Premium"
"3303209513,70084516,2024-03-09 03:38:10,2024-03-09 03:58:10,2024-03-09 03:53:10,On Time,2662.16,Wallet,51536,752,-5.0,0,Premium"
"8607953669,67340606,2023-06-10 10:33:47,2023-06-10 10:53:47,2023-06-10 10:50:47,On Time,1274.25,Cash,43374,2780,-3.0,0,Large"
"1940918101,4356173,2023-10-03 18:30:51,2023-10-03 18:47:51,2023-10-03 18:42:51,On Time,1438.2,Card,36605,3921,-5.0,0,Large"
"6494615659,10745302,2023-11-19 18:46:56,2023-11-19 19:02:56,2023-11-19 19:15:56,Slightly Delayed,3759.4,Card,98218,1534,13.0,1,Premium"
"4280890409,42102289,2024-10-30 14:33:42,2024-10-30 14:52:42,2024-10-30 14:56:42,On Time,2926.61,Wallet,14063,5039,4.0,1,Premium"
"7598489331,84066402,2024-07-20 15:56:26,2024-07-20 16:08:26,2024-07-20 16:15:26,Slightly Delayed,2118.48,Wallet,15197,7854,7.0,1,Premium"
"8755280486,2566268,2024-07-30 17:33:23,2024-07-30 17:45:23,2024-07-30 17:52:23,Slightly Delayed,2760.76,Cash,88931,9166,7.0,1,Premium"
"8281093933,67277562,2024-02-18 13:40:29,2024-02-18 14:00:29,2024-02-18 13:55:29,On Time,781.08,Cash,49094,489,-5.0,0,Medium"
"7415765726,75244116,2023-08-05 09:22:31,2023-08-05 09:36:31,2023-08-05 09:51:31,Slightly Delayed,4757.16,Wallet,80897,4389,15.0,1,Premium"
"6266072804,60565603,2024-06-23 06:17:02,2024-06-23 06:35:02,2024-06-23 06:39:02,On Time,582.63,Card,53113,3867,4.0,1,Medium"
"1542448934,97033691,2023-10-13 08:22:43,2023-10-13 08:40:43,2023-10-13 08:39:43,On Time,2557.13,Upi,43749,4662,-1.0,0,Premium"
"2896979776,30317733,2023-05-24 05:50:25,2023-05-24 06:01:25,2023-05-24 05:57:25,On Time,690.08,Cash,61426,3114,-4.0,0,Medium"
"169867835,59545278,2023-08-16 22:27:20,2023-08-16 22:39:20,2023-08-16 22:37:20,On Time,632.43,Wallet,73090,5315,-2.0,0,Medium"
"9493456526,77811864,2023-04-02 07:12:05,2023-04-02 07:25:05,2023-04-02 07:22:05,On Time,1359.05,Card,32972,1337,-3.0,0,Large"
"9423261830,17597449,2023-08-24 06:24:57,2023-08-24 06:36:57,2023-08-24 06:39:57,On Time,3077.08,Cash,65046,3847,3.0,1,Premium"
"5793453795,70543108,2024-04-13 02:33:42,2024-04-13 02:43:42,2024-04-13 02:48:42,On Time,3172.62,Cash,52204,4479,5.0,1,Premium"
"2141680269,32797235,2024-10-25 02:05:26,2024-10-25 02:20:26,2024-10-25 02:23:26,On Time,3449.94,Cash,87339,8112,3.0,1,Premium"
"6457122136,79764458,2023-05-19 07:38:24,2023-05-19 07:54:24,2023-05-19 08:19:24,Significantly Delayed,3162.28,Cash,18328,285,25.0,1,Premium"
"8447536518,48160359,2023-12-20 23:53:02,2023-12-21 00:03:02,2023-12-21 00:08:02,On Time,4888.47,Cash,60151,1132,5.0,1,Premium"
"3191672889,88223261,2024-07-07 17:51:59,2024-07-07 18:02:59,2024-07-07 18:03:59,On Time,3130.58,Upi,74528,3711,1.0,1,Premium"
"2521995712,30285217,2023-08-21 01:43:10,2023-08-21 01:59:10,2023-08-21 01:57:10,On Time,2100.16,Cash,80597,7878,-2.0,0,Premium"
"8194578267,74313592,2023-10-11 13:48:45,2023-10-11 14:06:45,2023-10-11 14:10:45,On Time,3901.21,Upi,18189,9932,4.0,1,Premium"
"2811341619,30188374,2024-05-24 20:17:58,2024-05-24 20:27:58,2024-05-24 20:30:58,On Time,947.95,Cash,57713,3931,3.0,1,Medium"
"5562576298,10019218,2023-11-08 13:23:27,2023-11-08 13:41:27,2023-11-08 13:48:27,Slightly Delayed,3844.75,Upi,77071,6913,7.0,1,Premium"
"7446009755,71767248,2023-06-15 20:49:56,2023-06-15 21:08:56,2023-06-15 21:19:56,Slightly Delayed,1324.37,Wallet,72606,9612,11.0,1,Large"
"7343262659,16484167,2023-04-07 06:36:05,2023-04-07 06:46:05,2023-04-07 06:49:05,On Time,3927.09,Card,84731,2071,3.0,1,Premium"
"7147677361,97475543,2024-07-12 09:59:18,2024-07-12 10:09:18,2024-07-12 10:09:18,On Time,2543.15,Wallet,85980,4844,0.0,0,Premium"
"8732072897,12077371,2023-06-14 10:37:11,2023-06-14 10:48:11,2023-06-14 10:53:11,On Time,2358.85,Upi,81555,2720,5.0,1,Premium"
"6418604551,12967305,2023-07-25 19:31:47,2023-07-25 19:41:47,2023-07-25 19:36:47,On Time,4251.6,Wallet,53773,1287,-5.0,0,Premium"
"4989511905,41972994,2023-04-03 00:54:43,2023-04-03 01:07:43,2023-04-03 01:06:43,On Time,2654.71,Card,13120,3078,-1.0,0,Premium"
"2520527893,51476157,2024-10-02 01:35:34,2024-10-02 01:53:34,2024-10-02 02:10:34,Significantly Delayed,3294.27,Upi,59389,8699,17.0,1,Premium"
"4753989820,81500385,2023-10-06 19:53:59,2023-10-06 20:08:59,2023-10-06 20:08:59,On Time,1939.92,Card,25584,5442,0.0,0,Large"
"8285547588,26245432,2024-01-02 23:08:51,2024-01-02 23:27:51,2024-01-02 23:32:51,On Time,909.66,Upi,15091,9795,5.0,1,Medium"
"5824924668,49881540,2023-11-19 17:07:48,2023-11-19 17:24:48,2023-11-19 17:25:48,On Time,1710.54,Upi,22803,4088,1.0,1,Large"
"7703854141,86483673,2024-05-13 17:00:31,2024-05-13 17:18:31,2024-05-13 17:14:31,On Time,1659.75,Wallet,53317,3459,-4.0,0,Large"
"7380361209,7591711,2023-06-27 10:33:07,2023-06-27 10:48:07,2023-06-27 10:44:07,On Time,2151.14,Wallet,84748,1843,-4.0,0,Premium"
"5053033745,66485571,2024-04-09 13:43:30,2024-04-09 13:59:30,2024-04-09 13:59:30,On Time,2322.3,Card,39933,5629,0.0,0,Premium"
"4859489972,12305040,2023-07-15 17:32:59,2023-07-15 17:42:59,2023-07-15 17:40:59,On Time,2081.4,Upi,14184,1873,-2.0,0,Premium"
"9690396315,46563355,2024-09-29 11:06:50,2024-09-29 11:19:50,2024-09-29 11:15:50,On Time,3891.07,Cash,21543,9038,-4.0,0,Premium"
"448732557,80952275,2023-11-30 23:44:28,2023-12-01 00:00:28,2023-11-30 23:58:28,On Time,1385.54,Wallet,18718,3163,-2.0,0,Large"
"4927306668,97033691,2023-06-08 23:21:25,2023-06-08 23:32:25,2023-06-08 23:30:25,On Time,898.65,Wallet,69647,4226,-2.0,0,Medium"
"1669690997,62600289,2023-12-25 15:46:20,2023-12-25 16:05:20,2023-12-25 16:10:20,On Time,1132.33,Cash,90914,1587,5.0,1,Large"
"8340761903,53640286,2023-11-27 09:18:43,2023-11-27 09:38:43,2023-11-27 09:36:43,On Time,2372.01,Cash,27952,3458,-2.0,0,Premium"
"5936301790,87059497,2024-06-21 19:09:09,2024-06-21 19:23:09,2024-06-21 19:26:09,On Time,3158.35,Cash,9590,7424,3.0,1,Premium"
"5710579377,67310893,2024-06-06 14:58:13,2024-06-06 15:12:13,2024-06-06 15:10:13,On Time,1918.92,Upi,29940,6128,-2.0,0,Large"
"2494813730,28663279,2023-08-23 12:04:18,2023-08-23 12:20:18,2023-08-23 12:21:18,On Time,1879.46,Card,32851,5588,1.0,1,Large"
